Query,Page,Clicks,Impressions,CTR,Position
"dreamlab","https://dreamlab.id/",144,587,24.53,1.4
"dream lab","https://dreamlab.id/",56,268,20.90,1.9
"cara menambahkan keranjang di instagram","https://dreamlab.id/memunculkan-keranjang-reels/",42,636,6.60,1.9
"maklon parfum surabaya","https://dreamlab.id/pabrik-parfum-surabaya/",31,612,5.07,5.4
"maklon pkrt","https://dreamlab.id/pkrt/",20,203,9.85,7.1
"cara menautkan keranjang di instagram","https://dreamlab.id/memunculkan-keranjang-reels/",19,313,6.07,1.8
"syarat keranjang di instagram","https://dreamlab.id/memunculkan-keranjang-reels/",19,155,12.26,1.6
"dreamlab kosmetik","https://dreamlab.id/",18,252,7.14,1.1
"cara memunculkan keranjang di instagram","https://dreamlab.id/memunculkan-keranjang-reels/",18,362,4.97,1.7
"cara menambahkan keranjang di reels instagram","https://dreamlab.id/memunculkan-keranjang-reels/",18,167,10.78,1.5
"pt karya impian laboratoris","https://dreamlab.id/",17,211,8.06,1.4
"data pertumbuhan industri kosmetik di indonesia 2025","https://dreamlab.id/industri-kosmetik-indonesia-terus-tumbuh/",17,193,8.81,4.2
"keranjang di instagram tidak muncul","https://dreamlab.id/memunculkan-keranjang-reels/",13,275,4.73,2.3
"maklon kosmetik surabaya","https://dreamlab.id/pabrik-maklon-kosmetik-surabaya-terlengkap/",13,198,6.57,10.6
"maklon parfum bali","https://dreamlab.id/jasa-maklon-parfum-bali-terbaik-terlengkap/",12,147,8.16,3.4
"cara memunculkan tautan produk di instagram","https://dreamlab.id/memunculkan-keranjang-reels/",12,167,7.19,2.9
"menambahkan keranjang di instagram","https://dreamlab.id/memunculkan-keranjang-reels/",12,71,16.90,1.4
"cara aktifkan keranjang di instagram","https://dreamlab.id/memunculkan-keranjang-reels/",11,132,8.33,2.2
"dreamlab surabaya","https://dreamlab.id/",10,99,10.10,1.1
"cara keranjang kuning di instagram","https://dreamlab.id/memunculkan-keranjang-reels/",10,138,7.25,2.3
"cara memasukkan keranjang di instagram","https://dreamlab.id/memunculkan-keranjang-reels/",10,71,14.08,1.5
"cara tambah keranjang di instagram","https://dreamlab.id/memunculkan-keranjang-reels/",10,110,9.09,1.9
"dreamlab","https://dreamlab.id/services/",10,440,2.27,6.4
"karya impian laboratoris","https://dreamlab.id/",9,90,10.00,1.1
"cara masukin keranjang di instagram","https://dreamlab.id/memunculkan-keranjang-reels/",9,140,6.43,1.9
"cara menambah keranjang di instagram","https://dreamlab.id/memunculkan-keranjang-reels/",9,113,7.96,1.9
"cara menambahkan link produk di reels instagram","https://dreamlab.id/memunculkan-keranjang-reels/",9,231,3.90,4.2
"fitur keranjang di instagram","https://dreamlab.id/memunculkan-keranjang-reels/",8,124,6.45,3.4
"maklon skincare surabaya","https://dreamlab.id/pabrik-maklon-kosmetik-surabaya-terlengkap/",8,152,5.26,6.5
"pabrik parfum","https://dreamlab.id/pabrik-parfum-surabaya/",8,321,2.49,7.9
"cara masukan keranjang di instagram","https://dreamlab.id/memunculkan-keranjang-reels/",7,58,12.07,2.1
"cara menambahkan keranjang kuning di instagram","https://dreamlab.id/memunculkan-keranjang-reels/",7,239,2.93,2.4
"cara menampilkan keranjang di instagram","https://dreamlab.id/memunculkan-keranjang-reels/",7,77,9.09,1.9
"maklon reed diffuser","https://dreamlab.id/jasa-maklon-parfum-moq-rendah/",6,68,8.82,8.0
"cara membuat keranjang di instagram","https://dreamlab.id/memunculkan-keranjang-reels/",6,67,8.96,1.9
"cara menambahkan keranjang di ig","https://dreamlab.id/memunculkan-keranjang-reels/",6,102,5.88,1.9
"cara mengaktifkan keranjang di instagram","https://dreamlab.id/memunculkan-keranjang-reels/",6,72,8.33,1.6
"cara menyematkan keranjang di instagram","https://dreamlab.id/memunculkan-keranjang-reels/",6,67,8.96,1.9
"cara sematkan keranjang di instagram","https://dreamlab.id/memunculkan-keranjang-reels/",6,45,13.33,1.8
"cara tautkan keranjang di instagram","https://dreamlab.id/memunculkan-keranjang-reels/",6,81,7.41,1.9
"keranjang instagram","https://dreamlab.id/memunculkan-keranjang-reels/",6,95,6.32,3.1
"maklon skincare terbaik","https://dreamlab.id/urutan-pabrik-skincare-terbaik-indonesia/",6,484,1.24,9.0
"pt karya impian laboratoris surabaya","https://dreamlab.id/",5,34,14.71,1.0
"alat pengencang wajah terbaik","https://dreamlab.id/alat-pengencang-wajah/",5,211,2.37,3.4
"maklon parfum moq rendah","https://dreamlab.id/jasa-maklon-parfum-moq-rendah/",5,134,3.73,8.4
"maklon parfum jakarta","https://dreamlab.id/maklon-parfum-jakarta/",5,19,26.32,11.8
"cara menambahkan keranjang kuning di ig","https://dreamlab.id/memunculkan-keranjang-reels/",5,51,9.80,2.8
"cara menambahkan keranjang shopee di instagram","https://dreamlab.id/memunculkan-keranjang-reels/",5,78,6.41,2.4
"cara menautkan keranjang shopee di instagram","https://dreamlab.id/memunculkan-keranjang-reels/",5,75,6.67,2.2
"cara pasang keranjang di instagram","https://dreamlab.id/memunculkan-keranjang-reels/",5,54,9.26,1.5
"keranjang kuning instagram","https://dreamlab.id/memunculkan-keranjang-reels/",5,156,3.21,4.1
"maklon surabaya","https://dreamlab.id/pabrik-maklon-kosmetik-surabaya-terlengkap/",5,66,7.58,7.5
"maklon kosmetik","https://dreamlab.id/",4,274,1.46,14.7
"maklon kosmetik jawa timur","https://dreamlab.id/contact-us/",4,85,4.71,8.9
"maklon parfum terbaik","https://dreamlab.id/jasa-maklon-parfum-bali-terbaik-terlengkap/",4,252,1.59,7.6
"maklon parfum moq rendah","https://dreamlab.id/maklon-parfum-jakarta/",4,59,6.78,6.6
"cara buat keranjang kuning di instagram","https://dreamlab.id/memunculkan-keranjang-reels/",4,72,5.56,2.8
"cara memasukan keranjang di instagram","https://dreamlab.id/memunculkan-keranjang-reels/",4,48,8.33,1.7
"cara membuat keranjang kuning di instagram","https://dreamlab.id/memunculkan-keranjang-reels/",4,25,16.00,2.0
"maklon parfum jakarta","https://dreamlab.id/pabrik-parfum-jakarta/",4,150,2.67,9.3
"maklon parfum malang","https://dreamlab.id/pabrik-parfum-malang-dreamlab/",4,110,3.64,4.7
"dreamlab","https://dreamlab.id/about-us/",3,144,2.08,8.0
"cara membuat handbody racikan sendiri agar cepat putih","https://dreamlab.id/cara-meracik-handbody-pemutih-alami/",3,519,0.58,8.7
"dreamlab","https://dreamlab.id/category/dreamlabpedia/",3,141,2.13,9.6
"dreamlab","https://dreamlab.id/jadwalkanvisitmeeting.php",3,75,4.00,9.4
"maklon kosmetik bandung","https://dreamlab.id/jasa-maklon-kosmetik-bandung/",3,151,1.99,10.3
"maklon skincare surabaya","https://dreamlab.id/maklon-skincare-surabaya-umkm/",3,76,3.95,9.8
"cara memunculkan keranjang putih di instagram","https://dreamlab.id/memunculkan-keranjang-reels/",3,44,6.82,1.9
"cara menambah keranjang kuning di instagram","https://dreamlab.id/memunculkan-keranjang-reels/",3,47,6.38,2.4
"cara menautkan produk di instagram","https://dreamlab.id/memunculkan-keranjang-reels/",3,189,1.59,3.8
"cara nautin keranjang di ig","https://dreamlab.id/memunculkan-keranjang-reels/",3,38,7.89,2.2
"kenapa keranjang di instagram tidak muncul","https://dreamlab.id/memunculkan-keranjang-reels/",3,45,6.67,3.1
"keranjang putih instagram","https://dreamlab.id/memunculkan-keranjang-reels/",3,224,1.34,5.8
"syarat keranjang kuning instagram","https://dreamlab.id/memunculkan-keranjang-reels/",3,40,7.50,2.0
"syarat keranjang putih instagram","https://dreamlab.id/memunculkan-keranjang-reels/",3,90,3.33,2.8
"pabrik skincare surabaya","https://dreamlab.id/pabrik-maklon-kosmetik-surabaya-terlengkap/",3,56,5.36,6.3
"pabrik parfum jakarta","https://dreamlab.id/pabrik-parfum-jakarta/",3,92,3.26,6.5
"maklon kosmetik makassar","https://dreamlab.id/pabrik-parfum-makasar/",3,55,5.45,8.5
"maklon parfum","https://dreamlab.id/parfum/",3,151,1.99,31.6
"dreamlab kosmetik","https://dreamlab.id/services/",3,189,1.59,6.6
"perusahaan kosmetik di surabaya","https://dreamlab.id/",2,73,2.74,9.1
"tren kecantikan 2026","https://dreamlab.id/8-tren-kecantikan-2026-smart-formula/",2,20,10.00,7.3
"maklon deodorant","https://dreamlab.id/asa-maklon-antiperspirant-terpercaya/",2,4,50.00,25.5
"3 basic skincare pria","https://dreamlab.id/basic-skincare-pria-wajib/",2,136,1.47,7.6
"cara buat hb dosting","https://dreamlab.id/cara-membuat-hb-dosting-sendiri/",2,41,4.88,4.5
"cara membuat hb dosting","https://dreamlab.id/cara-membuat-hb-dosting-sendiri/",2,201,1.00,6.2
"dreamlab","https://dreamlab.id/contact-us/",2,175,1.14,9.7
"maklon kosmetik surabaya","https://dreamlab.id/contact-us/",2,87,2.30,18.0
"data penjualan skincare di indonesia 2025","https://dreamlab.id/industri-kosmetik-indonesia-terus-tumbuh/",2,15,13.33,16.7
"maklon sabun batang","https://dreamlab.id/jasa-maklon-bar-soap-merek-sendiri/",2,35,5.71,21.8
"maklon skincare bandung","https://dreamlab.id/jasa-maklon-kosmetik-bandung/",2,219,0.91,10.2
"maklon body care","https://dreamlab.id/maklon-bodycare-dreamlab-moq-fleksibel/",2,202,0.99,9.4
"maklon skincare tangerang","https://dreamlab.id/maklon-kosmetik-tangerang-terpercaya/",2,29,6.90,7.1
"maklon parfum jawa timur","https://dreamlab.id/maklon-parfum-dreamlab/",2,42,4.76,5.3
"cara keranjang di instagram","https://dreamlab.id/memunculkan-keranjang-reels/",2,50,4.00,2.6
"cara menambahkan keranjang kuning di reels instagram","https://dreamlab.id/memunculkan-keranjang-reels/",2,10,20.00,1.8
"cara menambahkan keranjang putih di instagram","https://dreamlab.id/memunculkan-keranjang-reels/",2,67,2.99,1.6
"cara menambahkan link produk di instagram","https://dreamlab.id/memunculkan-keranjang-reels/",2,34,5.88,5.8
"instagram keranjang kuning","https://dreamlab.id/memunculkan-keranjang-reels/",2,32,6.25,4.0
"kenapa keranjang instagram tidak muncul","https://dreamlab.id/memunculkan-keranjang-reels/",2,10,20.00,3.1
"keranjang di instagram","https://dreamlab.id/memunculkan-keranjang-reels/",2,81,2.47,3.0
"keranjang kuning di instagram","https://dreamlab.id/memunculkan-keranjang-reels/",2,55,3.64,4.1
"tautkan produk di instagram tidak muncul","https://dreamlab.id/memunculkan-keranjang-reels/",2,36,5.56,5.2
"maklon kosmetik sidoarjo","https://dreamlab.id/pabrik-maklon-kosmetik-sidoarjo-dreamlab/",2,70,2.86,12.2
"pabrik kosmetik sidoarjo","https://dreamlab.id/pabrik-maklon-kosmetik-sidoarjo-dreamlab/",2,84,2.38,9.2
"maklon parfum bekasi","https://dreamlab.id/pabrik-maklon-parfum-bekasi/",2,37,5.41,8.5
"maklon parfume","https://dreamlab.id/pabrik-parfum-jakarta/",2,28,7.14,27.9
"pabrik parfum surabaya","https://dreamlab.id/pabrik-parfum-surabaya/",2,192,1.04,4.1
"inspired parfum artinya","https://dreamlab.id/parfum-inspired-peluang-bisnis/",2,238,0.84,7.5
"maklon parfum jakarta","https://dreamlab.id/rahasia-maklon-parfum-jakarta/",2,53,3.77,8.9
"heni sagara","https://dreamlab.id/urutan-pabrik-skincare-terbaik-indonesia/",2,46,4.35,2.0
"maklon skincare terbaik di indonesia","https://dreamlab.id/urutan-pabrik-skincare-terbaik-indonesia/",2,98,2.04,5.8
"pabrik skincare","https://dreamlab.id/urutan-pabrik-skincare-terbaik-indonesia/",2,415,0.48,11.1
"perusahaan skincare terbesar di indonesia","https://dreamlab.id/urutan-pabrik-skincare-terbaik-indonesia/",2,136,1.47,7.8
"cara tautkan produk di ig","https://www.dreamlab.id/memunculkan-keranjang-reels/",2,6,33.33,6.8
"cek resi sentral cargo","https://dreamlab.id/",1,3,33.33,10.3
"dramlab","https://dreamlab.id/",1,4,25.00,1.0
"dremlab","https://dreamlab.id/",1,3,33.33,1.3
"maklon kosmetik indonesia","https://dreamlab.id/",1,20,5.00,32.5
"maklon kosmetik jawa timur","https://dreamlab.id/",1,15,6.67,17.4
"maklon surabaya","https://dreamlab.id/",1,81,1.23,4.6
"maklon terdekat","https://dreamlab.id/",1,4,25.00,4.3
"pabrik kosmetik surabaya","https://dreamlab.id/",1,65,1.54,17.6
"produk nya apa saja","https://dreamlab.id/",1,1,100.00,1.0
"the dream lab","https://dreamlab.id/",1,6,16.67,3.0
"dreamlab kosmetik","https://dreamlab.id/about-us/",1,31,3.23,7.4
"kol affiliate program","https://dreamlab.id/affiliate-kol-brand-skincare/",1,2,50.00,10.5
"kol skincare","https://dreamlab.id/affiliate-kol-brand-skincare/",1,6,16.67,7.8
"dreamlab kosmetik","https://dreamlab.id/atur-kosmetik-halal-dreamlab/",1,152,0.66,9.2
"white label kosmetik","https://dreamlab.id/atur-kosmetik-halal-dreamlab/",1,3,33.33,10.7
"maklon skincare moq rendah","https://dreamlab.id/berapa-moq-maklon-skincare-di-dreamlab-ini-fakta-penting-untuk-pebisnis-pemula/",1,3,33.33,22.7
"harga maklon parfum","https://dreamlab.id/biaya-maklon-parfum-moq-kecil/",1,14,7.14,10.6
"maklon parfum bandung","https://dreamlab.id/cara-buat-parfum-sendiri-dengan-maklon/",1,6,16.67,18.3
"cara meracik hb dosting sendiri","https://dreamlab.id/cara-membuat-hb-dosting-sendiri/",1,17,5.88,7.4
"cara membuat handbody racikan putih permanen","https://dreamlab.id/cara-meracik-handbody-pemutih-alami/",1,68,1.47,7.8
"cara meracik handbody pemutih yang aman","https://dreamlab.id/cara-meracik-handbody-pemutih-alami/",1,38,2.63,8.9
"cara meracik hb dosting sendiri","https://dreamlab.id/cara-meracik-handbody-pemutih-alami/",1,65,1.54,6.5
"cara meracik lotion pemutih badan permanen","https://dreamlab.id/cara-meracik-handbody-pemutih-alami/",1,9,11.11,7.7
"racikan body care untuk memutihkan kulit","https://dreamlab.id/cara-meracik-handbody-pemutih-alami/",1,51,1.96,8.0
"dream lab","https://dreamlab.id/career/",1,1,100.00,8.0
"maklon bodycare","https://dreamlab.id/category/maklon-bodycare/",1,80,1.25,9.9
"maklon parfum surabaya","https://dreamlab.id/category/maklon-parfum/",1,15,6.67,11.3
"dreamlab surabaya","https://dreamlab.id/contact-us/",1,91,1.10,4.4
"maklon surabaya","https://dreamlab.id/contact-us/",1,10,10.00,9.6
"contoh iklan skincare yang menarik","https://dreamlab.id/contoh-kalimat-iklan-kosmetik-unik/",1,47,2.13,4.7
"iklan kecantikan","https://dreamlab.id/contoh-kalimat-iklan-kosmetik-unik/",1,57,1.75,15.6
"maklon hair care","https://dreamlab.id/hair-care/",1,91,1.10,29.6
"pertumbuhan industri kosmetik di indonesia","https://dreamlab.id/industri-kosmetik-indonesia-terus-tumbuh/",1,14,7.14,6.1
"dream lab","https://dreamlab.id/jadwalkanvisitmeeting.php",1,49,2.04,5.6
"karya impian laboratoris","https://dreamlab.id/jadwalkanvisitmeeting.php",1,32,3.13,1.2
"maklon parfum surabaya","https://dreamlab.id/jadwalkanvisitmeeting.php",1,6,16.67,1.2
"maklon kosmetik bali","https://dreamlab.id/jasa-maklon-parfum-bali-terbaik-terlengkap/",1,61,1.64,10.2
"maklon parfum terdekat","https://dreamlab.id/jasa-maklon-parfum-bali-terbaik-terlengkap/",1,1,100.00,1.0
"moq rendah","https://dreamlab.id/jasa-maklon-parfum-moq-rendah/",1,1,100.00,4.0
"maklon sabun mandi","https://dreamlab.id/jasa-maklon-sabun-mandi-batang/",1,16,6.25,19.3
"alkohol yang digunakan untuk parfum","https://dreamlab.id/jenis-alkohol-dalam-parfum/",1,30,3.33,7.7
"apa itu hb dosting","https://dreamlab.id/lulur-vs-hb-dosting/",1,159,0.63,1.2
"maklon jakarta","https://dreamlab.id/maklon-jakarta-terbaik/",1,4,25.00,17.5
"maklon skincare jakarta","https://dreamlab.id/maklon-jakarta-terbaik/",1,128,0.78,17.5
"cari lagi yang lain","https://dreamlab.id/maklon-kosmetik-skincare-medan-dreamlab/",1,1,100.00,4.0
"maklon skincare medan","https://dreamlab.id/maklon-kosmetik-skincare-medan-dreamlab/",1,1,100.00,1.0
"maklon tangerang","https://dreamlab.id/maklon-kosmetik-tangerang-terpercaya/",1,20,5.00,12.8
"usaha parfum brand sendiri","https://dreamlab.id/maklon-parfum-custom-dreamlab/",1,1,100.00,1.0
"ya","https://dreamlab.id/maklon-parfum-jakarta/",1,2,50.00,5.0
"maklon parfum makassar","https://dreamlab.id/maklon-parfum-makassar/",1,30,3.33,6.9
"maklon kosmetik jawa timur","https://dreamlab.id/maklon-skincare-jawa-timur-dreamlab/",1,59,1.69,23.0
"nad+ skincare","https://dreamlab.id/maklon-skincare-nad-plus-anti-aging/",1,4,25.00,6.8
"hair tonic ginseng","https://dreamlab.id/manfaat-hair-tonic-ginseng-rambut/",1,15,6.67,26.9
"cara aktifkan keranjang di ig","https://dreamlab.id/memunculkan-keranjang-reels/",1,18,5.56,4.1
"cara buat keranjang di instagram","https://dreamlab.id/memunculkan-keranjang-reels/",1,44,2.27,2.6
"cara menautkan produk di reels instagram","https://dreamlab.id/memunculkan-keranjang-reels/",1,25,4.00,3.5
"cara nya gimana ?","https://dreamlab.id/memunculkan-keranjang-reels/",1,1,100.00,1.0
"cara tautkan produk di ig","https://dreamlab.id/memunculkan-keranjang-reels/",1,47,2.13,3.7
"cara tautkan produk di instagram","https://dreamlab.id/memunculkan-keranjang-reels/",1,29,3.45,4.5
"kenapa keranjang ig tidak muncul","https://dreamlab.id/memunculkan-keranjang-reels/",1,11,9.09,3.3
"syarat menautkan keranjang di instagram","https://dreamlab.id/memunculkan-keranjang-reels/",1,9,11.11,2.2
"dreamlab","https://dreamlab.id/news-blog/",1,58,1.72,14.3
"maklon deodorant","https://dreamlab.id/news-blog/",1,9,11.11,16.8
"maklon deodorant spray","https://dreamlab.id/news-blog/",1,1,100.00,22.0
"maklon skincare sidoarjo","https://dreamlab.id/pabrik-maklon-kosmetik-sidoarjo-dreamlab/",1,49,2.04,9.3
"dreamlab","https://dreamlab.id/pabrik-maklon-kosmetik-surabaya-terlengkap/",1,43,2.33,14.0
"pabrik kosmetik surabaya","https://dreamlab.id/pabrik-maklon-kosmetik-surabaya-terlengkap/",1,217,0.46,10.3
"pabrik maklon kosmetik surabaya","https://dreamlab.id/pabrik-maklon-kosmetik-surabaya-terlengkap/",1,71,1.41,7.9
"maklon parfum moq rendah","https://dreamlab.id/pabrik-parfum-jakarta/",1,34,2.94,15.3
"pabrik parfum","https://dreamlab.id/pabrik-parfum-jakarta/",1,63,1.59,18.8
"lebih banyak lagi","https://dreamlab.id/pabrik-parfum-malang-dreamlab/",1,1,100.00,3.0
"pabrik parfum di indonesia","https://dreamlab.id/pabrik-parfum-surabaya/",1,50,2.00,10.4
"pabrik parfum surabaya pt maklon kosmetik indonesia","https://dreamlab.id/pabrik-parfum-surabaya/",1,105,0.95,8.4
"pabrik parfum terdekat","https://dreamlab.id/pabrik-parfum-surabaya/",1,23,4.35,7.5
"maklon shampoo","https://dreamlab.id/pabrik-shampoo-merek-sendiri/",1,46,2.17,33.5
"jasa maklon parfum","https://dreamlab.id/parfum/",1,90,1.11,13.7
"perbedaan moisturizer gel dan cream","https://dreamlab.id/perbedaan-moisturizer-gel-vs-cream/",1,182,0.55,8.5
"maklon kosmetik","https://dreamlab.id/perusahaan-maklon-kosmetik/",1,29,3.45,56.5
"maklon sunscreen","https://dreamlab.id/rekomendasi-sunscreen-lokal/",1,53,1.89,10.6
"sunscreen lokal terbaik","https://dreamlab.id/rekomendasi-sunscreen-lokal/",1,96,1.04,10.2
"data pertumbuhan industri kosmetik di indonesia 2025","https://dreamlab.id/state-of-beauty-2025-tren-kecantikan-pertumbuhan-industri-kosmetik-perubahan-pasar/",1,1,100.00,27.0
"tren parfum 2026","https://dreamlab.id/tren-aroma-parfum-2026-terbaru/",1,110,0.91,6.7
"tren parfum indonesia 2026","https://dreamlab.id/tren-aroma-parfum-2026-terbaru/",1,11,9.09,5.2
"contoh brand","https://dreamlab.id/urutan-pabrik-skincare-terbaik-indonesia/",1,1,100.00,6.0
"maklon skincare","https://dreamlab.id/urutan-pabrik-skincare-terbaik-indonesia/",1,2,50.00,4.5
"mau","https://dreamlab.id/urutan-pabrik-skincare-terbaik-indonesia/",1,3,33.33,4.3
"perusahaan kosmetik terbesar di indonesia","https://dreamlab.id/urutan-pabrik-skincare-terbaik-indonesia/",1,75,1.33,13.2
"yang lainnya","https://dreamlab.id/urutan-pabrik-skincare-terbaik-indonesia/",1,1,100.00,1.0
"waterless skincare","https://dreamlab.id/waterless-beauty-2025/",1,3,33.33,7.0
"resep hb racikan sendiri","https://www.dreamlab.id/cara-meracik-handbody-pemutih-alami/",1,4,25.00,5.3
"dreamlab","https://www.dreamlab.id/contact-us/",1,8,12.50,11.0
"hb dosting adalah","https://www.dreamlab.id/lulur-vs-hb-dosting/",1,14,7.14,3.0
"cara masukin keranjang di instagram","https://www.dreamlab.id/memunculkan-keranjang-reels/",1,12,8.33,2.9
"cara membuat keranjang di instagram","https://www.dreamlab.id/memunculkan-keranjang-reels/",1,3,33.33,4.7
"cara memunculkan tautan produk di instagram","https://www.dreamlab.id/memunculkan-keranjang-reels/",1,12,8.33,5.5
"cara menambah keranjang di instagram","https://www.dreamlab.id/memunculkan-keranjang-reels/",1,5,20.00,3.2
"cara menambah keranjang kuning di instagram","https://www.dreamlab.id/memunculkan-keranjang-reels/",1,6,16.67,4.0
"cara menambahkan keranjang di reels instagram","https://www.dreamlab.id/memunculkan-keranjang-reels/",1,11,9.09,3.0
"cara menampilkan keranjang di instagram","https://www.dreamlab.id/memunculkan-keranjang-reels/",1,7,14.29,3.4
"cara menautkan keranjang di instagram","https://www.dreamlab.id/memunculkan-keranjang-reels/",1,17,5.88,2.5
"cara menautkan produk di instagram","https://www.dreamlab.id/memunculkan-keranjang-reels/",1,17,5.88,7.9
"cara tambah keranjang di instagram","https://www.dreamlab.id/memunculkan-keranjang-reels/",1,5,20.00,3.2
"kenapa keranjang putih di instagram tidak muncul","https://www.dreamlab.id/memunculkan-keranjang-reels/",1,2,50.00,3.5
"syarat keranjang di instagram","https://www.dreamlab.id/memunculkan-keranjang-reels/",1,12,8.33,3.5
"syarat keranjang kuning instagram","https://www.dreamlab.id/memunculkan-keranjang-reels/",1,7,14.29,5.1
"maklon hair serum","https://www.dreamlab.id/produk/haircare/hair-serum/",1,9,11.11,7.3
""kosmetik" -site:reddit.com -site:twitter.com -site:x.com -site:wykop.pl -site:tripadvisor.com -site:youtube.com -site:yelp.com -site:booking.com -site:facebook.com -site:instagram.com -site:tiktok.com","https://dreamlab.id/",0,1,0.00,4.0
"admin produksi adalah","https://dreamlab.id/",0,1,0.00,6.0
"alamat pabrik","https://dreamlab.id/",0,1,0.00,2.0
"apa maklon","https://dreamlab.id/",0,2,0.00,11.0
"asia skinlab","https://dreamlab.id/",0,3,0.00,37.0
"atomlab","https://dreamlab.id/",0,1,0.00,62.0
"beauty care labs","https://dreamlab.id/",0,1,0.00,13.0
"beauty idea lab","https://dreamlab.id/",0,1,0.00,8.0
"beauty lab","https://dreamlab.id/",0,2,0.00,4.0
"bisnis maklon","https://dreamlab.id/",0,1,0.00,5.0
"bloomlab surabaya","https://dreamlab.id/",0,18,0.00,3.1
"bpom","https://dreamlab.id/",0,1,0.00,36.0
"branding consultant","https://dreamlab.id/",0,1,0.00,58.0
"bunga amerta kosmetindo pt","https://dreamlab.id/",0,1,0.00,4.0
"candylab","https://dreamlab.id/",0,1,0.00,54.0
"cara membuat desain kemasan produk","https://dreamlab.id/",0,1,0.00,14.0
"cosmetic lab","https://dreamlab.id/",0,1,0.00,10.0
"cosmetic laboratory skincare","https://dreamlab.id/",0,1,0.00,11.0
"cosmolab","https://dreamlab.id/",0,1,0.00,1.0
"daftar perusahaan maklon kosmetik","https://dreamlab.id/",0,1,0.00,8.0
"deamlab","https://dreamlab.id/",0,1,0.00,1.0
"derma lab","https://dreamlab.id/",0,1,0.00,2.0
"dermalabs","https://dreamlab.id/",0,1,0.00,44.0
"dermilab","https://dreamlab.id/",0,3,0.00,2.0
"dpe lab","https://dreamlab.id/",0,1,0.00,28.0
"dream lab ai","https://dreamlab.id/",0,1,0.00,3.0
"dream lab fbsb uny","https://dreamlab.id/",0,1,0.00,1.0
"dream lab official website","https://dreamlab.id/",0,1,0.00,1.0
"dream laboratory","https://dreamlab.id/",0,4,0.00,6.5
"dream labs","https://dreamlab.id/",0,1,0.00,1.0
"dream-lab","https://dreamlab.id/",0,1,0.00,1.0
"dream.lab","https://dreamlab.id/",0,2,0.00,2.5
"dreamasil","https://dreamlab.id/",0,2,0.00,1.0
"dreamlab cosmetici","https://dreamlab.id/",0,1,0.00,5.0
"dreamlab official website","https://dreamlab.id/",0,8,0.00,5.0
"dreamlab reviews","https://dreamlab.id/",0,1,0.00,2.0
"dreamlab skincare","https://dreamlab.id/",0,4,0.00,5.8
"dreamlab studio","https://dreamlab.id/",0,5,0.00,1.0
"dreamlab.com","https://dreamlab.id/",0,2,0.00,1.0
"dreamlabs","https://dreamlab.id/",0,35,0.00,3.2
"dreamlap","https://dreamlab.id/",0,1,0.00,4.0
"f2g","https://dreamlab.id/",0,1,0.00,1.0
"footlab","https://dreamlab.id/",0,1,0.00,1.0
"group lab","https://dreamlab.id/",0,1,0.00,2.0
"grow lab","https://dreamlab.id/",0,1,0.00,3.0
"impian","https://dreamlab.id/",0,1,0.00,8.0
"industri kosmetik","https://dreamlab.id/",0,1,0.00,20.0
"itu gimana ya","https://dreamlab.id/",0,1,0.00,1.0
"jasa maklon","https://dreamlab.id/",0,4,0.00,5.8
"jasa maklon kosmetik","https://dreamlab.id/",0,3,0.00,4.3
"jasa maklon kosmetik terbaik","https://dreamlab.id/",0,4,0.00,20.8
"jasa maklon parfum","https://dreamlab.id/",0,1,0.00,7.0
"jasa maklon serum","https://dreamlab.id/",0,1,0.00,4.0
"jasa maklon skincare","https://dreamlab.id/",0,8,0.00,2.0
"kantor morlab","https://dreamlab.id/",0,1,0.00,2.0
"kantor morlab indonesia","https://dreamlab.id/",0,2,0.00,3.0
"kepanjangan maklon","https://dreamlab.id/",0,1,0.00,6.0
"konsultan bpom","https://dreamlab.id/",0,1,0.00,4.0
"kosmetik","https://dreamlab.id/",0,1,0.00,50.0
"kosmetik lab","https://dreamlab.id/",0,1,0.00,1.0
"kosmetik surabaya","https://dreamlab.id/",0,1,0.00,67.0
"kosmetik terdekat","https://dreamlab.id/",0,1,0.00,16.0
"kreasi hebat","https://dreamlab.id/",0,3,0.00,23.7
"lab dream","https://dreamlab.id/",0,2,0.00,3.5
"lab skincare","https://dreamlab.id/",0,1,0.00,4.0
"laboratorium kosmetik","https://dreamlab.id/",0,2,0.00,34.5
"labs kelola","https://dreamlab.id/",0,5,0.00,9.2
"maklon","https://dreamlab.id/",0,44,0.00,6.3
"maklon apa","https://dreamlab.id/",0,1,0.00,8.0
"maklon artinya","https://dreamlab.id/",0,1,0.00,1.0
"maklon body care","https://dreamlab.id/",0,1,0.00,1.0
"maklon body lotion","https://dreamlab.id/",0,1,0.00,1.0
"maklon body n kids care","https://dreamlab.id/",0,1,0.00,13.0
"maklon bodycare","https://dreamlab.id/",0,2,0.00,11.0
"maklon dry shampoo","https://dreamlab.id/",0,2,0.00,73.0
"maklon foot care","https://dreamlab.id/",0,3,0.00,44.0
"maklon hair care","https://dreamlab.id/",0,7,0.00,7.0
"maklon herbal","https://dreamlab.id/",0,1,0.00,17.0
"maklon itu apa","https://dreamlab.id/",0,1,0.00,13.0
"maklon jawa timur","https://dreamlab.id/",0,3,0.00,11.0
"maklon kosmetik bali","https://dreamlab.id/",0,11,0.00,35.7
"maklon kosmetik bandung","https://dreamlab.id/",0,2,0.00,1.0
"maklon kosmetik palembang","https://dreamlab.id/",0,3,0.00,19.0
"maklon kosmetik sidoarjo","https://dreamlab.id/",0,3,0.00,51.3
"maklon kosmetik skala kecil","https://dreamlab.id/",0,1,0.00,4.0
"maklon kosmetik surabaya","https://dreamlab.id/",0,134,0.00,15.8
"maklon kosmetik terbaik","https://dreamlab.id/",0,26,0.00,25.9
"maklon kosmetik terbaik di indonesia","https://dreamlab.id/",0,3,0.00,80.3
"maklon kosmetik terdekat","https://dreamlab.id/",0,2,0.00,1.0
"maklon make up","https://dreamlab.id/",0,7,0.00,19.1
"maklon makeup","https://dreamlab.id/",0,9,0.00,38.7
"maklon parfum","https://dreamlab.id/",0,2,0.00,10.5
"maklon parfum bali","https://dreamlab.id/",0,1,0.00,1.0
"maklon parfum malang","https://dreamlab.id/",0,1,0.00,20.0
"maklon parfum surabaya","https://dreamlab.id/",0,14,0.00,26.4
"maklon parfum terbaik","https://dreamlab.id/",0,1,0.00,9.0
"maklon produk herbal","https://dreamlab.id/",0,2,0.00,10.0
"maklon sabun","https://dreamlab.id/",0,2,0.00,4.5
"maklon sabun batang","https://dreamlab.id/",0,1,0.00,3.0
"maklon serum","https://dreamlab.id/",0,1,0.00,3.0
"maklon shampoo","https://dreamlab.id/",0,1,0.00,84.0
"maklon skin care","https://dreamlab.id/",0,3,0.00,65.3
"maklon skincare","https://dreamlab.id/",0,116,0.00,31.8
"maklon skincare adalah","https://dreamlab.id/",0,2,0.00,9.5
"maklon skincare bandung","https://dreamlab.id/",0,3,0.00,66.7
"maklon skincare bpom","https://dreamlab.id/",0,1,0.00,2.0
"maklon skincare sidoarjo","https://dreamlab.id/",0,9,0.00,74.6
"maklon skincare surabaya","https://dreamlab.id/",0,44,0.00,18.5
"maklon skincare terbaik","https://dreamlab.id/",0,16,0.00,36.3
"maklon skincare terbaik di indonesia","https://dreamlab.id/",0,2,0.00,38.0
"maklon skincare terpercaya","https://dreamlab.id/",0,4,0.00,4.5
"maklon sunscreen","https://dreamlab.id/",0,1,0.00,1.0
"maklon terbaik di indonesia","https://dreamlab.id/",0,1,0.00,12.0
"makloon parfum","https://dreamlab.id/",0,1,0.00,20.0
"manufaktur di surabaya","https://dreamlab.id/",0,1,0.00,8.0
"manufaktur kosmetik","https://dreamlab.id/",0,1,0.00,1.0
"marketlab","https://dreamlab.id/",0,1,0.00,50.0
"markloan","https://dreamlab.id/",0,2,0.00,78.5
"masumi beauty indonesia","https://dreamlab.id/",0,1,0.00,49.0
"mau","https://dreamlab.id/",0,3,0.00,2.3
"mavis dreamlab","https://dreamlab.id/",0,2,0.00,6.0
"morlab","https://dreamlab.id/",0,2,0.00,41.0
"morlab indonesia","https://dreamlab.id/",0,1,0.00,32.0
"morlab skincare","https://dreamlab.id/",0,1,0.00,58.0
"morlabofficialindonesia","https://dreamlab.id/",0,1,0.00,20.0
"oem parfum","https://dreamlab.id/",0,1,0.00,4.0
"pabrik kosmetik","https://dreamlab.id/",0,2,0.00,13.5
"pabrik kosmetik di jawa timur","https://dreamlab.id/",0,18,0.00,13.0
"pabrik kosmetik di malang","https://dreamlab.id/",0,1,0.00,1.0
"pabrik kosmetik di surabaya","https://dreamlab.id/",0,21,0.00,8.6
"pabrik kosmetik jawa timur","https://dreamlab.id/",0,4,0.00,6.0
"pabrik kosmetik mojokerto","https://dreamlab.id/",0,1,0.00,1.0
"pabrik kosmetik surabaya timur","https://dreamlab.id/",0,1,0.00,10.0
"pabrik kosmetik terdekat","https://dreamlab.id/",0,2,0.00,3.5
"pabrik maklon","https://dreamlab.id/",0,5,0.00,23.2
"pabrik maklon kosmetik","https://dreamlab.id/",0,7,0.00,46.6
"pabrik maklon kosmetik surabaya","https://dreamlab.id/",0,14,0.00,24.8
"pabrik maklon terdekat","https://dreamlab.id/",0,1,0.00,16.0
"pabrik manufaktur di surabaya","https://dreamlab.id/",0,1,0.00,78.0
"pabrik oem","https://dreamlab.id/",0,1,0.00,12.0
"pabrik parfum surabaya","https://dreamlab.id/",0,7,0.00,10.4
"pabrik parfum terdekat","https://dreamlab.id/",0,1,0.00,50.0
"pabrik pt","https://dreamlab.id/",0,1,0.00,141.0
"pabrik skincare","https://dreamlab.id/",0,6,0.00,4.2
"pabrik skincare surabaya","https://dreamlab.id/",0,3,0.00,7.3
"pabrik terdekat dari lokasi saya","https://dreamlab.id/",0,1,0.00,8.0
"pbktl","https://dreamlab.id/",0,2,0.00,49.0
"perusahaan kosmetik","https://dreamlab.id/",0,3,0.00,11.0
"perusahaan kosmetik di indonesia","https://dreamlab.id/",0,2,0.00,1.5
"perusahaan maklon","https://dreamlab.id/",0,3,0.00,21.3
"perusahaan maklon di indonesia","https://dreamlab.id/",0,1,0.00,90.0
"perusahaan maklon kosmetik","https://dreamlab.id/",0,3,0.00,50.0
"perusahaan manufaktur di surabaya","https://dreamlab.id/",0,1,0.00,41.0
"private dream lab","https://dreamlab.id/",0,1,0.00,2.0
"private label kosmetik","https://dreamlab.id/",0,1,0.00,11.0
"product develop","https://dreamlab.id/",0,1,0.00,6.0
"product development","https://dreamlab.id/",0,6,0.00,6.0
"produksi kosmetik","https://dreamlab.id/",0,1,0.00,9.0
"pt cipta laba surabaya","https://dreamlab.id/",0,1,0.00,8.0
"pt enam sembilan farma","https://dreamlab.id/",0,1,0.00,56.0
"pt garuda jelajah nusantara","https://dreamlab.id/",0,1,0.00,44.0
"pt karya impian laboratoris (dreamlab) - pabrik pasuruan","https://dreamlab.id/",0,1,0.00,2.0
"pt kecantikan","https://dreamlab.id/",0,1,0.00,19.0
"pt kinglab indonesia","https://dreamlab.id/",0,2,0.00,49.0
"pt kosmetik","https://dreamlab.id/",0,2,0.00,8.0
"pt maklon","https://dreamlab.id/",0,2,0.00,8.5
"pt maklon kosmetik","https://dreamlab.id/",0,5,0.00,26.2
"pt maklon kosmetik indonesia","https://dreamlab.id/",0,1,0.00,4.0
"pt maklon kosmetik indonesia surabaya","https://dreamlab.id/",0,1,0.00,11.0
"pt marketing","https://dreamlab.id/",0,1,0.00,10.0
"pt masumi beauty indonesia","https://dreamlab.id/",0,1,0.00,56.0
"pt ristra laboratoris indonesia","https://dreamlab.id/",0,1,0.00,31.0
"pt sempurna medilab indonesia","https://dreamlab.id/",0,2,0.00,58.0
"pt skin lab indonesia","https://dreamlab.id/",0,1,0.00,39.0
"puputan pharma mangala","https://dreamlab.id/",0,1,0.00,49.0
"revlon indonesia","https://dreamlab.id/",0,2,0.00,49.5
"serum lab","https://dreamlab.id/",0,1,0.00,2.0
"siapa ownernya","https://dreamlab.id/",0,1,0.00,1.0
"skin lab","https://dreamlab.id/",0,1,0.00,1.0
"skincare lab","https://dreamlab.id/",0,7,0.00,37.4
"skincare maklon","https://dreamlab.id/",0,2,0.00,4.5
"skincare manufacturing","https://dreamlab.id/",0,1,0.00,2.0
"studio dream lab surabaya","https://dreamlab.id/",0,1,0.00,12.0
"triszie lab indonesia-maklon skincare & kosmetik","https://dreamlab.id/",0,8,0.00,19.8
"tujuan bisnis","https://dreamlab.id/",0,1,0.00,3.0
"yang paling murah yang mana","https://dreamlab.id/",0,1,0.00,2.0
"1. analisis peluang pasar produk tersebut dengan mempertimbangkan tren industri dan kebutuhan konsumen saat ini.","https://dreamlab.id/8-tren-kecantikan-2026-smart-formula/",0,1,0.00,1.0
"analisis scp industri skincare global 2026","https://dreamlab.id/8-tren-kecantikan-2026-smart-formula/",0,8,0.00,9.5
"beautycare","https://dreamlab.id/8-tren-kecantikan-2026-smart-formula/",0,1,0.00,21.0
"glow cosmetic innovation","https://dreamlab.id/8-tren-kecantikan-2026-smart-formula/",0,1,0.00,1.0
"inovasi skincare","https://dreamlab.id/8-tren-kecantikan-2026-smart-formula/",0,8,0.00,35.9
"produk skincare ramai dibicarakan indonesia 2026","https://dreamlab.id/8-tren-kecantikan-2026-smart-formula/",0,6,0.00,5.2
"pt inovasi teknologi kosmetika","https://dreamlab.id/8-tren-kecantikan-2026-smart-formula/",0,3,0.00,1.0
"skin care","https://dreamlab.id/8-tren-kecantikan-2026-smart-formula/",0,1,0.00,3.0
"skincare komala indonesia review tren 2026","https://dreamlab.id/8-tren-kecantikan-2026-smart-formula/",0,6,0.00,14.8
"skincare terbaru 2026","https://dreamlab.id/8-tren-kecantikan-2026-smart-formula/",0,2,0.00,9.5
"skincare viral indonesia 2026","https://dreamlab.id/8-tren-kecantikan-2026-smart-formula/",0,1,0.00,9.0
"skincare viral tiktok indonesia 2026","https://dreamlab.id/8-tren-kecantikan-2026-smart-formula/",0,1,0.00,16.0
"tren beauty indonesia paling viral 2026","https://dreamlab.id/8-tren-kecantikan-2026-smart-formula/",0,4,0.00,38.8
"tren bisnis kecantikan","https://dreamlab.id/8-tren-kecantikan-2026-smart-formula/",0,9,0.00,21.2
"tren industri skincare global 2023-2026","https://dreamlab.id/8-tren-kecantikan-2026-smart-formula/",0,7,0.00,8.9
"tren kecantikan","https://dreamlab.id/8-tren-kecantikan-2026-smart-formula/",0,3,0.00,7.0
"tren kecantikan indonesia 2026","https://dreamlab.id/8-tren-kecantikan-2026-smart-formula/",0,7,0.00,11.7
"tren kecantikan saat ini","https://dreamlab.id/8-tren-kecantikan-2026-smart-formula/",0,5,0.00,9.6
"tren kosmetik 2026","https://dreamlab.id/8-tren-kecantikan-2026-smart-formula/",0,6,0.00,13.7
"tren makeup 2026","https://dreamlab.id/8-tren-kecantikan-2026-smart-formula/",0,1,0.00,1.0
"tren makeup 2026 indonesia","https://dreamlab.id/8-tren-kecantikan-2026-smart-formula/",0,5,0.00,13.4
"tren mekap terbaru 2026","https://dreamlab.id/8-tren-kecantikan-2026-smart-formula/",0,1,0.00,10.0
"tren produk 2026","https://dreamlab.id/8-tren-kecantikan-2026-smart-formula/",0,1,0.00,19.0
"tren skincare","https://dreamlab.id/8-tren-kecantikan-2026-smart-formula/",0,12,0.00,24.5
"tren skincare 2026","https://dreamlab.id/8-tren-kecantikan-2026-smart-formula/",0,4,0.00,8.8
"tren skincare 2026 indonesia","https://dreamlab.id/8-tren-kecantikan-2026-smart-formula/",0,2,0.00,7.0
"tren skincare indonesia 2026","https://dreamlab.id/8-tren-kecantikan-2026-smart-formula/",0,3,0.00,10.3
"tren skincare terbaru","https://dreamlab.id/8-tren-kecantikan-2026-smart-formula/",0,5,0.00,13.6
"tren sunscreen","https://dreamlab.id/8-tren-kecantikan-2026-smart-formula/",0,2,0.00,46.0
"trend skincare","https://dreamlab.id/8-tren-kecantikan-2026-smart-formula/",0,1,0.00,8.0
"trend skincare 2026","https://dreamlab.id/8-tren-kecantikan-2026-smart-formula/",0,3,0.00,16.3
"asia skinlab","https://dreamlab.id/about-us/",0,1,0.00,78.0
"dream lab","https://dreamlab.id/about-us/",0,1,0.00,11.0
"dreamlab surabaya","https://dreamlab.id/about-us/",0,7,0.00,9.9
"dremlab","https://dreamlab.id/about-us/",0,3,0.00,6.3
"karya impian laboratoris","https://dreamlab.id/about-us/",0,2,0.00,10.5
"mavis dreamlab","https://dreamlab.id/about-us/",0,2,0.00,53.0
"pbktl","https://dreamlab.id/about-us/",0,1,0.00,43.0
"pt karya impian laboratoris","https://dreamlab.id/about-us/",0,36,0.00,29.9
"pt karya impian laboratoris (dreamlab) - pabrik pasuruan","https://dreamlab.id/about-us/",0,3,0.00,12.0
"dreamlab","https://dreamlab.id/about-us/alur-maklon/",0,9,0.00,50.0
"jasa maklon kosmetik tangerang","https://dreamlab.id/about-us/alur-maklon/",0,12,0.00,40.1
"jasa maklon tangerang","https://dreamlab.id/about-us/alur-maklon/",0,5,0.00,48.0
"maklon kosmetik bali","https://dreamlab.id/about-us/alur-maklon/",0,1,0.00,41.0
"maklon kosmetik tangerang","https://dreamlab.id/about-us/alur-maklon/",0,39,0.00,45.3
"maklon skincare tangerang","https://dreamlab.id/about-us/alur-maklon/",0,1,0.00,80.0
"maklon tangerang","https://dreamlab.id/about-us/alur-maklon/",0,4,0.00,40.8
"pabrik maklon tangerang","https://dreamlab.id/about-us/alur-maklon/",0,2,0.00,28.5
"pt karya impian laboratoris","https://dreamlab.id/about-us/alur-maklon/",0,24,0.00,39.6
"affiliate marketing skincare","https://dreamlab.id/affiliate-kol-brand-skincare/",0,1,0.00,15.0
"affiliate skincare","https://dreamlab.id/affiliate-kol-brand-skincare/",0,46,0.00,6.7
"affiliate skincare adalah","https://dreamlab.id/affiliate-kol-brand-skincare/",0,42,0.00,4.0
"affiliate skincare kerjanya apa","https://dreamlab.id/affiliate-kol-brand-skincare/",0,21,0.00,8.6
"affiliator skincare adalah","https://dreamlab.id/affiliate-kol-brand-skincare/",0,9,0.00,2.2
"afiliator skincare adalah","https://dreamlab.id/affiliate-kol-brand-skincare/",0,12,0.00,7.0
"agensi kol","https://dreamlab.id/affiliate-kol-brand-skincare/",0,1,0.00,10.0
"apa arti kol","https://dreamlab.id/affiliate-kol-brand-skincare/",0,1,0.00,3.0
"apa itu affiliate skincare","https://dreamlab.id/affiliate-kol-brand-skincare/",0,8,0.00,4.5
"apa itu affiliator skincare","https://dreamlab.id/affiliate-kol-brand-skincare/",0,6,0.00,1.0
"apa itu kol","https://dreamlab.id/affiliate-kol-brand-skincare/",0,3,0.00,3.0
"apa itu kol affiliate","https://dreamlab.id/affiliate-kol-brand-skincare/",0,8,0.00,3.0
"apa itu kol marketing","https://dreamlab.id/affiliate-kol-brand-skincare/",0,1,0.00,3.0
"apa itu rc","https://dreamlab.id/affiliate-kol-brand-skincare/",0,1,0.00,3.0
"arti affiliator","https://dreamlab.id/affiliate-kol-brand-skincare/",0,1,0.00,2.0
"arti kol","https://dreamlab.id/affiliate-kol-brand-skincare/",0,2,0.00,3.0
"beauty affiliate adalah","https://dreamlab.id/affiliate-kol-brand-skincare/",0,17,0.00,6.1
"bisnis affiliate skincare","https://dreamlab.id/affiliate-kol-brand-skincare/",0,8,0.00,3.4
"cara kerja affiliate skincare","https://dreamlab.id/affiliate-kol-brand-skincare/",0,41,0.00,10.9
"crypto kol marketing","https://dreamlab.id/affiliate-kol-brand-skincare/",0,1,0.00,3.0
"fee affiliate skincare","https://dreamlab.id/affiliate-kol-brand-skincare/",0,1,0.00,12.0
"fee affiliate skincare adalah","https://dreamlab.id/affiliate-kol-brand-skincare/",0,10,0.00,5.2
"freelance affiliate skincare","https://dreamlab.id/affiliate-kol-brand-skincare/",0,1,0.00,3.0
"k o l","https://dreamlab.id/affiliate-kol-brand-skincare/",0,1,0.00,2.0
"kerja kol adalah","https://dreamlab.id/affiliate-kol-brand-skincare/",0,1,0.00,3.0
"kol","https://dreamlab.id/affiliate-kol-brand-skincare/",0,19,0.00,2.2
"kol & affiliate specialist","https://dreamlab.id/affiliate-kol-brand-skincare/",0,2,0.00,3.0
"kol adalah","https://dreamlab.id/affiliate-kol-brand-skincare/",0,26,0.00,2.8
"kol adalah influencer","https://dreamlab.id/affiliate-kol-brand-skincare/",0,2,0.00,3.0
"kol adalah singkatan dari","https://dreamlab.id/affiliate-kol-brand-skincare/",0,1,0.00,3.0
"kol ads","https://dreamlab.id/affiliate-kol-brand-skincare/",0,1,0.00,3.0
"kol affiliate","https://dreamlab.id/affiliate-kol-brand-skincare/",0,4,0.00,3.0
"kol affiliate adalah","https://dreamlab.id/affiliate-kol-brand-skincare/",0,65,0.00,1.4
"kol affiliate specialist adalah","https://dreamlab.id/affiliate-kol-brand-skincare/",0,1,0.00,3.0
"kol agency adalah","https://dreamlab.id/affiliate-kol-brand-skincare/",0,1,0.00,3.0
"kol artinya","https://dreamlab.id/affiliate-kol-brand-skincare/",0,1,0.00,3.0
"kol artis","https://dreamlab.id/affiliate-kol-brand-skincare/",0,1,0.00,3.0
"kol artis adalah","https://dreamlab.id/affiliate-kol-brand-skincare/",0,1,0.00,2.0
"kol beauty adalah","https://dreamlab.id/affiliate-kol-brand-skincare/",0,36,0.00,10.5
"kol dalam marketing adalah","https://dreamlab.id/affiliate-kol-brand-skincare/",0,1,0.00,3.0
"kol dan affiliate specialist adalah","https://dreamlab.id/affiliate-kol-brand-skincare/",0,1,0.00,3.0
"kol di","https://dreamlab.id/affiliate-kol-brand-skincare/",0,1,0.00,3.0
"kol event adalah","https://dreamlab.id/affiliate-kol-brand-skincare/",0,1,0.00,3.0
"kol influencer adalah","https://dreamlab.id/affiliate-kol-brand-skincare/",0,1,0.00,3.0
"kol itu apa","https://dreamlab.id/affiliate-kol-brand-skincare/",0,2,0.00,3.0
"kol kepanjangan dari","https://dreamlab.id/affiliate-kol-brand-skincare/",0,1,0.00,3.0
"kol marketing","https://dreamlab.id/affiliate-kol-brand-skincare/",0,1,0.00,3.0
"kol shopee","https://dreamlab.id/affiliate-kol-brand-skincare/",0,1,0.00,2.0
"kol shopee affiliate","https://dreamlab.id/affiliate-kol-brand-skincare/",0,1,0.00,3.0
"kol singkatan apa","https://dreamlab.id/affiliate-kol-brand-skincare/",0,1,0.00,3.0
"kol singkatan dari","https://dreamlab.id/affiliate-kol-brand-skincare/",0,4,0.00,3.0
"kol skin","https://dreamlab.id/affiliate-kol-brand-skincare/",0,1,0.00,11.0
"kol specialist adalah","https://dreamlab.id/affiliate-kol-brand-skincare/",0,3,0.00,2.3
"kol streamer","https://dreamlab.id/affiliate-kol-brand-skincare/",0,1,0.00,2.0
"kol tiktok adalah","https://dreamlab.id/affiliate-kol-brand-skincare/",0,1,0.00,3.0
"kol. id","https://dreamlab.id/affiliate-kol-brand-skincare/",0,1,0.00,5.0
"kol.id","https://dreamlab.id/affiliate-kol-brand-skincare/",0,1,0.00,2.0
"kolaborasi influencer dan ekspansi kanal distribusi skincare","https://dreamlab.id/affiliate-kol-brand-skincare/",0,1,0.00,7.0
"kolkit id","https://dreamlab.id/affiliate-kol-brand-skincare/",0,1,0.00,8.0
"paket col shopee","https://dreamlab.id/affiliate-kol-brand-skincare/",0,1,0.00,3.0
"perbedaan affiliate dan kol","https://dreamlab.id/affiliate-kol-brand-skincare/",0,59,0.00,10.6
"perbedaan kol dan affiliate","https://dreamlab.id/affiliate-kol-brand-skincare/",0,60,0.00,8.5
"qol marketing adalah","https://dreamlab.id/affiliate-kol-brand-skincare/",0,1,0.00,2.0
"skincare affiliate","https://dreamlab.id/affiliate-kol-brand-skincare/",0,24,0.00,16.4
"skincare affiliate adalah","https://dreamlab.id/affiliate-kol-brand-skincare/",0,31,0.00,12.7
"skincare affiliate indonesia","https://dreamlab.id/affiliate-kol-brand-skincare/",0,6,0.00,11.3
"skincare affiliate marketing","https://dreamlab.id/affiliate-kol-brand-skincare/",0,1,0.00,1.0
"sow adalah","https://dreamlab.id/affiliate-kol-brand-skincare/",0,1,0.00,3.0
"sow dalam konten adalah","https://dreamlab.id/affiliate-kol-brand-skincare/",0,1,0.00,3.0
"tugas affiliate skincare","https://dreamlab.id/affiliate-kol-brand-skincare/",0,17,0.00,28.4
"kol beauty adalah","https://dreamlab.id/affiliate-kol-brand-skincare/#Bagaimana_Mendapatkan_KOL_Gratis",0,23,0.00,11.6
"kol beauty adalah","https://dreamlab.id/affiliate-kol-brand-skincare/#Frequently_Asked_Questions_FAQ",0,22,0.00,11.6
"kol beauty adalah","https://dreamlab.id/affiliate-kol-brand-skincare/#Mana_yang_Lebih_Menguntungkan",0,22,0.00,11.6
"kol beauty adalah","https://dreamlab.id/affiliate-kol-brand-skincare/#Menggunakan_Affiliate_Jika%E2%80%A6",0,22,0.00,11.6
"kol beauty adalah","https://dreamlab.id/affiliate-kol-brand-skincare/#Menggunakan_KOL_Jika%E2%80%A6",0,22,0.00,11.6
"kol beauty adalah","https://dreamlab.id/affiliate-kol-brand-skincare/#Perbedaan_Mendasar_antara_Affiliate_dan_KOL",0,23,0.00,11.6
"ai cosmetic","https://dreamlab.id/ai-data-cara-brand-kosmetik-baru-menemukan-formula-viral/",0,1,0.00,11.0
"ai kosmetik","https://dreamlab.id/ai-data-cara-brand-kosmetik-baru-menemukan-formula-viral/",0,10,0.00,10.0
"alat mengencangkan kulit wajah","https://dreamlab.id/alat-pengencang-wajah/",0,1,0.00,1.0
"alat mengencangkan wajah","https://dreamlab.id/alat-pengencang-wajah/",0,13,0.00,9.6
"alat nya","https://dreamlab.id/alat-pengencang-wajah/",0,1,0.00,1.0
"alat pengencang","https://dreamlab.id/alat-pengencang-wajah/",0,9,0.00,8.7
"alat pengencang wajah","https://dreamlab.id/alat-pengencang-wajah/",0,9,0.00,5.0
"alat untuk mengencangkan kulit wajah","https://dreamlab.id/alat-pengencang-wajah/",0,12,0.00,8.0
"alat untuk mengencangkan wajah","https://dreamlab.id/alat-pengencang-wajah/",0,45,0.00,10.3
"best anti aging device for home use","https://dreamlab.id/alat-pengencang-wajah/",0,1,0.00,12.0
"krim pengencang wajah","https://dreamlab.id/alat-pengencang-wajah/",0,5,0.00,21.6
"pengencang","https://dreamlab.id/alat-pengencang-wajah/",0,1,0.00,5.0
"pengencang kulit wajah","https://dreamlab.id/alat-pengencang-wajah/",0,2,0.00,1.0
"pengencang muka","https://dreamlab.id/alat-pengencang-wajah/",0,2,0.00,8.5
"pengencang wajah","https://dreamlab.id/alat-pengencang-wajah/",0,7,0.00,11.4
"perekat wajah biar kencang","https://dreamlab.id/alat-pengencang-wajah/",0,1,0.00,10.0
"produk mengencangkan kult wajah","https://dreamlab.id/alat-pengencang-wajah/",0,2,0.00,37.0
"produk untuk mengencangkan kulit wajah","https://dreamlab.id/alat-pengencang-wajah/",0,2,0.00,34.0
"serum penghidrasi terbaik 2025 2026","https://dreamlab.id/alat-pengencang-wajah/",0,4,0.00,6.3
"untuk wajah?","https://dreamlab.id/alat-pengencang-wajah/",0,1,0.00,10.0
"yang paling efektif apa","https://dreamlab.id/alat-pengencang-wajah/",0,1,0.00,1.0
"yang terbaik apa?","https://dreamlab.id/alat-pengencang-wajah/",0,1,0.00,6.0
"jasa maklon deodorant","https://dreamlab.id/asa-maklon-antiperspirant-terpercaya/",0,3,0.00,13.0
"maklon bpom","https://dreamlab.id/asa-maklon-antiperspirant-terpercaya/",0,2,0.00,32.5
"maklon deodoran","https://dreamlab.id/asa-maklon-antiperspirant-terpercaya/",0,14,0.00,18.1
"pt karya impian laboratoris","https://dreamlab.id/asa-maklon-antiperspirant-terpercaya/",0,6,0.00,46.0
"antaxantin","https://dreamlab.id/astaxanthin-mengapa-bahan-aktif-ini-sedang-naik-daun-di-industri-kosmetik/",0,1,0.00,3.0
"apa itu astaxanthin dan manfaatnya","https://dreamlab.id/astaxanthin-mengapa-bahan-aktif-ini-sedang-naik-daun-di-industri-kosmetik/",0,1,0.00,3.0
"apa manfaat astaxanthin","https://dreamlab.id/astaxanthin-mengapa-bahan-aktif-ini-sedang-naik-daun-di-industri-kosmetik/",0,1,0.00,3.0
"apakah astaxanthin bisa memutihkan kulit","https://dreamlab.id/astaxanthin-mengapa-bahan-aktif-ini-sedang-naik-daun-di-industri-kosmetik/",0,3,0.00,20.7
"apakah astaxanthin bisa menghilangkan flek hitam","https://dreamlab.id/astaxanthin-mengapa-bahan-aktif-ini-sedang-naik-daun-di-industri-kosmetik/",0,22,0.00,8.9
"asta cardix obat apa","https://dreamlab.id/astaxanthin-mengapa-bahan-aktif-ini-sedang-naik-daun-di-industri-kosmetik/",0,1,0.00,3.0
"asta gold untuk apa","https://dreamlab.id/astaxanthin-mengapa-bahan-aktif-ini-sedang-naik-daun-di-industri-kosmetik/",0,1,0.00,3.0
"asta plus","https://dreamlab.id/astaxanthin-mengapa-bahan-aktif-ini-sedang-naik-daun-di-industri-kosmetik/",0,1,0.00,3.0
"astagold unihealth","https://dreamlab.id/astaxanthin-mengapa-bahan-aktif-ini-sedang-naik-daun-di-industri-kosmetik/",0,1,0.00,3.0
"astapure astaxanthin","https://dreamlab.id/astaxanthin-mengapa-bahan-aktif-ini-sedang-naik-daun-di-industri-kosmetik/",0,1,0.00,3.0
"astatin obat apa","https://dreamlab.id/astaxanthin-mengapa-bahan-aktif-ini-sedang-naik-daun-di-industri-kosmetik/",0,1,0.00,2.0
"astaxani nutraglow review","https://dreamlab.id/astaxanthin-mengapa-bahan-aktif-ini-sedang-naik-daun-di-industri-kosmetik/",0,1,0.00,3.0
"astaxani nutraglow untuk apa","https://dreamlab.id/astaxanthin-mengapa-bahan-aktif-ini-sedang-naik-daun-di-industri-kosmetik/",0,2,0.00,2.5
"astaxanthin","https://dreamlab.id/astaxanthin-mengapa-bahan-aktif-ini-sedang-naik-daun-di-industri-kosmetik/",0,4,0.00,3.0
"astaxanthin acne","https://dreamlab.id/astaxanthin-mengapa-bahan-aktif-ini-sedang-naik-daun-di-industri-kosmetik/",0,1,0.00,28.0
"astaxanthin adalah","https://dreamlab.id/astaxanthin-mengapa-bahan-aktif-ini-sedang-naik-daun-di-industri-kosmetik/",0,2,0.00,3.0
"astaxanthin complex","https://dreamlab.id/astaxanthin-mengapa-bahan-aktif-ini-sedang-naik-daun-di-industri-kosmetik/",0,1,0.00,1.0
"astaxanthin cream untuk apa","https://dreamlab.id/astaxanthin-mengapa-bahan-aktif-ini-sedang-naik-daun-di-industri-kosmetik/",0,1,0.00,3.0
"astaxanthin di hongkong","https://dreamlab.id/astaxanthin-mengapa-bahan-aktif-ini-sedang-naik-daun-di-industri-kosmetik/",0,1,0.00,2.0
"astaxanthin diminum kapan","https://dreamlab.id/astaxanthin-mengapa-bahan-aktif-ini-sedang-naik-daun-di-industri-kosmetik/",0,1,0.00,2.0
"astaxanthin fungsinya apa","https://dreamlab.id/astaxanthin-mengapa-bahan-aktif-ini-sedang-naik-daun-di-industri-kosmetik/",0,1,0.00,2.0
"astaxanthin gel","https://dreamlab.id/astaxanthin-mengapa-bahan-aktif-ini-sedang-naik-daun-di-industri-kosmetik/",0,2,0.00,3.0
"astaxanthin gel suzi glow","https://dreamlab.id/astaxanthin-mengapa-bahan-aktif-ini-sedang-naik-daun-di-industri-kosmetik/",0,1,0.00,3.0
"astaxanthin glutathione plus untuk apa","https://dreamlab.id/astaxanthin-mengapa-bahan-aktif-ini-sedang-naik-daun-di-industri-kosmetik/",0,1,0.00,3.0
"astaxanthin glutathione untuk apa","https://dreamlab.id/astaxanthin-mengapa-bahan-aktif-ini-sedang-naik-daun-di-industri-kosmetik/",0,1,0.00,2.0
"astaxanthin harga","https://dreamlab.id/astaxanthin-mengapa-bahan-aktif-ini-sedang-naik-daun-di-industri-kosmetik/",0,4,0.00,3.0
"astaxanthin melasma","https://dreamlab.id/astaxanthin-mengapa-bahan-aktif-ini-sedang-naik-daun-di-industri-kosmetik/",0,1,0.00,22.0
"astaxanthin mlaihealth","https://dreamlab.id/astaxanthin-mengapa-bahan-aktif-ini-sedang-naik-daun-di-industri-kosmetik/",0,1,0.00,3.0
"astaxanthin natural mpl","https://dreamlab.id/astaxanthin-mengapa-bahan-aktif-ini-sedang-naik-daun-di-industri-kosmetik/",0,1,0.00,3.0
"astaxanthin natural mpl 4 mg obat apa","https://dreamlab.id/astaxanthin-mengapa-bahan-aktif-ini-sedang-naik-daun-di-industri-kosmetik/",0,1,0.00,3.0
"astaxanthin nature's red shield manfaat","https://dreamlab.id/astaxanthin-mengapa-bahan-aktif-ini-sedang-naik-daun-di-industri-kosmetik/",0,1,0.00,3.0
"astaxanthin obat apa","https://dreamlab.id/astaxanthin-mengapa-bahan-aktif-ini-sedang-naik-daun-di-industri-kosmetik/",0,10,0.00,2.9
"astaxanthin skin","https://dreamlab.id/astaxanthin-mengapa-bahan-aktif-ini-sedang-naik-daun-di-industri-kosmetik/",0,6,0.00,33.2
"astaxanthin tidak boleh dicampur dengan","https://dreamlab.id/astaxanthin-mengapa-bahan-aktif-ini-sedang-naik-daun-di-industri-kosmetik/",0,2,0.00,3.0
"astaxanthin untuk apa","https://dreamlab.id/astaxanthin-mengapa-bahan-aktif-ini-sedang-naik-daun-di-industri-kosmetik/",0,2,0.00,3.0
"astaxanthin untuk flek","https://dreamlab.id/astaxanthin-mengapa-bahan-aktif-ini-sedang-naik-daun-di-industri-kosmetik/",0,8,0.00,11.5
"astaxanthin untuk flek hitam di wajah","https://dreamlab.id/astaxanthin-mengapa-bahan-aktif-ini-sedang-naik-daun-di-industri-kosmetik/",0,1,0.00,11.0
"astaxanthin untuk jerawat","https://dreamlab.id/astaxanthin-mengapa-bahan-aktif-ini-sedang-naik-daun-di-industri-kosmetik/",0,4,0.00,45.0
"astaxanthin untuk kulit","https://dreamlab.id/astaxanthin-mengapa-bahan-aktif-ini-sedang-naik-daun-di-industri-kosmetik/",0,6,0.00,49.2
"astaxanthin untuk kulit wajah","https://dreamlab.id/astaxanthin-mengapa-bahan-aktif-ini-sedang-naik-daun-di-industri-kosmetik/",0,2,0.00,50.5
"astaxanthin untuk wajah","https://dreamlab.id/astaxanthin-mengapa-bahan-aktif-ini-sedang-naik-daun-di-industri-kosmetik/",0,1,0.00,81.0
"astaxanthin yang bagus merk apa","https://dreamlab.id/astaxanthin-mengapa-bahan-aktif-ini-sedang-naik-daun-di-industri-kosmetik/",0,3,0.00,3.0
"astaxantin","https://dreamlab.id/astaxanthin-mengapa-bahan-aktif-ini-sedang-naik-daun-di-industri-kosmetik/",0,1,0.00,3.0
"asthafull astaxanthin obat apa","https://dreamlab.id/astaxanthin-mengapa-bahan-aktif-ini-sedang-naik-daun-di-industri-kosmetik/",0,1,0.00,3.0
"asthaxanthin","https://dreamlab.id/astaxanthin-mengapa-bahan-aktif-ini-sedang-naik-daun-di-industri-kosmetik/",0,1,0.00,3.0
"asthin b ond 6 obat apa","https://dreamlab.id/astaxanthin-mengapa-bahan-aktif-ini-sedang-naik-daun-di-industri-kosmetik/",0,1,0.00,3.0
"asthin force","https://dreamlab.id/astaxanthin-mengapa-bahan-aktif-ini-sedang-naik-daun-di-industri-kosmetik/",0,1,0.00,3.0
"asthin force 12 manfaat","https://dreamlab.id/astaxanthin-mengapa-bahan-aktif-ini-sedang-naik-daun-di-industri-kosmetik/",0,1,0.00,3.0
"asthin force 12 untuk usia berapa","https://dreamlab.id/astaxanthin-mengapa-bahan-aktif-ini-sedang-naik-daun-di-industri-kosmetik/",0,1,0.00,3.0
"asthin force 6","https://dreamlab.id/astaxanthin-mengapa-bahan-aktif-ini-sedang-naik-daun-di-industri-kosmetik/",0,1,0.00,3.0
"astria","https://dreamlab.id/astaxanthin-mengapa-bahan-aktif-ini-sedang-naik-daun-di-industri-kosmetik/",0,1,0.00,6.0
"astria astaxanthin","https://dreamlab.id/astaxanthin-mengapa-bahan-aktif-ini-sedang-naik-daun-di-industri-kosmetik/",0,2,0.00,4.0
"astria obat apa","https://dreamlab.id/astaxanthin-mengapa-bahan-aktif-ini-sedang-naik-daun-di-industri-kosmetik/",0,1,0.00,3.0
"axtansantin","https://dreamlab.id/astaxanthin-mengapa-bahan-aktif-ini-sedang-naik-daun-di-industri-kosmetik/",0,1,0.00,3.0
"colmistin astaxanthin manfaatnya","https://dreamlab.id/astaxanthin-mengapa-bahan-aktif-ini-sedang-naik-daun-di-industri-kosmetik/",0,1,0.00,3.0
"dr soromer","https://dreamlab.id/astaxanthin-mengapa-bahan-aktif-ini-sedang-naik-daun-di-industri-kosmetik/",0,1,0.00,4.0
"fungsi astaxanthin","https://dreamlab.id/astaxanthin-mengapa-bahan-aktif-ini-sedang-naik-daun-di-industri-kosmetik/",0,1,0.00,3.0
"fungsi astaxanthin untuk kulit","https://dreamlab.id/astaxanthin-mengapa-bahan-aktif-ini-sedang-naik-daun-di-industri-kosmetik/",0,3,0.00,74.3
"gluxanthin - c harga","https://dreamlab.id/astaxanthin-mengapa-bahan-aktif-ini-sedang-naik-daun-di-industri-kosmetik/",0,1,0.00,3.0
"guna astaxanthin","https://dreamlab.id/astaxanthin-mengapa-bahan-aktif-ini-sedang-naik-daun-di-industri-kosmetik/",0,1,0.00,3.0
"haematococcus pluvialis","https://dreamlab.id/astaxanthin-mengapa-bahan-aktif-ini-sedang-naik-daun-di-industri-kosmetik/",0,1,0.00,2.0
"harga astaxanthin di apotik","https://dreamlab.id/astaxanthin-mengapa-bahan-aktif-ini-sedang-naik-daun-di-industri-kosmetik/",0,1,0.00,4.0
"harga astaxanthin nutraglow","https://dreamlab.id/astaxanthin-mengapa-bahan-aktif-ini-sedang-naik-daun-di-industri-kosmetik/",0,1,0.00,3.0
"harga gluxantin c","https://dreamlab.id/astaxanthin-mengapa-bahan-aktif-ini-sedang-naik-daun-di-industri-kosmetik/",0,1,0.00,6.0
"interxanthin obat apa","https://dreamlab.id/astaxanthin-mengapa-bahan-aktif-ini-sedang-naik-daun-di-industri-kosmetik/",0,1,0.00,3.0
"manfaat asta plus 8","https://dreamlab.id/astaxanthin-mengapa-bahan-aktif-ini-sedang-naik-daun-di-industri-kosmetik/",0,1,0.00,3.0
"manfaat asta plus untuk wanita","https://dreamlab.id/astaxanthin-mengapa-bahan-aktif-ini-sedang-naik-daun-di-industri-kosmetik/",0,1,0.00,3.0
"manfaat astaxanthin","https://dreamlab.id/astaxanthin-mengapa-bahan-aktif-ini-sedang-naik-daun-di-industri-kosmetik/",0,1,0.00,3.0
"manfaat astaxanthin gel untuk wajah","https://dreamlab.id/astaxanthin-mengapa-bahan-aktif-ini-sedang-naik-daun-di-industri-kosmetik/",0,1,0.00,3.0
"manfaat astaxanthin untuk kesehatan","https://dreamlab.id/astaxanthin-mengapa-bahan-aktif-ini-sedang-naik-daun-di-industri-kosmetik/",0,1,0.00,3.0
"manfaat astaxanthin untuk kulit","https://dreamlab.id/astaxanthin-mengapa-bahan-aktif-ini-sedang-naik-daun-di-industri-kosmetik/",0,16,0.00,64.6
"manfaat astaxanthin untuk rambut","https://dreamlab.id/astaxanthin-mengapa-bahan-aktif-ini-sedang-naik-daun-di-industri-kosmetik/",0,1,0.00,59.0
"manfaat astaxanthin untuk wajah","https://dreamlab.id/astaxanthin-mengapa-bahan-aktif-ini-sedang-naik-daun-di-industri-kosmetik/",0,14,0.00,42.1
"manfaat asthin force 12 untuk kecantikan","https://dreamlab.id/astaxanthin-mengapa-bahan-aktif-ini-sedang-naik-daun-di-industri-kosmetik/",0,1,0.00,3.0
"manfaat asthin force 6 untuk kecantikan","https://dreamlab.id/astaxanthin-mengapa-bahan-aktif-ini-sedang-naik-daun-di-industri-kosmetik/",0,1,0.00,3.0
"manfaat axtansantin","https://dreamlab.id/astaxanthin-mengapa-bahan-aktif-ini-sedang-naik-daun-di-industri-kosmetik/",0,2,0.00,3.0
"manfaat obat astaxanthin","https://dreamlab.id/astaxanthin-mengapa-bahan-aktif-ini-sedang-naik-daun-di-industri-kosmetik/",0,1,0.00,3.0
"manfaat super glutathione astaxanthin","https://dreamlab.id/astaxanthin-mengapa-bahan-aktif-ini-sedang-naik-daun-di-industri-kosmetik/",0,2,0.00,3.0
"naturoksi obat apa","https://dreamlab.id/astaxanthin-mengapa-bahan-aktif-ini-sedang-naik-daun-di-industri-kosmetik/",0,1,0.00,2.0
"obat asthin force untuk apa","https://dreamlab.id/astaxanthin-mengapa-bahan-aktif-ini-sedang-naik-daun-di-industri-kosmetik/",0,1,0.00,3.0
"raibu natural astaxanthin","https://dreamlab.id/astaxanthin-mengapa-bahan-aktif-ini-sedang-naik-daun-di-industri-kosmetik/",0,1,0.00,3.0
"salep astaxanthin","https://dreamlab.id/astaxanthin-mengapa-bahan-aktif-ini-sedang-naik-daun-di-industri-kosmetik/",0,1,0.00,15.0
"super glutathione #astaxanthin apakah aman","https://dreamlab.id/astaxanthin-mengapa-bahan-aktif-ini-sedang-naik-daun-di-industri-kosmetik/",0,1,0.00,3.0
"super glutathione astaxanthin","https://dreamlab.id/astaxanthin-mengapa-bahan-aktif-ini-sedang-naik-daun-di-industri-kosmetik/",0,1,0.00,3.0
"super glutathione astaxanthin apakah sudah bpom","https://dreamlab.id/astaxanthin-mengapa-bahan-aktif-ini-sedang-naik-daun-di-industri-kosmetik/",0,2,0.00,3.0
"suplemen astria untuk apa","https://dreamlab.id/astaxanthin-mengapa-bahan-aktif-ini-sedang-naik-daun-di-industri-kosmetik/",0,1,0.00,3.0
"suzi glow astaxanthin","https://dreamlab.id/astaxanthin-mengapa-bahan-aktif-ini-sedang-naik-daun-di-industri-kosmetik/",0,2,0.00,3.0
"xidane natural astaxanthin 4 mg obat untuk apa","https://dreamlab.id/astaxanthin-mengapa-bahan-aktif-ini-sedang-naik-daun-di-industri-kosmetik/",0,1,0.00,3.0
"dreamlab","https://dreamlab.id/atur-kosmetik-halal-dreamlab/",0,46,0.00,12.5
"dreamlab surabaya","https://dreamlab.id/atur-kosmetik-halal-dreamlab/",0,21,0.00,8.8
"maklon bersertifikasi halal","https://dreamlab.id/atur-kosmetik-halal-dreamlab/",0,9,0.00,15.3
"maklon kosmetik halal","https://dreamlab.id/atur-kosmetik-halal-dreamlab/",0,6,0.00,17.0
"maklon kosmetik halal dan bpom","https://dreamlab.id/atur-kosmetik-halal-dreamlab/",0,3,0.00,16.3
"pabrik skincare halal","https://dreamlab.id/atur-kosmetik-halal-dreamlab/",0,5,0.00,30.2
"perusahaan lainnya","https://dreamlab.id/atur-kosmetik-halal-dreamlab/",0,1,0.00,6.0
"pt karya impian laboratoris","https://dreamlab.id/atur-kosmetik-halal-dreamlab/",0,3,0.00,54.0
"skincare white label","https://dreamlab.id/atur-kosmetik-halal-dreamlab/",0,6,0.00,8.5
"white label halal","https://dreamlab.id/atur-kosmetik-halal-dreamlab/",0,1,0.00,8.0
"white label skincare","https://dreamlab.id/atur-kosmetik-halal-dreamlab/",0,11,0.00,9.8
"dreamlab kosmetik","https://dreamlab.id/atur-kosmetik-halal-dreamlab/#Dasar_Hukum_Tenggat_Waktu",0,60,0.00,9.2
"dreamlab surabaya","https://dreamlab.id/atur-kosmetik-halal-dreamlab/#Dasar_Hukum_Tenggat_Waktu",0,11,0.00,9.6
"dreamlab kosmetik","https://dreamlab.id/atur-kosmetik-halal-dreamlab/#Kenapa_Harus_Sertifikasi_Halal_Dampak_Manfaat_bagi_Brand",0,60,0.00,9.2
"dreamlab surabaya","https://dreamlab.id/atur-kosmetik-halal-dreamlab/#Kenapa_Harus_Sertifikasi_Halal_Dampak_Manfaat_bagi_Brand",0,11,0.00,9.6
"dreamlab kosmetik","https://dreamlab.id/atur-kosmetik-halal-dreamlab/#Makeup_Produk_Dekoratif",0,60,0.00,9.2
"dreamlab surabaya","https://dreamlab.id/atur-kosmetik-halal-dreamlab/#Makeup_Produk_Dekoratif",0,11,0.00,9.6
"dreamlab kosmetik","https://dreamlab.id/atur-kosmetik-halal-dreamlab/#Produk_Perawatan_Rambut_Kulit_Kepala",0,60,0.00,9.2
"dreamlab surabaya","https://dreamlab.id/atur-kosmetik-halal-dreamlab/#Produk_Perawatan_Rambut_Kulit_Kepala",0,11,0.00,9.6
"dreamlab kosmetik","https://dreamlab.id/atur-kosmetik-halal-dreamlab/#Produk_Tambahan_Penunjang",0,96,0.00,8.6
"dreamlab surabaya","https://dreamlab.id/atur-kosmetik-halal-dreamlab/#Produk_Tambahan_Penunjang",0,21,0.00,8.8
"dreamlab kosmetik","https://dreamlab.id/atur-kosmetik-halal-dreamlab/#Produk_yang_bisa_diproduksi_di_dreamlab_dengan_sertifikat_Halal",0,96,0.00,8.6
"dreamlab surabaya","https://dreamlab.id/atur-kosmetik-halal-dreamlab/#Produk_yang_bisa_diproduksi_di_dreamlab_dengan_sertifikat_Halal",0,21,0.00,8.8
"arti demplon","https://dreamlab.id/author/admin/",0,1,0.00,67.0
"asia skinlab","https://dreamlab.id/author/admin/",0,1,0.00,74.0
"dreamlab","https://dreamlab.id/author/admin/",0,15,0.00,26.5
"dreamlab kosmetik","https://dreamlab.id/author/admin/",0,22,0.00,8.0
"jasa maklon dry shampoo","https://dreamlab.id/author/admin/",0,1,0.00,11.0
"maklon deodorant","https://dreamlab.id/author/admin/",0,3,0.00,23.0
"maklon dry shampoo","https://dreamlab.id/author/admin/",0,3,0.00,9.3
"maklon foot care","https://dreamlab.id/author/admin/",0,4,0.00,43.0
"maklon kosmetik","https://dreamlab.id/author/admin/",0,2,0.00,84.0
"maklon kosmetik malang","https://dreamlab.id/author/admin/",0,3,0.00,23.7
"maklon krim ruam popok","https://dreamlab.id/author/admin/",0,1,0.00,48.0
"maklon perawatan bibir","https://dreamlab.id/author/admin/",0,2,0.00,35.0
"maklon perawatan jerawat","https://dreamlab.id/author/admin/",0,1,0.00,45.0
"maklon sabun pemutih (pencerah)","https://dreamlab.id/author/admin/",0,1,0.00,37.0
"maklon sampo","https://dreamlab.id/author/admin/",0,2,0.00,43.0
"pbktl","https://dreamlab.id/author/admin/",0,1,0.00,28.0
"pt karya impian laboratoris","https://dreamlab.id/author/admin/",0,5,0.00,52.4
"pt mitra harapan mandiri","https://dreamlab.id/author/admin/",0,1,0.00,74.0
"dreamlab kosmetik","https://dreamlab.id/author/admin/page/5/",0,3,0.00,10.3
"pt karya impian laboratoris","https://dreamlab.id/author/admin/page/7/",0,1,0.00,57.0
"pt karya impian laboratoris","https://dreamlab.id/author/admin/page/8/",0,1,0.00,38.0
"pt karya impian laboratoris","https://dreamlab.id/author/admin/page/9/",0,1,0.00,31.0
"baby lab","https://dreamlab.id/baby-care/",0,1,0.00,55.0
"dreamlab","https://dreamlab.id/baby-care/",0,7,0.00,66.6
"jasa maklon body n kids care","https://dreamlab.id/baby-care/",0,6,0.00,8.0
"maklon baby bug repellent","https://dreamlab.id/baby-care/",0,15,0.00,22.2
"maklon bedak bayi","https://dreamlab.id/baby-care/",0,37,0.00,19.0
"maklon body n kids care","https://dreamlab.id/baby-care/",0,11,0.00,7.6
"maklon foot care","https://dreamlab.id/baby-care/",0,5,0.00,42.6
"maklon krim ruam popok","https://dreamlab.id/baby-care/",0,38,0.00,12.9
"maklon losion bayi","https://dreamlab.id/baby-care/",0,42,0.00,23.1
"maklon lotion bayi","https://dreamlab.id/baby-care/",0,44,0.00,20.1
"maklon minyak bayi","https://dreamlab.id/baby-care/",0,40,0.00,21.8
"maklon minyak telon","https://dreamlab.id/baby-care/",0,1,0.00,18.0
"maklon pelembap bayi","https://dreamlab.id/baby-care/",0,60,0.00,17.3
"maklon sabun baby","https://dreamlab.id/baby-care/",0,85,0.00,31.9
"maklon sabun mandi bayi","https://dreamlab.id/baby-care/",0,37,0.00,23.1
"maklon sampo bayi","https://dreamlab.id/baby-care/",0,54,0.00,17.9
"maklon skincare baby","https://dreamlab.id/baby-care/",0,162,0.00,11.8
"maklon suplemen pranatal dan menyusui","https://dreamlab.id/baby-care/",0,2,0.00,44.5
"mamakalon","https://dreamlab.id/baby-care/",0,1,0.00,11.0
"pt karya impian laboratoris","https://dreamlab.id/baby-care/",0,15,0.00,48.3
"apakah succinic acid termasuk bahan aktif","https://dreamlab.id/bahan-aktif-skincare-jerawat/",0,11,0.00,10.3
"bahan aktif skincare","https://dreamlab.id/bahan-aktif-skincare-jerawat/",0,1,0.00,37.0
"zinc untuk jerawat","https://dreamlab.id/bahan-aktif-skincare-jerawat/",0,1,0.00,6.0
"contoh bahan aktif skincare","https://dreamlab.id/bahan-aktif-skincare-paling-dicari/",0,1,0.00,47.0
"bahan aktif untuk jerawat","https://dreamlab.id/bahan-aktif-untuk-mengatasi-jerawat/",0,1,0.00,15.0
"maklon perawatan jerawat","https://dreamlab.id/bahan-aktif-untuk-mengatasi-jerawat/",0,12,0.00,18.9
"dreamlab","https://dreamlab.id/bangun-brand-skincare-lebih-strategis-dreamlab/",0,4,0.00,89.8
"3 basic skincare cowok","https://dreamlab.id/basic-skincare-pria-wajib/",0,24,0.00,9.2
"basic men skincare","https://dreamlab.id/basic-skincare-pria-wajib/",0,2,0.00,6.0
"basic skin care cowok","https://dreamlab.id/basic-skincare-pria-wajib/",0,1,0.00,15.0
"basic skin care pria","https://dreamlab.id/basic-skincare-pria-wajib/",0,2,0.00,36.0
"basic skincare cowok","https://dreamlab.id/basic-skincare-pria-wajib/",0,7,0.00,27.3
"basic skincare cowok pemula","https://dreamlab.id/basic-skincare-pria-wajib/",0,1,0.00,17.0
"basic skincare for men","https://dreamlab.id/basic-skincare-pria-wajib/",0,1,0.00,11.0
"basic skincare pria","https://dreamlab.id/basic-skincare-pria-wajib/",0,3,0.00,28.3
"basic skincare untuk pria","https://dreamlab.id/basic-skincare-pria-wajib/",0,1,0.00,50.0
"maklon skincare pria","https://dreamlab.id/basic-skincare-pria-wajib/",0,85,0.00,10.7
"skin care basic pria","https://dreamlab.id/basic-skincare-pria-wajib/",0,1,0.00,48.0
"skin care for men","https://dreamlab.id/basic-skincare-pria-wajib/",0,1,0.00,45.0
"skincare basic buat cowok","https://dreamlab.id/basic-skincare-pria-wajib/",0,1,0.00,14.0
"skincare basic cowo","https://dreamlab.id/basic-skincare-pria-wajib/",0,1,0.00,20.0
"skincare basic pria","https://dreamlab.id/basic-skincare-pria-wajib/",0,8,0.00,33.8
"skincare basic untuk pria","https://dreamlab.id/basic-skincare-pria-wajib/",0,3,0.00,19.0
"skincare wajib pria","https://dreamlab.id/basic-skincare-pria-wajib/",0,24,0.00,17.3
"maklon kosmetik skala kecil","https://dreamlab.id/berapa-moq-maklon-skincare-di-dreamlab-ini-fakta-penting-untuk-pebisnis-pemula/",0,1,0.00,42.0
"maklon moq rendah","https://dreamlab.id/berapa-moq-maklon-skincare-di-dreamlab-ini-fakta-penting-untuk-pebisnis-pemula/",0,1,0.00,31.0
"maklon skincare","https://dreamlab.id/berapa-moq-maklon-skincare-di-dreamlab-ini-fakta-penting-untuk-pebisnis-pemula/",0,2,0.00,45.0
"maklona","https://dreamlab.id/berapa-moq-maklon-skincare-di-dreamlab-ini-fakta-penting-untuk-pebisnis-pemula/",0,1,0.00,9.0
"moq","https://dreamlab.id/berapa-moq-maklon-skincare-di-dreamlab-ini-fakta-penting-untuk-pebisnis-pemula/",0,7,0.00,22.9
"moq 1000","https://dreamlab.id/berapa-moq-maklon-skincare-di-dreamlab-ini-fakta-penting-untuk-pebisnis-pemula/",0,4,0.00,10.0
"moq 2000","https://dreamlab.id/berapa-moq-maklon-skincare-di-dreamlab-ini-fakta-penting-untuk-pebisnis-pemula/",0,1,0.00,12.0
"moq 500","https://dreamlab.id/berapa-moq-maklon-skincare-di-dreamlab-ini-fakta-penting-untuk-pebisnis-pemula/",0,1,0.00,1.0
"moq skincare","https://dreamlab.id/berapa-moq-maklon-skincare-di-dreamlab-ini-fakta-penting-untuk-pebisnis-pemula/",0,5,0.00,9.8
"ya bantu saya","https://dreamlab.id/berapa-moq-maklon-skincare-di-dreamlab-ini-fakta-penting-untuk-pebisnis-pemula/",0,1,0.00,5.0
"biaya maklon parfum","https://dreamlab.id/biaya-maklon-parfum-moq-kecil/",0,15,0.00,11.3
"iya","https://dreamlab.id/biaya-maklon-parfum-moq-kecil/",0,2,0.00,4.5
"iya mau","https://dreamlab.id/biaya-maklon-parfum-moq-kecil/",0,1,0.00,5.0
"kalau parfum","https://dreamlab.id/biaya-maklon-parfum-moq-kecil/",0,1,0.00,3.0
"kenapa bisa mahal?","https://dreamlab.id/biaya-maklon-parfum-moq-kecil/",0,1,0.00,5.0
"maklon parfum","https://dreamlab.id/biaya-maklon-parfum-moq-kecil/",0,1,0.00,5.0
"mau","https://dreamlab.id/biaya-maklon-parfum-moq-kecil/",0,1,0.00,3.0
"parfum merek sendiri","https://dreamlab.id/biaya-maklon-parfum-moq-kecil/",0,1,0.00,93.0
"biaya maklon parfum","https://dreamlab.id/biaya-maklon-parfum-moq-kecil/#Apa_Saja_Syarat_dan_Fasilitas_Free_BPOM_untuk_Produk_Parfum",0,12,0.00,11.4
"biaya maklon parfum","https://dreamlab.id/biaya-maklon-parfum-moq-kecil/#Berapa_Estimasi_Biaya_Maklon_Parfum_di_Dreamlab",0,12,0.00,11.4
"manajemen bisnis kosmetik","https://dreamlab.id/bisnis-kosmetik-dari-nol/",0,1,0.00,25.0
"bisnis parfum brand sendiri","https://dreamlab.id/bisnis-parfum-merk-sendiri/",0,1,0.00,19.0
"bisnis parfum merk sendiri","https://dreamlab.id/bisnis-parfum-merk-sendiri/",0,2,0.00,6.0
"buat brand parfum sendiri","https://dreamlab.id/bisnis-parfum-merk-sendiri/",0,1,0.00,2.0
"cara bisnis parfum brand sendiri","https://dreamlab.id/bisnis-parfum-merk-sendiri/",0,4,0.00,39.5
"cara bisnis parfum pemula","https://dreamlab.id/bisnis-parfum-merk-sendiri/",0,1,0.00,11.0
"detail","https://dreamlab.id/bisnis-parfum-merk-sendiri/",0,1,0.00,1.0
"modal bisnis parfum brand sendiri","https://dreamlab.id/bisnis-parfum-merk-sendiri/",0,9,0.00,11.9
"modal usaha parfum brand sendiri","https://dreamlab.id/bisnis-parfum-merk-sendiri/",0,1,0.00,12.0
"parfum merek sendiri","https://dreamlab.id/bisnis-parfum-merk-sendiri/",0,7,0.00,55.7
"bisnis men","https://dreamlab.id/bisnis-perawatan-pria/",0,1,0.00,72.0
"maklon krim cukur","https://dreamlab.id/bisnis-perawatan-pria/",0,7,0.00,29.7
"maklon perawatan pria","https://dreamlab.id/bisnis-perawatan-pria/",0,9,0.00,14.9
"maklon skincare pria","https://dreamlab.id/bisnis-perawatan-pria/",0,18,0.00,21.6
"cystamine","https://dreamlab.id/bisnis-skincare-glow-glasskin-cystamine/",0,1,0.00,9.0
"dreamlab","https://dreamlab.id/body-care/",0,9,0.00,77.3
"jasa maklon body n kids care","https://dreamlab.id/body-care/",0,2,0.00,56.5
"maklon body butter","https://dreamlab.id/body-care/",0,56,0.00,20.3
"maklon body care","https://dreamlab.id/body-care/",0,51,0.00,41.2
"maklon body cream","https://dreamlab.id/body-care/",0,1,0.00,38.0
"maklon body lotion","https://dreamlab.id/body-care/",0,30,0.00,35.9
"maklon body n kids care","https://dreamlab.id/body-care/",0,2,0.00,40.0
"maklon body scrub","https://dreamlab.id/body-care/",0,77,0.00,21.4
"maklon body wash","https://dreamlab.id/body-care/",0,14,0.00,44.8
"maklon bodycare","https://dreamlab.id/body-care/",0,48,0.00,41.9
"maklon foot care","https://dreamlab.id/body-care/",0,12,0.00,39.5
"maklon foot cream","https://dreamlab.id/body-care/",0,1,0.00,68.0
"maklon hand body cream","https://dreamlab.id/body-care/",0,2,0.00,42.5
"maklon handbody","https://dreamlab.id/body-care/",0,4,0.00,55.3
"maklon krim ruam popok","https://dreamlab.id/body-care/",0,1,0.00,20.0
"maklon lotion","https://dreamlab.id/body-care/",0,1,0.00,24.0
"maklon moisturizer","https://dreamlab.id/body-care/",0,1,0.00,46.0
"maklon sabun antibakteri","https://dreamlab.id/body-care/",0,1,0.00,30.0
"mavis dreamlab","https://dreamlab.id/body-care/",0,1,0.00,100.0
"bagaimana cara memutihkan ketiak","https://dreamlab.id/cara-ampuh-memutihkan-ketiak/",0,8,0.00,53.4
"brightening","https://dreamlab.id/cara-ampuh-memutihkan-ketiak/",0,1,0.00,3.0
"cara agar ketiak putih","https://dreamlab.id/cara-ampuh-memutihkan-ketiak/",0,6,0.00,40.5
"cara cepat memutihkan ketiak","https://dreamlab.id/cara-ampuh-memutihkan-ketiak/",0,2,0.00,27.0
"cara membersihkan ketiak","https://dreamlab.id/cara-ampuh-memutihkan-ketiak/",0,1,0.00,63.0
"cara memuluskan ketiak","https://dreamlab.id/cara-ampuh-memutihkan-ketiak/",0,8,0.00,37.8
"cara memutihkan ketek","https://dreamlab.id/cara-ampuh-memutihkan-ketiak/",0,1,0.00,49.0
"cara memutihkan ketiak","https://dreamlab.id/cara-ampuh-memutihkan-ketiak/",0,69,0.00,47.6
"cara memutihkan ketiak dengan cepat","https://dreamlab.id/cara-ampuh-memutihkan-ketiak/",0,6,0.00,33.8
"cara memutihkan ketiak hitam","https://dreamlab.id/cara-ampuh-memutihkan-ketiak/",0,2,0.00,49.5
"cara memutihkan ketiak secara alami dalam 1 minggu","https://dreamlab.id/cara-ampuh-memutihkan-ketiak/",0,18,0.00,25.7
"cara memutihkan ketiak yang hitam","https://dreamlab.id/cara-ampuh-memutihkan-ketiak/",0,1,0.00,28.0
"cara memutihkan kulit ketiak","https://dreamlab.id/cara-ampuh-memutihkan-ketiak/",0,5,0.00,36.0
"cara mencerahkan ketiak","https://dreamlab.id/cara-ampuh-memutihkan-ketiak/",0,11,0.00,40.2
"cara mencerahkan kulit ketiak yang hitam","https://dreamlab.id/cara-ampuh-memutihkan-ketiak/",0,1,0.00,65.0
"cara mutihin ketiak","https://dreamlab.id/cara-ampuh-memutihkan-ketiak/",0,8,0.00,41.5
"cara paling efektif memutihkan ketiak untuk wanita","https://dreamlab.id/cara-ampuh-memutihkan-ketiak/",0,2,0.00,16.5
"cara paling efektif memutihkan ketiak wanita aman","https://dreamlab.id/cara-ampuh-memutihkan-ketiak/",0,2,0.00,18.5
"cara putihin ketiak","https://dreamlab.id/cara-ampuh-memutihkan-ketiak/",0,1,0.00,18.0
"cara putihkan ketiak","https://dreamlab.id/cara-ampuh-memutihkan-ketiak/",0,35,0.00,57.9
"evaluate the personal care company lume on memutihkan ketiak","https://dreamlab.id/cara-ampuh-memutihkan-ketiak/",0,1,0.00,1.0
"ketiak putih","https://dreamlab.id/cara-ampuh-memutihkan-ketiak/",0,1,0.00,66.0
"memutihkan ketiak","https://dreamlab.id/cara-ampuh-memutihkan-ketiak/",0,11,0.00,44.9
"memutihkan ketiak dengan cepat","https://dreamlab.id/cara-ampuh-memutihkan-ketiak/",0,1,0.00,43.0
"memutihkan ketiak hitam","https://dreamlab.id/cara-ampuh-memutihkan-ketiak/",0,11,0.00,43.6
"memutihkan ketiak secara alami","https://dreamlab.id/cara-ampuh-memutihkan-ketiak/",0,1,0.00,10.0
"mencerahkan ketiak","https://dreamlab.id/cara-ampuh-memutihkan-ketiak/",0,18,0.00,41.1
"mencerahkan kulit ketiak","https://dreamlab.id/cara-ampuh-memutihkan-ketiak/",0,1,0.00,17.0
"mitcham personal care company ketiak gelap","https://dreamlab.id/cara-ampuh-memutihkan-ketiak/",0,1,0.00,15.0
"obao personal care memutihkan ketiak","https://dreamlab.id/cara-ampuh-memutihkan-ketiak/",0,4,0.00,14.5
"obao personal care mencerahkan ketiak","https://dreamlab.id/cara-ampuh-memutihkan-ketiak/",0,11,0.00,11.1
"pemutih ketiak","https://dreamlab.id/cara-ampuh-memutihkan-ketiak/",0,1,0.00,69.0
"perawatan ketiak agar putih","https://dreamlab.id/cara-ampuh-memutihkan-ketiak/",0,1,0.00,17.0
"personal care company sure ketiak gelap","https://dreamlab.id/cara-ampuh-memutihkan-ketiak/",0,1,0.00,6.0
"personal care company sure mencerahkan ketiak","https://dreamlab.id/cara-ampuh-memutihkan-ketiak/",0,2,0.00,8.0
"putihkan ketiak","https://dreamlab.id/cara-ampuh-memutihkan-ketiak/",0,7,0.00,61.0
"serum pemutih ketiak","https://dreamlab.id/cara-ampuh-memutihkan-ketiak/",0,1,0.00,4.0
"sure personal care memutihkan ketiak","https://dreamlab.id/cara-ampuh-memutihkan-ketiak/",0,2,0.00,18.0
"tips memutihkan ketiak","https://dreamlab.id/cara-ampuh-memutihkan-ketiak/",0,8,0.00,37.0
"tips mencerahkan ketiak","https://dreamlab.id/cara-ampuh-memutihkan-ketiak/",0,1,0.00,36.0
"untuk memutihkan ketiak","https://dreamlab.id/cara-ampuh-memutihkan-ketiak/",0,3,0.00,29.3
"untuk mencerahkan ketiak","https://dreamlab.id/cara-ampuh-memutihkan-ketiak/",0,2,0.00,43.0
"dreamlab kosmetik","https://dreamlab.id/cara-branding-bisnis-kosmetik/",0,3,0.00,9.3
"ekspansi bisnis kosmetik","https://dreamlab.id/cara-branding-bisnis-kosmetik/",0,1,0.00,48.0
"pt karya impian laboratoris","https://dreamlab.id/cara-branding-bisnis-kosmetik/",0,7,0.00,52.7
"jasa maklon dry shampoo","https://dreamlab.id/cara-buat-brand-dry-shampoo/",0,5,0.00,3.8
"maklon dry shampoo","https://dreamlab.id/cara-buat-brand-dry-shampoo/",0,13,0.00,3.3
"maklon sampo","https://dreamlab.id/cara-buat-brand-dry-shampoo/",0,1,0.00,11.0
"cara bikin brand parfum sendiri","https://dreamlab.id/cara-buat-parfum-sendiri-dengan-maklon/",0,2,0.00,11.0
"cara buat brand parfum sendiri","https://dreamlab.id/cara-buat-parfum-sendiri-dengan-maklon/",0,1,0.00,11.0
"cara jualan parfum brand sendiri","https://dreamlab.id/cara-buat-parfum-sendiri-dengan-maklon/",0,1,0.00,9.0
"cara maklon parfum","https://dreamlab.id/cara-buat-parfum-sendiri-dengan-maklon/",0,7,0.00,9.6
"cara memulai bisnis parfum brand sendiri","https://dreamlab.id/cara-buat-parfum-sendiri-dengan-maklon/",0,1,0.00,3.0
"cara usaha parfum brand sendiri","https://dreamlab.id/cara-buat-parfum-sendiri-dengan-maklon/",0,1,0.00,8.0
"maklon parfum","https://dreamlab.id/cara-buat-parfum-sendiri-dengan-maklon/",0,17,0.00,47.2
"maklon parfum adalah","https://dreamlab.id/cara-buat-parfum-sendiri-dengan-maklon/",0,4,0.00,10.3
"membuat brand parfum sendiri","https://dreamlab.id/cara-buat-parfum-sendiri-dengan-maklon/",0,1,0.00,10.0
"parfum","https://dreamlab.id/cara-buat-parfum-sendiri-dengan-maklon/",0,1,0.00,1.0
"produksi parfum","https://dreamlab.id/cara-buat-parfum-sendiri-dengan-maklon/",0,1,0.00,33.0
"produksi parfum brand sendiri","https://dreamlab.id/cara-buat-parfum-sendiri-dengan-maklon/",0,1,0.00,10.0
"maklon parfum bandung","https://dreamlab.id/cara-buat-parfum-sendiri-dengan-maklon/#Anatomi_Parfum_Yang_Wajib_Kamu_Pahami",0,2,0.00,10.0
"maklon parfum bandung","https://dreamlab.id/cara-buat-parfum-sendiri-dengan-maklon/#Konsentrasi_Parfum_Menentukan_Kekuatan_dan_Value_Produkmu",0,2,0.00,10.0
"bisnis kosmetik modal berapa","https://dreamlab.id/cara-hitunghpp-produk-kosmeti/",0,1,0.00,3.0
"buka toko kosmetik modal berapa","https://dreamlab.id/cara-hitunghpp-produk-kosmeti/",0,1,0.00,3.0
"hpp","https://dreamlab.id/cara-hitunghpp-produk-kosmeti/",0,1,0.00,2.0
"hpp parfum","https://dreamlab.id/cara-hitunghpp-produk-kosmeti/",0,2,0.00,11.5
"ya","https://dreamlab.id/cara-hitunghpp-produk-kosmeti/",0,1,0.00,4.0
"best programmable deodorant","https://dreamlab.id/cara-membuat-deodorant-balm-custom/",0,1,0.00,1.0
"apa arti hb dosting","https://dreamlab.id/cara-membuat-hb-dosting-sendiri/",0,8,0.00,11.5
"apa itu dosting","https://dreamlab.id/cara-membuat-hb-dosting-sendiri/",0,1,0.00,3.0
"apa itu hb bodycare","https://dreamlab.id/cara-membuat-hb-dosting-sendiri/",0,19,0.00,8.9
"apa itu hb dosting","https://dreamlab.id/cara-membuat-hb-dosting-sendiri/",0,7,0.00,8.3
"apa itu hb skincare","https://dreamlab.id/cara-membuat-hb-dosting-sendiri/",0,2,0.00,8.0
"bahan bahan hb dosting","https://dreamlab.id/cara-membuat-hb-dosting-sendiri/",0,9,0.00,5.6
"bahan hb dosting","https://dreamlab.id/cara-membuat-hb-dosting-sendiri/",0,18,0.00,8.3
"brand hb","https://dreamlab.id/cara-membuat-hb-dosting-sendiri/",0,12,0.00,6.5
"cara bikin hb dosting sendiri","https://dreamlab.id/cara-membuat-hb-dosting-sendiri/",0,34,0.00,6.2
"cara buat hb dosting sendiri","https://dreamlab.id/cara-membuat-hb-dosting-sendiri/",0,108,0.00,6.2
"cara membuat hb","https://dreamlab.id/cara-membuat-hb-dosting-sendiri/",0,1,0.00,10.0
"cara membuat hb dosting sendiri","https://dreamlab.id/cara-membuat-hb-dosting-sendiri/",0,77,0.00,5.9
"cara mengurus bpom","https://dreamlab.id/cara-membuat-hb-dosting-sendiri/",0,1,0.00,5.0
"cara meracik hb dosting","https://dreamlab.id/cara-membuat-hb-dosting-sendiri/",0,64,0.00,7.8
"cara penggunaan hb dosting","https://dreamlab.id/cara-membuat-hb-dosting-sendiri/",0,2,0.00,7.0
"contoh hb dosting adalah","https://dreamlab.id/cara-membuat-hb-dosting-sendiri/",0,12,0.00,10.0
"dosting adalah","https://dreamlab.id/cara-membuat-hb-dosting-sendiri/",0,3,0.00,17.0
"dosting hb adalah","https://dreamlab.id/cara-membuat-hb-dosting-sendiri/",0,1,0.00,10.0
"handbody dosting","https://dreamlab.id/cara-membuat-hb-dosting-sendiri/",0,1,0.00,1.0
"handbody dosting adalah","https://dreamlab.id/cara-membuat-hb-dosting-sendiri/",0,1,0.00,2.0
"hb bodycare adalah","https://dreamlab.id/cara-membuat-hb-dosting-sendiri/",0,12,0.00,9.8
"hb dalam skincare adalah","https://dreamlab.id/cara-membuat-hb-dosting-sendiri/",0,12,0.00,8.8
"hb dosting","https://dreamlab.id/cara-membuat-hb-dosting-sendiri/",0,1,0.00,6.0
"hb dosting adalah","https://dreamlab.id/cara-membuat-hb-dosting-sendiri/",0,19,0.00,7.3
"hb dosting bpom","https://dreamlab.id/cara-membuat-hb-dosting-sendiri/",0,3,0.00,9.7
"hb dosting itu apa","https://dreamlab.id/cara-membuat-hb-dosting-sendiri/",0,3,0.00,11.3
"hb dosting yang bagus","https://dreamlab.id/cara-membuat-hb-dosting-sendiri/",0,1,0.00,3.0
"hb itu apa dalam skincare","https://dreamlab.id/cara-membuat-hb-dosting-sendiri/",0,6,0.00,11.0
"hb kosmetik adalah","https://dreamlab.id/cara-membuat-hb-dosting-sendiri/",0,1,0.00,12.0
"hb skincare adalah","https://dreamlab.id/cara-membuat-hb-dosting-sendiri/",0,17,0.00,8.3
"logo hb dosting","https://dreamlab.id/cara-membuat-hb-dosting-sendiri/",0,35,0.00,6.5
"meracik hb dosting","https://dreamlab.id/cara-membuat-hb-dosting-sendiri/",0,28,0.00,9.1
"resep hb dosting","https://dreamlab.id/cara-membuat-hb-dosting-sendiri/",0,1,0.00,9.0
"cara bikin hb dosting sendiri","https://dreamlab.id/cara-membuat-hb-dosting-sendiri/#Kenapa_Bisnis_HB_Dosting_Sangat_Laris_di_Market",0,10,0.00,6.4
"cara buat hb dosting","https://dreamlab.id/cara-membuat-hb-dosting-sendiri/#Kenapa_Bisnis_HB_Dosting_Sangat_Laris_di_Market",0,6,0.00,5.8
"cara buat hb dosting sendiri","https://dreamlab.id/cara-membuat-hb-dosting-sendiri/#Kenapa_Bisnis_HB_Dosting_Sangat_Laris_di_Market",0,11,0.00,7.9
"cara membuat hb dosting","https://dreamlab.id/cara-membuat-hb-dosting-sendiri/#Kenapa_Bisnis_HB_Dosting_Sangat_Laris_di_Market",0,17,0.00,8.5
"cara membuat hb dosting sendiri","https://dreamlab.id/cara-membuat-hb-dosting-sendiri/#Kenapa_Bisnis_HB_Dosting_Sangat_Laris_di_Market",0,5,0.00,7.0
"cara meracik hb dosting","https://dreamlab.id/cara-membuat-hb-dosting-sendiri/#Kenapa_Bisnis_HB_Dosting_Sangat_Laris_di_Market",0,14,0.00,8.8
"cara meracik hb dosting sendiri","https://dreamlab.id/cara-membuat-hb-dosting-sendiri/#Kenapa_Bisnis_HB_Dosting_Sangat_Laris_di_Market",0,4,0.00,10.8
"meracik hb dosting","https://dreamlab.id/cara-membuat-hb-dosting-sendiri/#Kenapa_Bisnis_HB_Dosting_Sangat_Laris_di_Market",0,19,0.00,9.8
"cara bikin hb dosting sendiri","https://dreamlab.id/cara-membuat-hb-dosting-sendiri/#Langkah_Mudah_Membuat_Brand_HB_Dosting_Sendiri",0,10,0.00,6.4
"cara buat hb dosting","https://dreamlab.id/cara-membuat-hb-dosting-sendiri/#Langkah_Mudah_Membuat_Brand_HB_Dosting_Sendiri",0,6,0.00,5.8
"cara buat hb dosting sendiri","https://dreamlab.id/cara-membuat-hb-dosting-sendiri/#Langkah_Mudah_Membuat_Brand_HB_Dosting_Sendiri",0,11,0.00,7.9
"cara membuat hb dosting","https://dreamlab.id/cara-membuat-hb-dosting-sendiri/#Langkah_Mudah_Membuat_Brand_HB_Dosting_Sendiri",0,17,0.00,8.5
"cara membuat hb dosting sendiri","https://dreamlab.id/cara-membuat-hb-dosting-sendiri/#Langkah_Mudah_Membuat_Brand_HB_Dosting_Sendiri",0,5,0.00,7.0
"cara meracik hb dosting","https://dreamlab.id/cara-membuat-hb-dosting-sendiri/#Langkah_Mudah_Membuat_Brand_HB_Dosting_Sendiri",0,14,0.00,8.8
"cara meracik hb dosting sendiri","https://dreamlab.id/cara-membuat-hb-dosting-sendiri/#Langkah_Mudah_Membuat_Brand_HB_Dosting_Sendiri",0,4,0.00,10.8
"meracik hb dosting","https://dreamlab.id/cara-membuat-hb-dosting-sendiri/#Langkah_Mudah_Membuat_Brand_HB_Dosting_Sendiri",0,19,0.00,9.8
"ampas kopi untuk lulur","https://dreamlab.id/cara-membuat-lulur-ampas-kopi/",0,1,0.00,9.0
"cara bikin lulur kopi","https://dreamlab.id/cara-membuat-lulur-ampas-kopi/",0,1,0.00,47.0
"cara buat lulur dari kopi","https://dreamlab.id/cara-membuat-lulur-ampas-kopi/",0,1,0.00,12.0
"cara membuat lulur dari kopi","https://dreamlab.id/cara-membuat-lulur-ampas-kopi/",0,2,0.00,44.0
"cara membuat lulur kopi","https://dreamlab.id/cara-membuat-lulur-ampas-kopi/",0,4,0.00,33.3
"cara membuat lulur kopi untuk memutihkan badan","https://dreamlab.id/cara-membuat-lulur-ampas-kopi/",0,1,0.00,56.0
"cara membuat lulur kopi untuk memutihkan kulit","https://dreamlab.id/cara-membuat-lulur-ampas-kopi/",0,1,0.00,63.0
"lulur ampas kopi","https://dreamlab.id/cara-membuat-lulur-ampas-kopi/",0,2,0.00,8.5
"lulur kopi","https://dreamlab.id/cara-membuat-lulur-ampas-kopi/",0,2,0.00,36.5
"luluran pakai kopi","https://dreamlab.id/cara-membuat-lulur-ampas-kopi/",0,1,0.00,45.0
"bahan bahan membuat masker bubuk organik","https://dreamlab.id/cara-membuat-masker-wajah-organik/",0,5,0.00,18.8
"cara membuat masker organik","https://dreamlab.id/cara-membuat-masker-wajah-organik/",0,1,0.00,38.0
"cara membuat masker organik bubuk","https://dreamlab.id/cara-membuat-masker-wajah-organik/",0,1,0.00,17.0
"cara membuat masker organik bubuk untuk dijual","https://dreamlab.id/cara-membuat-masker-wajah-organik/",0,1,0.00,30.0
"maklon masker organik","https://dreamlab.id/cara-membuat-masker-wajah-organik/",0,120,0.00,7.7
"cuka apel toner","https://dreamlab.id/cara-membuat-toner-dari-cuka-apel/",0,2,0.00,39.0
"toner apel","https://dreamlab.id/cara-membuat-toner-dari-cuka-apel/",0,2,0.00,24.5
"apa itu toko kosmetik","https://dreamlab.id/cara-membuka-offline-store-kosmetik-2026/",0,18,0.00,12.1
"bisnis kosmetik online","https://dreamlab.id/cara-membuka-offline-store-kosmetik-2026/",0,10,0.00,44.5
"bisnis toko kosmetik","https://dreamlab.id/cara-membuka-offline-store-kosmetik-2026/",0,1,0.00,37.0
"buka toko kosmetik","https://dreamlab.id/cara-membuka-offline-store-kosmetik-2026/",0,12,0.00,18.4
"cara buka toko kosmetik","https://dreamlab.id/cara-membuka-offline-store-kosmetik-2026/",0,1,0.00,19.0
"cara buka toko kosmetik lengkap","https://dreamlab.id/cara-membuka-offline-store-kosmetik-2026/",0,1,0.00,10.0
"cara membuka toko kosmetik","https://dreamlab.id/cara-membuka-offline-store-kosmetik-2026/",0,2,0.00,11.5
"franchise toko kosmetik","https://dreamlab.id/cara-membuka-offline-store-kosmetik-2026/",0,1,0.00,17.0
"modal usaha kosmetik kecil kecilan","https://dreamlab.id/cara-membuka-offline-store-kosmetik-2026/",0,1,0.00,76.0
"nomor 3","https://dreamlab.id/cara-membuka-offline-store-kosmetik-2026/",0,1,0.00,1.0
"perkiraan modal","https://dreamlab.id/cara-membuka-offline-store-kosmetik-2026/",0,1,0.00,5.0
"retail kosmetik","https://dreamlab.id/cara-membuka-offline-store-kosmetik-2026/",0,1,0.00,19.0
"toko kosmetik","https://dreamlab.id/cara-membuka-offline-store-kosmetik-2026/",0,2,0.00,4.5
"toko kosmetik adalah","https://dreamlab.id/cara-membuka-offline-store-kosmetik-2026/",0,12,0.00,10.0
"toko kosmetik kecil kecilan","https://dreamlab.id/cara-membuka-offline-store-kosmetik-2026/",0,1,0.00,19.0
"toko kosmetik rumahan","https://dreamlab.id/cara-membuka-offline-store-kosmetik-2026/",0,1,0.00,55.0
"y","https://dreamlab.id/cara-membuka-offline-store-kosmetik-2026/",0,1,0.00,8.0
"ya","https://dreamlab.id/cara-membuka-offline-store-kosmetik-2026/",0,1,0.00,6.0
"bagaimana cara menghitung harga jual","https://dreamlab.id/cara-menentukan-harga-jual-produk-kosmetik/",0,1,0.00,3.0
"bisnis kosmetik modal berapa","https://dreamlab.id/cara-menentukan-harga-jual-produk-kosmetik/",0,1,0.00,3.0
"cara hitung penjualan","https://dreamlab.id/cara-menentukan-harga-jual-produk-kosmetik/",0,1,0.00,3.0
"harga huruf timbul galvanis per cm","https://dreamlab.id/cara-menentukan-harga-jual-produk-kosmetik/",0,1,0.00,4.0
"menghitung harga jual produk","https://dreamlab.id/cara-menentukan-harga-jual-produk-kosmetik/",0,1,0.00,3.0
"produk kecantikan","https://dreamlab.id/cara-menentukan-harga-jual-produk-kosmetik/",0,1,0.00,3.0
"strategi harga industri skincare","https://dreamlab.id/cara-menentukan-harga-jual-produk-kosmetik/",0,6,0.00,10.0
"strategi harga industri skincare global","https://dreamlab.id/cara-menentukan-harga-jual-produk-kosmetik/",0,1,0.00,10.0
"cara menghilangkan ketombe gatal","https://dreamlab.id/cara-menghilangkan-ketombe/",0,1,0.00,51.0
"apa penyebab kulit susah putih","https://dreamlab.id/cara-meracik-handbody-pemutih-alami/",0,1,0.00,2.0
"bahan bahan hb dosting","https://dreamlab.id/cara-meracik-handbody-pemutih-alami/",0,1,0.00,8.0
"bahan bahan racikan hb dosting","https://dreamlab.id/cara-meracik-handbody-pemutih-alami/",0,8,0.00,4.9
"bahan handbody racikan","https://dreamlab.id/cara-meracik-handbody-pemutih-alami/",0,3,0.00,10.0
"bahan handbody racikan cepat putih","https://dreamlab.id/cara-meracik-handbody-pemutih-alami/",0,10,0.00,9.8
"bahan hb racikan","https://dreamlab.id/cara-meracik-handbody-pemutih-alami/",0,2,0.00,9.0
"bahan lulur alami untuk memutihkan kulit","https://dreamlab.id/cara-meracik-handbody-pemutih-alami/",0,1,0.00,2.0
"bahan meracik handbody pemutih","https://dreamlab.id/cara-meracik-handbody-pemutih-alami/",0,9,0.00,8.7
"bahan racikan","https://dreamlab.id/cara-meracik-handbody-pemutih-alami/",0,2,0.00,5.0
"bahan racikan handbody","https://dreamlab.id/cara-meracik-handbody-pemutih-alami/",0,4,0.00,10.5
"bahan racikan handbody pemutih yang aman","https://dreamlab.id/cara-meracik-handbody-pemutih-alami/",0,23,0.00,11.1
"bahan racikan hb yang aman","https://dreamlab.id/cara-meracik-handbody-pemutih-alami/",0,6,0.00,10.0
"bahan racikan pemutih badan","https://dreamlab.id/cara-meracik-handbody-pemutih-alami/",0,16,0.00,9.5
"bibit pemutih hijau","https://dreamlab.id/cara-meracik-handbody-pemutih-alami/",0,1,0.00,3.0
"bl campuran handbody","https://dreamlab.id/cara-meracik-handbody-pemutih-alami/",0,1,0.00,3.0
"campuran body lotion untuk memutihkan kulit","https://dreamlab.id/cara-meracik-handbody-pemutih-alami/",0,2,0.00,32.0
"campuran handbody racikan yang aman","https://dreamlab.id/cara-meracik-handbody-pemutih-alami/",0,1,0.00,3.0
"campuran handbody untuk memutihkan kulit","https://dreamlab.id/cara-meracik-handbody-pemutih-alami/",0,1,0.00,3.0
"cara bikin body lotion sendiri","https://dreamlab.id/cara-meracik-handbody-pemutih-alami/",0,1,0.00,3.0
"cara bikin handbody racikan pemutih","https://dreamlab.id/cara-meracik-handbody-pemutih-alami/",0,7,0.00,9.3
"cara bikin handbody racikan sendiri","https://dreamlab.id/cara-meracik-handbody-pemutih-alami/",0,1,0.00,9.0
"cara bikin hb","https://dreamlab.id/cara-meracik-handbody-pemutih-alami/",0,6,0.00,9.0
"cara bikin hb dosting sendiri","https://dreamlab.id/cara-meracik-handbody-pemutih-alami/",0,10,0.00,6.9
"cara bikin hb racikan","https://dreamlab.id/cara-meracik-handbody-pemutih-alami/",0,19,0.00,8.7
"cara bikin hb racikan pemutih badan","https://dreamlab.id/cara-meracik-handbody-pemutih-alami/",0,44,0.00,7.8
"cara bikin racikan handbody pemutih","https://dreamlab.id/cara-meracik-handbody-pemutih-alami/",0,25,0.00,9.1
"cara bikin racikan pemutih badan","https://dreamlab.id/cara-meracik-handbody-pemutih-alami/",0,1,0.00,10.0
"cara buat body lotion sendiri","https://dreamlab.id/cara-meracik-handbody-pemutih-alami/",0,2,0.00,3.0
"cara buat hb dosting sendiri","https://dreamlab.id/cara-meracik-handbody-pemutih-alami/",0,1,0.00,11.0
"cara buat hb racikan","https://dreamlab.id/cara-meracik-handbody-pemutih-alami/",0,19,0.00,8.7
"cara buat hb racikan pemutih","https://dreamlab.id/cara-meracik-handbody-pemutih-alami/",0,15,0.00,9.5
"cara buat hb racikan pemutih badan","https://dreamlab.id/cara-meracik-handbody-pemutih-alami/",0,1,0.00,12.0
"cara buat lotion pemutih sendiri","https://dreamlab.id/cara-meracik-handbody-pemutih-alami/",0,7,0.00,7.3
"cara buat racikan handbody pemutih","https://dreamlab.id/cara-meracik-handbody-pemutih-alami/",0,26,0.00,9.1
"cara membuat body care sendiri","https://dreamlab.id/cara-meracik-handbody-pemutih-alami/",0,2,0.00,10.5
"cara membuat body lotion pemutih sendiri","https://dreamlab.id/cara-meracik-handbody-pemutih-alami/",0,25,0.00,8.6
"cara membuat handbody","https://dreamlab.id/cara-meracik-handbody-pemutih-alami/",0,14,0.00,9.1
"cara membuat handbody racikan","https://dreamlab.id/cara-meracik-handbody-pemutih-alami/",0,16,0.00,10.2
"cara membuat handbody racikan dosis tinggi","https://dreamlab.id/cara-meracik-handbody-pemutih-alami/",0,134,0.00,9.6
"cara membuat handbody racikan makassar","https://dreamlab.id/cara-meracik-handbody-pemutih-alami/",0,9,0.00,8.6
"cara membuat handbody racikan sendiri","https://dreamlab.id/cara-meracik-handbody-pemutih-alami/",0,43,0.00,8.0
"cara membuat hb","https://dreamlab.id/cara-meracik-handbody-pemutih-alami/",0,1,0.00,10.0
"cara membuat hb dosting","https://dreamlab.id/cara-meracik-handbody-pemutih-alami/",0,8,0.00,6.6
"cara membuat hb dosting sendiri","https://dreamlab.id/cara-meracik-handbody-pemutih-alami/",0,1,0.00,6.0
"cara membuat hb pemutih","https://dreamlab.id/cara-meracik-handbody-pemutih-alami/",0,12,0.00,9.4
"cara membuat hb pemutih badan","https://dreamlab.id/cara-meracik-handbody-pemutih-alami/",0,36,0.00,6.9
"cara membuat hb racikan pemutih aman","https://dreamlab.id/cara-meracik-handbody-pemutih-alami/",0,15,0.00,9.0
"cara membuat hb racikan pemutih dosis tinggi","https://dreamlab.id/cara-meracik-handbody-pemutih-alami/",0,35,0.00,7.7
"cara membuat hb racikan sendiri","https://dreamlab.id/cara-meracik-handbody-pemutih-alami/",0,1,0.00,10.0
"cara membuat lotion","https://dreamlab.id/cara-meracik-handbody-pemutih-alami/",0,1,0.00,42.0
"cara membuat racikan","https://dreamlab.id/cara-meracik-handbody-pemutih-alami/",0,1,0.00,12.0
"cara membuat racikan handbody","https://dreamlab.id/cara-meracik-handbody-pemutih-alami/",0,20,0.00,9.3
"cara membuat racikan handbody pemutih yang aman","https://dreamlab.id/cara-meracik-handbody-pemutih-alami/",0,23,0.00,7.6
"cara membuat racikan hb dosting","https://dreamlab.id/cara-meracik-handbody-pemutih-alami/",0,21,0.00,5.6
"cara memutihkan badan secara alami dan cepat","https://dreamlab.id/cara-meracik-handbody-pemutih-alami/",0,1,0.00,3.0
"cara memutihkan badan secara alami dan cepat dalam 1 minggu","https://dreamlab.id/cara-meracik-handbody-pemutih-alami/",0,1,0.00,3.0
"cara memutihkan kulit badan secara alami dengan cepat dan permanen","https://dreamlab.id/cara-meracik-handbody-pemutih-alami/",0,1,0.00,3.0
"cara meracik body lotion sendiri","https://dreamlab.id/cara-meracik-handbody-pemutih-alami/",0,10,0.00,9.4
"cara meracik body lotion untuk memutihkan","https://dreamlab.id/cara-meracik-handbody-pemutih-alami/",0,14,0.00,8.5
"cara meracik handbody","https://dreamlab.id/cara-meracik-handbody-pemutih-alami/",0,31,0.00,6.0
"cara meracik handbody citra untuk memutihkan kulit","https://dreamlab.id/cara-meracik-handbody-pemutih-alami/",0,4,0.00,9.3
"cara meracik handbody marina dengan air mawar","https://dreamlab.id/cara-meracik-handbody-pemutih-alami/",0,1,0.00,3.0
"cara meracik handbody pemutih","https://dreamlab.id/cara-meracik-handbody-pemutih-alami/",0,15,0.00,10.0
"cara meracik handbody pemutih ampuh","https://dreamlab.id/cara-meracik-handbody-pemutih-alami/",0,2,0.00,9.0
"cara meracik handbody pemutih kulit permanen","https://dreamlab.id/cara-meracik-handbody-pemutih-alami/",0,11,0.00,3.3
"cara meracik handbody untuk memutihkan kulit","https://dreamlab.id/cara-meracik-handbody-pemutih-alami/",0,7,0.00,9.4
"cara meracik hb","https://dreamlab.id/cara-meracik-handbody-pemutih-alami/",0,21,0.00,9.2
"cara meracik hb agar cepat putih","https://dreamlab.id/cara-meracik-handbody-pemutih-alami/",0,11,0.00,9.2
"cara meracik hb dosting","https://dreamlab.id/cara-meracik-handbody-pemutih-alami/",0,45,0.00,7.6
"cara meracik hb pemutih","https://dreamlab.id/cara-meracik-handbody-pemutih-alami/",0,6,0.00,6.2
"cara meracik hb pemutih dosis tinggi","https://dreamlab.id/cara-meracik-handbody-pemutih-alami/",0,1,0.00,11.0
"cara meracik hb pemutih sendiri","https://dreamlab.id/cara-meracik-handbody-pemutih-alami/",0,22,0.00,7.5
"cara meracik hb pemutih yang aman","https://dreamlab.id/cara-meracik-handbody-pemutih-alami/",0,63,0.00,8.8
"cara meracik hb sendiri","https://dreamlab.id/cara-meracik-handbody-pemutih-alami/",0,62,0.00,8.1
"cara pakai body scrub shinzui","https://dreamlab.id/cara-meracik-handbody-pemutih-alami/",0,1,0.00,2.0
"cara racikan handbody pemutih","https://dreamlab.id/cara-meracik-handbody-pemutih-alami/",0,4,0.00,10.0
"citra handbody","https://dreamlab.id/cara-meracik-handbody-pemutih-alami/",0,1,0.00,2.0
"citra mutiara","https://dreamlab.id/cara-meracik-handbody-pemutih-alami/",0,1,0.00,2.0
"citra uv body serum radiant fresh","https://dreamlab.id/cara-meracik-handbody-pemutih-alami/",0,1,0.00,3.0
"hand body paling ampuh memutihkan kulit","https://dreamlab.id/cara-meracik-handbody-pemutih-alami/",0,1,0.00,3.0
"hand body pemutih kulit","https://dreamlab.id/cara-meracik-handbody-pemutih-alami/",0,1,0.00,3.0
"handbody alami","https://dreamlab.id/cara-meracik-handbody-pemutih-alami/",0,3,0.00,6.0
"handbody citra harga","https://dreamlab.id/cara-meracik-handbody-pemutih-alami/",0,1,0.00,3.0
"handbody pemutih alami","https://dreamlab.id/cara-meracik-handbody-pemutih-alami/",0,1,0.00,1.0
"handbody racikan pemutih buatan sendiri","https://dreamlab.id/cara-meracik-handbody-pemutih-alami/",0,11,0.00,7.4
"handbody racikan sendiri","https://dreamlab.id/cara-meracik-handbody-pemutih-alami/",0,96,0.00,6.4
"handbody racikan sendiri untuk memutihkan kulit","https://dreamlab.id/cara-meracik-handbody-pemutih-alami/",0,5,0.00,9.2
"handbody terbuat dari apa","https://dreamlab.id/cara-meracik-handbody-pemutih-alami/",0,1,0.00,3.0
"hb dosting racikan sendiri","https://dreamlab.id/cara-meracik-handbody-pemutih-alami/",0,11,0.00,5.8
"hb pemutih racikan sendiri","https://dreamlab.id/cara-meracik-handbody-pemutih-alami/",0,143,0.00,8.4
"hb racikan","https://dreamlab.id/cara-meracik-handbody-pemutih-alami/",0,1,0.00,6.0
"hb racikan sendiri","https://dreamlab.id/cara-meracik-handbody-pemutih-alami/",0,152,0.00,9.0
"iyya","https://dreamlab.id/cara-meracik-handbody-pemutih-alami/",0,1,0.00,6.0
"lulur apa yang bisa memutihkan kulit dengan cepat","https://dreamlab.id/cara-meracik-handbody-pemutih-alami/",0,1,0.00,3.0
"maklon handbody","https://dreamlab.id/cara-meracik-handbody-pemutih-alami/",0,5,0.00,29.8
"manfaat body lotion citra bengkoang","https://dreamlab.id/cara-meracik-handbody-pemutih-alami/",0,1,0.00,2.0
"manfaat citra uv body lotion perfect bright bengkoang","https://dreamlab.id/cara-meracik-handbody-pemutih-alami/",0,1,0.00,2.0
"meracik handbody untuk memutihkan kulit","https://dreamlab.id/cara-meracik-handbody-pemutih-alami/",0,24,0.00,9.5
"meracik hb dosting","https://dreamlab.id/cara-meracik-handbody-pemutih-alami/",0,7,0.00,6.6
"meracik hb sendiri","https://dreamlab.id/cara-meracik-handbody-pemutih-alami/",0,14,0.00,8.0
"pemutih kulit alami","https://dreamlab.id/cara-meracik-handbody-pemutih-alami/",0,1,0.00,3.0
"racik handbody pemutih ampuh","https://dreamlab.id/cara-meracik-handbody-pemutih-alami/",0,3,0.00,6.0
"racik hb","https://dreamlab.id/cara-meracik-handbody-pemutih-alami/",0,1,0.00,5.0
"racik hb sendiri","https://dreamlab.id/cara-meracik-handbody-pemutih-alami/",0,11,0.00,7.7
"racikan body lotion untuk memutihkan kulit","https://dreamlab.id/cara-meracik-handbody-pemutih-alami/",0,2,0.00,9.0
"racikan buat kulit putih","https://dreamlab.id/cara-meracik-handbody-pemutih-alami/",0,2,0.00,12.0
"racikan handbody","https://dreamlab.id/cara-meracik-handbody-pemutih-alami/",0,2,0.00,5.5
"racikan handbody pemutih","https://dreamlab.id/cara-meracik-handbody-pemutih-alami/",0,15,0.00,11.1
"racikan handbody pemutih ampuh 7 hari","https://dreamlab.id/cara-meracik-handbody-pemutih-alami/",0,1,0.00,11.0
"racikan handbody pemutih paling ampuh","https://dreamlab.id/cara-meracik-handbody-pemutih-alami/",0,3,0.00,8.3
"racikan handbody pemutih yang aman","https://dreamlab.id/cara-meracik-handbody-pemutih-alami/",0,5,0.00,11.4
"racikan handbody untuk memutihkan kulit","https://dreamlab.id/cara-meracik-handbody-pemutih-alami/",0,9,0.00,10.2
"racikan hb bikin putih","https://dreamlab.id/cara-meracik-handbody-pemutih-alami/",0,4,0.00,9.0
"racikan hb pemutih","https://dreamlab.id/cara-meracik-handbody-pemutih-alami/",0,4,0.00,9.3
"racikan hb pemutih badan","https://dreamlab.id/cara-meracik-handbody-pemutih-alami/",0,3,0.00,7.3
"racikan hb yang ampuh memutihkan","https://dreamlab.id/cara-meracik-handbody-pemutih-alami/",0,8,0.00,7.0
"racikan lotion pemutih badan","https://dreamlab.id/cara-meracik-handbody-pemutih-alami/",0,6,0.00,5.7
"racikan pemutih","https://dreamlab.id/cara-meracik-handbody-pemutih-alami/",0,2,0.00,12.0
"racikan pemutih badan","https://dreamlab.id/cara-meracik-handbody-pemutih-alami/",0,3,0.00,9.0
"racikan pemutih badan alami","https://dreamlab.id/cara-meracik-handbody-pemutih-alami/",0,37,0.00,11.2
"racikan pemutih badan buatan sendiri","https://dreamlab.id/cara-meracik-handbody-pemutih-alami/",0,3,0.00,7.3
"racikan pemutih badan paling ampuh alami","https://dreamlab.id/cara-meracik-handbody-pemutih-alami/",0,8,0.00,10.1
"racikan pemutih kulit buatan sendiri","https://dreamlab.id/cara-meracik-handbody-pemutih-alami/",0,1,0.00,10.0
"resep handbody pemutih racikan dokter","https://dreamlab.id/cara-meracik-handbody-pemutih-alami/",0,5,0.00,9.0
"resep handbody racikan","https://dreamlab.id/cara-meracik-handbody-pemutih-alami/",0,8,0.00,9.8
"resep handbody racikan cepat putih","https://dreamlab.id/cara-meracik-handbody-pemutih-alami/",0,11,0.00,8.2
"resep handbody racikan farmasi","https://dreamlab.id/cara-meracik-handbody-pemutih-alami/",0,2,0.00,9.5
"resep hb","https://dreamlab.id/cara-meracik-handbody-pemutih-alami/",0,6,0.00,10.5
"resep hb dosting","https://dreamlab.id/cara-meracik-handbody-pemutih-alami/",0,3,0.00,10.0
"resep hb dosting paling ampuh","https://dreamlab.id/cara-meracik-handbody-pemutih-alami/",0,8,0.00,6.8
"resep hb dosting racikan","https://dreamlab.id/cara-meracik-handbody-pemutih-alami/",0,11,0.00,4.9
"resep hb farmasi","https://dreamlab.id/cara-meracik-handbody-pemutih-alami/",0,1,0.00,3.0
"resep hb pemutih","https://dreamlab.id/cara-meracik-handbody-pemutih-alami/",0,1,0.00,8.0
"resep hb pemutih badan","https://dreamlab.id/cara-meracik-handbody-pemutih-alami/",0,16,0.00,6.4
"resep hb racikan","https://dreamlab.id/cara-meracik-handbody-pemutih-alami/",0,35,0.00,7.8
"resep hb racikan aman","https://dreamlab.id/cara-meracik-handbody-pemutih-alami/",0,5,0.00,8.8
"resep hb racikan ampuh","https://dreamlab.id/cara-meracik-handbody-pemutih-alami/",0,1,0.00,9.0
"resep hb racikan bugis","https://dreamlab.id/cara-meracik-handbody-pemutih-alami/",0,6,0.00,6.8
"resep hb racikan dosting","https://dreamlab.id/cara-meracik-handbody-pemutih-alami/",0,1,0.00,7.0
"resep hb racikan makassar","https://dreamlab.id/cara-meracik-handbody-pemutih-alami/",0,1,0.00,11.0
"resep hb racikan pemutih","https://dreamlab.id/cara-meracik-handbody-pemutih-alami/",0,13,0.00,5.5
"resep hb racikan pemutih ampuh","https://dreamlab.id/cara-meracik-handbody-pemutih-alami/",0,12,0.00,5.4
"resep hb racikan sendiri","https://dreamlab.id/cara-meracik-handbody-pemutih-alami/",0,7,0.00,5.9
"resep racikan handbody","https://dreamlab.id/cara-meracik-handbody-pemutih-alami/",0,13,0.00,9.2
"resep racikan handbody pemutih kulit","https://dreamlab.id/cara-meracik-handbody-pemutih-alami/",0,36,0.00,8.4
"resep racikan hb","https://dreamlab.id/cara-meracik-handbody-pemutih-alami/",0,17,0.00,8.4
"resep racikan hb dosting","https://dreamlab.id/cara-meracik-handbody-pemutih-alami/",0,1,0.00,11.0
"resep racikan hb farmasi","https://dreamlab.id/cara-meracik-handbody-pemutih-alami/",0,1,0.00,4.0
"resep racikan hb pemutih","https://dreamlab.id/cara-meracik-handbody-pemutih-alami/",0,19,0.00,6.4
"resep racikan pemutih badan","https://dreamlab.id/cara-meracik-handbody-pemutih-alami/",0,11,0.00,9.2
"sabun apa yang bisa memutihkan kulit","https://dreamlab.id/cara-meracik-handbody-pemutih-alami/",0,1,0.00,3.0
"sabun cair yang memutihkan badan","https://dreamlab.id/cara-meracik-handbody-pemutih-alami/",0,1,0.00,3.0
"susu dan madu","https://dreamlab.id/cara-meracik-handbody-pemutih-alami/",0,1,0.00,7.0
"cara meracik handbody pemutih","https://dreamlab.id/cara-meracik-handbody-pemutih-alami/#Manfaat_Nyata_Kandungan_Alami_untuk_Kulit",0,3,0.00,8.7
"cara meracik handbody pemutih yang aman","https://dreamlab.id/cara-meracik-handbody-pemutih-alami/#Manfaat_Nyata_Kandungan_Alami_untuk_Kulit",0,2,0.00,11.0
"cara meracik hb dosting sendiri","https://dreamlab.id/cara-meracik-handbody-pemutih-alami/#Manfaat_Nyata_Kandungan_Alami_untuk_Kulit",0,7,0.00,5.9
"cara meracik hb pemutih","https://dreamlab.id/cara-meracik-handbody-pemutih-alami/#Manfaat_Nyata_Kandungan_Alami_untuk_Kulit",0,2,0.00,9.0
"cara meracik hb pemutih sendiri","https://dreamlab.id/cara-meracik-handbody-pemutih-alami/#Manfaat_Nyata_Kandungan_Alami_untuk_Kulit",0,3,0.00,8.0
"cara meracik hb pemutih yang aman","https://dreamlab.id/cara-meracik-handbody-pemutih-alami/#Manfaat_Nyata_Kandungan_Alami_untuk_Kulit",0,13,0.00,8.8
"cara meracik lotion pemutih badan permanen","https://dreamlab.id/cara-meracik-handbody-pemutih-alami/#Manfaat_Nyata_Kandungan_Alami_untuk_Kulit",0,3,0.00,8.3
"cara meracik handbody pemutih","https://dreamlab.id/cara-meracik-handbody-pemutih-alami/#Panduan_Cara_Meracik_Handbody_Pemutih_Kulit_DIY",0,3,0.00,8.7
"cara meracik handbody pemutih yang aman","https://dreamlab.id/cara-meracik-handbody-pemutih-alami/#Panduan_Cara_Meracik_Handbody_Pemutih_Kulit_DIY",0,2,0.00,11.0
"cara meracik hb dosting sendiri","https://dreamlab.id/cara-meracik-handbody-pemutih-alami/#Panduan_Cara_Meracik_Handbody_Pemutih_Kulit_DIY",0,7,0.00,5.9
"cara meracik hb pemutih","https://dreamlab.id/cara-meracik-handbody-pemutih-alami/#Panduan_Cara_Meracik_Handbody_Pemutih_Kulit_DIY",0,2,0.00,9.0
"cara meracik hb pemutih sendiri","https://dreamlab.id/cara-meracik-handbody-pemutih-alami/#Panduan_Cara_Meracik_Handbody_Pemutih_Kulit_DIY",0,3,0.00,8.0
"cara meracik hb pemutih yang aman","https://dreamlab.id/cara-meracik-handbody-pemutih-alami/#Panduan_Cara_Meracik_Handbody_Pemutih_Kulit_DIY",0,13,0.00,8.8
"cara meracik lotion pemutih badan permanen","https://dreamlab.id/cara-meracik-handbody-pemutih-alami/#Panduan_Cara_Meracik_Handbody_Pemutih_Kulit_DIY",0,3,0.00,8.3
""beauty influencer makeup" -site:reddit.com -site:twitter.com -site:x.com -site:wykop.pl -site:tripadvisor.com -site:youtube.com -site:yelp.com -site:booking.com -site:facebook.com -site:instagram.com -site:tiktok.com","https://dreamlab.id/cara-mulai-bisnis-skincare-dari-nol/",0,1,0.00,7.0
""maklon kosmetik" -site:reddit.com -site:twitter.com -site:x.com -site:wykop.pl -site:tripadvisor.com -site:youtube.com -site:yelp.com -site:booking.com -site:facebook.com -site:instagram.com -site:tiktok.com","https://dreamlab.id/cara-mulai-bisnis-skincare-dari-nol/",0,1,0.00,7.0
"bisnis skincare","https://dreamlab.id/cara-mulai-bisnis-skincare-dari-nol/",0,6,0.00,38.7
"buat brand kosmetik sendiri","https://dreamlab.id/cara-mulai-bisnis-skincare-dari-nol/",0,2,0.00,62.0
"cara bisnis skincare","https://dreamlab.id/cara-mulai-bisnis-skincare-dari-nol/",0,1,0.00,49.0
"cara membuat brand kosmetik sendiri","https://dreamlab.id/cara-mulai-bisnis-skincare-dari-nol/",0,1,0.00,60.0
"cara membuat brand skincare sendiri","https://dreamlab.id/cara-mulai-bisnis-skincare-dari-nol/",0,3,0.00,47.3
"cara membuat produk kosmetik sendiri","https://dreamlab.id/cara-mulai-bisnis-skincare-dari-nol/",0,2,0.00,68.0
"cara memulai bisnis skincare","https://dreamlab.id/cara-mulai-bisnis-skincare-dari-nol/",0,3,0.00,77.0
"cara memulai usaha skincare","https://dreamlab.id/cara-mulai-bisnis-skincare-dari-nol/",0,2,0.00,71.0
"kursus peracik dari nol membuat sincare dari nol dibimbing sampai bisa daftar sekarang!","https://dreamlab.id/cara-mulai-bisnis-skincare-dari-nol/",0,2,0.00,17.0
"usaha skincare","https://dreamlab.id/cara-mulai-bisnis-skincare-dari-nol/",0,1,0.00,3.0
"aplikasi personal branding","https://dreamlab.id/cara-personal-banding/",0,3,0.00,80.0
"avatar behind the scenes makeup","https://dreamlab.id/cara-personal-banding/",0,1,0.00,9.0
"beauty branding","https://dreamlab.id/cara-personal-banding/",0,1,0.00,55.0
"kosmetik skincare","https://dreamlab.id/cara-personal-banding/",0,1,0.00,3.0
"personal banding","https://dreamlab.id/cara-personal-banding/",0,9,0.00,7.8
"personal care marketing","https://dreamlab.id/cara-personal-banding/",0,3,0.00,24.3
"dreamlab","https://dreamlab.id/career/",0,54,0.00,14.1
"dreamlab kosmetik","https://dreamlab.id/career/",0,14,0.00,8.4
"dreamlab surabaya","https://dreamlab.id/career/",0,11,0.00,9.5
"mavis dreamlab","https://dreamlab.id/career/",0,1,0.00,87.0
"pt karya impian laboratoris","https://dreamlab.id/career/",0,31,0.00,24.5
"pt karya impian laboratoris (dreamlab) - pabrik pasuruan","https://dreamlab.id/career/",0,3,0.00,13.0
"dermavous essensia utama","https://dreamlab.id/category/bisnis-kosmetik/",0,1,0.00,66.0
"dreamlab","https://dreamlab.id/category/bisnis-kosmetik/",0,1,0.00,87.0
"dreamlab kosmetik","https://dreamlab.id/category/bisnis-kosmetik/",0,4,0.00,7.0
"industri kosmetik","https://dreamlab.id/category/bisnis-kosmetik/",0,1,0.00,74.0
"jasa maklon kosmetik tangerang","https://dreamlab.id/category/bisnis-kosmetik/",0,1,0.00,56.0
"maklon kosmetik bpom","https://dreamlab.id/category/bisnis-kosmetik/",0,1,0.00,80.0
"maklon kosmetik skala kecil","https://dreamlab.id/category/bisnis-kosmetik/",0,1,0.00,68.0
"maklon kosmetik tangerang","https://dreamlab.id/category/bisnis-kosmetik/",0,4,0.00,46.5
"manajemen bisnis kosmetik","https://dreamlab.id/category/bisnis-kosmetik/",0,1,0.00,46.0
"mois","https://dreamlab.id/category/bisnis-kosmetik/",0,1,0.00,2.0
"pabrik kosmetik di tangerang","https://dreamlab.id/category/bisnis-kosmetik/",0,1,0.00,23.0
"pabrik kosmetik tangerang","https://dreamlab.id/category/bisnis-kosmetik/",0,6,0.00,23.0
"periklanan kosmetik","https://dreamlab.id/category/bisnis-kosmetik/",0,6,0.00,81.5
"pillars cosmetiklon indonesia","https://dreamlab.id/category/bisnis-kosmetik/",0,1,0.00,52.0
"produksi kosmetik","https://dreamlab.id/category/bisnis-kosmetik/",0,1,0.00,64.0
"pt derma enom farma","https://dreamlab.id/category/bisnis-kosmetik/",0,2,0.00,41.0
"pt formula jelita internasional","https://dreamlab.id/category/bisnis-kosmetik/",0,1,0.00,44.0
"pt gloria origita cosmetics","https://dreamlab.id/category/bisnis-kosmetik/",0,1,0.00,49.0
"pt karya impian laboratoris","https://dreamlab.id/category/bisnis-kosmetik/",0,9,0.00,35.6
"pt kosmetik di tangerang","https://dreamlab.id/category/bisnis-kosmetik/",0,1,0.00,99.0
"pt mitra harapan mandiri","https://dreamlab.id/category/bisnis-kosmetik/",0,1,0.00,53.0
"triszie lab indonesia-maklon skincare & kosmetik","https://dreamlab.id/category/bisnis-kosmetik/",0,23,0.00,17.3
"dreamlab","https://dreamlab.id/category/bisnis-skincare/",0,11,0.00,33.3
"dreamlab kosmetik","https://dreamlab.id/category/bisnis-skincare/",0,3,0.00,11.7
"dreamlab surabaya","https://dreamlab.id/category/bisnis-skincare/",0,3,0.00,11.0
"pt karya impian laboratoris","https://dreamlab.id/category/bisnis-skincare/",0,4,0.00,47.8
"asia skinlab","https://dreamlab.id/category/dreamlabpedia/",0,2,0.00,28.5
"dreamlab kosmetik","https://dreamlab.id/category/dreamlabpedia/",0,37,0.00,10.9
"dremlab","https://dreamlab.id/category/dreamlabpedia/",0,1,0.00,12.0
"maklon masker organik","https://dreamlab.id/category/dreamlabpedia/",0,3,0.00,47.3
"maklon skincare organik natural","https://dreamlab.id/category/dreamlabpedia/",0,5,0.00,38.8
"pt karya impian laboratoris","https://dreamlab.id/category/dreamlabpedia/",0,16,0.00,35.8
"triszie lab indonesia-maklon skincare & kosmetik","https://dreamlab.id/category/dreamlabpedia/",0,6,0.00,15.5
"dreamlab","https://dreamlab.id/category/dreamlabpedia/page/2/",0,1,0.00,71.0
"pt karya impian laboratoris","https://dreamlab.id/category/dreamlabpedia/page/2/",0,2,0.00,35.5
"dreamlab","https://dreamlab.id/category/dreampreneur-beauty-academy/",0,3,0.00,17.3
"dreamlab","https://dreamlab.id/category/maklon-baby-care/",0,12,0.00,35.5
"maklon bedak bayi","https://dreamlab.id/category/maklon-baby-care/",0,3,0.00,44.3
"maklon sampo bayi","https://dreamlab.id/category/maklon-baby-care/",0,3,0.00,20.3
"maklon skincare baby","https://dreamlab.id/category/maklon-baby-care/",0,36,0.00,15.1
"pt karya impian laboratoris","https://dreamlab.id/category/maklon-baby-care/",0,7,0.00,31.9
"dreamlab","https://dreamlab.id/category/maklon-bodycare/",0,3,0.00,13.0
"jasa maklon handbody","https://dreamlab.id/category/maklon-bodycare/",0,1,0.00,16.0
"maklon berkualitas","https://dreamlab.id/category/maklon-bodycare/",0,1,0.00,42.0
"maklon body care","https://dreamlab.id/category/maklon-bodycare/",0,99,0.00,18.2
"maklon body scrub","https://dreamlab.id/category/maklon-bodycare/",0,3,0.00,43.7
"maklon body wash","https://dreamlab.id/category/maklon-bodycare/",0,19,0.00,19.2
"maklon foot care","https://dreamlab.id/category/maklon-bodycare/",0,7,0.00,37.9
"maklon handbody","https://dreamlab.id/category/maklon-bodycare/",0,87,0.00,10.3
"maklon powder cosmetic industry","https://dreamlab.id/category/maklon-bodycare/",0,3,0.00,44.7
"maklon sabun baby","https://dreamlab.id/category/maklon-bodycare/",0,1,0.00,46.0
"maklon sabun mandi bayi","https://dreamlab.id/category/maklon-bodycare/",0,8,0.00,36.4
"maklon sabun pemutih (pencerah)","https://dreamlab.id/category/maklon-bodycare/",0,33,0.00,10.4
"pt karya impian laboratoris","https://dreamlab.id/category/maklon-bodycare/",0,4,0.00,45.3
"soapkini","https://dreamlab.id/category/maklon-bodycare/",0,2,0.00,54.0
"dreamlab","https://dreamlab.id/category/maklon-footcare/",0,4,0.00,83.5
"footlab","https://dreamlab.id/category/maklon-footcare/",0,1,0.00,52.0
"maklon foot care","https://dreamlab.id/category/maklon-footcare/",0,31,0.00,22.2
"maklon foot cream","https://dreamlab.id/category/maklon-footcare/",0,3,0.00,20.3
"maklon foot mask","https://dreamlab.id/category/maklon-footcare/",0,1,0.00,40.0
"maklon krim kaki","https://dreamlab.id/category/maklon-footcare/",0,23,0.00,29.9
"dreamlab","https://dreamlab.id/category/maklon-haircare/",0,8,0.00,81.5
"jasa maklon hair care","https://dreamlab.id/category/maklon-haircare/",0,1,0.00,17.0
"maklon dry shampoo","https://dreamlab.id/category/maklon-haircare/",0,3,0.00,10.0
"maklon foot care","https://dreamlab.id/category/maklon-haircare/",0,1,0.00,30.0
"maklon hair care","https://dreamlab.id/category/maklon-haircare/",0,159,0.00,14.1
"maklon hair conditioner","https://dreamlab.id/category/maklon-haircare/",0,2,0.00,38.0
"maklon hair serum","https://dreamlab.id/category/maklon-haircare/",0,5,0.00,20.6
"maklon hair shampoo","https://dreamlab.id/category/maklon-haircare/",0,1,0.00,14.0
"maklon hair tonic","https://dreamlab.id/category/maklon-haircare/",0,4,0.00,19.0
"maklon kondisioner","https://dreamlab.id/category/maklon-haircare/",0,8,0.00,16.1
"maklon masker rambut","https://dreamlab.id/category/maklon-haircare/",0,2,0.00,39.0
"maklon perawatan kulit kepala","https://dreamlab.id/category/maklon-haircare/",0,83,0.00,17.9
"maklon sampo","https://dreamlab.id/category/maklon-haircare/",0,18,0.00,24.4
"maklon scalp scrub","https://dreamlab.id/category/maklon-haircare/",0,1,0.00,75.0
"maklon serum rambut","https://dreamlab.id/category/maklon-haircare/",0,23,0.00,28.3
"maklon shampoo","https://dreamlab.id/category/maklon-haircare/",0,15,0.00,32.6
"maklon tonik rambut","https://dreamlab.id/category/maklon-haircare/",0,37,0.00,23.5
"pt karya impian laboratoris","https://dreamlab.id/category/maklon-haircare/",0,11,0.00,45.6
"jasa maklon body mist","https://dreamlab.id/category/maklon-parfum/",0,1,0.00,12.0
"jasa maklon parfum","https://dreamlab.id/category/maklon-parfum/",0,22,0.00,28.7
"jasa maklon solid perfume","https://dreamlab.id/category/maklon-parfum/",0,3,0.00,11.0
"maklon parfum","https://dreamlab.id/category/maklon-parfum/",0,30,0.00,20.7
"maklon parfum bali","https://dreamlab.id/category/maklon-parfum/",0,4,0.00,13.8
"maklon parfum bpom","https://dreamlab.id/category/maklon-parfum/",0,1,0.00,12.0
"maklon parfum indonesia","https://dreamlab.id/category/maklon-parfum/",0,1,0.00,8.0
"maklon parfum jakarta","https://dreamlab.id/category/maklon-parfum/",0,1,0.00,40.0
"maklon parfum jawa timur","https://dreamlab.id/category/maklon-parfum/",0,2,0.00,15.5
"maklon parfum makassar","https://dreamlab.id/category/maklon-parfum/",0,3,0.00,14.3
"maklon parfum malang","https://dreamlab.id/category/maklon-parfum/",0,9,0.00,14.2
"maklon parfum murah","https://dreamlab.id/category/maklon-parfum/",0,3,0.00,30.0
"maklon parfume","https://dreamlab.id/category/maklon-parfum/",0,1,0.00,15.0
"maklon solid perfume","https://dreamlab.id/category/maklon-parfum/",0,1,0.00,16.0
"pabrik parfum di indonesia","https://dreamlab.id/category/maklon-parfum/",0,1,0.00,1.0
"pabrik parfum surabaya","https://dreamlab.id/category/maklon-parfum/",0,1,0.00,22.0
"pt karya impian laboratoris","https://dreamlab.id/category/maklon-parfum/",0,5,0.00,59.4
"pt karya impian laboratoris","https://dreamlab.id/category/maklon-parfum/page/2/",0,1,0.00,42.0
"dreamlab","https://dreamlab.id/category/maklon-personal-care/",0,7,0.00,43.1
"maklon deodoran","https://dreamlab.id/category/maklon-personal-care/",0,1,0.00,13.0
"maklon foot care","https://dreamlab.id/category/maklon-personal-care/",0,5,0.00,33.0
"pt karya impian laboratoris","https://dreamlab.id/category/maklon-personal-care/",0,20,0.00,33.6
"asia skinlab","https://dreamlab.id/category/maklon-skincare/",0,2,0.00,47.5
"dreamlab","https://dreamlab.id/category/maklon-skincare/",0,7,0.00,76.6
"dreamlab kosmetik","https://dreamlab.id/category/maklon-skincare/",0,1,0.00,9.0
"maklon kosmetik terbaik","https://dreamlab.id/category/maklon-skincare/",0,3,0.00,38.7
"maklon perawatan jerawat","https://dreamlab.id/category/maklon-skincare/",0,18,0.00,18.4
"maklon skin care","https://dreamlab.id/category/maklon-skincare/",0,6,0.00,91.3
"maklon skincare","https://dreamlab.id/category/maklon-skincare/",0,2,0.00,87.0
"maklon skincare herbal terbaik","https://dreamlab.id/category/maklon-skincare/",0,4,0.00,26.8
"maklon skincare terbaik","https://dreamlab.id/category/maklon-skincare/",0,170,0.00,33.5
"maklon skincare terbaik di indonesia","https://dreamlab.id/category/maklon-skincare/",0,1,0.00,14.0
"maklon terbaik di indonesia","https://dreamlab.id/category/maklon-skincare/",0,1,0.00,43.0
"maklon toner","https://dreamlab.id/category/maklon-skincare/",0,6,0.00,30.3
"pt karya impian laboratoris","https://dreamlab.id/category/maklon-skincare/",0,11,0.00,48.4
"pt karya impian laboratoris","https://dreamlab.id/category/personal-care/",0,2,0.00,60.5
"demplon artinya","https://dreamlab.id/category/tips-trick/",0,1,0.00,47.0
"asia skinlab","https://dreamlab.id/contact-us/",0,2,0.00,70.0
"dream lab","https://dreamlab.id/contact-us/",0,10,0.00,1.9
"dreamlab kosmetik","https://dreamlab.id/contact-us/",0,164,0.00,7.4
"dreamlab official website","https://dreamlab.id/contact-us/",0,1,0.00,2.0
"dreamlab reviews","https://dreamlab.id/contact-us/",0,1,0.00,2.0
"dremlab","https://dreamlab.id/contact-us/",0,1,0.00,10.0
"jasa maklon peeling serum","https://dreamlab.id/contact-us/",0,1,0.00,45.0
"karya impian laboratoris","https://dreamlab.id/contact-us/",0,86,0.00,6.3
"konsultan bpom","https://dreamlab.id/contact-us/",0,1,0.00,4.0
"kosmetik jawa timur","https://dreamlab.id/contact-us/",0,13,0.00,29.5
"laboratorium kosmetik","https://dreamlab.id/contact-us/",0,1,0.00,1.0
"maklon herbal surabaya","https://dreamlab.id/contact-us/",0,4,0.00,43.8
"maklon jawa timur","https://dreamlab.id/contact-us/",0,15,0.00,8.6
"maklon kosmetik sidoarjo","https://dreamlab.id/contact-us/",0,7,0.00,49.7
"maklon kosmetik terdekat","https://dreamlab.id/contact-us/",0,3,0.00,11.0
"maklon parfum","https://dreamlab.id/contact-us/",0,1,0.00,21.0
"maklon parfum surabaya","https://dreamlab.id/contact-us/",0,11,0.00,42.0
"maklon skincare sidoarjo","https://dreamlab.id/contact-us/",0,14,0.00,63.1
"maklon skincare surabaya","https://dreamlab.id/contact-us/",0,50,0.00,22.3
"maklon skincare terdekat","https://dreamlab.id/contact-us/",0,6,0.00,34.7
"maklon terdekat","https://dreamlab.id/contact-us/",0,3,0.00,19.0
"manufaktur kosmetik","https://dreamlab.id/contact-us/",0,1,0.00,1.0
"mavis dreamlab","https://dreamlab.id/contact-us/",0,1,0.00,90.0
"pabrik kosmetik di jawa timur","https://dreamlab.id/contact-us/",0,3,0.00,17.3
"pabrik kosmetik di malang","https://dreamlab.id/contact-us/",0,1,0.00,1.0
"pabrik kosmetik di surabaya","https://dreamlab.id/contact-us/",0,1,0.00,11.0
"pabrik kosmetik surabaya","https://dreamlab.id/contact-us/",0,22,0.00,36.5
"pabrik maklon kosmetik surabaya","https://dreamlab.id/contact-us/",0,13,0.00,24.4
"pabrik parfum surabaya","https://dreamlab.id/contact-us/",0,1,0.00,1.0
"pbktl","https://dreamlab.id/contact-us/",0,2,0.00,59.5
"perusahaan kosmetik di surabaya","https://dreamlab.id/contact-us/",0,12,0.00,22.9
"pt karya impian laboratoris","https://dreamlab.id/contact-us/",0,205,0.00,7.5
"pt karya impian laboratoris (dreamlab) - pabrik pasuruan","https://dreamlab.id/contact-us/",0,18,0.00,5.7
"pt karya impian laboratoris surabaya","https://dreamlab.id/contact-us/",0,33,0.00,6.7
"buatkan 10 narasi untuk postingan di atas dengan narasi yang berbeda dari sebelumnya","https://dreamlab.id/contoh-kalimat-iklan-kosmetik-unik/",0,1,0.00,1.0
"contoh iklan kecantikan","https://dreamlab.id/contoh-kalimat-iklan-kosmetik-unik/",0,39,0.00,10.5
"contoh iklan kosmetik","https://dreamlab.id/contoh-kalimat-iklan-kosmetik-unik/",0,30,0.00,14.3
"contoh iklan produk kecantikan","https://dreamlab.id/contoh-kalimat-iklan-kosmetik-unik/",0,32,0.00,14.1
"contoh iklan produk kecantikan dalam bahasa inggris","https://dreamlab.id/contoh-kalimat-iklan-kosmetik-unik/",0,13,0.00,25.0
"contoh iklan produk skincare","https://dreamlab.id/contoh-kalimat-iklan-kosmetik-unik/",0,13,0.00,3.1
"contoh iklan skincare","https://dreamlab.id/contoh-kalimat-iklan-kosmetik-unik/",0,37,0.00,16.3
"contoh iklan skincare bahasa inggris","https://dreamlab.id/contoh-kalimat-iklan-kosmetik-unik/",0,17,0.00,6.2
"contoh iklan skincare dalam bahasa inggris","https://dreamlab.id/contoh-kalimat-iklan-kosmetik-unik/",0,1,0.00,10.0
"contoh iklan sunscreen","https://dreamlab.id/contoh-kalimat-iklan-kosmetik-unik/",0,1,0.00,42.0
"contoh kata-kata promosi salon kecantikan","https://dreamlab.id/contoh-kalimat-iklan-kosmetik-unik/",0,10,0.00,36.7
"contoh script iklan eyeliner dalam bahasa melayu","https://dreamlab.id/contoh-kalimat-iklan-kosmetik-unik/",0,14,0.00,8.2
"contoh script iklan eyeshadow stick dalam bahasa melayu","https://dreamlab.id/contoh-kalimat-iklan-kosmetik-unik/",0,2,0.00,7.5
"contoh script iklan foundation makeup dalam bahasa melayu","https://dreamlab.id/contoh-kalimat-iklan-kosmetik-unik/",0,14,0.00,5.5
"contoh script iklan krim jerawat bahasa melayu","https://dreamlab.id/contoh-kalimat-iklan-kosmetik-unik/",0,1,0.00,10.0
"contoh script iklan krim muka lelaki whitening moisturizer anti wrinkle bahasa melayu","https://dreamlab.id/contoh-kalimat-iklan-kosmetik-unik/",0,4,0.00,2.0
"contoh script iklan lip balm dalam bahasa melayu","https://dreamlab.id/contoh-kalimat-iklan-kosmetik-unik/",0,4,0.00,9.5
"contoh script iklan lip gloss dalam bahasa melayu","https://dreamlab.id/contoh-kalimat-iklan-kosmetik-unik/",0,2,0.00,7.0
"contoh script iklan lip tint dalam bahasa melayu","https://dreamlab.id/contoh-kalimat-iklan-kosmetik-unik/",0,2,0.00,8.0
"contoh script iklan lipstick bahasa melayu","https://dreamlab.id/contoh-kalimat-iklan-kosmetik-unik/",0,6,0.00,8.3
"contoh script iklan mascara dalam bahasa melayu","https://dreamlab.id/contoh-kalimat-iklan-kosmetik-unik/",0,3,0.00,5.7
"contoh script iklan pensel alis dalam bahasa melayu","https://dreamlab.id/contoh-kalimat-iklan-kosmetik-unik/",0,1,0.00,9.0
"contoh script iklan serum niacinamide dalam bahasa melayu","https://dreamlab.id/contoh-kalimat-iklan-kosmetik-unik/",0,3,0.00,6.7
"contoh script iklan serum rambut pertumbuhan rambut bahasa melayu","https://dreamlab.id/contoh-kalimat-iklan-kosmetik-unik/",0,1,0.00,10.0
"contoh script iklan serum retinol bahasa melayu","https://dreamlab.id/contoh-kalimat-iklan-kosmetik-unik/",0,6,0.00,8.0
"contoh script iklan serum retinol dalam bahasa melayu","https://dreamlab.id/contoh-kalimat-iklan-kosmetik-unik/",0,1,0.00,10.0
"contoh script iklan serum vitamin c dalam bahasa melayu","https://dreamlab.id/contoh-kalimat-iklan-kosmetik-unik/",0,54,0.00,8.5
"contoh script iklan spray setting makeup dalam bahasa melayu","https://dreamlab.id/contoh-kalimat-iklan-kosmetik-unik/",0,1,0.00,6.0
"contoh script iklan video produk organizer kosmetik dalam bahasa melayu","https://dreamlab.id/contoh-kalimat-iklan-kosmetik-unik/",0,6,0.00,7.5
"contoh script iklan video produk organizer makeup dalam bahasa melayu","https://dreamlab.id/contoh-kalimat-iklan-kosmetik-unik/",0,1,0.00,7.0
"contoh skrip iklan bb cream dalam bahasa melayu","https://dreamlab.id/contoh-kalimat-iklan-kosmetik-unik/",0,1,0.00,10.0
"contoh skrip iklan bb cream foundation dalam bahasa melayu","https://dreamlab.id/contoh-kalimat-iklan-kosmetik-unik/",0,2,0.00,9.5
"contoh skrip iklan cermin makeup bahasa melayu","https://dreamlab.id/contoh-kalimat-iklan-kosmetik-unik/",0,1,0.00,6.0
"contoh skrip iklan foundation dalam bahasa melayu","https://dreamlab.id/contoh-kalimat-iklan-kosmetik-unik/",0,1,0.00,10.0
"contoh skrip iklan foundation makeup dalam bahasa melayu","https://dreamlab.id/contoh-kalimat-iklan-kosmetik-unik/",0,85,0.00,7.9
"contoh skrip iklan krim anti penuaan dalam bahasa melayu","https://dreamlab.id/contoh-kalimat-iklan-kosmetik-unik/",0,11,0.00,8.4
"contoh skrip iklan krim mata anti penuaan dalam bahasa melayu","https://dreamlab.id/contoh-kalimat-iklan-kosmetik-unik/",0,10,0.00,8.6
"contoh skrip iklan makeup brush dalam bahasa melayu","https://dreamlab.id/contoh-kalimat-iklan-kosmetik-unik/",0,1,0.00,10.0
"contoh skrip iklan makeup dalam bahasa melayu","https://dreamlab.id/contoh-kalimat-iklan-kosmetik-unik/",0,5,0.00,10.0
"contoh skrip iklan mascara dalam bahasa melayu","https://dreamlab.id/contoh-kalimat-iklan-kosmetik-unik/",0,29,0.00,4.3
"contoh skrip iklan masker muka bahasa melayu","https://dreamlab.id/contoh-kalimat-iklan-kosmetik-unik/",0,1,0.00,9.0
"contoh skrip iklan masker rambut keratin dalam bahasa melayu","https://dreamlab.id/contoh-kalimat-iklan-kosmetik-unik/",0,1,0.00,10.0
"contoh skrip iklan pembersih muka niacinamide dalam bahasa melayu","https://dreamlab.id/contoh-kalimat-iklan-kosmetik-unik/",0,18,0.00,7.3
"contoh skrip iklan pensel alis dalam bahasa melayu","https://dreamlab.id/contoh-kalimat-iklan-kosmetik-unik/",0,1,0.00,8.0
"contoh skrip iklan produk penyimpanan kosmetik dalam bahasa melayu","https://dreamlab.id/contoh-kalimat-iklan-kosmetik-unik/",0,1,0.00,2.0
"contoh skrip iklan sabun mandi pemutih badan dalam bahasa melayu","https://dreamlab.id/contoh-kalimat-iklan-kosmetik-unik/",0,1,0.00,10.0
"contoh skrip iklan sabun pemutih vitamin c bahasa melayu","https://dreamlab.id/contoh-kalimat-iklan-kosmetik-unik/",0,2,0.00,7.0
"contoh skrip iklan sabun pencerah kulit bahasa melayu","https://dreamlab.id/contoh-kalimat-iklan-kosmetik-unik/",0,4,0.00,9.3
"contoh skrip iklan serum anti aging dalam bahasa melayu","https://dreamlab.id/contoh-kalimat-iklan-kosmetik-unik/",0,2,0.00,4.0
"contoh skrip iklan serum bulu mata dalam bahasa melayu","https://dreamlab.id/contoh-kalimat-iklan-kosmetik-unik/",0,26,0.00,8.5
"contoh skrip iklan serum hyaluronic acid dalam bahasa melayu","https://dreamlab.id/contoh-kalimat-iklan-kosmetik-unik/",0,2,0.00,10.0
"contoh skrip iklan serum niacinamide dalam bahasa melayu","https://dreamlab.id/contoh-kalimat-iklan-kosmetik-unik/",0,53,0.00,7.3
"contoh skrip iklan serum retinol dalam bahasa melayu","https://dreamlab.id/contoh-kalimat-iklan-kosmetik-unik/",0,2,0.00,9.5
"contoh skrip iklan serum vitamin c dalam bahasa melayu","https://dreamlab.id/contoh-kalimat-iklan-kosmetik-unik/",0,24,0.00,9.5
"contoh skrip iklan toner glycolic acid dalam bahasa melayu","https://dreamlab.id/contoh-kalimat-iklan-kosmetik-unik/",0,5,0.00,10.0
"contoh skrip iklan toner muka dalam bahasa melayu","https://dreamlab.id/contoh-kalimat-iklan-kosmetik-unik/",0,1,0.00,8.0
"contoh skrip iklan video produk organizer kosmetik dalam bahasa melayu","https://dreamlab.id/contoh-kalimat-iklan-kosmetik-unik/",0,117,0.00,6.5
"contoh skrip iklan video produk organizer makeup dalam bahasa melayu","https://dreamlab.id/contoh-kalimat-iklan-kosmetik-unik/",0,17,0.00,5.5
"contoh skrip video promosi organizer kosmetik dalam bahasa melayu","https://dreamlab.id/contoh-kalimat-iklan-kosmetik-unik/",0,1,0.00,8.0
"copywriting kosmetik","https://dreamlab.id/contoh-kalimat-iklan-kosmetik-unik/",0,141,0.00,6.3
"iklan kecantikan bahasa inggris","https://dreamlab.id/contoh-kalimat-iklan-kosmetik-unik/",0,11,0.00,8.1
"iklan klinik kecantikan","https://dreamlab.id/contoh-kalimat-iklan-kosmetik-unik/",0,11,0.00,21.5
"iklan kosmetik","https://dreamlab.id/contoh-kalimat-iklan-kosmetik-unik/",0,77,0.00,15.3
"iklan kosmetik bahasa inggris","https://dreamlab.id/contoh-kalimat-iklan-kosmetik-unik/",0,26,0.00,12.2
"iklan makeup","https://dreamlab.id/contoh-kalimat-iklan-kosmetik-unik/",0,15,0.00,9.7
"iklan perawatan kulit","https://dreamlab.id/contoh-kalimat-iklan-kosmetik-unik/",0,21,0.00,9.9
"iklan produk kecantikan","https://dreamlab.id/contoh-kalimat-iklan-kosmetik-unik/",0,17,0.00,15.9
"iklan produk kecantikan dalam bahasa inggris","https://dreamlab.id/contoh-kalimat-iklan-kosmetik-unik/",0,1,0.00,8.0
"iklan produk kosmetik","https://dreamlab.id/contoh-kalimat-iklan-kosmetik-unik/",0,3,0.00,6.3
"iklan produk kosmetik malaysia","https://dreamlab.id/contoh-kalimat-iklan-kosmetik-unik/",0,1,0.00,50.0
"iklan produk skincare","https://dreamlab.id/contoh-kalimat-iklan-kosmetik-unik/",0,19,0.00,11.5
"iklan produk skincare bahasa inggris","https://dreamlab.id/contoh-kalimat-iklan-kosmetik-unik/",0,13,0.00,5.6
"iklan skin care","https://dreamlab.id/contoh-kalimat-iklan-kosmetik-unik/",0,4,0.00,8.5
"iklan skincare","https://dreamlab.id/contoh-kalimat-iklan-kosmetik-unik/",0,56,0.00,15.4
"iklan skincare bahasa inggris","https://dreamlab.id/contoh-kalimat-iklan-kosmetik-unik/",0,47,0.00,5.3
"iklan skincare dalam bahasa inggris","https://dreamlab.id/contoh-kalimat-iklan-kosmetik-unik/",0,2,0.00,1.0
"iklan tentang kecantikan","https://dreamlab.id/contoh-kalimat-iklan-kosmetik-unik/",0,37,0.00,13.2
"iklan tentang makeup","https://dreamlab.id/contoh-kalimat-iklan-kosmetik-unik/",0,22,0.00,7.0
"iklan untuk kosmetik","https://dreamlab.id/contoh-kalimat-iklan-kosmetik-unik/",0,21,0.00,17.9
"iklan untuk makeup","https://dreamlab.id/contoh-kalimat-iklan-kosmetik-unik/",0,71,0.00,7.1
"iklan untuk produk kosmetik","https://dreamlab.id/contoh-kalimat-iklan-kosmetik-unik/",0,29,0.00,9.3
"kata kata hook skincare","https://dreamlab.id/contoh-kalimat-iklan-kosmetik-unik/",0,1,0.00,37.0
"kata kata iklan lipstik","https://dreamlab.id/contoh-kalimat-iklan-kosmetik-unik/",0,1,0.00,13.0
"kata kata iklan skincare","https://dreamlab.id/contoh-kalimat-iklan-kosmetik-unik/",0,17,0.00,6.9
"kata kata promosi produk kecantikan","https://dreamlab.id/contoh-kalimat-iklan-kosmetik-unik/",0,25,0.00,19.8
"kata kata promosi produk skincare","https://dreamlab.id/contoh-kalimat-iklan-kosmetik-unik/",0,6,0.00,1.0
"kata kata promosi salon kecantikan","https://dreamlab.id/contoh-kalimat-iklan-kosmetik-unik/",0,3,0.00,51.7
"kata kata promosi skincare","https://dreamlab.id/contoh-kalimat-iklan-kosmetik-unik/",0,15,0.00,7.5
"kata kata promosi skincare yang menarik","https://dreamlab.id/contoh-kalimat-iklan-kosmetik-unik/",0,34,0.00,3.9
"kata kata skincare","https://dreamlab.id/contoh-kalimat-iklan-kosmetik-unik/",0,2,0.00,30.5
"kata kata untuk produk kecantikan","https://dreamlab.id/contoh-kalimat-iklan-kosmetik-unik/",0,6,0.00,20.8
"kata-kata hook skincare","https://dreamlab.id/contoh-kalimat-iklan-kosmetik-unik/",0,1,0.00,34.0
"kata-kata promosi cream wajah","https://dreamlab.id/contoh-kalimat-iklan-kosmetik-unik/",0,1,0.00,27.0
"kata-kata promosi lipstik","https://dreamlab.id/contoh-kalimat-iklan-kosmetik-unik/",0,1,0.00,3.0
"kata-kata promosi produk kecantikan","https://dreamlab.id/contoh-kalimat-iklan-kosmetik-unik/",0,98,0.00,5.0
"kata-kata promosi skincare","https://dreamlab.id/contoh-kalimat-iklan-kosmetik-unik/",0,1,0.00,23.0
"kata-kata promosi skincare yang menarik","https://dreamlab.id/contoh-kalimat-iklan-kosmetik-unik/",0,171,0.00,2.8
"kecantikan dan periklanan","https://dreamlab.id/contoh-kalimat-iklan-kosmetik-unik/",0,2,0.00,21.0
"mau","https://dreamlab.id/contoh-kalimat-iklan-kosmetik-unik/",0,1,0.00,2.0
"periklanan dalam kosmetik","https://dreamlab.id/contoh-kalimat-iklan-kosmetik-unik/",0,12,0.00,27.3
"periklanan kecantikan","https://dreamlab.id/contoh-kalimat-iklan-kosmetik-unik/",0,16,0.00,15.1
"periklanan kosmetik","https://dreamlab.id/contoh-kalimat-iklan-kosmetik-unik/",0,1,0.00,20.0
"produk skincare","https://dreamlab.id/contoh-kalimat-iklan-kosmetik-unik/",0,1,0.00,2.0
"ya","https://dreamlab.id/contoh-kalimat-iklan-kosmetik-unik/",0,1,0.00,2.0
"yang","https://dreamlab.id/contoh-kalimat-iklan-kosmetik-unik/",0,1,0.00,3.0
"contoh iklan kecantikan","https://dreamlab.id/contoh-kalimat-iklan-kosmetik-unik/#Apa_yang_Membuat_Kalimat_Iklan_Kosmetik_Efektif",0,2,0.00,8.5
"contoh iklan produk kecantikan","https://dreamlab.id/contoh-kalimat-iklan-kosmetik-unik/#Apa_yang_Membuat_Kalimat_Iklan_Kosmetik_Efektif",0,15,0.00,10.7
"contoh iklan skincare bahasa inggris","https://dreamlab.id/contoh-kalimat-iklan-kosmetik-unik/#Apa_yang_Membuat_Kalimat_Iklan_Kosmetik_Efektif",0,9,0.00,10.6
"contoh iklan skincare dalam bahasa inggris","https://dreamlab.id/contoh-kalimat-iklan-kosmetik-unik/#Apa_yang_Membuat_Kalimat_Iklan_Kosmetik_Efektif",0,1,0.00,10.0
"iklan produk kecantikan","https://dreamlab.id/contoh-kalimat-iklan-kosmetik-unik/#Apa_yang_Membuat_Kalimat_Iklan_Kosmetik_Efektif",0,1,0.00,9.0
"iklan produk kosmetik","https://dreamlab.id/contoh-kalimat-iklan-kosmetik-unik/#Apa_yang_Membuat_Kalimat_Iklan_Kosmetik_Efektif",0,1,0.00,11.0
"iklan tentang kecantikan","https://dreamlab.id/contoh-kalimat-iklan-kosmetik-unik/#Apa_yang_Membuat_Kalimat_Iklan_Kosmetik_Efektif",0,3,0.00,11.0
"iklan untuk produk kosmetik","https://dreamlab.id/contoh-kalimat-iklan-kosmetik-unik/#Apa_yang_Membuat_Kalimat_Iklan_Kosmetik_Efektif",0,22,0.00,9.0
"contoh iklan kecantikan","https://dreamlab.id/contoh-kalimat-iklan-kosmetik-unik/#Contoh_Kalimat_Iklan_Kosmetik",0,13,0.00,9.5
"contoh iklan produk kecantikan","https://dreamlab.id/contoh-kalimat-iklan-kosmetik-unik/#Contoh_Kalimat_Iklan_Kosmetik",0,15,0.00,10.7
"contoh iklan skincare bahasa inggris","https://dreamlab.id/contoh-kalimat-iklan-kosmetik-unik/#Contoh_Kalimat_Iklan_Kosmetik",0,10,0.00,10.2
"contoh iklan skincare dalam bahasa inggris","https://dreamlab.id/contoh-kalimat-iklan-kosmetik-unik/#Contoh_Kalimat_Iklan_Kosmetik",0,1,0.00,10.0
"iklan produk kecantikan","https://dreamlab.id/contoh-kalimat-iklan-kosmetik-unik/#Contoh_Kalimat_Iklan_Kosmetik",0,1,0.00,9.0
"iklan produk kosmetik","https://dreamlab.id/contoh-kalimat-iklan-kosmetik-unik/#Contoh_Kalimat_Iklan_Kosmetik",0,1,0.00,11.0
"iklan tentang kecantikan","https://dreamlab.id/contoh-kalimat-iklan-kosmetik-unik/#Contoh_Kalimat_Iklan_Kosmetik",0,7,0.00,9.9
"iklan untuk produk kosmetik","https://dreamlab.id/contoh-kalimat-iklan-kosmetik-unik/#Contoh_Kalimat_Iklan_Kosmetik",0,22,0.00,9.0
"contoh iklan kecantikan","https://dreamlab.id/contoh-kalimat-iklan-kosmetik-unik/#Untuk_Iklan_Skincare_Fokus_pada_Solusi",0,13,0.00,9.5
"contoh iklan produk kecantikan","https://dreamlab.id/contoh-kalimat-iklan-kosmetik-unik/#Untuk_Iklan_Skincare_Fokus_pada_Solusi",0,9,0.00,11.0
"contoh iklan skincare bahasa inggris","https://dreamlab.id/contoh-kalimat-iklan-kosmetik-unik/#Untuk_Iklan_Skincare_Fokus_pada_Solusi",0,10,0.00,10.2
"contoh iklan skincare dalam bahasa inggris","https://dreamlab.id/contoh-kalimat-iklan-kosmetik-unik/#Untuk_Iklan_Skincare_Fokus_pada_Solusi",0,1,0.00,10.0
"iklan produk kosmetik","https://dreamlab.id/contoh-kalimat-iklan-kosmetik-unik/#Untuk_Iklan_Skincare_Fokus_pada_Solusi",0,1,0.00,11.0
"iklan tentang kecantikan","https://dreamlab.id/contoh-kalimat-iklan-kosmetik-unik/#Untuk_Iklan_Skincare_Fokus_pada_Solusi",0,7,0.00,9.9
"apa itu cysteamine","https://dreamlab.id/cysteamine-alternatif-hydroquinone/",0,1,0.00,1.0
"apa itu cysteamine untuk wajah","https://dreamlab.id/cysteamine-alternatif-hydroquinone/",0,2,0.00,11.0
"cara kerja cysteamine","https://dreamlab.id/cysteamine-alternatif-hydroquinone/",0,6,0.00,8.0
"cistamin untuk flek hitam","https://dreamlab.id/cysteamine-alternatif-hydroquinone/",0,14,0.00,11.5
"cisteamine untuk flek","https://dreamlab.id/cysteamine-alternatif-hydroquinone/",0,4,0.00,10.5
"cysteamin untuk flek","https://dreamlab.id/cysteamine-alternatif-hydroquinone/",0,2,0.00,9.0
"cysteamine","https://dreamlab.id/cysteamine-alternatif-hydroquinone/",0,13,0.00,21.5
"cysteamine adalah","https://dreamlab.id/cysteamine-alternatif-hydroquinone/",0,79,0.00,12.0
"cysteamine cream","https://dreamlab.id/cysteamine-alternatif-hydroquinone/",0,1,0.00,3.0
"cysteamine skincare","https://dreamlab.id/cysteamine-alternatif-hydroquinone/",0,1,0.00,10.0
"cysteamine untuk apa","https://dreamlab.id/cysteamine-alternatif-hydroquinone/",0,1,0.00,11.0
"cysteamine untuk flek","https://dreamlab.id/cysteamine-alternatif-hydroquinone/",0,20,0.00,11.0
"cysteamine untuk flek hitam","https://dreamlab.id/cysteamine-alternatif-hydroquinone/",0,4,0.00,10.5
"cysteamine untuk jerawat","https://dreamlab.id/cysteamine-alternatif-hydroquinone/",0,6,0.00,10.0
"cysteamine vs hydroquinone","https://dreamlab.id/cysteamine-alternatif-hydroquinone/",0,3,0.00,5.7
"cysteamine yang paling ampuh untuk flek","https://dreamlab.id/cysteamine-alternatif-hydroquinone/",0,2,0.00,9.0
"efek samping cysteamine","https://dreamlab.id/cysteamine-alternatif-hydroquinone/",0,2,0.00,10.5
"hydroquinone replacement artinya","https://dreamlab.id/cysteamine-alternatif-hydroquinone/",0,2,0.00,10.0
"kandungan cysteamine","https://dreamlab.id/cysteamine-alternatif-hydroquinone/",0,2,0.00,1.0
"kandungan cysteamine untuk apa","https://dreamlab.id/cysteamine-alternatif-hydroquinone/",0,9,0.00,10.7
"manfaat cysteamine untuk wajah","https://dreamlab.id/cysteamine-alternatif-hydroquinone/",0,1,0.00,12.0
"merk cysteamine yang bagus","https://dreamlab.id/cysteamine-alternatif-hydroquinone/",0,3,0.00,11.3
"decorative kosmetik","https://dreamlab.id/decorative/",0,3,0.00,6.3
"dreamlab","https://dreamlab.id/decorative/",0,5,0.00,80.0
"karya impian laboratoris","https://dreamlab.id/decorative/",0,10,0.00,9.2
"kosmetik dekoratif","https://dreamlab.id/decorative/",0,1,0.00,1.0
"maklon face highlighter","https://dreamlab.id/decorative/",0,3,0.00,7.7
"maklon face primer","https://dreamlab.id/decorative/",0,1,0.00,13.0
"maklon foot care","https://dreamlab.id/decorative/",0,1,0.00,46.0
"maklon krim mata","https://dreamlab.id/decorative/",0,4,0.00,32.5
"maklon lip changing color","https://dreamlab.id/decorative/",0,1,0.00,24.0
"maklon lip serum","https://dreamlab.id/decorative/",0,1,0.00,13.0
"maklon perawatan bibir","https://dreamlab.id/decorative/",0,5,0.00,15.8
"maklon tinted lip serum","https://dreamlab.id/decorative/",0,1,0.00,23.0
"mavis dreamlab","https://dreamlab.id/decorative/",0,1,0.00,93.0
"pt karya impian laboratoris","https://dreamlab.id/decorative/",0,44,0.00,19.3
"pt karya impian laboratoris (dreamlab) - pabrik pasuruan","https://dreamlab.id/decorative/",0,2,0.00,13.0
"pt karya impian laboratoris surabaya","https://dreamlab.id/decorative/",0,1,0.00,11.0
"dream lab official website","https://dreamlab.id/e-floating-buttons/popup-website/",0,1,0.00,6.0
"dreamlab official website","https://dreamlab.id/e-floating-buttons/popup-website/",0,2,0.00,5.0
"jasa maklon foot cream","https://dreamlab.id/foot-care-produk-peluang-bisnis-maklon-dreamlab/",0,2,0.00,17.5
"jasa maklon foot mask","https://dreamlab.id/foot-care-produk-peluang-bisnis-maklon-dreamlab/",0,2,0.00,13.5
"kulit kaki","https://dreamlab.id/foot-care-produk-peluang-bisnis-maklon-dreamlab/",0,1,0.00,2.0
"maklon foot care","https://dreamlab.id/foot-care-produk-peluang-bisnis-maklon-dreamlab/",0,27,0.00,19.4
"maklon foot cream","https://dreamlab.id/foot-care-produk-peluang-bisnis-maklon-dreamlab/",0,2,0.00,14.5
"maklon foot mask","https://dreamlab.id/foot-care-produk-peluang-bisnis-maklon-dreamlab/",0,3,0.00,4.7
"maklon krim kaki","https://dreamlab.id/foot-care-produk-peluang-bisnis-maklon-dreamlab/",0,28,0.00,14.2
"dreamlab","https://dreamlab.id/foot-care/",0,8,0.00,65.6
"footlab","https://dreamlab.id/foot-care/",0,1,0.00,40.0
"jasa maklon foot cream","https://dreamlab.id/foot-care/",0,5,0.00,5.8
"jasa maklon foot mask","https://dreamlab.id/foot-care/",0,7,0.00,7.1
"maklon foot care","https://dreamlab.id/foot-care/",0,58,0.00,8.6
"maklon foot cream","https://dreamlab.id/foot-care/",0,6,0.00,5.0
"maklon foot mask","https://dreamlab.id/foot-care/",0,3,0.00,12.7
"maklon krim kaki","https://dreamlab.id/foot-care/",0,52,0.00,6.8
"pt karya impian laboratoris","https://dreamlab.id/foot-care/",0,15,0.00,43.5
"apa itu glycerin dalam skincare","https://dreamlab.id/glycerin-bahan-skincare-yang-naik-daun-dan-cocok-untuk-semua-jenis-kulit/",0,1,0.00,12.0
"glycerin adalah","https://dreamlab.id/glycerin-bahan-skincare-yang-naik-daun-dan-cocok-untuk-semua-jenis-kulit/",0,93,0.00,34.8
"glycerin cream untuk apa","https://dreamlab.id/glycerin-bahan-skincare-yang-naik-daun-dan-cocok-untuk-semua-jenis-kulit/",0,1,0.00,39.0
"glycerin dalam kosmetik","https://dreamlab.id/glycerin-bahan-skincare-yang-naik-daun-dan-cocok-untuk-semua-jenis-kulit/",0,12,0.00,20.5
"glycerin dalam skincare","https://dreamlab.id/glycerin-bahan-skincare-yang-naik-daun-dan-cocok-untuk-semua-jenis-kulit/",0,12,0.00,26.3
"glycerin for skin","https://dreamlab.id/glycerin-bahan-skincare-yang-naik-daun-dan-cocok-untuk-semua-jenis-kulit/",0,95,0.00,39.1
"glycerin in skin care","https://dreamlab.id/glycerin-bahan-skincare-yang-naik-daun-dan-cocok-untuk-semua-jenis-kulit/",0,1,0.00,11.0
"glycerin kosmetik","https://dreamlab.id/glycerin-bahan-skincare-yang-naik-daun-dan-cocok-untuk-semua-jenis-kulit/",0,2,0.00,6.5
"glycerin untuk kulit","https://dreamlab.id/glycerin-bahan-skincare-yang-naik-daun-dan-cocok-untuk-semua-jenis-kulit/",0,10,0.00,29.3
"glycerin untuk wajah","https://dreamlab.id/glycerin-bahan-skincare-yang-naik-daun-dan-cocok-untuk-semua-jenis-kulit/",0,14,0.00,37.1
"kandungan glycerin","https://dreamlab.id/glycerin-bahan-skincare-yang-naik-daun-dan-cocok-untuk-semua-jenis-kulit/",0,1,0.00,84.0
"produk yang mengandung glycerin","https://dreamlab.id/glycerin-bahan-skincare-yang-naik-daun-dan-cocok-untuk-semua-jenis-kulit/",0,11,0.00,32.2
"skincare glycerin","https://dreamlab.id/glycerin-bahan-skincare-yang-naik-daun-dan-cocok-untuk-semua-jenis-kulit/",0,1,0.00,19.0
"maklon gel rambut","https://dreamlab.id/hair-care",0,1,0.00,10.0
"maklon hair care","https://dreamlab.id/hair-care",0,1,0.00,36.0
"maklon minyak rambut","https://dreamlab.id/hair-care",0,1,0.00,19.0
"maklon perawatan kulit kepala","https://dreamlab.id/hair-care",0,7,0.00,11.9
"maklon serum rambut","https://dreamlab.id/hair-care",0,2,0.00,17.0
"maklon shampoo","https://dreamlab.id/hair-care",0,7,0.00,37.7
"dreamlab","https://dreamlab.id/hair-care/",0,3,0.00,77.0
"jasa maklon hair care","https://dreamlab.id/hair-care/",0,2,0.00,29.5
"jasa maklon hair gel","https://dreamlab.id/hair-care/",0,3,0.00,15.3
"jasa maklon hair oil","https://dreamlab.id/hair-care/",0,1,0.00,41.0
"jasa maklon hair serum","https://dreamlab.id/hair-care/",0,1,0.00,26.0
"jasa maklon hair shampoo","https://dreamlab.id/hair-care/",0,2,0.00,57.0
"jasa maklon hair spray","https://dreamlab.id/hair-care/",0,1,0.00,79.0
"maklon gel rambut","https://dreamlab.id/hair-care/",0,44,0.00,14.3
"maklon hair gel","https://dreamlab.id/hair-care/",0,8,0.00,13.4
"maklon hair mask","https://dreamlab.id/hair-care/",0,1,0.00,24.0
"maklon hair oil","https://dreamlab.id/hair-care/",0,1,0.00,25.0
"maklon hair pomade","https://dreamlab.id/hair-care/",0,3,0.00,20.0
"maklon hair removal","https://dreamlab.id/hair-care/",0,2,0.00,14.5
"maklon hair serum","https://dreamlab.id/hair-care/",0,1,0.00,33.0
"maklon hair shampoo","https://dreamlab.id/hair-care/",0,1,0.00,38.0
"maklon hair spray","https://dreamlab.id/hair-care/",0,1,0.00,62.0
"maklon hair styling cream","https://dreamlab.id/hair-care/",0,5,0.00,18.2
"maklon hair tonic","https://dreamlab.id/hair-care/",0,1,0.00,37.0
"maklon hair wax","https://dreamlab.id/hair-care/",0,2,0.00,20.0
"maklon masker rambut","https://dreamlab.id/hair-care/",0,20,0.00,33.1
"maklon minyak rambut","https://dreamlab.id/hair-care/",0,6,0.00,31.3
"maklon perawatan kulit kepala","https://dreamlab.id/hair-care/",0,36,0.00,23.8
"maklon sampo","https://dreamlab.id/hair-care/",0,16,0.00,36.9
"maklon serum rambut","https://dreamlab.id/hair-care/",0,29,0.00,25.4
"maklon shampoo","https://dreamlab.id/hair-care/",0,31,0.00,45.7
"mavis dreamlab","https://dreamlab.id/hair-care/",0,1,0.00,76.0
"pt karya impian laboratoris","https://dreamlab.id/hair-care/",0,3,0.00,64.7
"maklon hair care","https://dreamlab.id/hair-treatment-ampoule-maklon-haircare-dreamlab/",0,1,0.00,71.0
"maklon hair shampoo","https://dreamlab.id/hair-treatment-ampoule-maklon-haircare-dreamlab/",0,1,0.00,55.0
"maklon leave-on conditioner","https://dreamlab.id/hair-treatment-ampoule-maklon-haircare-dreamlab/",0,3,0.00,18.3
"maklon perawatan kulit kepala","https://dreamlab.id/hair-treatment-ampoule-maklon-haircare-dreamlab/",0,5,0.00,38.4
"maklon serum rambut","https://dreamlab.id/hair-treatment-ampoule-maklon-haircare-dreamlab/",0,3,0.00,36.7
"saya tinggal di indonesia. berikan saya daftar merek perawatan rambut yang layak dipertimbangkan.","https://dreamlab.id/hair-vitamin-lokal-indonesia-viral-di-korea/",0,1,0.00,1.0
"saya tinggal di indonesia. produk perawatan rambut apa yang memiliki kualitas terbaik?","https://dreamlab.id/hair-vitamin-lokal-indonesia-viral-di-korea/",0,21,0.00,8.6
"saya tinggal di indonesia. saya ingin produk perawatan rambut dengan efektivitas yang sangat tinggi.","https://dreamlab.id/hair-vitamin-lokal-indonesia-viral-di-korea/",0,1,0.00,10.0
"dreamlab","https://dreamlab.id/https-dreamlab-id-dreamlab-visit-ici-2026/",0,10,0.00,41.7
"ici 2026","https://dreamlab.id/https-dreamlab-id-dreamlab-visit-ici-2026/",0,6,0.00,19.2
"ici 2026 dimana","https://dreamlab.id/https-dreamlab-id-dreamlab-visit-ici-2026/",0,4,0.00,10.8
"ici surabaya 2026","https://dreamlab.id/https-dreamlab-id-dreamlab-visit-ici-2026/",0,2,0.00,7.5
"pameran ici 2026","https://dreamlab.id/https-dreamlab-id-dreamlab-visit-ici-2026/",0,1,0.00,11.0
"skincare","https://dreamlab.id/https-dreamlab-id-dreamlab-visit-ici-2026/",0,1,0.00,4.0
"bisnis aksesoris","https://dreamlab.id/ide-bisnis-kosmetik-2026/",0,1,0.00,1.0
"bisnis kecantikan apa saja","https://dreamlab.id/ide-bisnis-kosmetik-2026/",0,1,0.00,12.0
"keuntungan bisnis skincare my mozza","https://dreamlab.id/ide-bisnis-kosmetik-2026/",0,2,0.00,49.5
"komsmetik","https://dreamlab.id/ide-bisnis-kosmetik-2026/",0,1,0.00,2.0
"merek perawatan tubuh terbaik 2026 indonesia","https://dreamlab.id/ide-bisnis-kosmetik-2026/",0,1,0.00,6.0
"bisnis kosmetik di indonesia","https://dreamlab.id/industri-kosmetik-indonesia-terus-tumbuh/",0,2,0.00,20.5
"carikan sumbernya","https://dreamlab.id/industri-kosmetik-indonesia-terus-tumbuh/",0,1,0.00,6.0
"data industri kosmetik di indonesia","https://dreamlab.id/industri-kosmetik-indonesia-terus-tumbuh/",0,2,0.00,6.0
"data pengguna skincare di indonesia","https://dreamlab.id/industri-kosmetik-indonesia-terus-tumbuh/",0,1,0.00,57.0
"data pengguna skincare di indonesia 2025","https://dreamlab.id/industri-kosmetik-indonesia-terus-tumbuh/",0,1,0.00,42.0
"data penjualan kosmetik di indonesia 2025","https://dreamlab.id/industri-kosmetik-indonesia-terus-tumbuh/",0,4,0.00,6.0
"data penjualan kosmetik di indonesia 5 tahun terakhir","https://dreamlab.id/industri-kosmetik-indonesia-terus-tumbuh/",0,1,0.00,5.0
"data penjualan skincare","https://dreamlab.id/industri-kosmetik-indonesia-terus-tumbuh/",0,5,0.00,32.4
"data penjualan skincare di indonesia","https://dreamlab.id/industri-kosmetik-indonesia-terus-tumbuh/",0,23,0.00,34.3
"data pertumbuhan industri kosmetik di indonesia","https://dreamlab.id/industri-kosmetik-indonesia-terus-tumbuh/",0,15,0.00,3.9
"grafik pertumbuhan industri kosmetik di indonesia","https://dreamlab.id/industri-kosmetik-indonesia-terus-tumbuh/",0,12,0.00,8.3
"industri kecantikan","https://dreamlab.id/industri-kosmetik-indonesia-terus-tumbuh/",0,6,0.00,21.3
"industri kecantikan di indonesia","https://dreamlab.id/industri-kosmetik-indonesia-terus-tumbuh/",0,2,0.00,6.0
"industri kecantikan indonesia","https://dreamlab.id/industri-kosmetik-indonesia-terus-tumbuh/",0,4,0.00,5.3
"industri kosmetik","https://dreamlab.id/industri-kosmetik-indonesia-terus-tumbuh/",0,27,0.00,26.7
"industri kosmetik di indonesia","https://dreamlab.id/industri-kosmetik-indonesia-terus-tumbuh/",0,20,0.00,22.0
"industri kosmetik indonesia","https://dreamlab.id/industri-kosmetik-indonesia-terus-tumbuh/",0,1,0.00,20.0
"industri skincare","https://dreamlab.id/industri-kosmetik-indonesia-terus-tumbuh/",0,1,0.00,21.0
"industri skincare di indonesia","https://dreamlab.id/industri-kosmetik-indonesia-terus-tumbuh/",0,3,0.00,13.3
"pasar kosmetik","https://dreamlab.id/industri-kosmetik-indonesia-terus-tumbuh/",0,8,0.00,9.3
"pasar perawatan diri","https://dreamlab.id/industri-kosmetik-indonesia-terus-tumbuh/",0,1,0.00,26.0
"perkembangan industri kosmetik di indonesia","https://dreamlab.id/industri-kosmetik-indonesia-terus-tumbuh/",0,1,0.00,19.0
"pertumbuhan industri kecantikan di indonesia","https://dreamlab.id/industri-kosmetik-indonesia-terus-tumbuh/",0,1,0.00,10.0
"pertumbuhan industri kosmetik indonesia 2025","https://dreamlab.id/industri-kosmetik-indonesia-terus-tumbuh/",0,20,0.00,4.4
"pertumbuhan industri skincare di indonesia","https://dreamlab.id/industri-kosmetik-indonesia-terus-tumbuh/",0,1,0.00,5.0
"strategi pertumbuhan perusahaan skincare digital indonesia","https://dreamlab.id/industri-kosmetik-indonesia-terus-tumbuh/",0,1,0.00,11.0
"sumber datanya","https://dreamlab.id/industri-kosmetik-indonesia-terus-tumbuh/",0,1,0.00,13.0
"jasa maklon scalp scrub","https://dreamlab.id/inovasi-maklon-haircare-2026/",0,3,0.00,25.7
"maklon perawatan kulit kepala","https://dreamlab.id/inovasi-maklon-haircare-2026/",0,10,0.00,32.8
"maklon scalp scrub","https://dreamlab.id/inovasi-maklon-haircare-2026/",0,4,0.00,11.8
"saya tinggal di indonesia. berikan saya daftar produk perawatan rambut yang dikenal memiliki kemasan paling baik.","https://dreamlab.id/inovasi-maklon-haircare-2026/",0,1,0.00,1.0
"beauty care labs","https://dreamlab.id/jadwalkanvisitmeeting.php",0,1,0.00,15.0
"bloomlab surabaya","https://dreamlab.id/jadwalkanvisitmeeting.php",0,1,0.00,16.0
"dreamlab kosmetik","https://dreamlab.id/jadwalkanvisitmeeting.php",0,87,0.00,16.8
"dreamlab reviews","https://dreamlab.id/jadwalkanvisitmeeting.php",0,1,0.00,2.0
"dreamlab surabaya","https://dreamlab.id/jadwalkanvisitmeeting.php",0,30,0.00,17.4
"konsultan bpom","https://dreamlab.id/jadwalkanvisitmeeting.php",0,1,0.00,4.0
"laboratorium kosmetik","https://dreamlab.id/jadwalkanvisitmeeting.php",0,1,0.00,1.0
"maklon","https://dreamlab.id/jadwalkanvisitmeeting.php",0,2,0.00,4.5
"maklon jawa timur","https://dreamlab.id/jadwalkanvisitmeeting.php",0,1,0.00,1.0
"maklon kosmetik","https://dreamlab.id/jadwalkanvisitmeeting.php",0,2,0.00,5.0
"maklon kosmetik bandung","https://dreamlab.id/jadwalkanvisitmeeting.php",0,1,0.00,1.0
"maklon kosmetik jawa timur","https://dreamlab.id/jadwalkanvisitmeeting.php",0,6,0.00,6.3
"maklon kosmetik surabaya","https://dreamlab.id/jadwalkanvisitmeeting.php",0,5,0.00,3.6
"maklon skincare surabaya","https://dreamlab.id/jadwalkanvisitmeeting.php",0,1,0.00,7.0
"maklon surabaya","https://dreamlab.id/jadwalkanvisitmeeting.php",0,9,0.00,3.3
"maklon terdekat","https://dreamlab.id/jadwalkanvisitmeeting.php",0,1,0.00,1.0
"manufaktur kosmetik","https://dreamlab.id/jadwalkanvisitmeeting.php",0,1,0.00,1.0
"pabrik kosmetik","https://dreamlab.id/jadwalkanvisitmeeting.php",0,1,0.00,21.0
"pabrik kosmetik di jawa timur","https://dreamlab.id/jadwalkanvisitmeeting.php",0,2,0.00,17.5
"pabrik kosmetik di malang","https://dreamlab.id/jadwalkanvisitmeeting.php",0,1,0.00,1.0
"pabrik kosmetik di surabaya","https://dreamlab.id/jadwalkanvisitmeeting.php",0,3,0.00,9.7
"pabrik kosmetik mojokerto","https://dreamlab.id/jadwalkanvisitmeeting.php",0,1,0.00,1.0
"pabrik kosmetik surabaya","https://dreamlab.id/jadwalkanvisitmeeting.php",0,11,0.00,5.3
"pabrik parfum surabaya","https://dreamlab.id/jadwalkanvisitmeeting.php",0,2,0.00,1.0
"pabrik parfum terdekat","https://dreamlab.id/jadwalkanvisitmeeting.php",0,1,0.00,50.0
"perusahaan kosmetik","https://dreamlab.id/jadwalkanvisitmeeting.php",0,1,0.00,7.0
"perusahaan kosmetik di surabaya","https://dreamlab.id/jadwalkanvisitmeeting.php",0,12,0.00,2.7
"pt karya impian laboratoris","https://dreamlab.id/jadwalkanvisitmeeting.php",0,38,0.00,2.8
"pt karya impian laboratoris surabaya","https://dreamlab.id/jadwalkanvisitmeeting.php",0,12,0.00,17.1
"bar soap adalah","https://dreamlab.id/jasa-maklon-bar-soap-merek-sendiri/",0,2,0.00,10.5
"maklon sabun antibakteri","https://dreamlab.id/jasa-maklon-bar-soap-merek-sendiri/",0,17,0.00,18.5
"maklon sabun baby","https://dreamlab.id/jasa-maklon-bar-soap-merek-sendiri/",0,1,0.00,21.0
"maklon sabun cair","https://dreamlab.id/jasa-maklon-bar-soap-merek-sendiri/",0,6,0.00,50.5
"maklon sabun mandi","https://dreamlab.id/jasa-maklon-bar-soap-merek-sendiri/",0,2,0.00,47.0
"maklon sabun mandi bayi","https://dreamlab.id/jasa-maklon-bar-soap-merek-sendiri/",0,4,0.00,69.3
"maklon sabun transparan","https://dreamlab.id/jasa-maklon-bar-soap-merek-sendiri/",0,2,0.00,20.5
"sablon sabun","https://dreamlab.id/jasa-maklon-bar-soap-merek-sendiri/",0,1,0.00,4.0
"soapkini","https://dreamlab.id/jasa-maklon-bar-soap-merek-sendiri/",0,1,0.00,25.0
"jasa maklon kosmetik","https://dreamlab.id/jasa-maklon-kosmetik-bandung/",0,1,0.00,96.0
"maklon bandung","https://dreamlab.id/jasa-maklon-kosmetik-bandung/",0,5,0.00,10.4
"maklon herbal bandung","https://dreamlab.id/jasa-maklon-kosmetik-bandung/",0,6,0.00,45.7
"maklon parfum bandung","https://dreamlab.id/jasa-maklon-kosmetik-bandung/",0,5,0.00,33.6
"maklon skincare terdekat","https://dreamlab.id/jasa-maklon-kosmetik-bandung/",0,3,0.00,11.0
"pabrik kosmetik bandung","https://dreamlab.id/jasa-maklon-kosmetik-bandung/",0,2,0.00,13.0
"pabrik skincare bandung","https://dreamlab.id/jasa-maklon-kosmetik-bandung/",0,1,0.00,25.0
"sistem maklon","https://dreamlab.id/jasa-maklon-kosmetik-bandung/",0,2,0.00,16.5
"dreamlab","https://dreamlab.id/jasa-maklon-kosmetik-bpom-panduan-lengkap/",0,1,0.00,86.0
"maklon bpom","https://dreamlab.id/jasa-maklon-kosmetik-bpom-panduan-lengkap/",0,1,0.00,15.0
"maklon kosmetik","https://dreamlab.id/jasa-maklon-kosmetik-bpom-panduan-lengkap/",0,1,0.00,3.0
"maklon kosmetik bpom","https://dreamlab.id/jasa-maklon-kosmetik-bpom-panduan-lengkap/",0,11,0.00,23.6
"pt karya impian laboratoris","https://dreamlab.id/jasa-maklon-kosmetik-bpom-panduan-lengkap/",0,1,0.00,47.0
"syarat maklon kosmetik","https://dreamlab.id/jasa-maklon-kosmetik-bpom-panduan-lengkap/",0,8,0.00,22.1
"jasa maklon lip gloss","https://dreamlab.id/jasa-maklon-lipstik-bpom-terpercaya/",0,1,0.00,20.0
"jasa maklon lip serum","https://dreamlab.id/jasa-maklon-lipstik-bpom-terpercaya/",0,2,0.00,16.0
"jasa maklon lipstick","https://dreamlab.id/jasa-maklon-lipstik-bpom-terpercaya/",0,4,0.00,12.3
"maklon lipstick","https://dreamlab.id/jasa-maklon-lipstik-bpom-terpercaya/",0,6,0.00,7.8
"maklon lipstik","https://dreamlab.id/jasa-maklon-lipstik-bpom-terpercaya/",0,106,0.00,9.2
"pabrik lipstik","https://dreamlab.id/jasa-maklon-lipstik-bpom-terpercaya/",0,10,0.00,9.0
"custom parfum terdekat","https://dreamlab.id/jasa-maklon-parfum-bali-terbaik-terlengkap/",0,1,0.00,9.0
"iya","https://dreamlab.id/jasa-maklon-parfum-bali-terbaik-terlengkap/",0,1,0.00,2.0
"maklon botol parfum","https://dreamlab.id/jasa-maklon-parfum-bali-terbaik-terlengkap/",0,2,0.00,9.0
"maklon parfum bpom","https://dreamlab.id/jasa-maklon-parfum-bali-terbaik-terlengkap/",0,5,0.00,8.6
"maklon parfum terbaik di indonesia","https://dreamlab.id/jasa-maklon-parfum-bali-terbaik-terlengkap/",0,64,0.00,5.9
"pabrik kosmetik di bali","https://dreamlab.id/jasa-maklon-parfum-bali-terbaik-terlengkap/",0,16,0.00,13.9
"pabrik parfum di bali","https://dreamlab.id/jasa-maklon-parfum-bali-terbaik-terlengkap/",0,15,0.00,5.2
"pabrik parfum terdekat","https://dreamlab.id/jasa-maklon-parfum-bali-terbaik-terlengkap/",0,2,0.00,9.0
"parfum organik","https://dreamlab.id/jasa-maklon-parfum-bali-terbaik-terlengkap/",0,1,0.00,3.0
"maklon kosmetik bali","https://dreamlab.id/jasa-maklon-parfum-bali-terbaik-terlengkap/#Apa_Saja_yang_Bisa_Anda_Custom_di_Dreamlab",0,5,0.00,11.0
"maklon parfum bali","https://dreamlab.id/jasa-maklon-parfum-bali-terbaik-terlengkap/#Apa_Saja_yang_Bisa_Anda_Custom_di_Dreamlab",0,45,0.00,4.6
"maklon parfum terbaik","https://dreamlab.id/jasa-maklon-parfum-bali-terbaik-terlengkap/#Apa_Saja_yang_Bisa_Anda_Custom_di_Dreamlab",0,78,0.00,11.6
"maklon parfum terbaik di indonesia","https://dreamlab.id/jasa-maklon-parfum-bali-terbaik-terlengkap/#Apa_Saja_yang_Bisa_Anda_Custom_di_Dreamlab",0,26,0.00,10.2
"pabrik parfum di bali","https://dreamlab.id/jasa-maklon-parfum-bali-terbaik-terlengkap/#Apa_Saja_yang_Bisa_Anda_Custom_di_Dreamlab",0,8,0.00,6.0
"maklon kosmetik bali","https://dreamlab.id/jasa-maklon-parfum-bali-terbaik-terlengkap/#Miliki_Brand_Parfum_Eksklusif",0,5,0.00,11.0
"maklon parfum bali","https://dreamlab.id/jasa-maklon-parfum-bali-terbaik-terlengkap/#Miliki_Brand_Parfum_Eksklusif",0,49,0.00,4.5
"maklon parfum terbaik","https://dreamlab.id/jasa-maklon-parfum-bali-terbaik-terlengkap/#Miliki_Brand_Parfum_Eksklusif",0,102,0.00,11.4
"maklon parfum terbaik di indonesia","https://dreamlab.id/jasa-maklon-parfum-bali-terbaik-terlengkap/#Miliki_Brand_Parfum_Eksklusif",0,36,0.00,10.0
"pabrik parfum di bali","https://dreamlab.id/jasa-maklon-parfum-bali-terbaik-terlengkap/#Miliki_Brand_Parfum_Eksklusif",0,9,0.00,6.0
"maklon kosmetik bali","https://dreamlab.id/jasa-maklon-parfum-bali-terbaik-terlengkap/#Miliki_brand_parfum_dengan_aroma_Custom",0,5,0.00,11.0
"maklon parfum bali","https://dreamlab.id/jasa-maklon-parfum-bali-terbaik-terlengkap/#Miliki_brand_parfum_dengan_aroma_Custom",0,48,0.00,4.5
"maklon parfum terbaik","https://dreamlab.id/jasa-maklon-parfum-bali-terbaik-terlengkap/#Miliki_brand_parfum_dengan_aroma_Custom",0,102,0.00,11.4
"maklon parfum terbaik di indonesia","https://dreamlab.id/jasa-maklon-parfum-bali-terbaik-terlengkap/#Miliki_brand_parfum_dengan_aroma_Custom",0,36,0.00,10.0
"pabrik parfum di bali","https://dreamlab.id/jasa-maklon-parfum-bali-terbaik-terlengkap/#Miliki_brand_parfum_dengan_aroma_Custom",0,9,0.00,6.0
"cek resi sentral cargo","https://dreamlab.id/jasa-maklon-parfum-moq-rendah/",0,3,0.00,12.3
"gas","https://dreamlab.id/jasa-maklon-parfum-moq-rendah/",0,1,0.00,3.0
"maklon diffuser","https://dreamlab.id/jasa-maklon-parfum-moq-rendah/",0,7,0.00,8.0
"maklon moq rendah","https://dreamlab.id/jasa-maklon-parfum-moq-rendah/",0,33,0.00,33.1
"maklon parfum bpom","https://dreamlab.id/jasa-maklon-parfum-moq-rendah/",0,3,0.00,25.0
"maklon parfum jakarta","https://dreamlab.id/jasa-maklon-parfum-moq-rendah/",0,3,0.00,8.0
"maklon parfum terdekat","https://dreamlab.id/jasa-maklon-parfum-moq-rendah/",0,1,0.00,84.0
"maklon skincare moq rendah","https://dreamlab.id/jasa-maklon-parfum-moq-rendah/",0,1,0.00,50.0
"ya","https://dreamlab.id/jasa-maklon-parfum-moq-rendah/",0,2,0.00,2.0
"yang mana paling bagus?","https://dreamlab.id/jasa-maklon-parfum-moq-rendah/",0,1,0.00,3.0
"yes names","https://dreamlab.id/jasa-maklon-parfum-moq-rendah/",0,1,0.00,3.0
"maklon diffuser","https://dreamlab.id/jasa-maklon-parfum-moq-rendah/#Bagaimana_Cara_Membuat_Parfum_Custom_dengan_Aroma_Eksklusif",0,3,0.00,10.3
"maklon parfum moq rendah","https://dreamlab.id/jasa-maklon-parfum-moq-rendah/#Bagaimana_Cara_Membuat_Parfum_Custom_dengan_Aroma_Eksklusif",0,25,0.00,8.3
"maklon reed diffuser","https://dreamlab.id/jasa-maklon-parfum-moq-rendah/#Bagaimana_Cara_Membuat_Parfum_Custom_dengan_Aroma_Eksklusif",0,18,0.00,9.5
"maklon diffuser","https://dreamlab.id/jasa-maklon-parfum-moq-rendah/#Berapa_Minimal_Order_MOQ_Maklon_Parfum_di_Dreamlab",0,3,0.00,10.3
"maklon parfum moq rendah","https://dreamlab.id/jasa-maklon-parfum-moq-rendah/#Berapa_Minimal_Order_MOQ_Maklon_Parfum_di_Dreamlab",0,25,0.00,8.3
"maklon reed diffuser","https://dreamlab.id/jasa-maklon-parfum-moq-rendah/#Berapa_Minimal_Order_MOQ_Maklon_Parfum_di_Dreamlab",0,18,0.00,9.5
"maklon sabun baby","https://dreamlab.id/jasa-maklon-sabun-mandi-batang/",0,6,0.00,9.8
"maklon sabun batang","https://dreamlab.id/jasa-maklon-sabun-mandi-batang/",0,13,0.00,28.5
"maklon sabun herbal","https://dreamlab.id/jasa-maklon-sabun-mandi-batang/",0,3,0.00,11.0
"maklon sabun mandi bayi","https://dreamlab.id/jasa-maklon-sabun-mandi-batang/",0,14,0.00,12.1
"maklon sabun mandi cair","https://dreamlab.id/jasa-maklon-sabun-mandi-batang/",0,4,0.00,11.0
"maklon sabun organik","https://dreamlab.id/jasa-maklon-sabun-mandi-batang/",0,4,0.00,12.5
"maklon sabun transparan","https://dreamlab.id/jasa-maklon-sabun-mandi-batang/",0,12,0.00,11.3
"maklon sabun mandi bayi","https://dreamlab.id/jasa-maklon-sabun-mandi-batang/#Mengapa_Bisnis_Sabun_Mandi_Sangat_Menguntungkan",0,3,0.00,10.0
"maklon sabun mandi cair","https://dreamlab.id/jasa-maklon-sabun-mandi-batang/#Mengapa_Bisnis_Sabun_Mandi_Sangat_Menguntungkan",0,2,0.00,12.0
"maklon sabun mandi bayi","https://dreamlab.id/jasa-maklon-sabun-mandi-batang/#Perbedaan_Sabun_Produksi_Rumahan_vs_Sabun_Maklon_Profesional",0,4,0.00,10.0
"maklon sabun mandi cair","https://dreamlab.id/jasa-maklon-sabun-mandi-batang/#Perbedaan_Sabun_Produksi_Rumahan_vs_Sabun_Maklon_Profesional",0,4,0.00,11.0
"maklon sabun mandi bayi","https://dreamlab.id/jasa-maklon-sabun-mandi-batang/#Pilihan_Produk_di_Jasa_Maklon_Sabun_Mandi_Dreamlab",0,4,0.00,10.0
"maklon sabun mandi cair","https://dreamlab.id/jasa-maklon-sabun-mandi-batang/#Pilihan_Produk_di_Jasa_Maklon_Sabun_Mandi_Dreamlab",0,4,0.00,11.0
""maklon kosmetik" -site:reddit.com -site:twitter.com -site:x.com -site:wykop.pl -site:tripadvisor.com -site:youtube.com -site:yelp.com -site:booking.com -site:facebook.com -site:instagram.com -site:tiktok.com","https://dreamlab.id/jasa-maklon-sunscreen-terbaik/",0,1,0.00,1.0
"best sunscreen for small business","https://dreamlab.id/jasa-maklon-sunscreen-terbaik/",0,1,0.00,1.0
"jasa maklon sunscreen","https://dreamlab.id/jasa-maklon-sunscreen-terbaik/",0,6,0.00,10.5
"maklon sunblock","https://dreamlab.id/jasa-maklon-sunscreen-terbaik/",0,13,0.00,10.8
"maklon sunscreen","https://dreamlab.id/jasa-maklon-sunscreen-terbaik/",0,23,0.00,11.3
"suncreen terbaik","https://dreamlab.id/jasa-maklon-sunscreen-terbaik/",0,1,0.00,1.0
"sunscreen","https://dreamlab.id/jasa-maklon-sunscreen-terbaik/",0,1,0.00,1.0
"alcohol aroma","https://dreamlab.id/jenis-alkohol-dalam-parfum/",0,1,0.00,8.0
"alcohol denat","https://dreamlab.id/jenis-alkohol-dalam-parfum/",0,3,0.00,43.7
"alcohol denat adalah","https://dreamlab.id/jenis-alkohol-dalam-parfum/",0,7,0.00,14.7
"alcohol denat for perfume","https://dreamlab.id/jenis-alkohol-dalam-parfum/",0,1,0.00,1.0
"alcohol denat halal","https://dreamlab.id/jenis-alkohol-dalam-parfum/",0,1,0.00,27.0
"alcohol denat in perfume","https://dreamlab.id/jenis-alkohol-dalam-parfum/",0,1,0.00,11.0
"alcohol denat pada parfum","https://dreamlab.id/jenis-alkohol-dalam-parfum/",0,2,0.00,11.5
"alcohol parfum","https://dreamlab.id/jenis-alkohol-dalam-parfum/",0,11,0.00,7.9
"alcool pentru parfum","https://dreamlab.id/jenis-alkohol-dalam-parfum/",0,1,0.00,84.0
"alkohol 70 persen untuk parfum","https://dreamlab.id/jenis-alkohol-dalam-parfum/",0,1,0.00,28.0
"alkohol absolut untuk parfum","https://dreamlab.id/jenis-alkohol-dalam-parfum/",0,1,0.00,3.0
"alkohol apa","https://dreamlab.id/jenis-alkohol-dalam-parfum/",0,1,0.00,2.0
"alkohol apa yang digunakan untuk parfum","https://dreamlab.id/jenis-alkohol-dalam-parfum/",0,23,0.00,8.8
"alkohol buat parfum","https://dreamlab.id/jenis-alkohol-dalam-parfum/",0,23,0.00,1.1
"alkohol dalam minyak wangi","https://dreamlab.id/jenis-alkohol-dalam-parfum/",0,1,0.00,61.0
"alkohol dalam perfume","https://dreamlab.id/jenis-alkohol-dalam-parfum/",0,3,0.00,10.3
"alkohol denat adalah","https://dreamlab.id/jenis-alkohol-dalam-parfum/",0,3,0.00,9.0
"alkohol denat pada parfum","https://dreamlab.id/jenis-alkohol-dalam-parfum/",0,21,0.00,10.6
"alkohol di parfum untuk apa","https://dreamlab.id/jenis-alkohol-dalam-parfum/",0,3,0.00,11.7
"alkohol khusus parfum","https://dreamlab.id/jenis-alkohol-dalam-parfum/",0,12,0.00,4.3
"alkohol minyak wangi","https://dreamlab.id/jenis-alkohol-dalam-parfum/",0,1,0.00,3.0
"alkohol parfum","https://dreamlab.id/jenis-alkohol-dalam-parfum/",0,54,0.00,5.8
"alkohol parfum terbaik","https://dreamlab.id/jenis-alkohol-dalam-parfum/",0,21,0.00,4.4
"alkohol parfum terbuat dari apa","https://dreamlab.id/jenis-alkohol-dalam-parfum/",0,12,0.00,6.4
"alkohol parfum yang bagus","https://dreamlab.id/jenis-alkohol-dalam-parfum/",0,41,0.00,9.6
"alkohol perfume","https://dreamlab.id/jenis-alkohol-dalam-parfum/",0,1,0.00,13.0
"alkohol terbaik untuk parfum","https://dreamlab.id/jenis-alkohol-dalam-parfum/",0,8,0.00,7.1
"alkohol untuk minyak wangi","https://dreamlab.id/jenis-alkohol-dalam-parfum/",0,6,0.00,6.3
"alkohol untuk parfum","https://dreamlab.id/jenis-alkohol-dalam-parfum/",0,154,0.00,3.4
"alkohol untuk parfum berapa persen","https://dreamlab.id/jenis-alkohol-dalam-parfum/",0,2,0.00,29.0
"alkohol yang bagus untuk campuran parfum","https://dreamlab.id/jenis-alkohol-dalam-parfum/",0,6,0.00,1.0
"alkohol yang bagus untuk parfum","https://dreamlab.id/jenis-alkohol-dalam-parfum/",0,6,0.00,1.0
"alkohol yang dipakai untuk parfum","https://dreamlab.id/jenis-alkohol-dalam-parfum/",0,25,0.00,8.0
"apa itu alkohol denat","https://dreamlab.id/jenis-alkohol-dalam-parfum/",0,2,0.00,7.0
"apakah absolute sama dengan alkohol","https://dreamlab.id/jenis-alkohol-dalam-parfum/",0,1,0.00,2.0
"apakah alkohol medis bisa untuk parfum","https://dreamlab.id/jenis-alkohol-dalam-parfum/",0,2,0.00,6.5
"apakah alkohol parfum sama dengan alkohol biasa","https://dreamlab.id/jenis-alkohol-dalam-parfum/",0,1,0.00,1.0
"apakah eau de parfum mengandung alkohol","https://dreamlab.id/jenis-alkohol-dalam-parfum/",0,3,0.00,1.0
"apakah fixative mengandung alkohol","https://dreamlab.id/jenis-alkohol-dalam-parfum/",0,1,0.00,8.0
"apakah parfum ada alkoholnya","https://dreamlab.id/jenis-alkohol-dalam-parfum/",0,6,0.00,12.7
"apakah parfum fresh mengandung alkohol","https://dreamlab.id/jenis-alkohol-dalam-parfum/",0,3,0.00,8.7
"apakah parfum jpg mengandung alkohol","https://dreamlab.id/jenis-alkohol-dalam-parfum/",0,1,0.00,8.0
"aroma alcohol","https://dreamlab.id/jenis-alkohol-dalam-parfum/",0,1,0.00,1.0
"aroma alkohol","https://dreamlab.id/jenis-alkohol-dalam-parfum/",0,6,0.00,11.7
"aroma alkohol seperti apa","https://dreamlab.id/jenis-alkohol-dalam-parfum/",0,2,0.00,13.0
"bau alkohol parfum seperti apa","https://dreamlab.id/jenis-alkohol-dalam-parfum/",0,10,0.00,10.2
"beda edp dan edt","https://dreamlab.id/jenis-alkohol-dalam-parfum/",0,1,0.00,1.0
"cair seperti air","https://dreamlab.id/jenis-alkohol-dalam-parfum/",0,1,0.00,1.0
"campuran alkohol untuk parfum","https://dreamlab.id/jenis-alkohol-dalam-parfum/",0,2,0.00,49.5
"campuran minyak wangi","https://dreamlab.id/jenis-alkohol-dalam-parfum/",0,1,0.00,3.0
"campuran parfum selain alkohol","https://dreamlab.id/jenis-alkohol-dalam-parfum/",0,1,0.00,1.0
"cara agar parfum tidak bau alkohol","https://dreamlab.id/jenis-alkohol-dalam-parfum/",0,1,0.00,12.0
"cara mengetahui parfum yang mengandung alkohol","https://dreamlab.id/jenis-alkohol-dalam-parfum/",0,5,0.00,9.6
"ciri ciri parfum beralkohol","https://dreamlab.id/jenis-alkohol-dalam-parfum/",0,1,0.00,24.0
"denat parfum","https://dreamlab.id/jenis-alkohol-dalam-parfum/",0,1,0.00,12.0
"denatured alcohol adalah","https://dreamlab.id/jenis-alkohol-dalam-parfum/",0,12,0.00,15.2
"dpg","https://dreamlab.id/jenis-alkohol-dalam-parfum/",0,1,0.00,3.0
"dpg parfum","https://dreamlab.id/jenis-alkohol-dalam-parfum/",0,1,0.00,3.0
"etanol parfum","https://dreamlab.id/jenis-alkohol-dalam-parfum/",0,4,0.00,57.3
"etanol untuk parfum","https://dreamlab.id/jenis-alkohol-dalam-parfum/",0,15,0.00,37.5
"ethanol dalam parfum","https://dreamlab.id/jenis-alkohol-dalam-parfum/",0,5,0.00,1.0
"ethanol itu apa","https://dreamlab.id/jenis-alkohol-dalam-parfum/",0,1,0.00,3.0
"ethanol parfum","https://dreamlab.id/jenis-alkohol-dalam-parfum/",0,7,0.00,29.1
"ethyl alcohol pada parfum","https://dreamlab.id/jenis-alkohol-dalam-parfum/",0,7,0.00,5.7
"fres & natural","https://dreamlab.id/jenis-alkohol-dalam-parfum/",0,1,0.00,2.0
"fungsi alkohol dalam minyak wangi","https://dreamlab.id/jenis-alkohol-dalam-parfum/",0,6,0.00,51.8
"fungsi alkohol dalam parfum","https://dreamlab.id/jenis-alkohol-dalam-parfum/",0,3,0.00,14.7
"fungsi alkohol di parfum","https://dreamlab.id/jenis-alkohol-dalam-parfum/",0,2,0.00,12.0
"fungsi alkohol pada parfum","https://dreamlab.id/jenis-alkohol-dalam-parfum/",0,4,0.00,23.0
"fungsi alkohol untuk parfum","https://dreamlab.id/jenis-alkohol-dalam-parfum/",0,1,0.00,11.0
"fungsi dpg pada parfum","https://dreamlab.id/jenis-alkohol-dalam-parfum/",0,1,0.00,7.0
"guna alkohol di parfum","https://dreamlab.id/jenis-alkohol-dalam-parfum/",0,1,0.00,1.0
"ingredients parfum","https://dreamlab.id/jenis-alkohol-dalam-parfum/",0,1,0.00,1.0
"jenis alkohol dalam minyak wangi","https://dreamlab.id/jenis-alkohol-dalam-parfum/",0,3,0.00,60.7
"jenis alkohol untuk parfum","https://dreamlab.id/jenis-alkohol-dalam-parfum/",0,27,0.00,11.0
"kandungan alkohol dalam minyak wangi","https://dreamlab.id/jenis-alkohol-dalam-parfum/",0,1,0.00,65.0
"kandungan parfum dan alcohol yang ada dalam produk melto masing-masing adalah adalah … dan ….","https://dreamlab.id/jenis-alkohol-dalam-parfum/",0,41,0.00,11.1
"kegunaan alkohol di parfum","https://dreamlab.id/jenis-alkohol-dalam-parfum/",0,14,0.00,10.7
"kegunaan metanol untuk parfum","https://dreamlab.id/jenis-alkohol-dalam-parfum/",0,1,0.00,3.0
"membuat parfum","https://dreamlab.id/jenis-alkohol-dalam-parfum/",0,1,0.00,2.0
"metanol untuk parfum","https://dreamlab.id/jenis-alkohol-dalam-parfum/",0,2,0.00,3.0
"minyak wangi alkohol","https://dreamlab.id/jenis-alkohol-dalam-parfum/",0,3,0.00,66.0
"miras halal","https://dreamlab.id/jenis-alkohol-dalam-parfum/",0,1,0.00,3.0
"parfum alkohol","https://dreamlab.id/jenis-alkohol-dalam-parfum/",0,15,0.00,21.9
"pelarut bibit parfum terbaik","https://dreamlab.id/jenis-alkohol-dalam-parfum/",0,1,0.00,3.0
"perbedaan alkohol food grade dan non food grade","https://dreamlab.id/jenis-alkohol-dalam-parfum/",0,1,0.00,8.0
"perbedaan parfum edt dan edp","https://dreamlab.id/jenis-alkohol-dalam-parfum/",0,1,0.00,1.0
"solvent adalah","https://dreamlab.id/jenis-alkohol-dalam-parfum/",0,1,0.00,3.0
"solviol adalah","https://dreamlab.id/jenis-alkohol-dalam-parfum/",0,1,0.00,3.0
"ya","https://dreamlab.id/jenis-alkohol-dalam-parfum/",0,2,0.00,4.5
"box parfum mewah","https://dreamlab.id/jenis-packaging-box-parfum/",0,3,0.00,8.3
"hardbox parfum","https://dreamlab.id/jenis-packaging-box-parfum/",0,3,0.00,38.3
"packaging parfum mewah","https://dreamlab.id/jenis-packaging-box-parfum/",0,9,0.00,8.2
"jenis jenis vitamin c","https://dreamlab.id/jenis-vitamin-c-whitening-terbaik/",0,1,0.00,49.0
"jenis vitamin c","https://dreamlab.id/jenis-vitamin-c-whitening-terbaik/",0,1,0.00,3.0
"apa arti dosting","https://dreamlab.id/lulur-vs-hb-dosting/",0,2,0.00,6.0
"apa arti hb dosting","https://dreamlab.id/lulur-vs-hb-dosting/",0,1,0.00,1.0
"apa hb dosting","https://dreamlab.id/lulur-vs-hb-dosting/",0,2,0.00,1.0
"apa hb dosting aman","https://dreamlab.id/lulur-vs-hb-dosting/",0,1,0.00,1.0
"apa itu dosting","https://dreamlab.id/lulur-vs-hb-dosting/",0,14,0.00,1.7
"apa itu hb bodycare","https://dreamlab.id/lulur-vs-hb-dosting/",0,2,0.00,2.0
"apa itu hb pemutih","https://dreamlab.id/lulur-vs-hb-dosting/",0,1,0.00,3.0
"apakah bmg hb dosting","https://dreamlab.id/lulur-vs-hb-dosting/",0,1,0.00,1.0
"apakah hb dosting","https://dreamlab.id/lulur-vs-hb-dosting/",0,1,0.00,1.0
"arti dosting","https://dreamlab.id/lulur-vs-hb-dosting/",0,2,0.00,1.0
"arti hb dosting","https://dreamlab.id/lulur-vs-hb-dosting/",0,1,0.00,1.0
"bahan hb dosting","https://dreamlab.id/lulur-vs-hb-dosting/",0,2,0.00,1.0
"bh dosting","https://dreamlab.id/lulur-vs-hb-dosting/",0,1,0.00,3.0
"body lotion hb","https://dreamlab.id/lulur-vs-hb-dosting/",0,3,0.00,1.0
"body lotion hb dosting","https://dreamlab.id/lulur-vs-hb-dosting/",0,3,0.00,1.0
"cara kerja hb dosting","https://dreamlab.id/lulur-vs-hb-dosting/",0,16,0.00,4.3
"cara membuat hb dosting","https://dreamlab.id/lulur-vs-hb-dosting/",0,3,0.00,1.0
"cara membuat hb pemutih","https://dreamlab.id/lulur-vs-hb-dosting/",0,1,0.00,3.0
"cara meracik hb dosting","https://dreamlab.id/lulur-vs-hb-dosting/",0,2,0.00,2.0
"contoh hb dosting","https://dreamlab.id/lulur-vs-hb-dosting/",0,17,0.00,1.3
"cream hb","https://dreamlab.id/lulur-vs-hb-dosting/",0,1,0.00,1.0
"dosting","https://dreamlab.id/lulur-vs-hb-dosting/",0,1,0.00,2.0
"dosting adalah","https://dreamlab.id/lulur-vs-hb-dosting/",0,125,0.00,1.0
"dosting artinya","https://dreamlab.id/lulur-vs-hb-dosting/",0,11,0.00,1.0
"dosting hb","https://dreamlab.id/lulur-vs-hb-dosting/",0,10,0.00,1.0
"fungsi hb dosting","https://dreamlab.id/lulur-vs-hb-dosting/",0,2,0.00,1.5
"gambar hb dosting","https://dreamlab.id/lulur-vs-hb-dosting/",0,2,0.00,2.0
"hand body dosting","https://dreamlab.id/lulur-vs-hb-dosting/",0,2,0.00,1.0
"hand body dosting adalah","https://dreamlab.id/lulur-vs-hb-dosting/",0,2,0.00,1.0
"handbody dosting adalah","https://dreamlab.id/lulur-vs-hb-dosting/",0,7,0.00,1.3
"handbody hb","https://dreamlab.id/lulur-vs-hb-dosting/",0,10,0.00,1.0
"handbody hb dosting","https://dreamlab.id/lulur-vs-hb-dosting/",0,2,0.00,1.0
"handbody hnk","https://dreamlab.id/lulur-vs-hb-dosting/",0,1,0.00,2.0
"hb anggur dosting","https://dreamlab.id/lulur-vs-hb-dosting/",0,1,0.00,1.0
"hb body lotion","https://dreamlab.id/lulur-vs-hb-dosting/",0,4,0.00,1.0
"hb bodycare","https://dreamlab.id/lulur-vs-hb-dosting/",0,1,0.00,3.0
"hb bodycare adalah","https://dreamlab.id/lulur-vs-hb-dosting/",0,1,0.00,1.0
"hb doasting","https://dreamlab.id/lulur-vs-hb-dosting/",0,1,0.00,1.0
"hb doating","https://dreamlab.id/lulur-vs-hb-dosting/",0,4,0.00,1.3
"hb dostin","https://dreamlab.id/lulur-vs-hb-dosting/",0,7,0.00,1.0
"hb dosting","https://dreamlab.id/lulur-vs-hb-dosting/",0,435,0.00,1.1
"hb dosting adalah","https://dreamlab.id/lulur-vs-hb-dosting/",0,357,0.00,1.2
"hb dosting anggur","https://dreamlab.id/lulur-vs-hb-dosting/",0,5,0.00,1.4
"hb dosting anggur adalah","https://dreamlab.id/lulur-vs-hb-dosting/",0,1,0.00,1.0
"hb dosting apa","https://dreamlab.id/lulur-vs-hb-dosting/",0,7,0.00,1.1
"hb dosting apakah aman","https://dreamlab.id/lulur-vs-hb-dosting/",0,1,0.00,1.0
"hb dosting apakah aman untuk kulit","https://dreamlab.id/lulur-vs-hb-dosting/",0,1,0.00,2.0
"hb dosting bmg","https://dreamlab.id/lulur-vs-hb-dosting/",0,3,0.00,1.0
"hb dosting bpom","https://dreamlab.id/lulur-vs-hb-dosting/",0,24,0.00,1.2
"hb dosting bpom apa saja","https://dreamlab.id/lulur-vs-hb-dosting/",0,7,0.00,1.0
"hb dosting bpom terbaik","https://dreamlab.id/lulur-vs-hb-dosting/",0,3,0.00,1.0
"hb dosting doktif","https://dreamlab.id/lulur-vs-hb-dosting/",0,1,0.00,3.0
"hb dosting farmasi","https://dreamlab.id/lulur-vs-hb-dosting/",0,4,0.00,1.0
"hb dosting harga","https://dreamlab.id/lulur-vs-hb-dosting/",0,2,0.00,1.0
"hb dosting itu apa","https://dreamlab.id/lulur-vs-hb-dosting/",0,24,0.00,1.2
"hb dosting kuning","https://dreamlab.id/lulur-vs-hb-dosting/",0,2,0.00,1.0
"hb dosting mencerahkan","https://dreamlab.id/lulur-vs-hb-dosting/",0,1,0.00,1.0
"hb dosting newlab","https://dreamlab.id/lulur-vs-hb-dosting/",0,1,0.00,3.0
"hb dosting paling ampuh","https://dreamlab.id/lulur-vs-hb-dosting/",0,2,0.00,1.0
"hb dosting paling bagus merk apa","https://dreamlab.id/lulur-vs-hb-dosting/",0,1,0.00,1.0
"hb dosting pemutih badan","https://dreamlab.id/lulur-vs-hb-dosting/",0,1,0.00,5.0
"hb dosting pink","https://dreamlab.id/lulur-vs-hb-dosting/",0,1,0.00,2.0
"hb dosting purbasari","https://dreamlab.id/lulur-vs-hb-dosting/",0,1,0.00,3.0
"hb dosting rekomendasi","https://dreamlab.id/lulur-vs-hb-dosting/",0,2,0.00,2.0
"hb dosting sheriz","https://dreamlab.id/lulur-vs-hb-dosting/",0,1,0.00,3.0
"hb dosting tazzi","https://dreamlab.id/lulur-vs-hb-dosting/",0,1,0.00,3.0
"hb dosting terampuh bpom","https://dreamlab.id/lulur-vs-hb-dosting/",0,1,0.00,1.0
"hb dosting terbaik","https://dreamlab.id/lulur-vs-hb-dosting/",0,1,0.00,1.0
"hb dosting tinggi","https://dreamlab.id/lulur-vs-hb-dosting/",0,2,0.00,1.0
"hb dosting ungu","https://dreamlab.id/lulur-vs-hb-dosting/",0,4,0.00,1.0
"hb dosting yang aman","https://dreamlab.id/lulur-vs-hb-dosting/",0,9,0.00,1.0
"hb dosting yang aman dan sudah bpom","https://dreamlab.id/lulur-vs-hb-dosting/",0,9,0.00,1.0
"hb dosting yang bagus","https://dreamlab.id/lulur-vs-hb-dosting/",0,1,0.00,1.0
"hb dosting yang bagus dan aman","https://dreamlab.id/lulur-vs-hb-dosting/",0,6,0.00,1.8
"hb dosting yang bagus dan bpom","https://dreamlab.id/lulur-vs-hb-dosting/",0,2,0.00,1.0
"hb dosting yang bpom","https://dreamlab.id/lulur-vs-hb-dosting/",0,6,0.00,1.0
"hb dosting yang sudah bpom","https://dreamlab.id/lulur-vs-hb-dosting/",0,15,0.00,1.1
"hb dosting yg aman","https://dreamlab.id/lulur-vs-hb-dosting/",0,3,0.00,1.0
"hb dostinh","https://dreamlab.id/lulur-vs-hb-dosting/",0,3,0.00,1.0
"hb farmasi","https://dreamlab.id/lulur-vs-hb-dosting/",0,1,0.00,3.0
"hb farmaskin","https://dreamlab.id/lulur-vs-hb-dosting/",0,1,0.00,3.0
"hb handbody","https://dreamlab.id/lulur-vs-hb-dosting/",0,3,0.00,1.0
"hb jasmine apakah sudah bpom","https://dreamlab.id/lulur-vs-hb-dosting/",0,1,0.00,3.0
"hb kosmetik adalah","https://dreamlab.id/lulur-vs-hb-dosting/",0,3,0.00,1.0
"hb ln khanza apakah sudah bpom","https://dreamlab.id/lulur-vs-hb-dosting/",0,1,0.00,4.0
"hb lotion adalah","https://dreamlab.id/lulur-vs-hb-dosting/",0,6,0.00,1.0
"hb moreglow","https://dreamlab.id/lulur-vs-hb-dosting/",0,2,0.00,2.5
"hb night","https://dreamlab.id/lulur-vs-hb-dosting/",0,1,0.00,3.0
"hb pemutih","https://dreamlab.id/lulur-vs-hb-dosting/",0,1,0.00,3.0
"hb pemutih badan","https://dreamlab.id/lulur-vs-hb-dosting/",0,1,0.00,2.0
"hb rd apakah bpom","https://dreamlab.id/lulur-vs-hb-dosting/",0,1,0.00,3.0
"hb skinflair","https://dreamlab.id/lulur-vs-hb-dosting/",0,1,0.00,2.0
"hb vskin","https://dreamlab.id/lulur-vs-hb-dosting/",0,5,0.00,2.6
"hb whitening","https://dreamlab.id/lulur-vs-hb-dosting/",0,4,0.00,1.0
"hbdosting","https://dreamlab.id/lulur-vs-hb-dosting/",0,2,0.00,1.0
"kandungan hb dosting","https://dreamlab.id/lulur-vs-hb-dosting/",0,6,0.00,1.7
"kegunaan hb dosting","https://dreamlab.id/lulur-vs-hb-dosting/",0,2,0.00,1.5
"kepanjangan hb dosting","https://dreamlab.id/lulur-vs-hb-dosting/",0,8,0.00,1.0
"komposisi hb dosting","https://dreamlab.id/lulur-vs-hb-dosting/",0,4,0.00,1.0
"logo hb dosting","https://dreamlab.id/lulur-vs-hb-dosting/",0,1,0.00,4.0
"lotion dosting","https://dreamlab.id/lulur-vs-hb-dosting/",0,1,0.00,1.0
"lotion hb","https://dreamlab.id/lulur-vs-hb-dosting/",0,2,0.00,1.0
"lotion hb dosting","https://dreamlab.id/lulur-vs-hb-dosting/",0,7,0.00,1.0
"merk hb dosting bpom","https://dreamlab.id/lulur-vs-hb-dosting/",0,3,0.00,1.0
"pakai hb apa biar cepat putih","https://dreamlab.id/lulur-vs-hb-dosting/",0,1,0.00,2.0
"pakai hb dosting berapa kali sehari","https://dreamlab.id/lulur-vs-hb-dosting/",0,1,0.00,3.0
"perbedaan hb booster dan hb dosting","https://dreamlab.id/lulur-vs-hb-dosting/",0,5,0.00,1.0
"perbedaan hb dosting dan body lotion","https://dreamlab.id/lulur-vs-hb-dosting/",0,11,0.00,5.2
"perbedaan hb dosting dan hb booster","https://dreamlab.id/lulur-vs-hb-dosting/",0,5,0.00,1.0
"perbedaan hb dosting noera kuning dan ungu","https://dreamlab.id/lulur-vs-hb-dosting/",0,2,0.00,3.0
"produk hb dosting bpom","https://dreamlab.id/lulur-vs-hb-dosting/",0,1,0.00,1.0
"rekomendasi","https://dreamlab.id/lulur-vs-hb-dosting/",0,1,0.00,17.0
"rekomendasi hb dosting","https://dreamlab.id/lulur-vs-hb-dosting/",0,4,0.00,1.0
"rekomendasi hb dosting bpom","https://dreamlab.id/lulur-vs-hb-dosting/",0,4,0.00,1.8
"rekomendasi hb dosting pemutih badan bpom","https://dreamlab.id/lulur-vs-hb-dosting/",0,4,0.00,1.0
"singkatan hb dosting","https://dreamlab.id/lulur-vs-hb-dosting/",0,7,0.00,1.1
"testi hb dosting","https://dreamlab.id/lulur-vs-hb-dosting/",0,1,0.00,1.0
"urutan pakai hb dosting","https://dreamlab.id/lulur-vs-hb-dosting/",0,3,0.00,1.0
"dreamlab","https://dreamlab.id/maklon-all-day-cream/",0,7,0.00,74.1
"maklon bergaransi","https://dreamlab.id/maklon-all-day-cream/",0,4,0.00,51.0
"maklon bersertifikasi halal","https://dreamlab.id/maklon-all-day-cream/",0,8,0.00,52.9
"maklon moisturizer","https://dreamlab.id/maklon-all-day-cream/",0,4,0.00,20.3
"pt karya impian laboratoris","https://dreamlab.id/maklon-all-day-cream/",0,1,0.00,56.0
"maklon pelembap bayi","https://dreamlab.id/maklon-body-lotion-dupe-highend/",0,1,0.00,17.0
"dreamlab","https://dreamlab.id/maklon-body-wash-berkualitas-dan-bersertifikat-bpom/",0,1,0.00,72.0
"jasa maklon body wash","https://dreamlab.id/maklon-body-wash-berkualitas-dan-bersertifikat-bpom/",0,1,0.00,16.0
"maklon body wash","https://dreamlab.id/maklon-body-wash-berkualitas-dan-bersertifikat-bpom/",0,63,0.00,9.4
"maklon perawatan kulit untuk ibu hamil","https://dreamlab.id/maklon-body-wash-berkualitas-dan-bersertifikat-bpom/",0,14,0.00,25.0
"maklon sabun mandi","https://dreamlab.id/maklon-body-wash-berkualitas-dan-bersertifikat-bpom/",0,6,0.00,1.0
"maklon handbody","https://dreamlab.id/maklon-body-whitening-formula-juara/",0,6,0.00,18.7
"maklon sabun pemutih (pencerah)","https://dreamlab.id/maklon-body-whitening-formula-juara/",0,31,0.00,28.2
"maklon suplemen kecantikan","https://dreamlab.id/maklon-body-whitening-formula-juara/",0,20,0.00,30.0
"maklon whitening drink","https://dreamlab.id/maklon-body-whitening-formula-juara/",0,3,0.00,39.0
"bodycare pemula","https://dreamlab.id/maklon-bodycare-dreamlab-moq-fleksibel/",0,2,0.00,14.0
"dreamlab","https://dreamlab.id/maklon-bodycare-dreamlab-moq-fleksibel/",0,16,0.00,19.7
"dreamlab kosmetik","https://dreamlab.id/maklon-bodycare-dreamlab-moq-fleksibel/",0,15,0.00,9.7
"dreamlab official website","https://dreamlab.id/maklon-bodycare-dreamlab-moq-fleksibel/",0,1,0.00,8.0
"maklon body cream","https://dreamlab.id/maklon-bodycare-dreamlab-moq-fleksibel/",0,1,0.00,12.0
"maklon body lotion","https://dreamlab.id/maklon-bodycare-dreamlab-moq-fleksibel/",0,41,0.00,10.9
"maklon bodycare","https://dreamlab.id/maklon-bodycare-dreamlab-moq-fleksibel/",0,56,0.00,16.3
"maklon foot care","https://dreamlab.id/maklon-bodycare-dreamlab-moq-fleksibel/",0,2,0.00,31.0
"maklon hand body cream","https://dreamlab.id/maklon-bodycare-dreamlab-moq-fleksibel/",0,1,0.00,27.0
"maklon handbody","https://dreamlab.id/maklon-bodycare-dreamlab-moq-fleksibel/",0,10,0.00,28.6
"maklon body mist","https://dreamlab.id/maklon-bodymist/",0,38,0.00,17.4
"maklon face mist","https://dreamlab.id/maklon-bodymist/",0,3,0.00,42.3
"buat brand kosmetik sendiri","https://dreamlab.id/maklon-brand-kosmetik-sendiri-100pcs-pemula/",0,3,0.00,17.3
"dreamlab","https://dreamlab.id/maklon-brand-kosmetik-sendiri-100pcs-pemula/",0,11,0.00,50.5
"dreamlab kosmetik","https://dreamlab.id/maklon-brand-kosmetik-sendiri-100pcs-pemula/",0,1,0.00,8.0
"iya mau","https://dreamlab.id/maklon-brand-kosmetik-sendiri-100pcs-pemula/",0,1,0.00,3.0
"maklon brand sendiri","https://dreamlab.id/maklon-brand-kosmetik-sendiri-100pcs-pemula/",0,8,0.00,7.3
"maklon kosmetik moq 100 pcs","https://dreamlab.id/maklon-brand-kosmetik-sendiri-100pcs-pemula/",0,2,0.00,39.5
"maklon makeup","https://dreamlab.id/maklon-brand-kosmetik-sendiri-100pcs-pemula/",0,3,0.00,46.7
"maklon powder cosmetic industry","https://dreamlab.id/maklon-brand-kosmetik-sendiri-100pcs-pemula/",0,2,0.00,45.0
"maklon skincare","https://dreamlab.id/maklon-brand-kosmetik-sendiri-100pcs-pemula/",0,18,0.00,64.4
"mavis dreamlab","https://dreamlab.id/maklon-brand-kosmetik-sendiri-100pcs-pemula/",0,2,0.00,39.5
"pt karya impian laboratoris","https://dreamlab.id/maklon-brand-kosmetik-sendiri-100pcs-pemula/",0,5,0.00,47.6
"yang lain","https://dreamlab.id/maklon-brand-kosmetik-sendiri-100pcs-pemula/",0,1,0.00,6.0
"dreamlab","https://dreamlab.id/maklon-cream-anti-aging/",0,5,0.00,85.8
"maklon krim mata","https://dreamlab.id/maklon-cream-anti-aging/",0,25,0.00,29.4
"pt karya impian laboratoris","https://dreamlab.id/maklon-cream-anti-aging/",0,3,0.00,69.3
"maklon face mist","https://dreamlab.id/maklon-face-mist/",0,4,0.00,11.8
"face wash gentle adalah","https://dreamlab.id/maklon-facial-wash-gentle/",0,1,0.00,50.0
"gentle adalah","https://dreamlab.id/maklon-facial-wash-gentle/",0,1,0.00,38.0
"gentle ingredients","https://dreamlab.id/maklon-facial-wash-gentle/",0,2,0.00,9.0
"dreamlab","https://dreamlab.id/maklon-footcare-dreamlab/",0,2,0.00,51.5
"maklon foot care","https://dreamlab.id/maklon-footcare-dreamlab/",0,22,0.00,8.5
"maklon krim kaki","https://dreamlab.id/maklon-footcare-dreamlab/",0,15,0.00,16.3
"kesalahan maklon produk","https://dreamlab.id/maklon-hair-care-kesalahan-pemula-brand/",0,3,0.00,15.3
"maklon hair care","https://dreamlab.id/maklon-hair-care-kesalahan-pemula-brand/",0,1,0.00,20.0
"maklon kondisioner","https://dreamlab.id/maklon-hair-care-kesalahan-pemula-brand/",0,5,0.00,22.0
"maklon minyak rambut","https://dreamlab.id/maklon-hair-care-kesalahan-pemula-brand/",0,1,0.00,23.0
"maklon serum rambut","https://dreamlab.id/maklon-hair-care-kesalahan-pemula-brand/",0,10,0.00,30.9
"jasa maklon hair mask","https://dreamlab.id/maklon-hair-treatment-salon-premium/",0,2,0.00,17.0
"jasa maklon hair spray","https://dreamlab.id/maklon-hair-treatment-salon-premium/",0,1,0.00,51.0
"maklon hair care","https://dreamlab.id/maklon-hair-treatment-salon-premium/",0,7,0.00,44.6
"maklon hair mask","https://dreamlab.id/maklon-hair-treatment-salon-premium/",0,11,0.00,16.4
"maklon hair removal","https://dreamlab.id/maklon-hair-treatment-salon-premium/",0,1,0.00,39.0
"maklon hair shampoo","https://dreamlab.id/maklon-hair-treatment-salon-premium/",0,1,0.00,72.0
"maklon hair spray","https://dreamlab.id/maklon-hair-treatment-salon-premium/",0,3,0.00,33.7
"maklon masker rambut","https://dreamlab.id/maklon-hair-treatment-salon-premium/",0,47,0.00,11.8
"maklon perawatan kulit kepala","https://dreamlab.id/maklon-hair-treatment-salon-premium/",0,5,0.00,46.8
"maklon skincare medan","https://dreamlab.id/maklon-hair-treatment-salon-premium/",0,1,0.00,1.0
"treatment salon","https://dreamlab.id/maklon-hair-treatment-salon-premium/",0,1,0.00,3.0
"maklin","https://dreamlab.id/maklon-haircare/",0,10,0.00,8.1
"hair mist manufacturer","https://dreamlab.id/maklon-hairmist/",0,1,0.00,6.0
"maklon hair care","https://dreamlab.id/maklon-hairmist/",0,40,0.00,25.0
"maklon hair spray","https://dreamlab.id/maklon-hairmist/",0,1,0.00,12.0
"maklon kondisioner","https://dreamlab.id/maklon-hairmist/",0,1,0.00,27.0
"maklon masker rambut","https://dreamlab.id/maklon-hairmist/",0,4,0.00,35.0
"maklon minyak rambut","https://dreamlab.id/maklon-hairmist/",0,12,0.00,33.0
"maklon perawatan kulit kepala","https://dreamlab.id/maklon-hairmist/",0,19,0.00,34.1
"maklon serum rambut","https://dreamlab.id/maklon-hairmist/",0,18,0.00,27.1
"dreamlab","https://dreamlab.id/maklon-jakarta-terbaik/",0,7,0.00,39.6
"jasa maklon jabodetabek","https://dreamlab.id/maklon-jakarta-terbaik/",0,1,0.00,18.0
"jasa maklon jakarta","https://dreamlab.id/maklon-jakarta-terbaik/",0,11,0.00,21.0
"jasa maklon kosmetik jakarta","https://dreamlab.id/maklon-jakarta-terbaik/",0,10,0.00,25.8
"jasa maklon skincare terbaik","https://dreamlab.id/maklon-jakarta-terbaik/",0,1,0.00,44.0
"kenapa","https://dreamlab.id/maklon-jakarta-terbaik/",0,1,0.00,1.0
"maklon kosmetik jakarta","https://dreamlab.id/maklon-jakarta-terbaik/",0,143,0.00,19.5
"maklon skincare terbaik","https://dreamlab.id/maklon-jakarta-terbaik/",0,5,0.00,76.4
"pabrik kosmetik jakarta","https://dreamlab.id/maklon-jakarta-terbaik/",0,1,0.00,23.0
"pabrik maklon jabodetabek","https://dreamlab.id/maklon-jakarta-terbaik/",0,1,0.00,13.0
"pabrik maklon kosmetik jakarta","https://dreamlab.id/maklon-jakarta-terbaik/",0,5,0.00,38.4
"pabrik skincare jakarta","https://dreamlab.id/maklon-jakarta-terbaik/",0,2,0.00,16.5
"perusahaan kosmetik di jakarta","https://dreamlab.id/maklon-jakarta-terbaik/",0,3,0.00,63.7
"pt karya impian laboratoris","https://dreamlab.id/maklon-jakarta-terbaik/",0,7,0.00,53.3
"ya mau","https://dreamlab.id/maklon-jakarta-terbaik/",0,1,0.00,6.0
"maklon jakarta","https://dreamlab.id/maklon-jakarta-terbaik/#Frequently_Asked_Questions_FAQ",0,1,0.00,11.0
"maklon kosmetik jakarta","https://dreamlab.id/maklon-jakarta-terbaik/#Frequently_Asked_Questions_FAQ",0,6,0.00,10.8
"maklon skincare jakarta","https://dreamlab.id/maklon-jakarta-terbaik/#Frequently_Asked_Questions_FAQ",0,4,0.00,9.5
"maklon jakarta","https://dreamlab.id/maklon-jakarta-terbaik/#Kenapa_Harus_Produksi_Skincare_Kamu_di_Pabrik_CPKB",0,1,0.00,11.0
"maklon kosmetik jakarta","https://dreamlab.id/maklon-jakarta-terbaik/#Kenapa_Harus_Produksi_Skincare_Kamu_di_Pabrik_CPKB",0,2,0.00,11.0
"maklon skincare jakarta","https://dreamlab.id/maklon-jakarta-terbaik/#Kenapa_Harus_Produksi_Skincare_Kamu_di_Pabrik_CPKB",0,6,0.00,9.0
"maklon jakarta","https://dreamlab.id/maklon-jakarta-terbaik/#Kenapa_Kamu_Harus_Memilih_Dreamlab_Sebagai_Maklon_Kamu",0,1,0.00,11.0
"maklon kosmetik jakarta","https://dreamlab.id/maklon-jakarta-terbaik/#Kenapa_Kamu_Harus_Memilih_Dreamlab_Sebagai_Maklon_Kamu",0,6,0.00,10.8
"maklon skincare jakarta","https://dreamlab.id/maklon-jakarta-terbaik/#Kenapa_Kamu_Harus_Memilih_Dreamlab_Sebagai_Maklon_Kamu",0,6,0.00,9.0
"maklon jakarta","https://dreamlab.id/maklon-jakarta-terbaik/#Konsultasi_Mudah_di_Dreamlab",0,1,0.00,11.0
"maklon kosmetik jakarta","https://dreamlab.id/maklon-jakarta-terbaik/#Konsultasi_Mudah_di_Dreamlab",0,2,0.00,11.0
"maklon skincare jakarta","https://dreamlab.id/maklon-jakarta-terbaik/#Konsultasi_Mudah_di_Dreamlab",0,4,0.00,9.5
"maklon jakarta","https://dreamlab.id/maklon-jakarta-terbaik/#Layanan_One-Stop_Service",0,1,0.00,11.0
"maklon kosmetik jakarta","https://dreamlab.id/maklon-jakarta-terbaik/#Layanan_One-Stop_Service",0,2,0.00,11.0
"maklon skincare jakarta","https://dreamlab.id/maklon-jakarta-terbaik/#Layanan_One-Stop_Service",0,4,0.00,9.5
"dreamlab","https://dreamlab.id/maklon-kosmetik-ibu-hamil/",0,3,0.00,72.0
"maklon perawatan kulit untuk ibu hamil","https://dreamlab.id/maklon-kosmetik-ibu-hamil/",0,95,0.00,6.4
"dreamlab kosmetik","https://dreamlab.id/maklon-kosmetik-jakarta-dreamlab-2026/",0,7,0.00,6.4
"maklon kosmetik jakarta","https://dreamlab.id/maklon-kosmetik-jakarta-dreamlab-2026/",0,2,0.00,17.5
"maklon skincare jakarta","https://dreamlab.id/maklon-kosmetik-jakarta-dreamlab-2026/",0,1,0.00,14.0
"pabrik maklon kosmetik jakarta","https://dreamlab.id/maklon-kosmetik-jakarta-dreamlab-2026/",0,6,0.00,11.2
"perusahaan lainnya","https://dreamlab.id/maklon-kosmetik-jakarta-dreamlab-2026/",0,1,0.00,2.0
"pt karya impian laboratoris","https://dreamlab.id/maklon-kosmetik-jakarta-dreamlab-2026/",0,2,0.00,40.0
"dreamlab kosmetik","https://dreamlab.id/maklon-kosmetik-kediri/",0,1,0.00,8.0
"keduluan artinya","https://dreamlab.id/maklon-kosmetik-kediri/",0,1,0.00,31.0
"kosmetik kediri","https://dreamlab.id/maklon-kosmetik-kediri/",0,8,0.00,9.3
"maklon terdekat","https://dreamlab.id/maklon-kosmetik-kediri/",0,1,0.00,10.0
"pabrik kosmetik terdekat","https://dreamlab.id/maklon-kosmetik-kediri/",0,2,0.00,10.0
"pabrik sabun terdekat","https://dreamlab.id/maklon-kosmetik-kediri/",0,1,0.00,1.0
"pt karya impian laboratoris","https://dreamlab.id/maklon-kosmetik-kediri/",0,4,0.00,54.0
"jasa maklon kosmetik tangerang","https://dreamlab.id/maklon-kosmetik-parfum-tangerang/",0,8,0.00,23.0
"jasa maklon parfum","https://dreamlab.id/maklon-kosmetik-parfum-tangerang/",0,1,0.00,47.0
"jasa maklon tangerang","https://dreamlab.id/maklon-kosmetik-parfum-tangerang/",0,3,0.00,19.0
"maklon kosmetik tangerang","https://dreamlab.id/maklon-kosmetik-parfum-tangerang/",0,13,0.00,27.0
"maklon parfum tangerang","https://dreamlab.id/maklon-kosmetik-parfum-tangerang/",0,24,0.00,8.7
"maklon parfum terdekat","https://dreamlab.id/maklon-kosmetik-parfum-tangerang/",0,1,0.00,50.0
"maklon skincare tangerang","https://dreamlab.id/maklon-kosmetik-parfum-tangerang/",0,1,0.00,35.0
"maklon tangerang","https://dreamlab.id/maklon-kosmetik-parfum-tangerang/",0,4,0.00,16.0
"pabrik kosmetik di tangerang","https://dreamlab.id/maklon-kosmetik-parfum-tangerang/",0,16,0.00,10.9
"pabrik kosmetik tangerang","https://dreamlab.id/maklon-kosmetik-parfum-tangerang/",0,36,0.00,6.4
"pabrik kosmetik terdekat","https://dreamlab.id/maklon-kosmetik-parfum-tangerang/",0,3,0.00,18.3
"pabrik parfum tangerang","https://dreamlab.id/maklon-kosmetik-parfum-tangerang/",0,2,0.00,6.5
"pabrik skincare tangerang","https://dreamlab.id/maklon-kosmetik-parfum-tangerang/",0,2,0.00,6.5
"pt kosmetik di tangerang","https://dreamlab.id/maklon-kosmetik-parfum-tangerang/",0,1,0.00,26.0
"dreamlab","https://dreamlab.id/maklon-kosmetik-pemula-modal-kecil/",0,1,0.00,87.0
"maklon termurah","https://dreamlab.id/maklon-kosmetik-pemula-modal-kecil/",0,1,0.00,10.0
"pt karya impian laboratoris","https://dreamlab.id/maklon-kosmetik-pemula-modal-kecil/",0,1,0.00,58.0
"dreamlab","https://dreamlab.id/maklon-kosmetik-serum-exosome-pdrn-dreamlab/",0,1,0.00,2.0
"exosome skincare 2026","https://dreamlab.id/maklon-kosmetik-serum-exosome-pdrn-dreamlab/",0,1,0.00,1.0
"maklon peeling serum","https://dreamlab.id/maklon-kosmetik-serum-exosome-pdrn-dreamlab/",0,2,0.00,11.5
"maklon serum","https://dreamlab.id/maklon-kosmetik-serum-exosome-pdrn-dreamlab/",0,23,0.00,15.5
"mau","https://dreamlab.id/maklon-kosmetik-serum-exosome-pdrn-dreamlab/",0,1,0.00,2.0
""maklon skincare" -site:reddit.com -site:twitter.com -site:x.com -site:wykop.pl -site:tripadvisor.com -site:youtube.com -site:yelp.com -site:booking.com -site:facebook.com -site:instagram.com -site:tiktok.com","https://dreamlab.id/maklon-kosmetik-skincare-medan-dreamlab/",0,1,0.00,2.0
"brand lokal medan","https://dreamlab.id/maklon-kosmetik-skincare-medan-dreamlab/",0,1,0.00,59.0
"dreamlab","https://dreamlab.id/maklon-kosmetik-skincare-medan-dreamlab/",0,4,0.00,84.0
"jasa maklon dry shampoo","https://dreamlab.id/maklon-kosmetik-skincare-medan-dreamlab/",0,1,0.00,20.0
"maklon kosmetik medan","https://dreamlab.id/maklon-kosmetik-skincare-medan-dreamlab/",0,14,0.00,7.6
"maklon parfum medan","https://dreamlab.id/maklon-kosmetik-skincare-medan-dreamlab/",0,1,0.00,10.0
"pabrik kosmetik di medan","https://dreamlab.id/maklon-kosmetik-skincare-medan-dreamlab/",0,8,0.00,9.6
"pt karya impian laboratoris","https://dreamlab.id/maklon-kosmetik-skincare-medan-dreamlab/",0,2,0.00,64.5
"dreamlab kosmetik","https://dreamlab.id/maklon-kosmetik-tangerang-terpercaya/",0,2,0.00,11.0
"iya carikan dong","https://dreamlab.id/maklon-kosmetik-tangerang-terpercaya/",0,1,0.00,7.0
"jasa maklon kosmetik tangerang","https://dreamlab.id/maklon-kosmetik-tangerang-terpercaya/",0,26,0.00,10.3
"jasa maklon tangerang","https://dreamlab.id/maklon-kosmetik-tangerang-terpercaya/",0,24,0.00,14.2
"maklon kosmetik tangerang","https://dreamlab.id/maklon-kosmetik-tangerang-terpercaya/",0,84,0.00,15.6
"maklon kosmetik terdekat","https://dreamlab.id/maklon-kosmetik-tangerang-terpercaya/",0,4,0.00,8.0
"maklon parfum tangerang","https://dreamlab.id/maklon-kosmetik-tangerang-terpercaya/",0,16,0.00,10.1
"maklon skincare terdekat","https://dreamlab.id/maklon-kosmetik-tangerang-terpercaya/",0,1,0.00,12.0
"maklon terdekat","https://dreamlab.id/maklon-kosmetik-tangerang-terpercaya/",0,1,0.00,11.0
"mois","https://dreamlab.id/maklon-kosmetik-tangerang-terpercaya/",0,1,0.00,3.0
"pabrik kosmetik di tangerang","https://dreamlab.id/maklon-kosmetik-tangerang-terpercaya/",0,13,0.00,14.9
"pabrik kosmetik tangerang","https://dreamlab.id/maklon-kosmetik-tangerang-terpercaya/",0,20,0.00,5.2
"pabrik maklon tangerang","https://dreamlab.id/maklon-kosmetik-tangerang-terpercaya/",0,1,0.00,15.0
"pabrik skincare tangerang","https://dreamlab.id/maklon-kosmetik-tangerang-terpercaya/",0,7,0.00,2.0
"perusahaan kosmetik di tangerang","https://dreamlab.id/maklon-kosmetik-tangerang-terpercaya/",0,8,0.00,21.4
"perusahaan maklon skincare","https://dreamlab.id/maklon-kosmetik-tangerang-terpercaya/",0,2,0.00,19.0
"pt karya impian laboratoris","https://dreamlab.id/maklon-kosmetik-tangerang-terpercaya/",0,13,0.00,44.1
"pt kosmetik di tangerang","https://dreamlab.id/maklon-kosmetik-tangerang-terpercaya/",0,2,0.00,8.5
"pt kosmetik tangerang","https://dreamlab.id/maklon-kosmetik-tangerang-terpercaya/",0,1,0.00,12.0
"maklon skincare tangerang","https://dreamlab.id/maklon-kosmetik-tangerang-terpercaya/#Apa_Saja_yang_Dibuat_Brand_oleh_Dreamlab",0,3,0.00,12.0
"jasa maklon kosmetik tangerang","https://dreamlab.id/maklon-kosmetik-tangerang-terpercaya/#Berapa_MOQ_di_Dreamlab",0,4,0.00,9.8
"maklon skincare tangerang","https://dreamlab.id/maklon-kosmetik-tangerang-terpercaya/#Berapa_MOQ_di_Dreamlab",0,3,0.00,12.0
"jasa maklon kosmetik tangerang","https://dreamlab.id/maklon-kosmetik-tangerang-terpercaya/#Pabrik_Dreamlab_Sudah_BPOM_Halal_dan_CPKB_Grade_A",0,4,0.00,9.8
"maklon skincare tangerang","https://dreamlab.id/maklon-kosmetik-tangerang-terpercaya/#Pabrik_Dreamlab_Sudah_BPOM_Halal_dan_CPKB_Grade_A",0,3,0.00,12.0
"cosmetiklab","https://dreamlab.id/maklon-kosmetik-terbaik-english/",0,1,0.00,30.0
"dreamlab","https://dreamlab.id/maklon-kosmetik-terbaik-english/",0,10,0.00,55.1
"8 tahun","https://dreamlab.id/maklon-parfum-anak-custom-aroma/",0,1,0.00,2.0
"buat anak smk","https://dreamlab.id/maklon-parfum-anak-custom-aroma/",0,1,0.00,3.0
"maklon bedak bayi","https://dreamlab.id/maklon-parfum-anak-custom-aroma/",0,15,0.00,19.9
"maklon sampo bayi","https://dreamlab.id/maklon-parfum-anak-custom-aroma/",0,1,0.00,46.0
"mau","https://dreamlab.id/maklon-parfum-anak-custom-aroma/",0,1,0.00,4.0
"parfum anak anak","https://dreamlab.id/maklon-parfum-anak-custom-aroma/",0,1,0.00,3.0
"parfum anak laki laki tahan lama","https://dreamlab.id/maklon-parfum-anak-custom-aroma/",0,1,0.00,3.0
"rekomendasi parfum anak","https://dreamlab.id/maklon-parfum-anak-custom-aroma/",0,1,0.00,3.0
"maklon parfum bpom","https://dreamlab.id/maklon-parfum-bpom-indonesia-strategi-bisnis/",0,11,0.00,19.1
"kalo parfum","https://dreamlab.id/maklon-parfum-custom-dreamlab/",0,1,0.00,3.0
"merk nya","https://dreamlab.id/maklon-parfum-custom-dreamlab/",0,1,0.00,2.0
"dreamlab","https://dreamlab.id/maklon-parfum-dreamlab/",0,3,0.00,52.0
"jasa maklon parfum","https://dreamlab.id/maklon-parfum-dreamlab/",0,1,0.00,43.0
"lonkoom perfume","https://dreamlab.id/maklon-parfum-dreamlab/",0,1,0.00,1.0
"maklon parfum","https://dreamlab.id/maklon-parfum-dreamlab/",0,18,0.00,70.9
"maklon parfum bandung","https://dreamlab.id/maklon-parfum-dreamlab/",0,1,0.00,5.0
"maklon parfum bpom","https://dreamlab.id/maklon-parfum-dreamlab/",0,1,0.00,48.0
"maklon parfum surabaya","https://dreamlab.id/maklon-parfum-dreamlab/",0,6,0.00,32.0
"maklon parfum terdekat","https://dreamlab.id/maklon-parfum-dreamlab/",0,3,0.00,26.0
"pabrik maklon parfum","https://dreamlab.id/maklon-parfum-dreamlab/",0,2,0.00,66.0
"pabrik parfum surabaya","https://dreamlab.id/maklon-parfum-dreamlab/",0,5,0.00,33.8
"pabrik parfum surabaya pt maklon kosmetik indonesia","https://dreamlab.id/maklon-parfum-dreamlab/",0,1,0.00,6.0
"pt karya impian laboratoris","https://dreamlab.id/maklon-parfum-dreamlab/",0,14,0.00,44.9
"boleh","https://dreamlab.id/maklon-parfum-jakarta/",0,4,0.00,4.0
"bpom","https://dreamlab.id/maklon-parfum-jakarta/",0,2,0.00,33.0
"daring","https://dreamlab.id/maklon-parfum-jakarta/",0,1,0.00,3.0
"dreamlab perfume","https://dreamlab.id/maklon-parfum-jakarta/",0,1,0.00,7.0
"iya","https://dreamlab.id/maklon-parfum-jakarta/",0,1,0.00,4.0
"iya carikan dong","https://dreamlab.id/maklon-parfum-jakarta/",0,1,0.00,6.0
"maklon","https://dreamlab.id/maklon-parfum-jakarta/",0,1,0.00,3.0
"maklon herbal moq rendah","https://dreamlab.id/maklon-parfum-jakarta/",0,1,0.00,50.0
"maklon moq rendah","https://dreamlab.id/maklon-parfum-jakarta/",0,1,0.00,15.0
"maklon parfum","https://dreamlab.id/maklon-parfum-jakarta/",0,9,0.00,51.9
"maklon parfum bpom","https://dreamlab.id/maklon-parfum-jakarta/",0,24,0.00,29.0
"maklon parfum murah","https://dreamlab.id/maklon-parfum-jakarta/",0,2,0.00,44.5
"maklon parfum terbaik di indonesia","https://dreamlab.id/maklon-parfum-jakarta/",0,1,0.00,1.0
"maklon parfum terdekat","https://dreamlab.id/maklon-parfum-jakarta/",0,45,0.00,10.8
"maklon parfume","https://dreamlab.id/maklon-parfum-jakarta/",0,6,0.00,43.5
"mau","https://dreamlab.id/maklon-parfum-jakarta/",0,1,0.00,3.0
"pabrik parfum jakarta","https://dreamlab.id/maklon-parfum-jakarta/",0,14,0.00,5.3
"pabrik parfum terdekat","https://dreamlab.id/maklon-parfum-jakarta/",0,2,0.00,11.0
"pt karya impian laboratoris","https://dreamlab.id/maklon-parfum-jakarta/",0,2,0.00,41.0
"yaa","https://dreamlab.id/maklon-parfum-jakarta/",0,1,0.00,3.0
"maklon parfum moq rendah","https://dreamlab.id/maklon-parfum-jakarta/#Biaya_Maklon_Parfum_Mulai_Berapa",0,1,0.00,6.0
"maklon parfum terdekat","https://dreamlab.id/maklon-parfum-jakarta/#Biaya_Maklon_Parfum_Mulai_Berapa",0,1,0.00,9.0
"maklon parfum moq rendah","https://dreamlab.id/maklon-parfum-jakarta/#Jenis-Jenis_Parfum_yang_Bisa_Diproduksi_di_Dreamlab",0,1,0.00,6.0
"maklon parfum terdekat","https://dreamlab.id/maklon-parfum-jakarta/#Jenis-Jenis_Parfum_yang_Bisa_Diproduksi_di_Dreamlab",0,1,0.00,9.0
"maklon parfum moq rendah","https://dreamlab.id/maklon-parfum-jakarta/#Keunggulan_Pabrik_Parfum_Dreamlab_sebagai_Partner",0,1,0.00,6.0
"maklon kosmetik makassar","https://dreamlab.id/maklon-parfum-makassar/",0,10,0.00,20.4
"maklon makassar","https://dreamlab.id/maklon-parfum-makassar/",0,5,0.00,7.4
"maklon parfum terdekat","https://dreamlab.id/maklon-parfum-makassar/",0,1,0.00,7.0
"pabrik parfum terdekat","https://dreamlab.id/maklon-parfum-makassar/",0,2,0.00,7.0
"maklon parfum makassar","https://dreamlab.id/maklon-parfum-makassar/#Kenapa_Makassar_Menjadi_Pasar_Potensial_untuk_Brand_Parfum_Lokal",0,18,0.00,8.2
"maklon parfum makassar","https://dreamlab.id/maklon-parfum-makassar/#Tempat_Produksi_Parfum_Premium_untuk_Brand_Lokal_Makassar",0,18,0.00,8.2
"maklon parfum","https://dreamlab.id/maklon-parfum/",0,18,0.00,63.6
"maklon perawatan pria","https://dreamlab.id/maklon-produk-man-care/",0,9,0.00,16.8
"maklon skincare pria","https://dreamlab.id/maklon-produk-man-care/",0,53,0.00,27.2
"sigviolet","https://dreamlab.id/maklon-produk-man-care/",0,1,0.00,13.0
"maklon sampo","https://dreamlab.id/maklon-shampoo-psoriasis-formula-juara/",0,13,0.00,13.8
"maklon shampoo","https://dreamlab.id/maklon-shampoo-psoriasis-formula-juara/",0,1,0.00,6.0
"sampo untuk psoriasis","https://dreamlab.id/maklon-shampoo-psoriasis-formula-juara/",0,1,0.00,21.0
"dreamlab","https://dreamlab.id/maklon-skincare-batam/",0,2,0.00,79.0
"dreamlab kosmetik","https://dreamlab.id/maklon-skincare-batam/",0,1,0.00,6.0
"pabrik kosmetik terdekat","https://dreamlab.id/maklon-skincare-batam/",0,1,0.00,2.0
"pt karya impian laboratoris","https://dreamlab.id/maklon-skincare-batam/",0,2,0.00,56.5
"skincare batam","https://dreamlab.id/maklon-skincare-batam/",0,1,0.00,9.0
"maklon kosmetik jakarta","https://dreamlab.id/maklon-skincare-jakarta-brand-klinik-2026/",0,7,0.00,28.4
"maklon skincare jakarta","https://dreamlab.id/maklon-skincare-jakarta-brand-klinik-2026/",0,22,0.00,23.7
"dreamlab","https://dreamlab.id/maklon-skincare-jawa-timur-dreamlab/",0,5,0.00,81.8
"jasa maklon skincare","https://dreamlab.id/maklon-skincare-jawa-timur-dreamlab/",0,1,0.00,10.0
"kosmetik jawa timur","https://dreamlab.id/maklon-skincare-jawa-timur-dreamlab/",0,14,0.00,26.3
"lebih banyak lagi","https://dreamlab.id/maklon-skincare-jawa-timur-dreamlab/",0,1,0.00,5.0
"maklon jawa timur","https://dreamlab.id/maklon-skincare-jawa-timur-dreamlab/",0,6,0.00,22.2
"maklon skincare sidoarjo","https://dreamlab.id/maklon-skincare-jawa-timur-dreamlab/",0,8,0.00,36.9
"maklon skincare surabaya","https://dreamlab.id/maklon-skincare-jawa-timur-dreamlab/",0,2,0.00,60.5
"maklon skincare terbaik","https://dreamlab.id/maklon-skincare-jawa-timur-dreamlab/",0,2,0.00,90.5
"maklon skincare terpercaya","https://dreamlab.id/maklon-skincare-jawa-timur-dreamlab/",0,1,0.00,44.0
"perusahaan kosmetik di surabaya","https://dreamlab.id/maklon-skincare-jawa-timur-dreamlab/",0,1,0.00,88.0
"pt karya impian laboratoris","https://dreamlab.id/maklon-skincare-jawa-timur-dreamlab/",0,12,0.00,47.3
"best nad+ skincare products","https://dreamlab.id/maklon-skincare-nad-plus-anti-aging/",0,1,0.00,12.0
"nad","https://dreamlab.id/maklon-skincare-nad-plus-anti-aging/",0,2,0.00,36.0
"nad beauty","https://dreamlab.id/maklon-skincare-nad-plus-anti-aging/",0,3,0.00,6.3
"nad cosmetics","https://dreamlab.id/maklon-skincare-nad-plus-anti-aging/",0,1,0.00,10.0
"nad kosmetik","https://dreamlab.id/maklon-skincare-nad-plus-anti-aging/",0,8,0.00,6.9
"nad plus skincare","https://dreamlab.id/maklon-skincare-nad-plus-anti-aging/",0,3,0.00,7.7
"nad skincare","https://dreamlab.id/maklon-skincare-nad-plus-anti-aging/",0,16,0.00,7.6
"skincare nad","https://dreamlab.id/maklon-skincare-nad-plus-anti-aging/",0,3,0.00,9.7
"skincare nad+","https://dreamlab.id/maklon-skincare-nad-plus-anti-aging/",0,1,0.00,6.0
"dreamlab surabaya","https://dreamlab.id/maklon-skincare-surabaya-umkm/",0,20,0.00,8.6
"pt karya impian laboratoris","https://dreamlab.id/maklon-skincare-surabaya-umkm/",0,3,0.00,47.3
"maklon skincare surabaya","https://dreamlab.id/maklon-skincare-surabaya-umkm/#Alur_Maklon_Skincare_di_Dreamlab_Cukup_Mudah",0,42,0.00,10.1
"maklon skincare surabaya","https://dreamlab.id/maklon-skincare-surabaya-umkm/#Mengapa_Sekarang_Waktunya_UMKM_Surabaya_Menjadi_Beautypreneur",0,31,0.00,10.2
"maklon skincare surabaya","https://dreamlab.id/maklon-skincare-surabaya-umkm/#Partner_UMKM_Surabaya_untuk_Bangun_Brand_Skincare_Berkelas",0,31,0.00,10.2
"maklon skincare surabaya","https://dreamlab.id/maklon-skincare-surabaya-umkm/#Produk_Skincare_yang_Paling_Mudah_Laku_untuk_UMKM_Surabaya",0,42,0.00,10.1
"apa kegunaan hair tonic","https://dreamlab.id/manfaat-hair-tonic-ginseng-rambut/",0,1,0.00,45.0
"apa manfaat hair tonic","https://dreamlab.id/manfaat-hair-tonic-ginseng-rambut/",0,1,0.00,53.0
"apakah ginseng bagus untuk rambut","https://dreamlab.id/manfaat-hair-tonic-ginseng-rambut/",0,1,0.00,52.0
"apakah ginseng bisa menumbuhkan rambut","https://dreamlab.id/manfaat-hair-tonic-ginseng-rambut/",0,2,0.00,57.0
"apakah hair tonic ginseng bisa meluruskan rambut","https://dreamlab.id/manfaat-hair-tonic-ginseng-rambut/",0,1,0.00,11.0
"apakah hair tonic ginseng bisa menumbuhkan rambut","https://dreamlab.id/manfaat-hair-tonic-ginseng-rambut/",0,6,0.00,12.0
"di sore hari","https://dreamlab.id/manfaat-hair-tonic-ginseng-rambut/",0,1,0.00,4.0
"fungsi ginseng untuk rambut","https://dreamlab.id/manfaat-hair-tonic-ginseng-rambut/",0,2,0.00,35.5
"fungsi hair tonic ginseng","https://dreamlab.id/manfaat-hair-tonic-ginseng-rambut/",0,7,0.00,19.9
"gingseng untuk rambut","https://dreamlab.id/manfaat-hair-tonic-ginseng-rambut/",0,1,0.00,34.0
"ginseng buat rambut","https://dreamlab.id/manfaat-hair-tonic-ginseng-rambut/",0,1,0.00,42.0
"ginseng buat rambut rontok","https://dreamlab.id/manfaat-hair-tonic-ginseng-rambut/",0,1,0.00,20.0
"ginseng hair tonic","https://dreamlab.id/manfaat-hair-tonic-ginseng-rambut/",0,2,0.00,38.5
"ginseng rambut","https://dreamlab.id/manfaat-hair-tonic-ginseng-rambut/",0,1,0.00,33.0
"ginseng untuk rambut","https://dreamlab.id/manfaat-hair-tonic-ginseng-rambut/",0,9,0.00,38.9
"ginseng untuk rambut rontok","https://dreamlab.id/manfaat-hair-tonic-ginseng-rambut/",0,3,0.00,10.3
"hair tonic gingseng","https://dreamlab.id/manfaat-hair-tonic-ginseng-rambut/",0,1,0.00,8.0
"hair tonic ginseng untuk apa","https://dreamlab.id/manfaat-hair-tonic-ginseng-rambut/",0,3,0.00,13.0
"hair tonic ginseng untuk rambut rontok","https://dreamlab.id/manfaat-hair-tonic-ginseng-rambut/",0,1,0.00,23.0
"kegunaan hair tonic","https://dreamlab.id/manfaat-hair-tonic-ginseng-rambut/",0,1,0.00,45.0
"kegunaan hair tonic ginseng","https://dreamlab.id/manfaat-hair-tonic-ginseng-rambut/",0,6,0.00,33.7
"manfaat akar ginseng untuk rambut","https://dreamlab.id/manfaat-hair-tonic-ginseng-rambut/",0,1,0.00,37.0
"manfaat gingseng buat rambut","https://dreamlab.id/manfaat-hair-tonic-ginseng-rambut/",0,2,0.00,41.0
"manfaat gingseng untuk rambut","https://dreamlab.id/manfaat-hair-tonic-ginseng-rambut/",0,3,0.00,42.7
"manfaat ginseng bagi rambut","https://dreamlab.id/manfaat-hair-tonic-ginseng-rambut/",0,1,0.00,44.0
"manfaat ginseng untuk rambut","https://dreamlab.id/manfaat-hair-tonic-ginseng-rambut/",0,4,0.00,43.0
"manfaat hair tonic","https://dreamlab.id/manfaat-hair-tonic-ginseng-rambut/",0,3,0.00,75.3
"manfaat hair tonic ginseng","https://dreamlab.id/manfaat-hair-tonic-ginseng-rambut/",0,9,0.00,31.9
"manfaat minyak ginseng untuk rambut","https://dreamlab.id/manfaat-hair-tonic-ginseng-rambut/",0,7,0.00,6.0
"manfaat minyak rambut ginseng","https://dreamlab.id/manfaat-hair-tonic-ginseng-rambut/",0,6,0.00,5.7
"manfaat shampo ginseng","https://dreamlab.id/manfaat-hair-tonic-ginseng-rambut/",0,1,0.00,48.0
"minyak ginseng untuk rambut","https://dreamlab.id/manfaat-hair-tonic-ginseng-rambut/",0,3,0.00,30.0
"apa itu panthenol","https://dreamlab.id/manfaat-panthenol-untuk-wajah-kering/",0,10,0.00,42.6
"apa panthenol","https://dreamlab.id/manfaat-panthenol-untuk-wajah-kering/",0,3,0.00,1.0
"apakah panthenol bisa mencerahkan","https://dreamlab.id/manfaat-panthenol-untuk-wajah-kering/",0,1,0.00,17.0
"arti panthenol","https://dreamlab.id/manfaat-panthenol-untuk-wajah-kering/",0,7,0.00,1.0
"arti panthenol dalam skincare","https://dreamlab.id/manfaat-panthenol-untuk-wajah-kering/",0,4,0.00,11.5
"bahaya panthenol untuk wajah","https://dreamlab.id/manfaat-panthenol-untuk-wajah-kering/",0,3,0.00,1.0
"d panthenol untuk apa","https://dreamlab.id/manfaat-panthenol-untuk-wajah-kering/",0,1,0.00,60.0
"d-panthenol adalah","https://dreamlab.id/manfaat-panthenol-untuk-wajah-kering/",0,1,0.00,83.0
"di panthenol","https://dreamlab.id/manfaat-panthenol-untuk-wajah-kering/",0,1,0.00,11.0
"efek samping panthenol untuk wajah","https://dreamlab.id/manfaat-panthenol-untuk-wajah-kering/",0,3,0.00,1.0
"fungsi panthenol","https://dreamlab.id/manfaat-panthenol-untuk-wajah-kering/",0,6,0.00,47.7
"fungsi panthenol dalam skincare","https://dreamlab.id/manfaat-panthenol-untuk-wajah-kering/",0,5,0.00,15.6
"fungsi panthenol pada skincare","https://dreamlab.id/manfaat-panthenol-untuk-wajah-kering/",0,1,0.00,57.0
"fungsi panthenol untuk kulit","https://dreamlab.id/manfaat-panthenol-untuk-wajah-kering/",0,4,0.00,39.5
"fungsi panthenol untuk wajah","https://dreamlab.id/manfaat-panthenol-untuk-wajah-kering/",0,18,0.00,29.1
"kegunaan panthenol","https://dreamlab.id/manfaat-panthenol-untuk-wajah-kering/",0,4,0.00,34.5
"kegunaan panthenol untuk wajah","https://dreamlab.id/manfaat-panthenol-untuk-wajah-kering/",0,11,0.00,34.1
"manfaat moisturizer panthenol","https://dreamlab.id/manfaat-panthenol-untuk-wajah-kering/",0,2,0.00,15.0
"manfaat panthenol","https://dreamlab.id/manfaat-panthenol-untuk-wajah-kering/",0,7,0.00,30.1
"manfaat panthenol untuk kulit","https://dreamlab.id/manfaat-panthenol-untuk-wajah-kering/",0,3,0.00,10.7
"manfaat panthenol untuk wajah","https://dreamlab.id/manfaat-panthenol-untuk-wajah-kering/",0,20,0.00,27.1
"over panthenol apakah aman","https://dreamlab.id/manfaat-panthenol-untuk-wajah-kering/",0,1,0.00,12.0
"panthenol","https://dreamlab.id/manfaat-panthenol-untuk-wajah-kering/",0,27,0.00,43.9
"panthenol adalah","https://dreamlab.id/manfaat-panthenol-untuk-wajah-kering/",0,25,0.00,42.4
"panthenol and tretinoin","https://dreamlab.id/manfaat-panthenol-untuk-wajah-kering/",0,1,0.00,11.0
"panthenol apa","https://dreamlab.id/manfaat-panthenol-untuk-wajah-kering/",0,4,0.00,1.0
"panthenol berfungsi untuk","https://dreamlab.id/manfaat-panthenol-untuk-wajah-kering/",0,1,0.00,93.0
"panthenol buat apa","https://dreamlab.id/manfaat-panthenol-untuk-wajah-kering/",0,3,0.00,14.0
"panthenol cocok untuk kulit apa","https://dreamlab.id/manfaat-panthenol-untuk-wajah-kering/",0,2,0.00,19.5
"panthenol for skin","https://dreamlab.id/manfaat-panthenol-untuk-wajah-kering/",0,1,0.00,85.0
"panthenol fungsi","https://dreamlab.id/manfaat-panthenol-untuk-wajah-kering/",0,5,0.00,62.0
"panthenol itu apa","https://dreamlab.id/manfaat-panthenol-untuk-wajah-kering/",0,1,0.00,84.0
"panthenol manfaat","https://dreamlab.id/manfaat-panthenol-untuk-wajah-kering/",0,3,0.00,35.0
"panthenol setelah eksfoliasi","https://dreamlab.id/manfaat-panthenol-untuk-wajah-kering/",0,1,0.00,8.0
"panthenol skincare","https://dreamlab.id/manfaat-panthenol-untuk-wajah-kering/",0,3,0.00,40.3
"panthenol untuk apa","https://dreamlab.id/manfaat-panthenol-untuk-wajah-kering/",0,11,0.00,30.0
"panthenol untuk kulit","https://dreamlab.id/manfaat-panthenol-untuk-wajah-kering/",0,5,0.00,54.6
"panthenol untuk kulit apa","https://dreamlab.id/manfaat-panthenol-untuk-wajah-kering/",0,4,0.00,41.8
"panthenol untuk kulit kering","https://dreamlab.id/manfaat-panthenol-untuk-wajah-kering/",0,27,0.00,8.4
"panthenol untuk wajah","https://dreamlab.id/manfaat-panthenol-untuk-wajah-kering/",0,5,0.00,33.8
"serum panthenol","https://dreamlab.id/manfaat-panthenol-untuk-wajah-kering/",0,1,0.00,55.0
"dreamlab","https://dreamlab.id/memilih-pabrik-maklon-kosmetik-sertifikasi-cpkb/",0,3,0.00,82.0
"maklon bersertifikasi halal","https://dreamlab.id/memilih-pabrik-maklon-kosmetik-sertifikasi-cpkb/",0,7,0.00,48.1
"mau","https://dreamlab.id/memilih-pabrik-maklon-kosmetik-sertifikasi-cpkb/",0,1,0.00,1.0
"pt karya impian laboratoris","https://dreamlab.id/memilih-pabrik-maklon-kosmetik-sertifikasi-cpkb/",0,5,0.00,60.0
"affiliate","https://dreamlab.id/memunculkan-keranjang-reels/",0,1,0.00,2.0
"affiliate aja","https://dreamlab.id/memunculkan-keranjang-reels/",0,1,0.00,2.0
"apakah ada syarat","https://dreamlab.id/memunculkan-keranjang-reels/",0,1,0.00,10.0
"bagaimana cara membuatnya","https://dreamlab.id/memunculkan-keranjang-reels/",0,1,0.00,1.0
"belum muncul","https://dreamlab.id/memunculkan-keranjang-reels/",0,1,0.00,5.0
"blm","https://dreamlab.id/memunculkan-keranjang-reels/",0,1,0.00,3.0
"cara aktifkan affiliate instagram","https://dreamlab.id/memunculkan-keranjang-reels/",0,1,0.00,1.0
"cara aktifkan keranjang kuning","https://dreamlab.id/memunculkan-keranjang-reels/",0,4,0.00,8.5
"cara aktifkan tautan produk","https://dreamlab.id/memunculkan-keranjang-reels/",0,5,0.00,6.8
"cara belanja di ig","https://dreamlab.id/memunculkan-keranjang-reels/",0,1,0.00,13.0
"cara bikin link produk di ig","https://dreamlab.id/memunculkan-keranjang-reels/",0,6,0.00,1.0
"cara buat keranjang di ig","https://dreamlab.id/memunculkan-keranjang-reels/",0,2,0.00,1.0
"cara buat keranjang jualan sendiri","https://dreamlab.id/memunculkan-keranjang-reels/",0,4,0.00,7.8
"cara buat keranjang kuning di shopee","https://dreamlab.id/memunculkan-keranjang-reels/",0,1,0.00,12.0
"cara buat link produk di instagram","https://dreamlab.id/memunculkan-keranjang-reels/",0,4,0.00,1.0
"cara keranjang kuning muncul","https://dreamlab.id/memunculkan-keranjang-reels/",0,1,0.00,7.0
"cara masukin keranjang kuning","https://dreamlab.id/memunculkan-keranjang-reels/",0,4,0.00,9.5
"cara masukin keranjang kuning di shopee","https://dreamlab.id/memunculkan-keranjang-reels/",0,3,0.00,6.0
"cara melihat keranjang di shopee","https://dreamlab.id/memunculkan-keranjang-reels/",0,1,0.00,10.0
"cara membuat link jualan di ig","https://dreamlab.id/memunculkan-keranjang-reels/",0,1,0.00,1.0
"cara membuat link produk di instagram","https://dreamlab.id/memunculkan-keranjang-reels/",0,2,0.00,1.0
"cara memunculkan link produk di instagram","https://dreamlab.id/memunculkan-keranjang-reels/",0,1,0.00,4.0
"cara menambahkan keranjang kuning","https://dreamlab.id/memunculkan-keranjang-reels/",0,3,0.00,7.3
"cara menambahkan keranjang kuning di shopee","https://dreamlab.id/memunculkan-keranjang-reels/",0,1,0.00,8.0
"cara menambahkan keranjang kuning di video yang sudah upload","https://dreamlab.id/memunculkan-keranjang-reels/",0,6,0.00,4.3
"cara menambahkan link affiliate di reels instagram","https://dreamlab.id/memunculkan-keranjang-reels/",0,2,0.00,21.5
"cara menambahkan link shopee di reels instagram","https://dreamlab.id/memunculkan-keranjang-reels/",0,4,0.00,1.0
"cara menambahkan produk di instagram","https://dreamlab.id/memunculkan-keranjang-reels/",0,11,0.00,8.3
"cara menampilkan keranjang kuning","https://dreamlab.id/memunculkan-keranjang-reels/",0,3,0.00,8.7
"cara menautkan keranjang di ig","https://dreamlab.id/memunculkan-keranjang-reels/",0,18,0.00,4.1
"cara menautkan keranjang kuning affiliate pemula","https://dreamlab.id/memunculkan-keranjang-reels/",0,1,0.00,12.0
"cara menautkan link di reels instagram","https://dreamlab.id/memunculkan-keranjang-reels/",0,14,0.00,9.4
"cara menautkan link produk di instagram","https://dreamlab.id/memunculkan-keranjang-reels/",0,3,0.00,3.3
"cara menautkan link produk di reels instagram","https://dreamlab.id/memunculkan-keranjang-reels/",0,2,0.00,6.5
"cara menautkan link shopee di reels instagram","https://dreamlab.id/memunculkan-keranjang-reels/",0,17,0.00,1.0
"cara mengaktifkan fitur keranjang kuning","https://dreamlab.id/memunculkan-keranjang-reels/",0,3,0.00,9.7
"cara mengaktifkan keranjang kuning","https://dreamlab.id/memunculkan-keranjang-reels/",0,5,0.00,9.2
"cara menyematkan keranjang kuning","https://dreamlab.id/memunculkan-keranjang-reels/",0,2,0.00,8.0
"cara menyematkan keranjang kuning di instagram","https://dreamlab.id/memunculkan-keranjang-reels/",0,1,0.00,3.0
"cara menyematkan reels di ig","https://dreamlab.id/memunculkan-keranjang-reels/",0,4,0.00,5.3
"cara sematkan keranjang kuning","https://dreamlab.id/memunculkan-keranjang-reels/",0,1,0.00,11.0
"cara sematkan keranjang kuning di postingan","https://dreamlab.id/memunculkan-keranjang-reels/",0,1,0.00,12.0
"cara tambah keranjang kuning","https://dreamlab.id/memunculkan-keranjang-reels/",0,1,0.00,8.0
"cara tambah keranjang kuning di postingan","https://dreamlab.id/memunculkan-keranjang-reels/",0,9,0.00,9.6
"cara tambahkan keranjang kuning","https://dreamlab.id/memunculkan-keranjang-reels/",0,3,0.00,10.7
"cara tambahkan keranjang kuning di video","https://dreamlab.id/memunculkan-keranjang-reels/",0,3,0.00,6.0
"cara taruh keranjang kuning affiliate pemula","https://dreamlab.id/memunculkan-keranjang-reels/",0,1,0.00,8.0
"cara tautan keranjang kuning","https://dreamlab.id/memunculkan-keranjang-reels/",0,1,0.00,6.0
"caranya gimana","https://dreamlab.id/memunculkan-keranjang-reels/",0,4,0.00,2.0
"caranya?","https://dreamlab.id/memunculkan-keranjang-reels/",0,1,0.00,4.0
"di keranjang","https://dreamlab.id/memunculkan-keranjang-reels/",0,3,0.00,16.7
"di keranjang atau keranjang","https://dreamlab.id/memunculkan-keranjang-reels/",0,1,0.00,6.0
"di mananya","https://dreamlab.id/memunculkan-keranjang-reels/",0,1,0.00,3.0
"instagram keranjang putih","https://dreamlab.id/memunculkan-keranjang-reels/",0,4,0.00,9.8
"kalo gaada?","https://dreamlab.id/memunculkan-keranjang-reels/",0,1,0.00,10.0
"kenapa keranjang di ig tidak muncul","https://dreamlab.id/memunculkan-keranjang-reels/",0,5,0.00,3.0
"kenapa keranjang putih di instagram tidak muncul","https://dreamlab.id/memunculkan-keranjang-reels/",0,3,0.00,4.0
"kenapa keranjang shopee tidak muncul","https://dreamlab.id/memunculkan-keranjang-reels/",0,17,0.00,9.9
"keranjang biru","https://dreamlab.id/memunculkan-keranjang-reels/",0,2,0.00,28.5
"keranjang kuning di ig","https://dreamlab.id/memunculkan-keranjang-reels/",0,5,0.00,5.8
"keranjang shopee","https://dreamlab.id/memunculkan-keranjang-reels/",0,1,0.00,10.0
"keranjang vidio shopping","https://dreamlab.id/memunculkan-keranjang-reels/",0,3,0.00,41.3
"klik keranjang","https://dreamlab.id/memunculkan-keranjang-reels/",0,1,0.00,6.0
"klik keranjang kuning","https://dreamlab.id/memunculkan-keranjang-reels/",0,1,0.00,3.0
"kok gak ada ya","https://dreamlab.id/memunculkan-keranjang-reels/",0,1,0.00,1.0
"logo keranjang kuning shopee","https://dreamlab.id/memunculkan-keranjang-reels/",0,5,0.00,8.0
"masukkan keranjang","https://dreamlab.id/memunculkan-keranjang-reels/",0,19,0.00,8.1
"meta business suite","https://dreamlab.id/memunculkan-keranjang-reels/",0,2,0.00,4.5
"syarat keranjang kuning","https://dreamlab.id/memunculkan-keranjang-reels/",0,2,0.00,9.5
"syarat nya apa saja","https://dreamlab.id/memunculkan-keranjang-reels/",0,1,0.00,3.0
"ya","https://dreamlab.id/memunculkan-keranjang-reels/",0,2,0.00,3.5
"yellow cart","https://dreamlab.id/memunculkan-keranjang-reels/",0,1,0.00,3.0
"bisnis parfum brand sendiri","https://dreamlab.id/mudahnya-menjadi-owner-parfum-sendiri-ciptakan-brand-wewangian-eksklusif-tanpa-ribet/",0,1,0.00,49.0
"cara jadi owner parfum","https://dreamlab.id/mudahnya-menjadi-owner-parfum-sendiri-ciptakan-brand-wewangian-eksklusif-tanpa-ribet/",0,20,0.00,9.9
"parfum merek sendiri","https://dreamlab.id/mudahnya-menjadi-owner-parfum-sendiri-ciptakan-brand-wewangian-eksklusif-tanpa-ribet/",0,2,0.00,64.0
"produksi parfum brand sendiri","https://dreamlab.id/mudahnya-menjadi-owner-parfum-sendiri-ciptakan-brand-wewangian-eksklusif-tanpa-ribet/",0,2,0.00,29.5
"arti demplon","https://dreamlab.id/news-blog/",0,2,0.00,36.0
"dreamlab kosmetik","https://dreamlab.id/news-blog/",0,56,0.00,8.6
"jasa maklon deodorant","https://dreamlab.id/news-blog/",0,2,0.00,15.0
"jasa maklon hair spray","https://dreamlab.id/news-blog/",0,3,0.00,25.3
"jasa maklon parfum","https://dreamlab.id/news-blog/",0,2,0.00,75.5
"maklon baby bug repellent","https://dreamlab.id/news-blog/",0,1,0.00,19.0
"maklon bb cream","https://dreamlab.id/news-blog/",0,1,0.00,15.0
"maklon body mist","https://dreamlab.id/news-blog/",0,2,0.00,28.0
"maklon bpom","https://dreamlab.id/news-blog/",0,3,0.00,31.3
"maklon cleansing balm","https://dreamlab.id/news-blog/",0,3,0.00,17.7
"maklon deodoran","https://dreamlab.id/news-blog/",0,6,0.00,22.8
"maklon dry shampoo","https://dreamlab.id/news-blog/",0,5,0.00,12.0
"maklon face mist","https://dreamlab.id/news-blog/",0,9,0.00,19.4
"maklon foot care","https://dreamlab.id/news-blog/",0,1,0.00,50.0
"maklon hair shampoo","https://dreamlab.id/news-blog/",0,3,0.00,15.3
"maklon hair spray","https://dreamlab.id/news-blog/",0,1,0.00,20.0
"maklon kosmetik bpom","https://dreamlab.id/news-blog/",0,2,0.00,55.5
"maklon kosmetik malang","https://dreamlab.id/news-blog/",0,1,0.00,18.0
"maklon krim ruam popok","https://dreamlab.id/news-blog/",0,1,0.00,31.0
"maklon lip balm","https://dreamlab.id/news-blog/",0,1,0.00,23.0
"maklon lip cream","https://dreamlab.id/news-blog/",0,1,0.00,31.0
"maklon lip oil","https://dreamlab.id/news-blog/",0,2,0.00,17.0
"maklon lip serum","https://dreamlab.id/news-blog/",0,2,0.00,27.0
"maklon lipstik","https://dreamlab.id/news-blog/",0,1,0.00,40.0
"maklon make up","https://dreamlab.id/news-blog/",0,1,0.00,17.0
"maklon parfum bali","https://dreamlab.id/news-blog/",0,1,0.00,1.0
"maklon parfum bpom","https://dreamlab.id/news-blog/",0,8,0.00,42.5
"maklon parfum surabaya","https://dreamlab.id/news-blog/",0,4,0.00,33.3
"maklon pelembap","https://dreamlab.id/news-blog/",0,4,0.00,20.0
"maklon pelembap bayi","https://dreamlab.id/news-blog/",0,3,0.00,40.3
"maklon perawatan bibir","https://dreamlab.id/news-blog/",0,1,0.00,45.0
"maklon perawatan jerawat","https://dreamlab.id/news-blog/",0,5,0.00,13.0
"maklon sampo","https://dreamlab.id/news-blog/",0,2,0.00,10.5
"maklon setting spray","https://dreamlab.id/news-blog/",0,2,0.00,18.5
"maklon shampoo","https://dreamlab.id/news-blog/",0,2,0.00,11.0
"maklon skincare bpom","https://dreamlab.id/news-blog/",0,3,0.00,25.3
"maklon solid perfume","https://dreamlab.id/news-blog/",0,4,0.00,24.0
"maklon sunscreen","https://dreamlab.id/news-blog/",0,6,0.00,18.2
"pt karya impian laboratoris","https://dreamlab.id/news-blog/",0,8,0.00,48.8
"pt mitra harapan mandiri","https://dreamlab.id/news-blog/",0,1,0.00,65.0
"triszie lab indonesia-maklon skincare & kosmetik","https://dreamlab.id/news-blog/",0,9,0.00,11.6
"cara optimasi tiktok shop","https://dreamlab.id/optimasi-penjualan-tiktok-shop/",0,24,0.00,16.5
"optimasi tiktok","https://dreamlab.id/optimasi-penjualan-tiktok-shop/",0,1,0.00,30.0
"dream lab","https://dreamlab.id/our-client/",0,20,0.00,8.3
"dream lab official website","https://dreamlab.id/our-client/",0,1,0.00,10.0
"dreamlab","https://dreamlab.id/our-client/",0,35,0.00,16.9
"dreamlab kosmetik","https://dreamlab.id/our-client/",0,1,0.00,10.0
"dreamlab surabaya","https://dreamlab.id/our-client/",0,1,0.00,8.0
"karya impian laboratoris","https://dreamlab.id/our-client/",0,1,0.00,9.0
"mavis dreamlab","https://dreamlab.id/our-client/",0,1,0.00,20.0
"pt karya impian laboratoris","https://dreamlab.id/our-client/",0,20,0.00,49.0
"ada opsi lain","https://dreamlab.id/pabrik-maklon-kosmetik-cpkb-grade-a/",0,1,0.00,4.0
"dreamlab","https://dreamlab.id/pabrik-maklon-kosmetik-cpkb-grade-a/",0,3,0.00,81.3
"logo cpkb","https://dreamlab.id/pabrik-maklon-kosmetik-cpkb-grade-a/",0,10,0.00,9.7
"maklon bersertifikasi halal","https://dreamlab.id/pabrik-maklon-kosmetik-cpkb-grade-a/",0,3,0.00,41.0
"pt karya impian laboratoris","https://dreamlab.id/pabrik-maklon-kosmetik-cpkb-grade-a/",0,2,0.00,62.5
"dreamlab","https://dreamlab.id/pabrik-maklon-kosmetik-sidoarjo-dreamlab/",0,3,0.00,77.3
"kosmetik sidoarjo","https://dreamlab.id/pabrik-maklon-kosmetik-sidoarjo-dreamlab/",0,1,0.00,14.0
"lagii","https://dreamlab.id/pabrik-maklon-kosmetik-sidoarjo-dreamlab/",0,1,0.00,7.0
"maklon bergaransi","https://dreamlab.id/pabrik-maklon-kosmetik-sidoarjo-dreamlab/",0,3,0.00,67.3
"maklon kosmetik jawa timur","https://dreamlab.id/pabrik-maklon-kosmetik-sidoarjo-dreamlab/",0,1,0.00,1.0
"maklon parfum","https://dreamlab.id/pabrik-maklon-kosmetik-sidoarjo-dreamlab/",0,1,0.00,10.0
"maklon parfum sidoarjo","https://dreamlab.id/pabrik-maklon-kosmetik-sidoarjo-dreamlab/",0,33,0.00,5.8
"pabrik kosmetik di jawa timur","https://dreamlab.id/pabrik-maklon-kosmetik-sidoarjo-dreamlab/",0,1,0.00,22.0
"pabrik kosmetik di sidoarjo","https://dreamlab.id/pabrik-maklon-kosmetik-sidoarjo-dreamlab/",0,5,0.00,9.0
"pabrik kosmetik gedangan sidoarjo","https://dreamlab.id/pabrik-maklon-kosmetik-sidoarjo-dreamlab/",0,2,0.00,1.0
"pabrik maklon kosmetik sidoarjo","https://dreamlab.id/pabrik-maklon-kosmetik-sidoarjo-dreamlab/",0,1,0.00,11.0
"pabrik parfum sidoarjo","https://dreamlab.id/pabrik-maklon-kosmetik-sidoarjo-dreamlab/",0,1,0.00,12.0
"pt karya impian laboratoris","https://dreamlab.id/pabrik-maklon-kosmetik-sidoarjo-dreamlab/",0,6,0.00,65.3
"albea surabaya","https://dreamlab.id/pabrik-maklon-kosmetik-surabaya-terlengkap/",0,1,0.00,49.0
"asia skinlab","https://dreamlab.id/pabrik-maklon-kosmetik-surabaya-terlengkap/",0,2,0.00,50.5
"dream lab","https://dreamlab.id/pabrik-maklon-kosmetik-surabaya-terlengkap/",0,1,0.00,1.0
"dreamlab kosmetik","https://dreamlab.id/pabrik-maklon-kosmetik-surabaya-terlengkap/",0,23,0.00,9.9
"dreamlab surabaya","https://dreamlab.id/pabrik-maklon-kosmetik-surabaya-terlengkap/",0,66,0.00,6.8
"kosme surabaya","https://dreamlab.id/pabrik-maklon-kosmetik-surabaya-terlengkap/",0,1,0.00,23.0
"maklon bergaransi","https://dreamlab.id/pabrik-maklon-kosmetik-surabaya-terlengkap/",0,2,0.00,20.5
"maklon herbal surabaya","https://dreamlab.id/pabrik-maklon-kosmetik-surabaya-terlengkap/",0,16,0.00,40.2
"maklon kosmetik","https://dreamlab.id/pabrik-maklon-kosmetik-surabaya-terlengkap/",0,1,0.00,1.0
"maklon kosmetik jawa timur","https://dreamlab.id/pabrik-maklon-kosmetik-surabaya-terlengkap/",0,14,0.00,62.5
"maklon kosmetik sidoarjo","https://dreamlab.id/pabrik-maklon-kosmetik-surabaya-terlengkap/",0,8,0.00,46.5
"maklon kosmetik terdekat","https://dreamlab.id/pabrik-maklon-kosmetik-surabaya-terlengkap/",0,5,0.00,4.8
"maklon parfum surabaya","https://dreamlab.id/pabrik-maklon-kosmetik-surabaya-terlengkap/",0,17,0.00,30.8
"maklon skincare sidoarjo","https://dreamlab.id/pabrik-maklon-kosmetik-surabaya-terlengkap/",0,17,0.00,47.2
"maklon skincare terdekat","https://dreamlab.id/pabrik-maklon-kosmetik-surabaya-terlengkap/",0,4,0.00,41.8
"maklon terdekat","https://dreamlab.id/pabrik-maklon-kosmetik-surabaya-terlengkap/",0,3,0.00,24.7
"pabrik kosmetik di jawa timur","https://dreamlab.id/pabrik-maklon-kosmetik-surabaya-terlengkap/",0,2,0.00,41.0
"pabrik kosmetik di surabaya","https://dreamlab.id/pabrik-maklon-kosmetik-surabaya-terlengkap/",0,9,0.00,9.0
"pabrik kosmetik surabaya timur","https://dreamlab.id/pabrik-maklon-kosmetik-surabaya-terlengkap/",0,19,0.00,11.0
"pabrik kosmetik terdekat","https://dreamlab.id/pabrik-maklon-kosmetik-surabaya-terlengkap/",0,6,0.00,6.7
"pabrik parfum surabaya","https://dreamlab.id/pabrik-maklon-kosmetik-surabaya-terlengkap/",0,8,0.00,32.0
"pabrik skincare terdekat","https://dreamlab.id/pabrik-maklon-kosmetik-surabaya-terlengkap/",0,2,0.00,7.5
"perusahaan kosmetik di surabaya","https://dreamlab.id/pabrik-maklon-kosmetik-surabaya-terlengkap/",0,22,0.00,14.4
"perusahaan maklon kosmetik","https://dreamlab.id/pabrik-maklon-kosmetik-surabaya-terlengkap/",0,1,0.00,12.0
"pt karya impian laboratoris","https://dreamlab.id/pabrik-maklon-kosmetik-surabaya-terlengkap/",0,29,0.00,50.8
"pt makeup","https://dreamlab.id/pabrik-maklon-kosmetik-surabaya-terlengkap/",0,1,0.00,1.0
"pt maklon kosmetik indonesia surabaya","https://dreamlab.id/pabrik-maklon-kosmetik-surabaya-terlengkap/",0,1,0.00,10.0
"toko kosmetik terlengkap di surabaya","https://dreamlab.id/pabrik-maklon-kosmetik-surabaya-terlengkap/",0,1,0.00,85.0
"dreamlab","https://dreamlab.id/pabrik-maklon-kosmetik-surabaya-terlengkap/#Konsultasi_Brand_Kosmetik_Tatap_Muka",0,3,0.00,7.0
"maklon kosmetik surabaya","https://dreamlab.id/pabrik-maklon-kosmetik-surabaya-terlengkap/#Konsultasi_Brand_Kosmetik_Tatap_Muka",0,26,0.00,10.9
"maklon skincare surabaya","https://dreamlab.id/pabrik-maklon-kosmetik-surabaya-terlengkap/#Konsultasi_Brand_Kosmetik_Tatap_Muka",0,15,0.00,10.7
"maklon surabaya","https://dreamlab.id/pabrik-maklon-kosmetik-surabaya-terlengkap/#Konsultasi_Brand_Kosmetik_Tatap_Muka",0,15,0.00,10.5
"pabrik kosmetik surabaya","https://dreamlab.id/pabrik-maklon-kosmetik-surabaya-terlengkap/#Konsultasi_Brand_Kosmetik_Tatap_Muka",0,15,0.00,10.4
"pabrik kosmetik surabaya timur","https://dreamlab.id/pabrik-maklon-kosmetik-surabaya-terlengkap/#Konsultasi_Brand_Kosmetik_Tatap_Muka",0,12,0.00,11.0
"pabrik maklon kosmetik surabaya","https://dreamlab.id/pabrik-maklon-kosmetik-surabaya-terlengkap/#Konsultasi_Brand_Kosmetik_Tatap_Muka",0,17,0.00,10.5
"pabrik skincare surabaya","https://dreamlab.id/pabrik-maklon-kosmetik-surabaya-terlengkap/#Konsultasi_Brand_Kosmetik_Tatap_Muka",0,3,0.00,10.3
"perusahaan kosmetik di surabaya","https://dreamlab.id/pabrik-maklon-kosmetik-surabaya-terlengkap/#Konsultasi_Brand_Kosmetik_Tatap_Muka",0,1,0.00,10.0
"dreamlab","https://dreamlab.id/pabrik-maklon-kosmetik-surabaya-terlengkap/#Mengapa_Kamu_Harus_Memulai_Bisnis_Skincare_Sekarang",0,3,0.00,7.0
"maklon kosmetik surabaya","https://dreamlab.id/pabrik-maklon-kosmetik-surabaya-terlengkap/#Mengapa_Kamu_Harus_Memulai_Bisnis_Skincare_Sekarang",0,26,0.00,10.9
"maklon skincare surabaya","https://dreamlab.id/pabrik-maklon-kosmetik-surabaya-terlengkap/#Mengapa_Kamu_Harus_Memulai_Bisnis_Skincare_Sekarang",0,15,0.00,10.7
"maklon surabaya","https://dreamlab.id/pabrik-maklon-kosmetik-surabaya-terlengkap/#Mengapa_Kamu_Harus_Memulai_Bisnis_Skincare_Sekarang",0,15,0.00,10.5
"pabrik kosmetik surabaya","https://dreamlab.id/pabrik-maklon-kosmetik-surabaya-terlengkap/#Mengapa_Kamu_Harus_Memulai_Bisnis_Skincare_Sekarang",0,15,0.00,10.4
"pabrik kosmetik surabaya timur","https://dreamlab.id/pabrik-maklon-kosmetik-surabaya-terlengkap/#Mengapa_Kamu_Harus_Memulai_Bisnis_Skincare_Sekarang",0,12,0.00,11.0
"pabrik maklon kosmetik surabaya","https://dreamlab.id/pabrik-maklon-kosmetik-surabaya-terlengkap/#Mengapa_Kamu_Harus_Memulai_Bisnis_Skincare_Sekarang",0,17,0.00,10.5
"pabrik skincare surabaya","https://dreamlab.id/pabrik-maklon-kosmetik-surabaya-terlengkap/#Mengapa_Kamu_Harus_Memulai_Bisnis_Skincare_Sekarang",0,3,0.00,10.3
"perusahaan kosmetik di surabaya","https://dreamlab.id/pabrik-maklon-kosmetik-surabaya-terlengkap/#Mengapa_Kamu_Harus_Memulai_Bisnis_Skincare_Sekarang",0,1,0.00,10.0
"bekasi","https://dreamlab.id/pabrik-maklon-parfum-bekasi/",0,1,0.00,10.0
"dreamlab","https://dreamlab.id/pabrik-maklon-parfum-bekasi/",0,3,0.00,57.0
"jasa maklon body mist","https://dreamlab.id/pabrik-maklon-parfum-bekasi/",0,1,0.00,75.0
"jasa maklon parfum","https://dreamlab.id/pabrik-maklon-parfum-bekasi/",0,2,0.00,98.0
"jasa maklon solid perfume","https://dreamlab.id/pabrik-maklon-parfum-bekasi/",0,1,0.00,78.0
"maklon body mist","https://dreamlab.id/pabrik-maklon-parfum-bekasi/",0,2,0.00,37.5
"maklon kosmetik bekasi","https://dreamlab.id/pabrik-maklon-parfum-bekasi/",0,23,0.00,13.1
"maklon parfum","https://dreamlab.id/pabrik-maklon-parfum-bekasi/",0,19,0.00,79.2
"maklon parfum jakarta","https://dreamlab.id/pabrik-maklon-parfum-bekasi/",0,1,0.00,49.0
"maklon parfum surabaya","https://dreamlab.id/pabrik-maklon-parfum-bekasi/",0,1,0.00,76.0
"makloon parfum","https://dreamlab.id/pabrik-maklon-parfum-bekasi/",0,2,0.00,50.5
"pabrik maklon parfum","https://dreamlab.id/pabrik-maklon-parfum-bekasi/",0,1,0.00,79.0
"pabrik parfum terbesar di indonesia","https://dreamlab.id/pabrik-maklon-parfum-bekasi/",0,1,0.00,6.0
"pabrik parfum terdekat","https://dreamlab.id/pabrik-maklon-parfum-bekasi/",0,4,0.00,26.8
"pt karya impian laboratoris","https://dreamlab.id/pabrik-maklon-parfum-bekasi/",0,2,0.00,65.5
"agen parfum jakarta","https://dreamlab.id/pabrik-parfum-jakarta/",0,1,0.00,76.0
"bisnis maklon","https://dreamlab.id/pabrik-parfum-jakarta/",0,1,0.00,2.0
"distributor botol parfum jakarta","https://dreamlab.id/pabrik-parfum-jakarta/",0,1,0.00,53.0
"dreamlab perfume","https://dreamlab.id/pabrik-parfum-jakarta/",0,1,0.00,1.0
"grosir botol parfum di jakarta","https://dreamlab.id/pabrik-parfum-jakarta/",0,1,0.00,32.0
"grosir botol parfum jakarta","https://dreamlab.id/pabrik-parfum-jakarta/",0,3,0.00,39.0
"iya boleh","https://dreamlab.id/pabrik-parfum-jakarta/",0,1,0.00,3.0
"jasa maklon parfum","https://dreamlab.id/pabrik-parfum-jakarta/",0,20,0.00,26.3
"maklon moq rendah","https://dreamlab.id/pabrik-parfum-jakarta/",0,1,0.00,49.0
"maklon parfum","https://dreamlab.id/pabrik-parfum-jakarta/",0,172,0.00,28.6
"maklon parfum bandung","https://dreamlab.id/pabrik-parfum-jakarta/",0,3,0.00,67.3
"maklon parfum jawa timur","https://dreamlab.id/pabrik-parfum-jakarta/",0,1,0.00,122.0
"maklon parfum mobil","https://dreamlab.id/pabrik-parfum-jakarta/",0,1,0.00,50.0
"maklon parfum murah","https://dreamlab.id/pabrik-parfum-jakarta/",0,11,0.00,23.8
"maklon parfum surabaya","https://dreamlab.id/pabrik-parfum-jakarta/",0,2,0.00,56.5
"maklon parfum terdekat","https://dreamlab.id/pabrik-parfum-jakarta/",0,11,0.00,20.4
"makloon parfum","https://dreamlab.id/pabrik-parfum-jakarta/",0,2,0.00,17.5
"pabrik botol parfum di indonesia","https://dreamlab.id/pabrik-parfum-jakarta/",0,1,0.00,52.0
"pabrik botol parfum kaca jabodetabek","https://dreamlab.id/pabrik-parfum-jakarta/",0,1,0.00,33.0
"pabrik maklon jakarta","https://dreamlab.id/pabrik-parfum-jakarta/",0,1,0.00,24.0
"pabrik maklon parfum","https://dreamlab.id/pabrik-parfum-jakarta/",0,24,0.00,21.1
"pabrik parfum di indonesia","https://dreamlab.id/pabrik-parfum-jakarta/",0,3,0.00,45.0
"pabrik parfum terdekat","https://dreamlab.id/pabrik-parfum-jakarta/",0,5,0.00,19.2
"pabrik parfume","https://dreamlab.id/pabrik-parfum-jakarta/",0,7,0.00,10.6
"produsen parfum","https://dreamlab.id/pabrik-parfum-jakarta/",0,1,0.00,2.0
"ya","https://dreamlab.id/pabrik-parfum-jakarta/",0,1,0.00,2.0
"yang mana paling bagus?","https://dreamlab.id/pabrik-parfum-jakarta/",0,1,0.00,5.0
"maklon parfum makassar","https://dreamlab.id/pabrik-parfum-makasar/",0,20,0.00,3.1
"maklon parfum terdekat","https://dreamlab.id/pabrik-parfum-makasar/",0,5,0.00,20.4
"pabrik parfum terdekat","https://dreamlab.id/pabrik-parfum-makasar/",0,1,0.00,6.0
"maklon kosmetik malang","https://dreamlab.id/pabrik-parfum-malang-dreamlab/",0,48,0.00,10.7
"maklon parfum jawa timur","https://dreamlab.id/pabrik-parfum-malang-dreamlab/",0,16,0.00,11.6
"maklon parfum terdekat","https://dreamlab.id/pabrik-parfum-malang-dreamlab/",0,1,0.00,8.0
"malfon","https://dreamlab.id/pabrik-parfum-malang-dreamlab/",0,1,0.00,1.0
"pabrik bibit parfum di indonesia","https://dreamlab.id/pabrik-parfum-malang-dreamlab/",0,1,0.00,1.0
"pabrik kosmetik di malang","https://dreamlab.id/pabrik-parfum-malang-dreamlab/",0,12,0.00,10.6
"pabrik kosmetik malang","https://dreamlab.id/pabrik-parfum-malang-dreamlab/",0,6,0.00,10.0
"pabrik parfum","https://dreamlab.id/pabrik-parfum-malang-dreamlab/",0,39,0.00,15.3
"pabrik parfum di indonesia","https://dreamlab.id/pabrik-parfum-malang-dreamlab/",0,4,0.00,21.8
"pabrik parfum indonesia","https://dreamlab.id/pabrik-parfum-malang-dreamlab/",0,1,0.00,10.0
"pabrik parfum surabaya","https://dreamlab.id/pabrik-parfum-malang-dreamlab/",0,4,0.00,48.0
"pabrik parfum terdekat","https://dreamlab.id/pabrik-parfum-malang-dreamlab/",0,3,0.00,11.7
"custom parfum surabaya","https://dreamlab.id/pabrik-parfum-surabaya/",0,3,0.00,8.0
"distributor parfum surabaya","https://dreamlab.id/pabrik-parfum-surabaya/",0,2,0.00,37.5
"dreamlab surabaya","https://dreamlab.id/pabrik-parfum-surabaya/",0,17,0.00,8.7
"fabrik parfum","https://dreamlab.id/pabrik-parfum-surabaya/",0,1,0.00,3.0
"lebih banyak lagi","https://dreamlab.id/pabrik-parfum-surabaya/",0,1,0.00,3.0
"maklon parfum","https://dreamlab.id/pabrik-parfum-surabaya/",0,1,0.00,8.0
"maklon parfum jawa timur","https://dreamlab.id/pabrik-parfum-surabaya/",0,1,0.00,87.0
"maklon parfum terdekat","https://dreamlab.id/pabrik-parfum-surabaya/",0,3,0.00,7.3
"maklon skincare surabaya","https://dreamlab.id/pabrik-parfum-surabaya/",0,1,0.00,1.0
"pabrik","https://dreamlab.id/pabrik-parfum-surabaya/",0,1,0.00,21.0
"pabrik kosmetik di jawa timur","https://dreamlab.id/pabrik-parfum-surabaya/",0,2,0.00,1.0
"pabrik kosmetik surabaya","https://dreamlab.id/pabrik-parfum-surabaya/",0,4,0.00,30.5
"pabrik maklon parfum","https://dreamlab.id/pabrik-parfum-surabaya/",0,17,0.00,44.7
"pabrik minyak wangi","https://dreamlab.id/pabrik-parfum-surabaya/",0,7,0.00,6.0
"pabrik parfum indonesia","https://dreamlab.id/pabrik-parfum-surabaya/",0,27,0.00,9.3
"pabrik parfume","https://dreamlab.id/pabrik-parfum-surabaya/",0,6,0.00,5.5
"perusahaan kosmetik di surabaya","https://dreamlab.id/pabrik-parfum-surabaya/",0,1,0.00,1.0
"perusahaan parfum","https://dreamlab.id/pabrik-parfum-surabaya/",0,1,0.00,1.0
"perusahaan parfum di indonesia","https://dreamlab.id/pabrik-parfum-surabaya/",0,2,0.00,1.0
"perusahaan parfum terbesar di indonesia","https://dreamlab.id/pabrik-parfum-surabaya/",0,2,0.00,46.5
"produsen parfum","https://dreamlab.id/pabrik-parfum-surabaya/",0,3,0.00,1.0
"pt maklon kosmetik indonesia","https://dreamlab.id/pabrik-parfum-surabaya/",0,1,0.00,1.0
"dreamlab","https://dreamlab.id/pabrik-shampoo-merek-sendiri/",0,1,0.00,85.0
"jasa maklon shampoo","https://dreamlab.id/pabrik-shampoo-merek-sendiri/",0,1,0.00,26.0
"maklon sampo","https://dreamlab.id/pabrik-shampoo-merek-sendiri/",0,13,0.00,22.1
"maklon sampo bayi","https://dreamlab.id/pabrik-shampoo-merek-sendiri/",0,2,0.00,40.5
"dreamlab","https://dreamlab.id/pabrik-skincare-aceh-bpom-terlengkap/",0,4,0.00,38.3
"pabrik skincare halal","https://dreamlab.id/pabrik-skincare-aceh-bpom-terlengkap/",0,21,0.00,27.4
"pt karya impian laboratoris","https://dreamlab.id/pabrik-skincare-aceh-bpom-terlengkap/",0,3,0.00,61.0
"dreamlab","https://dreamlab.id/pabrik-skincare-maklon/",0,2,0.00,83.5
"jasa maklon skincare","https://dreamlab.id/pabrik-skincare-maklon/",0,22,0.00,90.7
"maklon skin care","https://dreamlab.id/pabrik-skincare-maklon/",0,19,0.00,63.2
"maklon skincare","https://dreamlab.id/pabrik-skincare-maklon/",0,144,0.00,63.2
"maklon skincare indonesia","https://dreamlab.id/pabrik-skincare-maklon/",0,1,0.00,45.0
"pabrik maklon","https://dreamlab.id/pabrik-skincare-maklon/",0,8,0.00,75.5
"pabrik maklon skincare","https://dreamlab.id/pabrik-skincare-maklon/",0,5,0.00,63.0
"pabrik skincare","https://dreamlab.id/pabrik-skincare-maklon/",0,4,0.00,105.8
"perusahaan maklon kosmetik","https://dreamlab.id/pabrik-skincare-maklon/",0,1,0.00,95.0
"perusahaan maklon skincare","https://dreamlab.id/pabrik-skincare-maklon/",0,7,0.00,37.9
"produsen skincare","https://dreamlab.id/pabrik-skincare-maklon/",0,2,0.00,88.5
"pt karya impian laboratoris","https://dreamlab.id/pabrik-skincare-maklon/",0,13,0.00,49.5
"bpom","https://dreamlab.id/panduan-maklon-deodorant-bpom/",0,1,0.00,25.0
"jasa maklon deodorant","https://dreamlab.id/panduan-maklon-deodorant-bpom/",0,1,0.00,16.0
"maklon deodoran","https://dreamlab.id/panduan-maklon-deodorant-bpom/",0,20,0.00,18.1
"maklon deodorant","https://dreamlab.id/panduan-maklon-deodorant-bpom/",0,4,0.00,17.3
"berapa persen niacinamide untuk wajah","https://dreamlab.id/panduan-persentase-manfaat-niacinamide-skincare/",0,1,0.00,51.0
"manfaat niacinamide 5 persen untuk wajah","https://dreamlab.id/panduan-persentase-manfaat-niacinamide-skincare/",0,2,0.00,6.5
"niacinamide","https://dreamlab.id/panduan-persentase-manfaat-niacinamide-skincare/",0,1,0.00,48.0
"niacinamide 2 persen","https://dreamlab.id/panduan-persentase-manfaat-niacinamide-skincare/",0,1,0.00,8.0
"niacinamide 2 persen untuk apa","https://dreamlab.id/panduan-persentase-manfaat-niacinamide-skincare/",0,6,0.00,10.8
"niacinamide 2%","https://dreamlab.id/panduan-persentase-manfaat-niacinamide-skincare/",0,1,0.00,3.0
"niacinamide berapa persen untuk mencerahkan kulit","https://dreamlab.id/panduan-persentase-manfaat-niacinamide-skincare/",0,1,0.00,9.0
"oxybiome niacinamide manfaat","https://dreamlab.id/panduan-persentase-manfaat-niacinamide-skincare/",0,1,0.00,25.0
"panthenol dan niacinamide","https://dreamlab.id/panduan-persentase-manfaat-niacinamide-skincare/",0,1,0.00,59.0
"persentase niacinamide yang aman","https://dreamlab.id/panduan-persentase-manfaat-niacinamide-skincare/",0,1,0.00,11.0
"ide bisnis parfum","https://dreamlab.id/parfum-arab-ide-bisnis-2026/",0,1,0.00,8.0
"parfum timteng","https://dreamlab.id/parfum-arab-ide-bisnis-2026/",0,1,0.00,17.0
"resale","https://dreamlab.id/parfum-arab-ide-bisnis-2026/",0,1,0.00,3.0
"riset pasar","https://dreamlab.id/parfum-arab-ide-bisnis-2026/",0,1,0.00,2.0
"apa itu blaem blaem","https://dreamlab.id/parfum-balm-vs-parfum-oil/",0,2,0.00,1.0
"aromanya seperti apa","https://dreamlab.id/parfum-balm-vs-parfum-oil/",0,1,0.00,2.0
"arti balm","https://dreamlab.id/parfum-balm-vs-parfum-oil/",0,7,0.00,10.9
"balm adalah","https://dreamlab.id/parfum-balm-vs-parfum-oil/",0,4,0.00,28.8
"balm artinya","https://dreamlab.id/parfum-balm-vs-parfum-oil/",0,36,0.00,11.9
"balm itu apa","https://dreamlab.id/parfum-balm-vs-parfum-oil/",0,1,0.00,12.0
"balm parfum","https://dreamlab.id/parfum-balm-vs-parfum-oil/",0,2,0.00,9.5
"blaem blaem artinya","https://dreamlab.id/parfum-balm-vs-parfum-oil/",0,3,0.00,1.0
"fragrance balm","https://dreamlab.id/parfum-balm-vs-parfum-oil/",0,1,0.00,3.0
"oil based parfum","https://dreamlab.id/parfum-balm-vs-parfum-oil/",0,1,0.00,1.0
"oil parfum","https://dreamlab.id/parfum-balm-vs-parfum-oil/",0,2,0.00,3.0
"oil perfume body shop","https://dreamlab.id/parfum-balm-vs-parfum-oil/",0,1,0.00,3.0
"parfum balm","https://dreamlab.id/parfum-balm-vs-parfum-oil/",0,6,0.00,12.0
"parfum oil","https://dreamlab.id/parfum-balm-vs-parfum-oil/",0,1,0.00,4.0
"parfum oil based","https://dreamlab.id/parfum-balm-vs-parfum-oil/",0,9,0.00,8.3
"parfum oles","https://dreamlab.id/parfum-balm-vs-parfum-oil/",0,1,0.00,2.0
"parfume balm","https://dreamlab.id/parfum-balm-vs-parfum-oil/",0,1,0.00,1.0
"perfume balm","https://dreamlab.id/parfum-balm-vs-parfum-oil/",0,2,0.00,2.5
"tamburins lale balm","https://dreamlab.id/parfum-balm-vs-parfum-oil/",0,1,0.00,1.0
"terra pafe perfume balm","https://dreamlab.id/parfum-balm-vs-parfum-oil/",0,1,0.00,1.0
"the body shop perfume oil","https://dreamlab.id/parfum-balm-vs-parfum-oil/",0,1,0.00,3.0
"apa itu inspired","https://dreamlab.id/parfum-inspired-peluang-bisnis/",0,8,0.00,12.6
"apa itu inspired parfum","https://dreamlab.id/parfum-inspired-peluang-bisnis/",0,345,0.00,9.6
"apa itu parfum inspired","https://dreamlab.id/parfum-inspired-peluang-bisnis/",0,108,0.00,7.6
"arti inspired parfum","https://dreamlab.id/parfum-inspired-peluang-bisnis/",0,14,0.00,9.2
"berapa harga parfum mykonos inception","https://dreamlab.id/parfum-inspired-peluang-bisnis/",0,1,0.00,5.0
"best seller parfum wanita","https://dreamlab.id/parfum-inspired-peluang-bisnis/",0,1,0.00,3.0
"fragrance enthusiast artinya","https://dreamlab.id/parfum-inspired-peluang-bisnis/",0,1,0.00,11.0
"im parfume","https://dreamlab.id/parfum-inspired-peluang-bisnis/",0,1,0.00,3.0
"inspire parfum","https://dreamlab.id/parfum-inspired-peluang-bisnis/",0,1,0.00,2.0
"inspired","https://dreamlab.id/parfum-inspired-peluang-bisnis/",0,2,0.00,3.0
"inspired adalah","https://dreamlab.id/parfum-inspired-peluang-bisnis/",0,5,0.00,2.6
"inspired artinya","https://dreamlab.id/parfum-inspired-peluang-bisnis/",0,1,0.00,2.0
"inspired parfum","https://dreamlab.id/parfum-inspired-peluang-bisnis/",0,2,0.00,7.5
"inspired parfum adalah","https://dreamlab.id/parfum-inspired-peluang-bisnis/",0,181,0.00,9.6
"inspired scent","https://dreamlab.id/parfum-inspired-peluang-bisnis/",0,1,0.00,5.0
"jaguar vision wangi apa","https://dreamlab.id/parfum-inspired-peluang-bisnis/",0,1,0.00,2.0
"kalau strawberry","https://dreamlab.id/parfum-inspired-peluang-bisnis/",0,1,0.00,3.0
"parfum cewek isi ulang","https://dreamlab.id/parfum-inspired-peluang-bisnis/",0,1,0.00,3.0
"parfum inspired","https://dreamlab.id/parfum-inspired-peluang-bisnis/",0,7,0.00,11.4
"parfum inspired adalah","https://dreamlab.id/parfum-inspired-peluang-bisnis/",0,159,0.00,7.7
"parfum inspired artinya","https://dreamlab.id/parfum-inspired-peluang-bisnis/",0,325,0.00,7.3
"parfum inspired by","https://dreamlab.id/parfum-inspired-peluang-bisnis/",0,1,0.00,10.0
"parfum pembangkit gairah wanita","https://dreamlab.id/parfum-inspired-peluang-bisnis/",0,1,0.00,3.0
"parfum tahan lama isi ulang","https://dreamlab.id/parfum-inspired-peluang-bisnis/",0,1,0.00,3.0
"parfum wangi susu","https://dreamlab.id/parfum-inspired-peluang-bisnis/",0,1,0.00,1.0
"parfum yang lagi trend sekarang","https://dreamlab.id/parfum-inspired-peluang-bisnis/",0,1,0.00,1.0
"parfum yang segar dan tahan lama","https://dreamlab.id/parfum-inspired-peluang-bisnis/",0,1,0.00,2.0
"produk inspired adalah","https://dreamlab.id/parfum-inspired-peluang-bisnis/",0,18,0.00,6.1
"trend parfum","https://dreamlab.id/parfum-inspired-peluang-bisnis/",0,1,0.00,11.0
"varian fresh parfum","https://dreamlab.id/parfum-inspired-peluang-bisnis/",0,1,0.00,2.0
"varian parfum","https://dreamlab.id/parfum-inspired-peluang-bisnis/",0,1,0.00,31.0
"wangi parfum cowok yang disukai wanita","https://dreamlab.id/parfum-inspired-peluang-bisnis/",0,1,0.00,3.0
"wangi parfum wanita isi ulang","https://dreamlab.id/parfum-inspired-peluang-bisnis/",0,1,0.00,3.0
"arti inspired parfum","https://dreamlab.id/parfum-inspired-peluang-bisnis/#1_Floral_Inspired",0,9,0.00,10.8
"inspired parfum adalah","https://dreamlab.id/parfum-inspired-peluang-bisnis/#1_Floral_Inspired",0,117,0.00,9.5
"inspired parfum artinya","https://dreamlab.id/parfum-inspired-peluang-bisnis/#1_Floral_Inspired",0,157,0.00,7.1
"parfum inspired adalah","https://dreamlab.id/parfum-inspired-peluang-bisnis/#1_Floral_Inspired",0,22,0.00,8.0
"parfum inspired artinya","https://dreamlab.id/parfum-inspired-peluang-bisnis/#1_Floral_Inspired",0,209,0.00,7.0
"arti inspired parfum","https://dreamlab.id/parfum-inspired-peluang-bisnis/#2_Gourmand_Inspired",0,10,0.00,10.5
"inspired parfum adalah","https://dreamlab.id/parfum-inspired-peluang-bisnis/#2_Gourmand_Inspired",0,127,0.00,9.5
"inspired parfum artinya","https://dreamlab.id/parfum-inspired-peluang-bisnis/#2_Gourmand_Inspired",0,170,0.00,7.1
"parfum inspired adalah","https://dreamlab.id/parfum-inspired-peluang-bisnis/#2_Gourmand_Inspired",0,25,0.00,8.0
"parfum inspired artinya","https://dreamlab.id/parfum-inspired-peluang-bisnis/#2_Gourmand_Inspired",0,215,0.00,7.0
"arti inspired parfum","https://dreamlab.id/parfum-inspired-peluang-bisnis/#3_Woody_Spicy_Inspired",0,9,0.00,10.8
"inspired parfum adalah","https://dreamlab.id/parfum-inspired-peluang-bisnis/#3_Woody_Spicy_Inspired",0,117,0.00,9.5
"inspired parfum artinya","https://dreamlab.id/parfum-inspired-peluang-bisnis/#3_Woody_Spicy_Inspired",0,157,0.00,7.1
"parfum inspired adalah","https://dreamlab.id/parfum-inspired-peluang-bisnis/#3_Woody_Spicy_Inspired",0,22,0.00,8.0
"parfum inspired artinya","https://dreamlab.id/parfum-inspired-peluang-bisnis/#3_Woody_Spicy_Inspired",0,209,0.00,7.0
"arti inspired parfum","https://dreamlab.id/parfum-inspired-peluang-bisnis/#4_Fresh_Aquatic_Inspired",0,9,0.00,10.8
"inspired parfum adalah","https://dreamlab.id/parfum-inspired-peluang-bisnis/#4_Fresh_Aquatic_Inspired",0,117,0.00,9.5
"inspired parfum artinya","https://dreamlab.id/parfum-inspired-peluang-bisnis/#4_Fresh_Aquatic_Inspired",0,157,0.00,7.1
"parfum inspired adalah","https://dreamlab.id/parfum-inspired-peluang-bisnis/#4_Fresh_Aquatic_Inspired",0,22,0.00,8.0
"parfum inspired artinya","https://dreamlab.id/parfum-inspired-peluang-bisnis/#4_Fresh_Aquatic_Inspired",0,209,0.00,7.0
"arti inspired parfum","https://dreamlab.id/parfum-inspired-peluang-bisnis/#5_Jenis_Parfum_Inspired_yang_Sedang_Tren",0,10,0.00,10.5
"inspired parfum adalah","https://dreamlab.id/parfum-inspired-peluang-bisnis/#5_Jenis_Parfum_Inspired_yang_Sedang_Tren",0,127,0.00,9.5
"inspired parfum artinya","https://dreamlab.id/parfum-inspired-peluang-bisnis/#5_Jenis_Parfum_Inspired_yang_Sedang_Tren",0,170,0.00,7.1
"parfum inspired adalah","https://dreamlab.id/parfum-inspired-peluang-bisnis/#5_Jenis_Parfum_Inspired_yang_Sedang_Tren",0,25,0.00,8.0
"parfum inspired artinya","https://dreamlab.id/parfum-inspired-peluang-bisnis/#5_Jenis_Parfum_Inspired_yang_Sedang_Tren",0,215,0.00,7.0
"arti inspired parfum","https://dreamlab.id/parfum-inspired-peluang-bisnis/#Mengapa_Parfum_Inspired_Menjadi_Tren",0,9,0.00,10.8
"inspired parfum adalah","https://dreamlab.id/parfum-inspired-peluang-bisnis/#Mengapa_Parfum_Inspired_Menjadi_Tren",0,125,0.00,9.5
"inspired parfum artinya","https://dreamlab.id/parfum-inspired-peluang-bisnis/#Mengapa_Parfum_Inspired_Menjadi_Tren",0,169,0.00,7.1
"parfum inspired adalah","https://dreamlab.id/parfum-inspired-peluang-bisnis/#Mengapa_Parfum_Inspired_Menjadi_Tren",0,25,0.00,8.0
"parfum inspired artinya","https://dreamlab.id/parfum-inspired-peluang-bisnis/#Mengapa_Parfum_Inspired_Menjadi_Tren",0,214,0.00,7.0
""bpom" "menarik" -site:reddit.com -site:twitter.com -site:x.com -site:wykop.pl -site:tripadvisor.com -site:youtube.com -site:yelp.com -site:booking.com -site:facebook.com -site:instagram.com -site:tiktok.com","https://dreamlab.id/parfum-pheromone-bisnis-parfum/",0,1,0.00,7.0
""maklon kosmetik" -site:reddit.com -site:twitter.com -site:x.com -site:wykop.pl -site:tripadvisor.com -site:youtube.com -site:yelp.com -site:booking.com -site:facebook.com -site:instagram.com -site:tiktok.com","https://dreamlab.id/parfum-pheromone-bisnis-parfum/",0,1,0.00,10.0
""maklon skincare" -site:reddit.com -site:twitter.com -site:x.com -site:wykop.pl -site:tripadvisor.com -site:youtube.com -site:yelp.com -site:booking.com -site:facebook.com -site:instagram.com -site:tiktok.com","https://dreamlab.id/parfum-pheromone-bisnis-parfum/",0,1,0.00,3.0
"parfum pheromone","https://dreamlab.id/parfum-pheromone-bisnis-parfum/",0,1,0.00,3.0
"parfum pheromone adalah","https://dreamlab.id/parfum-pheromone-bisnis-parfum/",0,1,0.00,13.0
"pheromone perfume adalah","https://dreamlab.id/parfum-pheromone-bisnis-parfum/",0,2,0.00,28.5
"dreamlab","https://dreamlab.id/parfum/",0,17,0.00,8.7
"dreamlab kosmetik","https://dreamlab.id/parfum/",0,9,0.00,8.1
"dreamlab perfume","https://dreamlab.id/parfum/",0,1,0.00,2.0
"dreamlab.com","https://dreamlab.id/parfum/",0,2,0.00,5.0
"jasa maklon body mist","https://dreamlab.id/parfum/",0,6,0.00,18.2
"jasa maklon cologne","https://dreamlab.id/parfum/",0,1,0.00,28.0
"jasa maklon solid perfume","https://dreamlab.id/parfum/",0,1,0.00,61.0
"joylab parfum","https://dreamlab.id/parfum/",0,1,0.00,22.0
"maklon body mist","https://dreamlab.id/parfum/",0,62,0.00,13.7
"maklon cologne","https://dreamlab.id/parfum/",0,1,0.00,23.0
"maklon parfum bandung","https://dreamlab.id/parfum/",0,1,0.00,60.0
"maklon parfum bpom","https://dreamlab.id/parfum/",0,1,0.00,43.0
"maklon parfum indonesia","https://dreamlab.id/parfum/",0,3,0.00,9.0
"maklon parfum surabaya","https://dreamlab.id/parfum/",0,3,0.00,67.7
"maklon parfum terdekat","https://dreamlab.id/parfum/",0,5,0.00,14.0
"maklon parfume","https://dreamlab.id/parfum/",0,11,0.00,36.7
"maklon solid perfume","https://dreamlab.id/parfum/",0,1,0.00,66.0
"parfum joylab","https://dreamlab.id/parfum/",0,1,0.00,20.0
"parfum white label","https://dreamlab.id/parfum/",0,1,0.00,9.0
"private label parfum","https://dreamlab.id/parfum/",0,4,0.00,18.5
"pt karya impian laboratoris","https://dreamlab.id/parfum/",0,2,0.00,71.5
"pt karya impian laboratoris","https://dreamlab.id/peluang-bisnis-skincare-irt/",0,1,0.00,48.0
"hydroquinone replacement artinya","https://dreamlab.id/pengganti-hydroquinone-flek-hitam-aman/",0,16,0.00,9.6
"apa itu ingrown hair","https://dreamlab.id/penyebab-ingrown-hair/",0,1,0.00,34.0
"areola ingrown hair","https://dreamlab.id/penyebab-ingrown-hair/",0,1,0.00,39.0
"bulu tumbuh ke dalam","https://dreamlab.id/penyebab-ingrown-hair/",0,1,0.00,62.0
"cara mengatasi ingrown hair","https://dreamlab.id/penyebab-ingrown-hair/",0,21,0.00,35.4
"cara mengatasi ingrown hair di ketiak","https://dreamlab.id/penyebab-ingrown-hair/",0,1,0.00,18.0
"cara mengeluarkan ingrown hair","https://dreamlab.id/penyebab-ingrown-hair/",0,2,0.00,74.0
"cara menghilangkan ingrown hair","https://dreamlab.id/penyebab-ingrown-hair/",0,6,0.00,35.2
"hair ingrown","https://dreamlab.id/penyebab-ingrown-hair/",0,1,0.00,24.0
"hair ingrowth","https://dreamlab.id/penyebab-ingrown-hair/",0,1,0.00,27.0
"ingrown","https://dreamlab.id/penyebab-ingrown-hair/",0,7,0.00,27.7
"ingrown hair","https://dreamlab.id/penyebab-ingrown-hair/",0,32,0.00,27.8
"ingrown hair adalah","https://dreamlab.id/penyebab-ingrown-hair/",0,26,0.00,35.6
"ingrown hair armpit","https://dreamlab.id/penyebab-ingrown-hair/",0,3,0.00,55.3
"ingrown hair di kemaluan","https://dreamlab.id/penyebab-ingrown-hair/",0,1,0.00,69.0
"ingrown hair di ketiak","https://dreamlab.id/penyebab-ingrown-hair/",0,2,0.00,31.5
"ingrown hair ketiak","https://dreamlab.id/penyebab-ingrown-hair/",0,2,0.00,58.5
"ingrown hair removal","https://dreamlab.id/penyebab-ingrown-hair/",0,3,0.00,49.3
"ingrown hair salicylic acid","https://dreamlab.id/penyebab-ingrown-hair/",0,1,0.00,7.0
"ingrown hair treatment","https://dreamlab.id/penyebab-ingrown-hair/",0,1,0.00,41.0
"paula's choice ingrown hair","https://dreamlab.id/penyebab-ingrown-hair/",0,1,0.00,5.0
"penyebab ingrown hair","https://dreamlab.id/penyebab-ingrown-hair/",0,15,0.00,16.3
"rambut tumbuh ke dalam","https://dreamlab.id/penyebab-ingrown-hair/",0,36,0.00,45.1
"rambut yang tumbuh ke dalam","https://dreamlab.id/penyebab-ingrown-hair/",0,2,0.00,70.0
"apa arti edp","https://dreamlab.id/perbedaan-edp-edt/",0,1,0.00,12.0
"apa beda eau de toilette dan eau de parfum","https://dreamlab.id/perbedaan-edp-edt/",0,1,0.00,22.0
"apa beda edp dan edt","https://dreamlab.id/perbedaan-edp-edt/",0,17,0.00,12.3
"apa beda edt dan edp","https://dreamlab.id/perbedaan-edp-edt/",0,7,0.00,12.4
"apa bedanya edp dan edt","https://dreamlab.id/perbedaan-edp-edt/",0,5,0.00,12.6
"apa bedanya edt dan edp","https://dreamlab.id/perbedaan-edp-edt/",0,9,0.00,12.6
"apa bedanya parfum edp dan edt","https://dreamlab.id/perbedaan-edp-edt/",0,1,0.00,10.0
"apa itu edp","https://dreamlab.id/perbedaan-edp-edt/",0,102,0.00,11.7
"apa itu edp dan edt","https://dreamlab.id/perbedaan-edp-edt/",0,9,0.00,11.0
"apa itu edp parfum","https://dreamlab.id/perbedaan-edp-edt/",0,8,0.00,11.3
"apa itu edt","https://dreamlab.id/perbedaan-edp-edt/",0,44,0.00,12.3
"apa itu edt dan edp","https://dreamlab.id/perbedaan-edp-edt/",0,4,0.00,12.5
"apa itu parfum edp dan edt","https://dreamlab.id/perbedaan-edp-edt/",0,1,0.00,1.0
"apa itu parfum edt","https://dreamlab.id/perbedaan-edp-edt/",0,5,0.00,11.0
"apa perbedaan eau de toilette dan eau de parfum","https://dreamlab.id/perbedaan-edp-edt/",0,1,0.00,65.0
"apa perbedaan edp dan edt","https://dreamlab.id/perbedaan-edp-edt/",0,7,0.00,12.7
"apa perbedaan edp edt edc parfum","https://dreamlab.id/perbedaan-edp-edt/",0,2,0.00,12.0
"apa perbedaan edt dan edp","https://dreamlab.id/perbedaan-edp-edt/",0,4,0.00,11.8
"apa perbedaan edt dan edp parfum","https://dreamlab.id/perbedaan-edp-edt/",0,2,0.00,12.0
"apa perbedaan parfum edp dan edt","https://dreamlab.id/perbedaan-edp-edt/",0,1,0.00,13.0
"apa perbedaan parfum edt dan edp","https://dreamlab.id/perbedaan-edp-edt/",0,1,0.00,12.0
"arti edp","https://dreamlab.id/perbedaan-edp-edt/",0,1,0.00,39.0
"arti edt pada parfum","https://dreamlab.id/perbedaan-edp-edt/",0,1,0.00,16.0
"aue de parfum","https://dreamlab.id/perbedaan-edp-edt/",0,1,0.00,3.0
"beda eau de parfum dan eau de toilette","https://dreamlab.id/perbedaan-edp-edt/",0,1,0.00,50.0
"beda eau de parfum dengan eau de toilette","https://dreamlab.id/perbedaan-edp-edt/",0,1,0.00,16.0
"beda eau de toilette dan eau de parfum","https://dreamlab.id/perbedaan-edp-edt/",0,1,0.00,39.0
"beda eau de toilette dengan eau de parfum","https://dreamlab.id/perbedaan-edp-edt/",0,1,0.00,19.0
"beda edp dan edt","https://dreamlab.id/perbedaan-edp-edt/",0,28,0.00,13.4
"beda edp sama edt","https://dreamlab.id/perbedaan-edp-edt/",0,1,0.00,13.0
"beda edt dan edp","https://dreamlab.id/perbedaan-edp-edt/",0,38,0.00,13.2
"beda edt dan edp pada parfum","https://dreamlab.id/perbedaan-edp-edt/",0,1,0.00,11.0
"beda edt dan edp parfum","https://dreamlab.id/perbedaan-edp-edt/",0,7,0.00,17.0
"beda edt edp","https://dreamlab.id/perbedaan-edp-edt/",0,2,0.00,12.0
"beda nya edp dan edt","https://dreamlab.id/perbedaan-edp-edt/",0,1,0.00,13.0
"beda parfum edp dan edt","https://dreamlab.id/perbedaan-edp-edt/",0,2,0.00,21.5
"beda parfum edt dan edp","https://dreamlab.id/perbedaan-edp-edt/",0,7,0.00,18.1
"bedanya eau de toilette dan eau de parfum","https://dreamlab.id/perbedaan-edp-edt/",0,3,0.00,37.7
"bedanya edp dan edt","https://dreamlab.id/perbedaan-edp-edt/",0,33,0.00,10.5
"bedanya edp sama edt","https://dreamlab.id/perbedaan-edp-edt/",0,4,0.00,11.8
"bedanya edt dan edp","https://dreamlab.id/perbedaan-edp-edt/",0,34,0.00,12.5
"bedanya edt sama edp","https://dreamlab.id/perbedaan-edp-edt/",0,1,0.00,11.0
"bedanya parfum edp dan edt","https://dreamlab.id/perbedaan-edp-edt/",0,1,0.00,43.0
"bedanya parfum edt dan edp","https://dreamlab.id/perbedaan-edp-edt/",0,2,0.00,14.0
"clone me dupe apa","https://dreamlab.id/perbedaan-edp-edt/",0,1,0.00,3.0
"cologne edt edp parfum","https://dreamlab.id/perbedaan-edp-edt/",0,1,0.00,12.0
"eau de parfum","https://dreamlab.id/perbedaan-edp-edt/",0,9,0.00,3.0
"eau de parfum artinya","https://dreamlab.id/perbedaan-edp-edt/",0,2,0.00,3.0
"edp","https://dreamlab.id/perbedaan-edp-edt/",0,7,0.00,17.3
"edp adalah","https://dreamlab.id/perbedaan-edp-edt/",0,27,0.00,12.4
"edp adalah parfum","https://dreamlab.id/perbedaan-edp-edt/",0,7,0.00,26.9
"edp artinya","https://dreamlab.id/perbedaan-edp-edt/",0,5,0.00,13.2
"edp atau edt","https://dreamlab.id/perbedaan-edp-edt/",0,1,0.00,11.0
"edp dan edt","https://dreamlab.id/perbedaan-edp-edt/",0,6,0.00,14.5
"edp dan edt bedanya apa","https://dreamlab.id/perbedaan-edp-edt/",0,4,0.00,11.8
"edp edt","https://dreamlab.id/perbedaan-edp-edt/",0,2,0.00,43.5
"edp edt parfum adalah","https://dreamlab.id/perbedaan-edp-edt/",0,2,0.00,1.0
"edp edt perbedaan","https://dreamlab.id/perbedaan-edp-edt/",0,1,0.00,11.0
"edp edt perfume","https://dreamlab.id/perbedaan-edp-edt/",0,1,0.00,19.0
"edp itu apa","https://dreamlab.id/perbedaan-edp-edt/",0,109,0.00,12.3
"edp or edt","https://dreamlab.id/perbedaan-edp-edt/",0,2,0.00,24.0
"edp parfum","https://dreamlab.id/perbedaan-edp-edt/",0,3,0.00,29.3
"edp parfum adalah","https://dreamlab.id/perbedaan-edp-edt/",0,7,0.00,24.0
"edp sama edt","https://dreamlab.id/perbedaan-edp-edt/",0,3,0.00,12.7
"edp sama edt bagus mana","https://dreamlab.id/perbedaan-edp-edt/",0,1,0.00,12.0
"edp vs edt","https://dreamlab.id/perbedaan-edp-edt/",0,1,0.00,50.0
"edt","https://dreamlab.id/perbedaan-edp-edt/",0,25,0.00,11.4
"edt adalah","https://dreamlab.id/perbedaan-edp-edt/",0,153,0.00,11.5
"edt and edp","https://dreamlab.id/perbedaan-edp-edt/",0,1,0.00,35.0
"edt artinya","https://dreamlab.id/perbedaan-edp-edt/",0,14,0.00,13.6
"edt atau edp","https://dreamlab.id/perbedaan-edp-edt/",0,1,0.00,15.0
"edt dan edp","https://dreamlab.id/perbedaan-edp-edt/",0,20,0.00,15.4
"edt dan edp bedanya apa","https://dreamlab.id/perbedaan-edp-edt/",0,11,0.00,12.5
"edt edo","https://dreamlab.id/perbedaan-edp-edt/",0,1,0.00,11.0
"edt edp","https://dreamlab.id/perbedaan-edp-edt/",0,16,0.00,18.4
"edt edp extrait","https://dreamlab.id/perbedaan-edp-edt/",0,1,0.00,3.0
"edt edp parfum","https://dreamlab.id/perbedaan-edp-edt/",0,3,0.00,17.0
"edt itu apa","https://dreamlab.id/perbedaan-edp-edt/",0,7,0.00,12.0
"edt parfum","https://dreamlab.id/perbedaan-edp-edt/",0,2,0.00,17.5
"edt parfum adalah","https://dreamlab.id/perbedaan-edp-edt/",0,4,0.00,26.5
"edt parfüm","https://dreamlab.id/perbedaan-edp-edt/",0,1,0.00,28.0
"edt perfume","https://dreamlab.id/perbedaan-edp-edt/",0,1,0.00,25.0
"edt vs edp","https://dreamlab.id/perbedaan-edp-edt/",0,1,0.00,51.0
"est edp","https://dreamlab.id/perbedaan-edp-edt/",0,1,0.00,12.0
"jafaron merah","https://dreamlab.id/perbedaan-edp-edt/",0,1,0.00,3.0
"jenis jenis parfum","https://dreamlab.id/perbedaan-edp-edt/",0,2,0.00,3.0
"kepanjangan edp","https://dreamlab.id/perbedaan-edp-edt/",0,1,0.00,48.0
"kepanjangan edp parfum","https://dreamlab.id/perbedaan-edp-edt/",0,3,0.00,32.7
"lebih awet edp atau edt","https://dreamlab.id/perbedaan-edp-edt/",0,1,0.00,54.0
"lebih tahan lama edp atau edt","https://dreamlab.id/perbedaan-edp-edt/",0,2,0.00,17.0
"merk parfum tahan lama 24 jam pria","https://dreamlab.id/perbedaan-edp-edt/",0,1,0.00,3.0
"parfum edp","https://dreamlab.id/perbedaan-edp-edt/",0,7,0.00,3.1
"parfum edp adalah","https://dreamlab.id/perbedaan-edp-edt/",0,4,0.00,25.0
"parfum edp dan edt","https://dreamlab.id/perbedaan-edp-edt/",0,4,0.00,29.3
"parfum edt","https://dreamlab.id/perbedaan-edp-edt/",0,5,0.00,32.8
"parfum edt artinya","https://dreamlab.id/perbedaan-edp-edt/",0,1,0.00,50.0
"parfum edt dan edp","https://dreamlab.id/perbedaan-edp-edt/",0,2,0.00,30.0
"parfum edt edp","https://dreamlab.id/perbedaan-edp-edt/",0,1,0.00,18.0
"parfum edt itu apa","https://dreamlab.id/perbedaan-edp-edt/",0,1,0.00,13.0
"parfum salsa","https://dreamlab.id/perbedaan-edp-edt/",0,1,0.00,3.0
"parfum tahan lama edp atau edt","https://dreamlab.id/perbedaan-edp-edt/",0,1,0.00,59.0
"parfum yang tahan lama edt atau edp","https://dreamlab.id/perbedaan-edp-edt/",0,1,0.00,33.0
"perbedaan eau de toilette","https://dreamlab.id/perbedaan-edp-edt/",0,2,0.00,27.0
"perbedaan eau de toilette dan eau de parfum","https://dreamlab.id/perbedaan-edp-edt/",0,1,0.00,44.0
"perbedaan edc edt edp","https://dreamlab.id/perbedaan-edp-edt/",0,4,0.00,13.0
"perbedaan edp","https://dreamlab.id/perbedaan-edp-edt/",0,2,0.00,12.5
"perbedaan edp dan edt","https://dreamlab.id/perbedaan-edp-edt/",0,52,0.00,13.2
"perbedaan edp dan edt pada parfum","https://dreamlab.id/perbedaan-edp-edt/",0,1,0.00,12.0
"perbedaan edp dan edt parfum","https://dreamlab.id/perbedaan-edp-edt/",0,2,0.00,13.0
"perbedaan edp edt","https://dreamlab.id/perbedaan-edp-edt/",0,89,0.00,10.3
"perbedaan edp edt edc","https://dreamlab.id/perbedaan-edp-edt/",0,16,0.00,10.8
"perbedaan edp edt edc parfum","https://dreamlab.id/perbedaan-edp-edt/",0,2,0.00,11.5
"perbedaan edp  edt edc parfum","https://dreamlab.id/perbedaan-edp-edt/",0,24,0.00,11.8
"perbedaan edp  edt  edc parfum","https://dreamlab.id/perbedaan-edp-edt/",0,1,0.00,12.0
"perbedaan edt dan edp","https://dreamlab.id/perbedaan-edp-edt/",0,138,0.00,11.3
"perbedaan edt dan edp parfum","https://dreamlab.id/perbedaan-edp-edt/",0,1,0.00,40.0
"perbedaan edt edp","https://dreamlab.id/perbedaan-edp-edt/",0,14,0.00,16.9
"perbedaan parfum dan edp","https://dreamlab.id/perbedaan-edp-edt/",0,1,0.00,34.0
"perbedaan parfum edp dan edt","https://dreamlab.id/perbedaan-edp-edt/",0,11,0.00,21.7
"perbedaan parfum edt dan edp","https://dreamlab.id/perbedaan-edp-edt/",0,4,0.00,27.0
"perbedaan parfume edp dan edt","https://dreamlab.id/perbedaan-edp-edt/",0,2,0.00,12.5
"tahan lama edp atau edt","https://dreamlab.id/perbedaan-edp-edt/",0,1,0.00,23.0
"urutan ketahanan parfum","https://dreamlab.id/perbedaan-edp-edt/",0,1,0.00,3.0
"varian hmns","https://dreamlab.id/perbedaan-edp-edt/",0,1,0.00,3.0
"wat is edt","https://dreamlab.id/perbedaan-edp-edt/",0,1,0.00,10.0
"apa bedanya micellar water dan toner","https://dreamlab.id/perbedaan-micellar-water-dan-toner/",0,1,0.00,24.0
"apa bedanya toner dan micellar water","https://dreamlab.id/perbedaan-micellar-water-dan-toner/",0,7,0.00,28.1
"apa perbedaan micellar water dan toner","https://dreamlab.id/perbedaan-micellar-water-dan-toner/",0,8,0.00,27.6
"apa perbedaan toner dan micellar water","https://dreamlab.id/perbedaan-micellar-water-dan-toner/",0,5,0.00,29.2
"apakah micellar water bisa dijadikan toner","https://dreamlab.id/perbedaan-micellar-water-dan-toner/",0,4,0.00,46.3
"apakah micellar water sama dengan toner","https://dreamlab.id/perbedaan-micellar-water-dan-toner/",0,4,0.00,26.8
"apakah toner dan micellar water sama","https://dreamlab.id/perbedaan-micellar-water-dan-toner/",0,4,0.00,34.0
"beda micellar water dan toner","https://dreamlab.id/perbedaan-micellar-water-dan-toner/",0,1,0.00,23.0
"beda toner dan micellar water","https://dreamlab.id/perbedaan-micellar-water-dan-toner/",0,16,0.00,26.6
"beda toner dengan micellar water","https://dreamlab.id/perbedaan-micellar-water-dan-toner/",0,7,0.00,25.6
"bedanya micellar water dan toner","https://dreamlab.id/perbedaan-micellar-water-dan-toner/",0,2,0.00,26.0
"bedanya toner dan micellar water","https://dreamlab.id/perbedaan-micellar-water-dan-toner/",0,4,0.00,27.5
"bedanya toner sama micellar water","https://dreamlab.id/perbedaan-micellar-water-dan-toner/",0,2,0.00,26.5
"lebih penting toner atau micellar water","https://dreamlab.id/perbedaan-micellar-water-dan-toner/",0,3,0.00,37.7
"micellar water dan toner apakah sama","https://dreamlab.id/perbedaan-micellar-water-dan-toner/",0,9,0.00,24.7
"micellar water sama toner apa bedanya","https://dreamlab.id/perbedaan-micellar-water-dan-toner/",0,1,0.00,27.0
"micellar water vs toner","https://dreamlab.id/perbedaan-micellar-water-dan-toner/",0,6,0.00,36.8
"perbedaan micellar water dan toner","https://dreamlab.id/perbedaan-micellar-water-dan-toner/",0,19,0.00,26.0
"perbedaan toner dan micellar water","https://dreamlab.id/perbedaan-micellar-water-dan-toner/",0,28,0.00,27.3
"toner dan micellar water apakah sama","https://dreamlab.id/perbedaan-micellar-water-dan-toner/",0,8,0.00,22.8
"toner micellar water","https://dreamlab.id/perbedaan-micellar-water-dan-toner/",0,3,0.00,44.0
"aeekiy obat apa","https://dreamlab.id/perbedaan-moisturizer-gel-vs-cream/",0,1,0.00,3.0
"alas duduk silikon","https://dreamlab.id/perbedaan-moisturizer-gel-vs-cream/",0,1,0.00,3.0
"apa arti moisturizer cream","https://dreamlab.id/perbedaan-moisturizer-gel-vs-cream/",0,1,0.00,12.0
"apa bedanya cream dan moisturizer","https://dreamlab.id/perbedaan-moisturizer-gel-vs-cream/",0,18,0.00,11.9
"apa bedanya moisturizer gel dan cream","https://dreamlab.id/perbedaan-moisturizer-gel-vs-cream/",0,9,0.00,4.6
"apa itu moisturizer cream","https://dreamlab.id/perbedaan-moisturizer-gel-vs-cream/",0,3,0.00,16.0
"apa pelembab wajah terbaik untuk kulit kering?","https://dreamlab.id/perbedaan-moisturizer-gel-vs-cream/",0,1,0.00,5.0
"apakah cream dan moisturizer sama","https://dreamlab.id/perbedaan-moisturizer-gel-vs-cream/",0,8,0.00,9.5
"apakah cream sama dengan moisturizer","https://dreamlab.id/perbedaan-moisturizer-gel-vs-cream/",0,6,0.00,11.7
"apakah face cream sama dengan moisturizer","https://dreamlab.id/perbedaan-moisturizer-gel-vs-cream/",0,2,0.00,11.5
"apakah moisturizer dan cream sama","https://dreamlab.id/perbedaan-moisturizer-gel-vs-cream/",0,3,0.00,11.7
"apakah moisturizer sama dengan cream","https://dreamlab.id/perbedaan-moisturizer-gel-vs-cream/",0,2,0.00,13.0
"arti moisturizer cream","https://dreamlab.id/perbedaan-moisturizer-gel-vs-cream/",0,2,0.00,12.0
"beda cream dan moisturizer","https://dreamlab.id/perbedaan-moisturizer-gel-vs-cream/",0,1,0.00,1.0
"beda gel dan cream","https://dreamlab.id/perbedaan-moisturizer-gel-vs-cream/",0,26,0.00,9.8
"beda moisturizer dan cream","https://dreamlab.id/perbedaan-moisturizer-gel-vs-cream/",0,11,0.00,14.3
"bedanya cream dan moisturizer","https://dreamlab.id/perbedaan-moisturizer-gel-vs-cream/",0,8,0.00,10.1
"biome gel ponds untuk apa","https://dreamlab.id/perbedaan-moisturizer-gel-vs-cream/",0,1,0.00,3.0
"brightening moisture gel skintific","https://dreamlab.id/perbedaan-moisturizer-gel-vs-cream/",0,1,0.00,3.0
"calendula soothing gel","https://dreamlab.id/perbedaan-moisturizer-gel-vs-cream/",0,1,0.00,3.0
"cerave moisturizing gel","https://dreamlab.id/perbedaan-moisturizer-gel-vs-cream/",0,1,0.00,2.0
"cream and gel","https://dreamlab.id/perbedaan-moisturizer-gel-vs-cream/",0,1,0.00,11.0
"cream bath","https://dreamlab.id/perbedaan-moisturizer-gel-vs-cream/",0,1,0.00,3.0
"cream dan moisturizer apakah sama","https://dreamlab.id/perbedaan-moisturizer-gel-vs-cream/",0,2,0.00,7.5
"cream gel","https://dreamlab.id/perbedaan-moisturizer-gel-vs-cream/",0,1,0.00,11.0
"cream gel moisturizer","https://dreamlab.id/perbedaan-moisturizer-gel-vs-cream/",0,3,0.00,5.3
"cream moisturizer vs gel moisturizer","https://dreamlab.id/perbedaan-moisturizer-gel-vs-cream/",0,1,0.00,8.0
"cream nature gel","https://dreamlab.id/perbedaan-moisturizer-gel-vs-cream/",0,1,0.00,2.0
"cream vs gel","https://dreamlab.id/perbedaan-moisturizer-gel-vs-cream/",0,8,0.00,8.5
"cream vs gel moisturizer","https://dreamlab.id/perbedaan-moisturizer-gel-vs-cream/",0,1,0.00,6.0
"elation face care gel","https://dreamlab.id/perbedaan-moisturizer-gel-vs-cream/",0,1,0.00,3.0
"facetology gel moisturizer","https://dreamlab.id/perbedaan-moisturizer-gel-vs-cream/",0,1,0.00,4.0
"gel artinya","https://dreamlab.id/perbedaan-moisturizer-gel-vs-cream/",0,1,0.00,49.0
"gel cream","https://dreamlab.id/perbedaan-moisturizer-gel-vs-cream/",0,3,0.00,9.0
"gel cream laneige","https://dreamlab.id/perbedaan-moisturizer-gel-vs-cream/",0,1,0.00,3.0
"gel cream moisturizer","https://dreamlab.id/perbedaan-moisturizer-gel-vs-cream/",0,7,0.00,13.3
"gel or cream moisturizer","https://dreamlab.id/perbedaan-moisturizer-gel-vs-cream/",0,3,0.00,9.0
"gel ungu","https://dreamlab.id/perbedaan-moisturizer-gel-vs-cream/",0,1,0.00,2.0
"gel vs cream","https://dreamlab.id/perbedaan-moisturizer-gel-vs-cream/",0,10,0.00,7.8
"gel vs cream moisturizer","https://dreamlab.id/perbedaan-moisturizer-gel-vs-cream/",0,4,0.00,8.5
"gel-crème","https://dreamlab.id/perbedaan-moisturizer-gel-vs-cream/",0,1,0.00,10.0
"gk tau","https://dreamlab.id/perbedaan-moisturizer-gel-vs-cream/",0,1,0.00,6.0
"glowing gel","https://dreamlab.id/perbedaan-moisturizer-gel-vs-cream/",0,1,0.00,2.0
"harga moisturizer gel viva","https://dreamlab.id/perbedaan-moisturizer-gel-vs-cream/",0,1,0.00,3.0
"harga moisturizer viva gel","https://dreamlab.id/perbedaan-moisturizer-gel-vs-cream/",0,1,0.00,3.0
"harga skintific moisturizer","https://dreamlab.id/perbedaan-moisturizer-gel-vs-cream/",0,1,0.00,3.0
"hazeline snow cream","https://dreamlab.id/perbedaan-moisturizer-gel-vs-cream/",0,1,0.00,3.0
"hazeline snow dan seger snow apakah sama","https://dreamlab.id/perbedaan-moisturizer-gel-vs-cream/",0,1,0.00,3.0
"implora moisturizer","https://dreamlab.id/perbedaan-moisturizer-gel-vs-cream/",0,4,0.00,2.3
"jestham moisturizer gel","https://dreamlab.id/perbedaan-moisturizer-gel-vs-cream/",0,1,0.00,3.0
"kegunaan moisturizer gel","https://dreamlab.id/perbedaan-moisturizer-gel-vs-cream/",0,2,0.00,3.0
"kulit kering pakai moisturizer gel atau cream","https://dreamlab.id/perbedaan-moisturizer-gel-vs-cream/",0,2,0.00,8.0
"la tulipe moisturizer gel","https://dreamlab.id/perbedaan-moisturizer-gel-vs-cream/",0,1,0.00,3.0
"labore skin nutrition gel dipakai kapan","https://dreamlab.id/perbedaan-moisturizer-gel-vs-cream/",0,1,0.00,3.0
"loreal moisturizer","https://dreamlab.id/perbedaan-moisturizer-gel-vs-cream/",0,1,0.00,3.0
"manfaat moisturizer body massage gel","https://dreamlab.id/perbedaan-moisturizer-gel-vs-cream/",0,1,0.00,3.0
"manfaat wardah moisturizer gel","https://dreamlab.id/perbedaan-moisturizer-gel-vs-cream/",0,2,0.00,3.0
"moell face cream","https://dreamlab.id/perbedaan-moisturizer-gel-vs-cream/",0,1,0.00,3.0
"moist gel","https://dreamlab.id/perbedaan-moisturizer-gel-vs-cream/",0,1,0.00,3.0
"moisture gel adalah","https://dreamlab.id/perbedaan-moisturizer-gel-vs-cream/",0,8,0.00,19.8
"moisturizer & cream","https://dreamlab.id/perbedaan-moisturizer-gel-vs-cream/",0,9,0.00,23.8
"moisturizer acnaway","https://dreamlab.id/perbedaan-moisturizer-gel-vs-cream/",0,1,0.00,2.0
"moisturizer body massage gel","https://dreamlab.id/perbedaan-moisturizer-gel-vs-cream/",0,1,0.00,3.0
"moisturizer cica wardah","https://dreamlab.id/perbedaan-moisturizer-gel-vs-cream/",0,1,0.00,3.0
"moisturizer cream vs gel","https://dreamlab.id/perbedaan-moisturizer-gel-vs-cream/",0,12,0.00,8.6
"moisturizer cyeecare","https://dreamlab.id/perbedaan-moisturizer-gel-vs-cream/",0,1,0.00,3.0
"moisturizer dan cream apakah sama","https://dreamlab.id/perbedaan-moisturizer-gel-vs-cream/",0,9,0.00,12.0
"moisturizer gel","https://dreamlab.id/perbedaan-moisturizer-gel-vs-cream/",0,5,0.00,5.0
"moisturizer gel cream","https://dreamlab.id/perbedaan-moisturizer-gel-vs-cream/",0,6,0.00,8.7
"moisturizer gel untuk apa","https://dreamlab.id/perbedaan-moisturizer-gel-vs-cream/",0,9,0.00,9.1
"moisturizer gel untuk mencerahkan wajah","https://dreamlab.id/perbedaan-moisturizer-gel-vs-cream/",0,2,0.00,3.0
"moisturizer gel vs cream","https://dreamlab.id/perbedaan-moisturizer-gel-vs-cream/",0,9,0.00,7.8
"moisturizer hni hpai","https://dreamlab.id/perbedaan-moisturizer-gel-vs-cream/",0,1,0.00,3.0
"moisturizer itu apa","https://dreamlab.id/perbedaan-moisturizer-gel-vs-cream/",0,1,0.00,3.0
"moisturizer marina","https://dreamlab.id/perbedaan-moisturizer-gel-vs-cream/",0,2,0.00,2.0
"moisturizer moell","https://dreamlab.id/perbedaan-moisturizer-gel-vs-cream/",0,1,0.00,2.0
"moisturizer sama cream apakah sama","https://dreamlab.id/perbedaan-moisturizer-gel-vs-cream/",0,2,0.00,7.0
"moisturizer scora hydramoist gel","https://dreamlab.id/perbedaan-moisturizer-gel-vs-cream/",0,2,0.00,3.0
"moisturizer the originote","https://dreamlab.id/perbedaan-moisturizer-gel-vs-cream/",0,4,0.00,2.0
"moisturizer vs cream","https://dreamlab.id/perbedaan-moisturizer-gel-vs-cream/",0,1,0.00,12.0
"moisturizing cream adalah","https://dreamlab.id/perbedaan-moisturizer-gel-vs-cream/",0,1,0.00,23.0
"moisturizing gel adalah","https://dreamlab.id/perbedaan-moisturizer-gel-vs-cream/",0,11,0.00,10.8
"moisturizing gel untuk apa","https://dreamlab.id/perbedaan-moisturizer-gel-vs-cream/",0,2,0.00,11.0
"natur e moisturizer gel","https://dreamlab.id/perbedaan-moisturizer-gel-vs-cream/",0,1,0.00,2.0
"omg gel","https://dreamlab.id/perbedaan-moisturizer-gel-vs-cream/",0,1,0.00,2.0
"omg moisturizer gel","https://dreamlab.id/perbedaan-moisturizer-gel-vs-cream/",0,2,0.00,3.0
"pelembab gel untuk kulit berminyak","https://dreamlab.id/perbedaan-moisturizer-gel-vs-cream/",0,1,0.00,3.0
"pelembab pria","https://dreamlab.id/perbedaan-moisturizer-gel-vs-cream/",0,1,0.00,2.0
"perbedaan cream dan gel","https://dreamlab.id/perbedaan-moisturizer-gel-vs-cream/",0,21,0.00,10.3
"perbedaan cream dan moisturizer","https://dreamlab.id/perbedaan-moisturizer-gel-vs-cream/",0,12,0.00,15.7
"perbedaan gel dan cream","https://dreamlab.id/perbedaan-moisturizer-gel-vs-cream/",0,46,0.00,11.5
"perbedaan gel dan krim","https://dreamlab.id/perbedaan-moisturizer-gel-vs-cream/",0,11,0.00,9.1
"perbedaan krim dan gel","https://dreamlab.id/perbedaan-moisturizer-gel-vs-cream/",0,8,0.00,4.8
"perbedaan labore barrier revive cream dan skin nutrition gel","https://dreamlab.id/perbedaan-moisturizer-gel-vs-cream/",0,1,0.00,3.0
"perbedaan moist gel dan cream","https://dreamlab.id/perbedaan-moisturizer-gel-vs-cream/",0,50,0.00,7.9
"perbedaan moisturizer cream dan gel","https://dreamlab.id/perbedaan-moisturizer-gel-vs-cream/",0,79,0.00,7.4
"perbedaan moisturizer dan cream","https://dreamlab.id/perbedaan-moisturizer-gel-vs-cream/",0,47,0.00,14.1
"perbedaan salep krim dan gel","https://dreamlab.id/perbedaan-moisturizer-gel-vs-cream/",0,1,0.00,3.0
"perbedaan soothing gel dan moisturizer","https://dreamlab.id/perbedaan-moisturizer-gel-vs-cream/",0,3,0.00,9.7
"perbedaan verile acne gel dan blemish cream","https://dreamlab.id/perbedaan-moisturizer-gel-vs-cream/",0,1,0.00,3.0
"pg gel","https://dreamlab.id/perbedaan-moisturizer-gel-vs-cream/",0,1,0.00,2.0
"physiogel hypoallergenic untuk apa","https://dreamlab.id/perbedaan-moisturizer-gel-vs-cream/",0,1,0.00,4.0
"pinkberry ceraglow gel moisturizer","https://dreamlab.id/perbedaan-moisturizer-gel-vs-cream/",0,2,0.00,3.0
"ponds biome gel","https://dreamlab.id/perbedaan-moisturizer-gel-vs-cream/",0,1,0.00,3.0
"ponds biome gel pink untuk kulit apa","https://dreamlab.id/perbedaan-moisturizer-gel-vs-cream/",0,1,0.00,3.0
"ponds gel","https://dreamlab.id/perbedaan-moisturizer-gel-vs-cream/",0,1,0.00,2.0
"ponds gel cream","https://dreamlab.id/perbedaan-moisturizer-gel-vs-cream/",0,1,0.00,2.0
"ponds hydra miracle gel moisturizer","https://dreamlab.id/perbedaan-moisturizer-gel-vs-cream/",0,1,0.00,3.0
"ponds ultra light biome gel","https://dreamlab.id/perbedaan-moisturizer-gel-vs-cream/",0,2,0.00,3.0
"ponds ultra light moisturizer","https://dreamlab.id/perbedaan-moisturizer-gel-vs-cream/",0,1,0.00,4.0
"ponds white gel moisturizer","https://dreamlab.id/perbedaan-moisturizer-gel-vs-cream/",0,1,0.00,2.0
"pore refining gel cream skin1004","https://dreamlab.id/perbedaan-moisturizer-gel-vs-cream/",0,1,0.00,3.0
"pore refining primer la tulipe","https://dreamlab.id/perbedaan-moisturizer-gel-vs-cream/",0,1,0.00,2.0
"scora hydramoist gel","https://dreamlab.id/perbedaan-moisturizer-gel-vs-cream/",0,2,0.00,3.0
"scora moisturizer hydramoist gel","https://dreamlab.id/perbedaan-moisturizer-gel-vs-cream/",0,1,0.00,3.0
"sensitive moisture gel skintific","https://dreamlab.id/perbedaan-moisturizer-gel-vs-cream/",0,1,0.00,3.0
"skintific 5x ceramide barrier moisture gel","https://dreamlab.id/perbedaan-moisturizer-gel-vs-cream/",0,1,0.00,3.0
"skintific 5x ceramide barrier repair moisture gel light texture","https://dreamlab.id/perbedaan-moisturizer-gel-vs-cream/",0,1,0.00,3.0
"skintific ectoin skin cream gel moisturizer","https://dreamlab.id/perbedaan-moisturizer-gel-vs-cream/",0,1,0.00,3.0
"skintific gel","https://dreamlab.id/perbedaan-moisturizer-gel-vs-cream/",0,1,0.00,2.0
"skintific gel moisturizer","https://dreamlab.id/perbedaan-moisturizer-gel-vs-cream/",0,1,0.00,3.0
"skintific moisturizer gel","https://dreamlab.id/perbedaan-moisturizer-gel-vs-cream/",0,1,0.00,3.0
"skintific moisturizer gel sensitive","https://dreamlab.id/perbedaan-moisturizer-gel-vs-cream/",0,1,0.00,3.0
"skintific pdrn bright & smooth moisture gel","https://dreamlab.id/perbedaan-moisturizer-gel-vs-cream/",0,2,0.00,3.0
"skintific sensitive moisture gel","https://dreamlab.id/perbedaan-moisturizer-gel-vs-cream/",0,1,0.00,3.0
"skintific sensitive moisture gel dipakai kapan","https://dreamlab.id/perbedaan-moisturizer-gel-vs-cream/",0,1,0.00,3.0
"skintific truffle biome skin cream gel moisturizer","https://dreamlab.id/perbedaan-moisturizer-gel-vs-cream/",0,1,0.00,3.0
"soothing gel herbalife","https://dreamlab.id/perbedaan-moisturizer-gel-vs-cream/",0,1,0.00,3.0
"vitacid gel dan cream bedanya apa","https://dreamlab.id/perbedaan-moisturizer-gel-vs-cream/",0,1,0.00,2.0
"viva glowing white moisturizer gel","https://dreamlab.id/perbedaan-moisturizer-gel-vs-cream/",0,1,0.00,3.0
"viva moisturizer gel","https://dreamlab.id/perbedaan-moisturizer-gel-vs-cream/",0,1,0.00,3.0
"wajah berminyak karena apa","https://dreamlab.id/perbedaan-moisturizer-gel-vs-cream/",0,1,0.00,2.0
"you radiance renewal brightening moisturizer gel","https://dreamlab.id/perbedaan-moisturizer-gel-vs-cream/",0,1,0.00,3.0
"beda gel dan cream","https://dreamlab.id/perbedaan-moisturizer-gel-vs-cream/#Buat_produk_Moisturizer_dengan_Nama_Brandmu_Sendiri",0,9,0.00,9.7
"perbedaan cream dan gel","https://dreamlab.id/perbedaan-moisturizer-gel-vs-cream/#Buat_produk_Moisturizer_dengan_Nama_Brandmu_Sendiri",0,1,0.00,13.0
"perbedaan gel dan cream","https://dreamlab.id/perbedaan-moisturizer-gel-vs-cream/#Buat_produk_Moisturizer_dengan_Nama_Brandmu_Sendiri",0,3,0.00,11.7
"beda gel dan cream","https://dreamlab.id/perbedaan-moisturizer-gel-vs-cream/#Cara_Membuat_Brand_Moisturizer",0,8,0.00,9.4
"perbedaan cream dan gel","https://dreamlab.id/perbedaan-moisturizer-gel-vs-cream/#Cara_Membuat_Brand_Moisturizer",0,1,0.00,13.0
"perbedaan gel dan cream","https://dreamlab.id/perbedaan-moisturizer-gel-vs-cream/#Cara_Membuat_Brand_Moisturizer",0,2,0.00,11.5
"beda gel dan cream","https://dreamlab.id/perbedaan-moisturizer-gel-vs-cream/#Moisturizer_Cream_dan_Moisturizer_Gel",0,9,0.00,9.7
"perbedaan cream dan gel","https://dreamlab.id/perbedaan-moisturizer-gel-vs-cream/#Moisturizer_Cream_dan_Moisturizer_Gel",0,1,0.00,13.0
"perbedaan gel dan cream","https://dreamlab.id/perbedaan-moisturizer-gel-vs-cream/#Moisturizer_Cream_dan_Moisturizer_Gel",0,3,0.00,11.7
"apa itu odm dan oem","https://dreamlab.id/perbedaan-oem-vs-odm/",0,1,0.00,41.0
"apa itu oem dan odm","https://dreamlab.id/perbedaan-oem-vs-odm/",0,1,0.00,70.0
"merk odm indonesia","https://dreamlab.id/perbedaan-oem-vs-odm/",0,1,0.00,13.0
"odm skincare","https://dreamlab.id/perbedaan-oem-vs-odm/",0,5,0.00,10.4
"odm vs oem","https://dreamlab.id/perbedaan-oem-vs-odm/",0,2,0.00,40.0
"oem dan odm","https://dreamlab.id/perbedaan-oem-vs-odm/",0,1,0.00,68.0
"oem dan odm adalah","https://dreamlab.id/perbedaan-oem-vs-odm/",0,1,0.00,55.0
"oem odm","https://dreamlab.id/perbedaan-oem-vs-odm/",0,3,0.00,58.0
"oem odm adalah","https://dreamlab.id/perbedaan-oem-vs-odm/",0,2,0.00,46.0
"oem skincare","https://dreamlab.id/perbedaan-oem-vs-odm/",0,1,0.00,24.0
"oem vs odm","https://dreamlab.id/perbedaan-oem-vs-odm/",0,1,0.00,6.0
"perbedaan oem dan odm","https://dreamlab.id/perbedaan-oem-vs-odm/",0,4,0.00,50.8
"skincare odm","https://dreamlab.id/perbedaan-oem-vs-odm/",0,7,0.00,8.6
"skincare oem","https://dreamlab.id/perbedaan-oem-vs-odm/",0,1,0.00,12.0
"list brand odm di indonesia","https://dreamlab.id/perbedaan-privatelabel-vsodm/",0,1,0.00,11.0
"odm skincare","https://dreamlab.id/perbedaan-privatelabel-vsodm/",0,2,0.00,14.0
"odm white label","https://dreamlab.id/perbedaan-privatelabel-vsodm/",0,4,0.00,4.5
"private label","https://dreamlab.id/perbedaan-privatelabel-vsodm/",0,2,0.00,42.0
"private label cosmetics","https://dreamlab.id/perbedaan-privatelabel-vsodm/",0,14,0.00,23.7
"private label kosmetik","https://dreamlab.id/perbedaan-privatelabel-vsodm/",0,4,0.00,19.3
"skincare odm","https://dreamlab.id/perbedaan-privatelabel-vsodm/",0,1,0.00,12.0
"dreamlab","https://dreamlab.id/perusahaan-maklon-kosmetik/",0,1,0.00,4.0
"maklon kosmetik bali","https://dreamlab.id/perusahaan-maklon-kosmetik/",0,1,0.00,32.0
"maklon kosmetik bandung","https://dreamlab.id/perusahaan-maklon-kosmetik/",0,1,0.00,48.0
"maklon kosmetik indonesia","https://dreamlab.id/perusahaan-maklon-kosmetik/",0,1,0.00,65.0
"maklon kosmetik terbaik","https://dreamlab.id/perusahaan-maklon-kosmetik/",0,5,0.00,45.0
"maklon pembersih kewanitaan","https://dreamlab.id/perusahaan-maklon-kosmetik/",0,3,0.00,16.3
"maklon pkrt","https://dreamlab.id/perusahaan-maklon-kosmetik/",0,7,0.00,41.4
"maklon skin care","https://dreamlab.id/perusahaan-maklon-kosmetik/",0,7,0.00,49.7
"maklon skincare","https://dreamlab.id/perusahaan-maklon-kosmetik/",0,19,0.00,67.2
"maklon skincare bandung","https://dreamlab.id/perusahaan-maklon-kosmetik/",0,1,0.00,63.0
"maklon skincare terpercaya","https://dreamlab.id/perusahaan-maklon-kosmetik/",0,2,0.00,4.0
"perusahaan maklon","https://dreamlab.id/perusahaan-maklon-kosmetik/",0,2,0.00,46.5
"perusahaan maklon kosmetik","https://dreamlab.id/perusahaan-maklon-kosmetik/",0,4,0.00,63.3
"perusahaan maklon kosmetik di indonesia","https://dreamlab.id/perusahaan-maklon-kosmetik/",0,3,0.00,65.0
"perusahaan maklon skincare","https://dreamlab.id/perusahaan-maklon-kosmetik/",0,1,0.00,32.0
"pt karya impian laboratoris","https://dreamlab.id/perusahaan-maklon-kosmetik/",0,2,0.00,34.0
"dreamlab","https://dreamlab.id/pkrt/",0,4,0.00,85.8
"jasa maklon jabodetabek","https://dreamlab.id/pkrt/",0,1,0.00,51.0
"maklon deodorant","https://dreamlab.id/pkrt/",0,1,0.00,55.0
"maklon hand sanitizer","https://dreamlab.id/pkrt/",0,1,0.00,20.0
"maklon sabun cuci tangan","https://dreamlab.id/pkrt/",0,1,0.00,14.0
"pbktl","https://dreamlab.id/pkrt/",0,1,0.00,27.0
"pt karya impian laboratoris","https://dreamlab.id/pkrt/",0,2,0.00,58.5
"pt sempurna medilab indonesia","https://dreamlab.id/pkrt/",0,1,0.00,80.0
"tren bisnis kecantikan","https://dreamlab.id/prediksi-tren-2026/",0,5,0.00,19.4
"tren kosmetik 2026","https://dreamlab.id/prediksi-tren-2026/",0,1,0.00,20.0
"kosmetik viral","https://dreamlab.id/produk-viral-tiktok/",0,1,0.00,21.0
"apa saja yang dibutuhkan","https://dreamlab.id/produk-whitening-branding-claim/",0,1,0.00,1.0
"caramoy","https://dreamlab.id/rahasia-kulit-glowing-devina-karamoy/",0,15,0.00,11.5
"devina caramoy","https://dreamlab.id/rahasia-kulit-glowing-devina-karamoy/",0,143,0.00,10.4
"rahasia devina","https://dreamlab.id/rahasia-kulit-glowing-devina-karamoy/",0,2,0.00,14.5
"maklon parfum","https://dreamlab.id/rahasia-maklon-parfum-jakarta/",0,2,0.00,32.5
"maklon parfum adalah","https://dreamlab.id/rahasia-maklon-parfum-jakarta/",0,3,0.00,11.0
"maklon parfum terbaik di indonesia","https://dreamlab.id/rahasia-maklon-parfum-jakarta/",0,1,0.00,4.0
"aku kering","https://dreamlab.id/rahasia-perawatan-rambut-keriting-tetap-sehat-lembut-dan-terdefinisi/",0,1,0.00,2.0
"cara meluruskan rambut ikal secara alami","https://dreamlab.id/rahasia-perawatan-rambut-keriting-tetap-sehat-lembut-dan-terdefinisi/",0,1,0.00,3.0
"cara mengatasi rambut rontok dan mengembang","https://dreamlab.id/rahasia-perawatan-rambut-keriting-tetap-sehat-lembut-dan-terdefinisi/",0,1,0.00,1.0
"cara rawat?","https://dreamlab.id/rahasia-perawatan-rambut-keriting-tetap-sehat-lembut-dan-terdefinisi/",0,1,0.00,3.0
"creambath paling bagus","https://dreamlab.id/rahasia-perawatan-rambut-keriting-tetap-sehat-lembut-dan-terdefinisi/",0,1,0.00,3.0
"curly hair","https://dreamlab.id/rahasia-perawatan-rambut-keriting-tetap-sehat-lembut-dan-terdefinisi/",0,1,0.00,15.0
"kering","https://dreamlab.id/rahasia-perawatan-rambut-keriting-tetap-sehat-lembut-dan-terdefinisi/",0,4,0.00,2.3
"krim styling terbaik untuk rambut keriting kering hidrasi","https://dreamlab.id/rahasia-perawatan-rambut-keriting-tetap-sehat-lembut-dan-terdefinisi/",0,1,0.00,14.0
"penyebab rambut kusut","https://dreamlab.id/rahasia-perawatan-rambut-keriting-tetap-sehat-lembut-dan-terdefinisi/",0,1,0.00,2.0
"perawatan rambut keriting","https://dreamlab.id/rahasia-perawatan-rambut-keriting-tetap-sehat-lembut-dan-terdefinisi/",0,3,0.00,52.7
"produk styling rambut yang menjaga hidrasi sepanjang hari","https://dreamlab.id/rahasia-perawatan-rambut-keriting-tetap-sehat-lembut-dan-terdefinisi/",0,9,0.00,16.3
"rambut crush","https://dreamlab.id/rahasia-perawatan-rambut-keriting-tetap-sehat-lembut-dan-terdefinisi/",0,1,0.00,3.0
"untuk rambut keriting","https://dreamlab.id/rahasia-perawatan-rambut-keriting-tetap-sehat-lembut-dan-terdefinisi/",0,1,0.00,2.0
"dreamlab","https://dreamlab.id/reampreneur-beauty-academy-maklon-kosmetik/",0,10,0.00,29.2
"dreamlab kosmetik","https://dreamlab.id/reampreneur-beauty-academy-maklon-kosmetik/",0,2,0.00,11.5
"all seasons skincare","https://dreamlab.id/rekomendasi-skincare-musim-hujan-agar-kulit-tetap-sehat-dan-lembap/",0,1,0.00,5.0
"dreamlab skincare","https://dreamlab.id/rekomendasi-skincare-musim-hujan-agar-kulit-tetap-sehat-dan-lembap/",0,1,0.00,10.0
"skin topical use suitable for all seasons obat apa","https://dreamlab.id/rekomendasi-skincare-musim-hujan-agar-kulit-tetap-sehat-dan-lembap/",0,8,0.00,5.1
"best sunscreen indonesia","https://dreamlab.id/rekomendasi-sunscreen-lokal/",0,4,0.00,35.0
"brand sunscreen","https://dreamlab.id/rekomendasi-sunscreen-lokal/",0,1,0.00,16.0
"brand sunscreen terbaik","https://dreamlab.id/rekomendasi-sunscreen-lokal/",0,1,0.00,14.0
"maklon sunblock","https://dreamlab.id/rekomendasi-sunscreen-lokal/",0,25,0.00,12.8
"merek apa","https://dreamlab.id/rekomendasi-sunscreen-lokal/",0,1,0.00,1.0
"merk sunblock","https://dreamlab.id/rekomendasi-sunscreen-lokal/",0,1,0.00,48.0
"mineral sunscreen lokal","https://dreamlab.id/rekomendasi-sunscreen-lokal/",0,1,0.00,12.0
"moisturizer sunscreen lokal","https://dreamlab.id/rekomendasi-sunscreen-lokal/",0,62,0.00,11.2
"rekomendasi hybrid sunscreen lokal","https://dreamlab.id/rekomendasi-sunscreen-lokal/",0,2,0.00,26.0
"rekomendasi physical sunscreen lokal","https://dreamlab.id/rekomendasi-sunscreen-lokal/",0,2,0.00,27.0
"rekomendasi sunblock","https://dreamlab.id/rekomendasi-sunscreen-lokal/",0,4,0.00,15.3
"rekomendasi sunscreen","https://dreamlab.id/rekomendasi-sunscreen-lokal/",0,1,0.00,21.0
"rekomendasi sunscreen lokal","https://dreamlab.id/rekomendasi-sunscreen-lokal/",0,5,0.00,16.6
"rekomendasi sunscreen terbaik 2026 indonesia","https://dreamlab.id/rekomendasi-sunscreen-lokal/",0,3,0.00,18.7
"rekomendasi sunscreen terbaik untuk kulit indonesia 2026","https://dreamlab.id/rekomendasi-sunscreen-lokal/",0,2,0.00,13.0
"sunblock lokal","https://dreamlab.id/rekomendasi-sunscreen-lokal/",0,2,0.00,9.0
"sunblock lokal terbaik","https://dreamlab.id/rekomendasi-sunscreen-lokal/",0,7,0.00,11.4
"sunblock yang bagus","https://dreamlab.id/rekomendasi-sunscreen-lokal/",0,1,0.00,44.0
"sunscreen brand lokal","https://dreamlab.id/rekomendasi-sunscreen-lokal/",0,10,0.00,11.3
"sunscreen indonesia","https://dreamlab.id/rekomendasi-sunscreen-lokal/",0,2,0.00,27.5
"sunscreen lokal","https://dreamlab.id/rekomendasi-sunscreen-lokal/",0,33,0.00,18.2
"sunscreen lokal indonesia","https://dreamlab.id/rekomendasi-sunscreen-lokal/",0,5,0.00,12.4
"sunscreen lokal yang bagus","https://dreamlab.id/rekomendasi-sunscreen-lokal/",0,4,0.00,11.8
"sunscreen lokal yang mengandung titanium dioxide dan zinc oxide","https://dreamlab.id/rekomendasi-sunscreen-lokal/",0,1,0.00,23.0
"sunscreen rekomen","https://dreamlab.id/rekomendasi-sunscreen-lokal/",0,1,0.00,24.0
"sunscreen terbaik","https://dreamlab.id/rekomendasi-sunscreen-lokal/",0,1,0.00,24.0
"sunscreen terbaik indonesia","https://dreamlab.id/rekomendasi-sunscreen-lokal/",0,4,0.00,21.3
"tinted sunscreen lokal","https://dreamlab.id/rekomendasi-sunscreen-lokal/",0,1,0.00,14.0
"ya","https://dreamlab.id/rekomendasi-sunscreen-lokal/",0,1,0.00,6.0
"zinc oxide sunscreen lokal","https://dreamlab.id/rekomendasi-sunscreen-lokal/",0,4,0.00,9.5
"dreamlab skincare","https://dreamlab.id/services/",0,2,0.00,17.0
"dreamlab.com","https://dreamlab.id/services/",0,2,0.00,4.0
"dremlab","https://dreamlab.id/services/",0,1,0.00,10.0
"karya impian laboratoris","https://dreamlab.id/services/",0,1,0.00,5.0
"maklon foot care","https://dreamlab.id/services/",0,1,0.00,33.0
"mavis dreamlab","https://dreamlab.id/services/",0,2,0.00,13.5
"pt karya impian laboratoris","https://dreamlab.id/services/",0,30,0.00,47.3
"pt karya impian laboratoris surabaya","https://dreamlab.id/services/",0,1,0.00,11.0
"coba sebutkan","https://dreamlab.id/set-skincare-bpom/",0,1,0.00,2.0
"dreamlab","https://dreamlab.id/set-skincare-bpom/",0,5,0.00,86.4
"maklon skincare bpom","https://dreamlab.id/set-skincare-bpom/",0,4,0.00,35.3
"pt karya impian laboratoris","https://dreamlab.id/set-skincare-bpom/",0,8,0.00,53.8
"dreamlab","https://dreamlab.id/shop/",0,36,0.00,10.7
"dreamlab kosmetik","https://dreamlab.id/shop/",0,2,0.00,8.0
"dreamlab official website","https://dreamlab.id/shop/",0,1,0.00,4.0
"dreamlab surabaya","https://dreamlab.id/shop/",0,4,0.00,10.3
"pt karya impian laboratoris","https://dreamlab.id/shop/",0,4,0.00,37.0
"asia skinlab","https://dreamlab.id/skincare-face-care/",0,2,0.00,55.0
"dreamlab","https://dreamlab.id/skincare-face-care/",0,7,0.00,73.4
"dreamlab skincare","https://dreamlab.id/skincare-face-care/",0,2,0.00,6.5
"jasa maklon acne spot cream","https://dreamlab.id/skincare-face-care/",0,8,0.00,14.5
"maklon acne spot cream","https://dreamlab.id/skincare-face-care/",0,2,0.00,10.0
"maklon perawatan jerawat","https://dreamlab.id/skincare-face-care/",0,62,0.00,24.5
"maklon skincare bandung","https://dreamlab.id/skincare-face-care/",0,12,0.00,57.7
"mavis dreamlab","https://dreamlab.id/skincare-face-care/",0,1,0.00,63.0
"bali cosmetics","https://dreamlab.id/skincare-natural-bali-pasar-internasional/",0,1,0.00,13.0
"bali natural skincare","https://dreamlab.id/skincare-natural-bali-pasar-internasional/",0,3,0.00,14.3
"maklon kosmetik bali","https://dreamlab.id/skincare-natural-bali-pasar-internasional/",0,1,0.00,19.0
"pabrik kosmetik di bali","https://dreamlab.id/skincare-natural-bali-pasar-internasional/",0,2,0.00,38.0
"skincare bali","https://dreamlab.id/skincare-natural-bali-pasar-internasional/",0,2,0.00,14.5
"skincare dari bali","https://dreamlab.id/skincare-natural-bali-pasar-internasional/",0,1,0.00,1.0
"dreamlab","https://dreamlab.id/slug-maklon-kosmetik-indonesia-vs-china/",0,3,0.00,68.0
"pt karya impian laboratoris","https://dreamlab.id/slug-maklon-kosmetik-indonesia-vs-china/",0,2,0.00,68.5
"maklon body serum","https://dreamlab.id/solusi-bisnis-body-serum-aha-2025-tren-pasar-maklon-dreamlab/",0,2,0.00,15.0
"beauty industry","https://dreamlab.id/state-of-beauty-2025-tren-kecantikan-pertumbuhan-industri-kosmetik-perubahan-pasar/",0,2,0.00,78.0
"data penjualan skincare di indonesia 2025","https://dreamlab.id/state-of-beauty-2025-tren-kecantikan-pertumbuhan-industri-kosmetik-perubahan-pasar/",0,2,0.00,76.0
"industri kecantikan","https://dreamlab.id/state-of-beauty-2025-tren-kecantikan-pertumbuhan-industri-kosmetik-perubahan-pasar/",0,11,0.00,39.9
"industri skincare dan kosmetik global dalam beberapa tahun terakhir menunjukkan pertumbuhan yang tinggi  terutama didorong oleh digitalisasi  social commerce  dan meningkatnya kesadaran konsumen terhadap perawatan diri. namun  di tengah pertumbuhan tersebut  beberapa perusahaan besar justru mengalami tekanan finansial yang serius. salah satunya adalah revlon  perusahaan kosmetik asal amerika serikat yang berdiri sejak tahun 1932. pada tahun 2022  revlon mengajukan perlindungan kebangkrutan (chapter 11) di amerika serikat akibat beban utang yang besar  gangguan rantai pasok  serta menurunnya daya saing merek di pasar global. padahal  selama beberapa dekade revlon dikenal sebagai salah satu pemain utama dalam industri kecantikan dengan portofolio produk makeup dan skincare yang luas. beberapa faktor yang mempercepat penurunan kinerja revlon antara lain: tingginya tingkat persaingan dari brand global seperti estée lauder dan l'oréal. munculnya brand digital-native dan indie brands yang lebih adaptif terhadap tren media sosial. perubahan preferensi konsumen menuju clean beauty  sustainability  dan scientific skincare. dominasi e-commerce dan social commerce yang mengubah struktur distribusi tradisional. industri skincare saat ini ditandai oleh masuknya pemain baru seperti wardah dan somethinc dengan hambatan masuk yang relatif rendah di sisi branding dan pemasaran digital  namun tetap menuntut investasi besar dalam inovasi formula dan penguatan rantai pasok. konsumen semakin rasional  mengandalkan review online  influencer  dan transparansi kandungan produk sebelum melakukan pembelian. fenomena ini menunjukkan bahwa keberhasilan perusahaan dalam industri skincare tidak hanya ditentukan oleh kekuatan merek historis  tetapi juga oleh kemampuan beradaptasi terhadap perubahan struktur industri. pertanyaan: dengan menggunakan pendekatan model ekonomi industri (structure–conduct–performance / scp)  lakukan analisis lingkungan industri (ali) pada industri skincare saat ini. uraikan secara sistematis: structure (struktur industri). analisis tingkat konsentrasi pasar  hambatan masuk  diferensiasi produk  kekuatan pemasok dan pembeli  serta ancaman produk substitusi dalam industri skincare! conduct (perilaku perusahaan). jelaskan pola strategi yang dilakukan pelaku industri  seperti strategi harga  promosi digital  inovasi produk  kolaborasi influencer  dan ekspansi kanal distribusi! performance (kinerja industri). analisis bagaimana struktur dan perilaku tersebut memengaruhi profitabilitas  efisiensi  inovasi  serta keberlanjutan jangka panjang industri! hubungkan masing-masing komponen tersebut dengan kondisi industri skincare saat ini dan refleksikan mengapa perusahaan seperti revlon mengalami tekanan dalam lanskap industri yang semakin kompetitif dan digital.","https://dreamlab.id/state-of-beauty-2025-tren-kecantikan-pertumbuhan-industri-kosmetik-perubahan-pasar/",0,1,0.00,1.0
"industri skincare global pertumbuhan digitalisasi","https://dreamlab.id/state-of-beauty-2025-tren-kecantikan-pertumbuhan-industri-kosmetik-perubahan-pasar/",0,3,0.00,11.0
"industri skincare global pertumbuhan digitalisasi social commerce","https://dreamlab.id/state-of-beauty-2025-tren-kecantikan-pertumbuhan-industri-kosmetik-perubahan-pasar/",0,8,0.00,8.0
"kinerja industri skincare global 2022-2025","https://dreamlab.id/state-of-beauty-2025-tren-kecantikan-pertumbuhan-industri-kosmetik-perubahan-pasar/",0,4,0.00,10.5
"kondisi industri skincare global 2022-2025","https://dreamlab.id/state-of-beauty-2025-tren-kecantikan-pertumbuhan-industri-kosmetik-perubahan-pasar/",0,22,0.00,4.9
"kondisi industri skincare global 2023-2025","https://dreamlab.id/state-of-beauty-2025-tren-kecantikan-pertumbuhan-industri-kosmetik-perubahan-pasar/",0,13,0.00,8.1
"kondisi industri skincare global 2025","https://dreamlab.id/state-of-beauty-2025-tren-kecantikan-pertumbuhan-industri-kosmetik-perubahan-pasar/",0,46,0.00,2.7
"kondisi industri skincare global pertumbuhan 2020-2025","https://dreamlab.id/state-of-beauty-2025-tren-kecantikan-pertumbuhan-industri-kosmetik-perubahan-pasar/",0,120,0.00,4.7
"kondisi industri skincare global pertumbuhan digitalisasi","https://dreamlab.id/state-of-beauty-2025-tren-kecantikan-pertumbuhan-industri-kosmetik-perubahan-pasar/",0,117,0.00,9.1
"marketeers transformasi industri kecantikan 2020 2025 dari kuantitas ke kualitas","https://dreamlab.id/state-of-beauty-2025-tren-kecantikan-pertumbuhan-industri-kosmetik-perubahan-pasar/",0,13,0.00,10.8
"pertumbuhan industri skincare global 2020-2025","https://dreamlab.id/state-of-beauty-2025-tren-kecantikan-pertumbuhan-industri-kosmetik-perubahan-pasar/",0,8,0.00,5.1
"state of beauty 2025","https://dreamlab.id/state-of-beauty-2025-tren-kecantikan-pertumbuhan-industri-kosmetik-perubahan-pasar/",0,1,0.00,10.0
"struktur industri skincare global","https://dreamlab.id/state-of-beauty-2025-tren-kecantikan-pertumbuhan-industri-kosmetik-perubahan-pasar/",0,57,0.00,11.4
"struktur industri skincare global 2025","https://dreamlab.id/state-of-beauty-2025-tren-kecantikan-pertumbuhan-industri-kosmetik-perubahan-pasar/",0,5,0.00,2.4
"tren bisnis kecantikan","https://dreamlab.id/state-of-beauty-2025-tren-kecantikan-pertumbuhan-industri-kosmetik-perubahan-pasar/",0,14,0.00,37.1
"tren industri skincare global 2025","https://dreamlab.id/state-of-beauty-2025-tren-kecantikan-pertumbuhan-industri-kosmetik-perubahan-pasar/",0,33,0.00,6.4
"pemasaran skincare di tiktok shop","https://dreamlab.id/strategi-brand-viral-tiktok/",0,9,0.00,5.9
"skincare di tt crt glowing","https://dreamlab.id/strategi-brand-viral-tiktok/",0,1,0.00,10.0
"ya","https://dreamlab.id/strategi-brand-viral-tiktok/",0,1,0.00,20.0
"campaign tiktok shop","https://dreamlab.id/strategi-tiktok-shop-campaign-gratis/",0,15,0.00,10.6
"fitur potong harga di tiktok","https://dreamlab.id/strategi-tiktok-shop-campaign-gratis/",0,1,0.00,1.0
"free shipping tiktok","https://dreamlab.id/strategi-tiktok-shop-campaign-gratis/",0,1,0.00,1.0
"luasensi shop gratis","https://dreamlab.id/strategi-tiktok-shop-campaign-gratis/",0,1,0.00,17.0
"potong harga di tiktok","https://dreamlab.id/strategi-tiktok-shop-campaign-gratis/",0,1,0.00,1.0
"showcase tiktok shop","https://dreamlab.id/strategi-tiktok-shop-campaign-gratis/",0,1,0.00,12.0
"tiktok eksklusif free","https://dreamlab.id/strategi-tiktok-shop-campaign-gratis/",0,6,0.00,11.5
"tiktok khusus pelanggan gratis","https://dreamlab.id/strategi-tiktok-shop-campaign-gratis/",0,2,0.00,10.5
"dreamlab","https://dreamlab.id/thankyou-page/",0,9,0.00,28.2
"dreamlab ai","https://dreamlab.id/thankyou-page/",0,1,0.00,30.0
"dreamlab official website","https://dreamlab.id/thankyou-page/",0,1,0.00,8.0
"dreamlab","https://dreamlab.id/thankyoupage-google/",0,3,0.00,92.3
"jasa maklon hand sanitizer","https://dreamlab.id/tips-membuat-hand-sanitizer-bisnis/",0,4,0.00,14.0
"maklon hand sanitizer","https://dreamlab.id/tips-membuat-hand-sanitizer-bisnis/",0,12,0.00,10.4
"countik.com","https://dreamlab.id/tips-membuat-konten-viral/",0,1,0.00,56.0
"virality adalah","https://dreamlab.id/tips-membuat-konten-viral/",0,1,0.00,11.0
"aroma 2026","https://dreamlab.id/tren-aroma-parfum-2026-terbaru/",0,2,0.00,7.5
"aroma 26","https://dreamlab.id/tren-aroma-parfum-2026-terbaru/",0,2,0.00,1.0
"aroma trend","https://dreamlab.id/tren-aroma-parfum-2026-terbaru/",0,2,0.00,7.0
"bisnis parfum","https://dreamlab.id/tren-aroma-parfum-2026-terbaru/",0,1,0.00,8.0
"cinta aroma parfum","https://dreamlab.id/tren-aroma-parfum-2026-terbaru/",0,1,0.00,18.0
"gourmand 2.0","https://dreamlab.id/tren-aroma-parfum-2026-terbaru/",0,1,0.00,1.0
"gourmand 2026","https://dreamlab.id/tren-aroma-parfum-2026-terbaru/",0,1,0.00,4.0
"jpg new fragrance 2026","https://dreamlab.id/tren-aroma-parfum-2026-terbaru/",0,1,0.00,4.0
"lain","https://dreamlab.id/tren-aroma-parfum-2026-terbaru/",0,1,0.00,1.0
"maklon parfum","https://dreamlab.id/tren-aroma-parfum-2026-terbaru/",0,1,0.00,3.0
"new fragrances 2026 for her","https://dreamlab.id/tren-aroma-parfum-2026-terbaru/",0,1,0.00,3.0
"new fragrances coming soon 2026","https://dreamlab.id/tren-aroma-parfum-2026-terbaru/",0,1,0.00,1.0
"parfum","https://dreamlab.id/tren-aroma-parfum-2026-terbaru/",0,2,0.00,5.5
"parfum 2026","https://dreamlab.id/tren-aroma-parfum-2026-terbaru/",0,10,0.00,7.2
"parfum 26","https://dreamlab.id/tren-aroma-parfum-2026-terbaru/",0,1,0.00,10.0
"parfum hits 2026","https://dreamlab.id/tren-aroma-parfum-2026-terbaru/",0,4,0.00,1.0
"parfum hype 2026","https://dreamlab.id/tren-aroma-parfum-2026-terbaru/",0,1,0.00,21.0
"parfum terbaru 2026","https://dreamlab.id/tren-aroma-parfum-2026-terbaru/",0,12,0.00,9.4
"parfum trend 2026","https://dreamlab.id/tren-aroma-parfum-2026-terbaru/",0,65,0.00,7.8
"parfum viral 2026","https://dreamlab.id/tren-aroma-parfum-2026-terbaru/",0,7,0.00,9.0
"parfum yang lagi viral 2026 terbaru","https://dreamlab.id/tren-aroma-parfum-2026-terbaru/",0,5,0.00,8.4
"parfume 2026","https://dreamlab.id/tren-aroma-parfum-2026-terbaru/",0,4,0.00,3.5
"tren parfum","https://dreamlab.id/tren-aroma-parfum-2026-terbaru/",0,4,0.00,9.8
"tren parfum 2026 indonesia","https://dreamlab.id/tren-aroma-parfum-2026-terbaru/",0,25,0.00,5.0
"trend aroma","https://dreamlab.id/tren-aroma-parfum-2026-terbaru/",0,1,0.00,2.0
"trend parfum","https://dreamlab.id/tren-aroma-parfum-2026-terbaru/",0,5,0.00,13.6
"trend parfum 2026","https://dreamlab.id/tren-aroma-parfum-2026-terbaru/",0,15,0.00,8.3
"viral perfume 2026","https://dreamlab.id/tren-aroma-parfum-2026-terbaru/",0,1,0.00,11.0
"parfum trend 2026","https://dreamlab.id/tren-aroma-parfum-2026-terbaru/#5_Tren_Aroma_Parfum_yang_Akan_Mendominasi_Market_2026",0,19,0.00,9.8
"tren parfum 2026","https://dreamlab.id/tren-aroma-parfum-2026-terbaru/#5_Tren_Aroma_Parfum_yang_Akan_Mendominasi_Market_2026",0,24,0.00,9.0
"tren parfum indonesia 2026","https://dreamlab.id/tren-aroma-parfum-2026-terbaru/#5_Tren_Aroma_Parfum_yang_Akan_Mendominasi_Market_2026",0,1,0.00,3.0
"trend parfum 2026","https://dreamlab.id/tren-aroma-parfum-2026-terbaru/#5_Tren_Aroma_Parfum_yang_Akan_Mendominasi_Market_2026",0,2,0.00,9.5
"parfum trend 2026","https://dreamlab.id/tren-aroma-parfum-2026-terbaru/#Wewangian_Fungsional_Wellness_Neuro-Scent",0,19,0.00,9.8
"tren parfum 2026","https://dreamlab.id/tren-aroma-parfum-2026-terbaru/#Wewangian_Fungsional_Wellness_Neuro-Scent",0,24,0.00,9.0
"tren parfum indonesia 2026","https://dreamlab.id/tren-aroma-parfum-2026-terbaru/#Wewangian_Fungsional_Wellness_Neuro-Scent",0,1,0.00,3.0
"trend parfum 2026","https://dreamlab.id/tren-aroma-parfum-2026-terbaru/#Wewangian_Fungsional_Wellness_Neuro-Scent",0,2,0.00,9.5
""beauty enthusiast" -site:reddit.com -site:twitter.com -site:x.com -site:wykop.pl -site:tripadvisor.com -site:youtube.com -site:yelp.com -site:booking.com -site:facebook.com -site:instagram.com -site:tiktok.com","https://dreamlab.id/tren-cleanical-beauty-produk-skincare-paling-dicari-tahun-2026/",0,1,0.00,2.0
""greenwashing" -site:reddit.com -site:twitter.com -site:x.com -site:wykop.pl -site:tripadvisor.com -site:youtube.com -site:yelp.com -site:booking.com -site:facebook.com -site:instagram.com -site:tiktok.com","https://dreamlab.id/tren-cleanical-beauty-produk-skincare-paling-dicari-tahun-2026/",0,1,0.00,1.0
""moisturizer" -site:reddit.com -site:twitter.com -site:x.com -site:wykop.pl -site:tripadvisor.com -site:youtube.com -site:yelp.com -site:booking.com -site:facebook.com -site:instagram.com -site:tiktok.com","https://dreamlab.id/tren-cleanical-beauty-produk-skincare-paling-dicari-tahun-2026/",0,1,0.00,7.0
""skincare" -site:reddit.com -site:twitter.com -site:x.com -site:wykop.pl -site:tripadvisor.com -site:youtube.com -site:yelp.com -site:booking.com -site:facebook.com -site:instagram.com -site:tiktok.com","https://dreamlab.id/tren-cleanical-beauty-produk-skincare-paling-dicari-tahun-2026/",0,1,0.00,3.0
""toner" -site:reddit.com -site:twitter.com -site:x.com -site:wykop.pl -site:tripadvisor.com -site:youtube.com -site:yelp.com -site:booking.com -site:facebook.com -site:instagram.com -site:tiktok.com","https://dreamlab.id/tren-cleanical-beauty-produk-skincare-paling-dicari-tahun-2026/",0,1,0.00,5.0
"body cleansing","https://dreamlab.id/tren-cleanical-beauty-produk-skincare-paling-dicari-tahun-2026/",0,1,0.00,7.0
"cleanical","https://dreamlab.id/tren-cleanical-beauty-produk-skincare-paling-dicari-tahun-2026/",0,5,0.00,4.0
"dreamlab skincare","https://dreamlab.id/tren-cleanical-beauty-produk-skincare-paling-dicari-tahun-2026/",0,1,0.00,8.0
"produk skincare ramai dibicarakan indonesia 2026","https://dreamlab.id/tren-cleanical-beauty-produk-skincare-paling-dicari-tahun-2026/",0,8,0.00,4.8
"produk skincare viral indonesia 2026","https://dreamlab.id/tren-cleanical-beauty-produk-skincare-paling-dicari-tahun-2026/",0,1,0.00,11.0
"skincare komala indonesia review tren 2026","https://dreamlab.id/tren-cleanical-beauty-produk-skincare-paling-dicari-tahun-2026/",0,1,0.00,16.0
"skincare terlaris 2026","https://dreamlab.id/tren-cleanical-beauty-produk-skincare-paling-dicari-tahun-2026/",0,6,0.00,7.0
"the originote brand mana","https://dreamlab.id/tren-cleanical-beauty-produk-skincare-paling-dicari-tahun-2026/",0,1,0.00,3.0
"tren skincare 2026","https://dreamlab.id/tren-cleanical-beauty-produk-skincare-paling-dicari-tahun-2026/",0,1,0.00,9.0
"bisnis skincare pemula","https://dreamlab.id/tren-memulai-bisnis-skincare-2025/",0,1,0.00,1.0
"kondisi industri skincare global 2025","https://dreamlab.id/tren-memulai-bisnis-skincare-2025/",0,1,0.00,7.0
"maklon pelembap bayi","https://dreamlab.id/tren-memulai-bisnis-skincare-2025/",0,2,0.00,48.0
"skincare launch","https://dreamlab.id/tren-memulai-bisnis-skincare-2025/",0,1,0.00,6.0
"struktur industri skincare global 2025","https://dreamlab.id/tren-memulai-bisnis-skincare-2025/",0,29,0.00,3.0
"target pasar skincare","https://dreamlab.id/tren-memulai-bisnis-skincare-2025/",0,23,0.00,25.0
"tren bisnis kecantikan","https://dreamlab.id/tren-memulai-bisnis-skincare-2025/",0,4,0.00,27.0
"apa itu timteng parfum","https://dreamlab.id/tren-parfum-arab-bisnis-maklon-dreamlab/",0,1,0.00,3.0
"parfum rose noir arab","https://dreamlab.id/tren-parfum-arab-bisnis-maklon-dreamlab/",0,1,0.00,3.0
"perfume madawi","https://dreamlab.id/tren-parfum-arab-bisnis-maklon-dreamlab/",0,1,0.00,4.0
"pink arab perfume","https://dreamlab.id/tren-parfum-arab-bisnis-maklon-dreamlab/",0,1,0.00,4.0
"rekomendasi parfum arab tahan lama","https://dreamlab.id/tren-parfum-arab-bisnis-maklon-dreamlab/",0,1,0.00,3.0
"selain itu ada lagi gak","https://dreamlab.id/tren-sunscreen-2025-6-produk-yang-siap-jadi-bisnis/",0,1,0.00,3.0
"sunscreen trend","https://dreamlab.id/tren-sunscreen-2025-6-produk-yang-siap-jadi-bisnis/",0,10,0.00,3.8
"tren sunscreen","https://dreamlab.id/tren-sunscreen-2025-6-produk-yang-siap-jadi-bisnis/",0,32,0.00,5.6
"ada lagi?","https://dreamlab.id/trend-body-care-2025-produk-viral-tiktok-shopee-dreamlab-maklon-kosmetik/",0,1,0.00,3.0
"saya ingin mencoba produk baru untuk perawatan tubuh  merek apa yang terkenal saat ini?. my location is indonesia.","https://dreamlab.id/trend-body-care-2025-produk-viral-tiktok-shopee-dreamlab-maklon-kosmetik/",0,10,0.00,2.5
"tren body","https://dreamlab.id/trend-body-care-2025-produk-viral-tiktok-shopee-dreamlab-maklon-kosmetik/",0,1,0.00,12.0
"yang terbaru","https://dreamlab.id/trend-body-care-2025-produk-viral-tiktok-shopee-dreamlab-maklon-kosmetik/",0,1,0.00,3.0
"10 perusahaan kosmetik terbesar di indonesia","https://dreamlab.id/urutan-pabrik-skincare-terbaik-indonesia/",0,13,0.00,9.8
"10 urutan skincare bpom terlaris","https://dreamlab.id/urutan-pabrik-skincare-terbaik-indonesia/",0,2,0.00,11.5
"ada opsi lain","https://dreamlab.id/urutan-pabrik-skincare-terbaik-indonesia/",0,1,0.00,3.0
"aksara kosmetik indonesia","https://dreamlab.id/urutan-pabrik-skincare-terbaik-indonesia/",0,1,0.00,4.0
"anjalis group indonesia","https://dreamlab.id/urutan-pabrik-skincare-terbaik-indonesia/",0,1,0.00,2.0
"apakah facerinna produk lokal","https://dreamlab.id/urutan-pabrik-skincare-terbaik-indonesia/",0,1,0.00,3.0
"arif prijadi wirawan","https://dreamlab.id/urutan-pabrik-skincare-terbaik-indonesia/",0,1,0.00,2.0
"aulia cosmetic indonesia","https://dreamlab.id/urutan-pabrik-skincare-terbaik-indonesia/",0,1,0.00,2.0
"avon kosmetik","https://dreamlab.id/urutan-pabrik-skincare-terbaik-indonesia/",0,1,0.00,4.0
"beauty company di indonesia","https://dreamlab.id/urutan-pabrik-skincare-terbaik-indonesia/",0,3,0.00,5.3
"beauty group indonesia","https://dreamlab.id/urutan-pabrik-skincare-terbaik-indonesia/",0,1,0.00,5.0
"beauty indonesia group jogja","https://dreamlab.id/urutan-pabrik-skincare-terbaik-indonesia/",0,1,0.00,4.0
"beauty manufaktur","https://dreamlab.id/urutan-pabrik-skincare-terbaik-indonesia/",0,3,0.00,10.7
"berl official","https://dreamlab.id/urutan-pabrik-skincare-terbaik-indonesia/",0,1,0.00,2.0
"bio medika kebon jeruk","https://dreamlab.id/urutan-pabrik-skincare-terbaik-indonesia/",0,1,0.00,2.0
"boleh","https://dreamlab.id/urutan-pabrik-skincare-terbaik-indonesia/",0,2,0.00,2.0
"brand kecantikan","https://dreamlab.id/urutan-pabrik-skincare-terbaik-indonesia/",0,2,0.00,71.0
"brand kosmetik indonesia","https://dreamlab.id/urutan-pabrik-skincare-terbaik-indonesia/",0,1,0.00,3.0
"brand kosmetik lokal indonesia","https://dreamlab.id/urutan-pabrik-skincare-terbaik-indonesia/",0,1,0.00,3.0
"brand make up lokal","https://dreamlab.id/urutan-pabrik-skincare-terbaik-indonesia/",0,1,0.00,3.0
"brand skincare terbaik di indonesia","https://dreamlab.id/urutan-pabrik-skincare-terbaik-indonesia/",0,1,0.00,12.0
"brand skincare terbesar di indonesia","https://dreamlab.id/urutan-pabrik-skincare-terbaik-indonesia/",0,5,0.00,10.2
"brand skincare terlaris di indonesia","https://dreamlab.id/urutan-pabrik-skincare-terbaik-indonesia/",0,1,0.00,11.0
"careso","https://dreamlab.id/urutan-pabrik-skincare-terbaik-indonesia/",0,2,0.00,3.0
"circle k berasal dari mana","https://dreamlab.id/urutan-pabrik-skincare-terbaik-indonesia/",0,1,0.00,2.0
"cosmax indonesia","https://dreamlab.id/urutan-pabrik-skincare-terbaik-indonesia/",0,1,0.00,3.0
"daftar 100 perusahaan kosmetik terbesar di indonesia","https://dreamlab.id/urutan-pabrik-skincare-terbaik-indonesia/",0,2,0.00,15.0
"daftar perusahaan kosmetik di indonesia","https://dreamlab.id/urutan-pabrik-skincare-terbaik-indonesia/",0,1,0.00,14.0
"daftar perusahaan maklon kosmetik","https://dreamlab.id/urutan-pabrik-skincare-terbaik-indonesia/",0,32,0.00,8.2
"di indonesia apa","https://dreamlab.id/urutan-pabrik-skincare-terbaik-indonesia/",0,1,0.00,9.0
"elsheskin punya siapa","https://dreamlab.id/urutan-pabrik-skincare-terbaik-indonesia/",0,1,0.00,2.0
"fabindo sejahtera","https://dreamlab.id/urutan-pabrik-skincare-terbaik-indonesia/",0,1,0.00,3.0
"finna huang","https://dreamlab.id/urutan-pabrik-skincare-terbaik-indonesia/",0,1,0.00,2.0
"green sm adalah","https://dreamlab.id/urutan-pabrik-skincare-terbaik-indonesia/",0,1,0.00,2.0
"haleyora powerindo jakarta","https://dreamlab.id/urutan-pabrik-skincare-terbaik-indonesia/",0,1,0.00,4.0
"heni sagara biodata","https://dreamlab.id/urutan-pabrik-skincare-terbaik-indonesia/",0,2,0.00,2.0
"heni sagara kasus","https://dreamlab.id/urutan-pabrik-skincare-terbaik-indonesia/",0,3,0.00,2.0
"heni sagara owner skincare apa","https://dreamlab.id/urutan-pabrik-skincare-terbaik-indonesia/",0,1,0.00,3.0
"heni sagara siapa","https://dreamlab.id/urutan-pabrik-skincare-terbaik-indonesia/",0,4,0.00,3.0
"henny sagara siapa","https://dreamlab.id/urutan-pabrik-skincare-terbaik-indonesia/",0,1,0.00,3.0
"heny sagara","https://dreamlab.id/urutan-pabrik-skincare-terbaik-indonesia/",0,1,0.00,2.0
"hexindo semarang","https://dreamlab.id/urutan-pabrik-skincare-terbaik-indonesia/",0,1,0.00,2.0
"hydrofarm wirawan","https://dreamlab.id/urutan-pabrik-skincare-terbaik-indonesia/",0,1,0.00,2.0
"idx: bukk","https://dreamlab.id/urutan-pabrik-skincare-terbaik-indonesia/",0,1,0.00,3.0
"inez produk mana","https://dreamlab.id/urutan-pabrik-skincare-terbaik-indonesia/",0,1,0.00,3.0
"iya","https://dreamlab.id/urutan-pabrik-skincare-terbaik-indonesia/",0,3,0.00,6.7
"iya saya ingin","https://dreamlab.id/urutan-pabrik-skincare-terbaik-indonesia/",0,1,0.00,5.0
"izin arminareka perdana dicabut","https://dreamlab.id/urutan-pabrik-skincare-terbaik-indonesia/",0,1,0.00,4.0
"jasa maklon","https://dreamlab.id/urutan-pabrik-skincare-terbaik-indonesia/",0,1,0.00,4.0
"jasa maklon kosmetik terbaik","https://dreamlab.id/urutan-pabrik-skincare-terbaik-indonesia/",0,11,0.00,10.5
"jasa maklon skincare","https://dreamlab.id/urutan-pabrik-skincare-terbaik-indonesia/",0,1,0.00,12.0
"jasa maklon skincare terbaik","https://dreamlab.id/urutan-pabrik-skincare-terbaik-indonesia/",0,13,0.00,15.1
"kasus heni sagara","https://dreamlab.id/urutan-pabrik-skincare-terbaik-indonesia/",0,1,0.00,2.0
"kosmetik brand lokal","https://dreamlab.id/urutan-pabrik-skincare-terbaik-indonesia/",0,1,0.00,3.0
"kosmetik terbaik","https://dreamlab.id/urutan-pabrik-skincare-terbaik-indonesia/",0,3,0.00,35.3
"kosmetik terbaik di indonesia","https://dreamlab.id/urutan-pabrik-skincare-terbaik-indonesia/",0,2,0.00,17.5
"lainnya","https://dreamlab.id/urutan-pabrik-skincare-terbaik-indonesia/",0,1,0.00,5.0
"lush","https://dreamlab.id/urutan-pabrik-skincare-terbaik-indonesia/",0,1,0.00,4.0
"makeup lokal","https://dreamlab.id/urutan-pabrik-skincare-terbaik-indonesia/",0,1,0.00,3.0
"maklon kosmetik terbaik","https://dreamlab.id/urutan-pabrik-skincare-terbaik-indonesia/",0,200,0.00,17.6
"maklon kosmetik terbaik di indonesia","https://dreamlab.id/urutan-pabrik-skincare-terbaik-indonesia/",0,53,0.00,11.9
"maklon parfum","https://dreamlab.id/urutan-pabrik-skincare-terbaik-indonesia/",0,1,0.00,1.0
"maklon skincare indonesia","https://dreamlab.id/urutan-pabrik-skincare-terbaik-indonesia/",0,2,0.00,7.0
"maklon skincare terpercaya","https://dreamlab.id/urutan-pabrik-skincare-terbaik-indonesia/",0,1,0.00,5.0
"maklon terbaik di indonesia","https://dreamlab.id/urutan-pabrik-skincare-terbaik-indonesia/",0,46,0.00,9.7
"manufaktur kosmetik","https://dreamlab.id/urutan-pabrik-skincare-terbaik-indonesia/",0,3,0.00,24.3
"marina","https://dreamlab.id/urutan-pabrik-skincare-terbaik-indonesia/",0,1,0.00,2.0
"masumi beauty indonesia","https://dreamlab.id/urutan-pabrik-skincare-terbaik-indonesia/",0,1,0.00,5.0
"maxie skincare punya siapa","https://dreamlab.id/urutan-pabrik-skincare-terbaik-indonesia/",0,1,0.00,3.0
"maybelline pt apa","https://dreamlab.id/urutan-pabrik-skincare-terbaik-indonesia/",0,1,0.00,3.0
"medikids makassar","https://dreamlab.id/urutan-pabrik-skincare-terbaik-indonesia/",0,1,0.00,5.0
"merek perawatan tubuh terbaik 2026 indonesia","https://dreamlab.id/urutan-pabrik-skincare-terbaik-indonesia/",0,1,0.00,6.0
"merek shampo di indonesia","https://dreamlab.id/urutan-pabrik-skincare-terbaik-indonesia/",0,1,0.00,3.0
"merk kosmetik terbaik di indonesia","https://dreamlab.id/urutan-pabrik-skincare-terbaik-indonesia/",0,1,0.00,78.0
"merk make up","https://dreamlab.id/urutan-pabrik-skincare-terbaik-indonesia/",0,1,0.00,3.0
"mohamad prapanca kekayaan","https://dreamlab.id/urutan-pabrik-skincare-terbaik-indonesia/",0,1,0.00,3.0
"moida indonesia","https://dreamlab.id/urutan-pabrik-skincare-terbaik-indonesia/",0,1,0.00,2.0
"nama brand skincare yang belum dipakai","https://dreamlab.id/urutan-pabrik-skincare-terbaik-indonesia/",0,1,0.00,5.0
"nama pt kosmetik di indonesia","https://dreamlab.id/urutan-pabrik-skincare-terbaik-indonesia/",0,2,0.00,34.0
"nama pt kosmetik yang bagus","https://dreamlab.id/urutan-pabrik-skincare-terbaik-indonesia/",0,1,0.00,10.0
"nama pt skincare yang bagus","https://dreamlab.id/urutan-pabrik-skincare-terbaik-indonesia/",0,6,0.00,10.0
"nayue kosmetik indonesia","https://dreamlab.id/urutan-pabrik-skincare-terbaik-indonesia/",0,2,0.00,4.5
"ok boleh","https://dreamlab.id/urutan-pabrik-skincare-terbaik-indonesia/",0,1,0.00,5.0
"pabrik","https://dreamlab.id/urutan-pabrik-skincare-terbaik-indonesia/",0,1,0.00,1.0
"pabrik kecantikan","https://dreamlab.id/urutan-pabrik-skincare-terbaik-indonesia/",0,4,0.00,12.0
"pabrik kosmetik","https://dreamlab.id/urutan-pabrik-skincare-terbaik-indonesia/",0,216,0.00,31.8
"pabrik kosmetik di indonesia","https://dreamlab.id/urutan-pabrik-skincare-terbaik-indonesia/",0,2,0.00,13.5
"pabrik kosmetik indonesia","https://dreamlab.id/urutan-pabrik-skincare-terbaik-indonesia/",0,3,0.00,11.3
"pabrik kosmetik jakarta","https://dreamlab.id/urutan-pabrik-skincare-terbaik-indonesia/",0,1,0.00,54.0
"pabrik kosmetik mewah","https://dreamlab.id/urutan-pabrik-skincare-terbaik-indonesia/",0,8,0.00,16.1
"pabrik kosmetik terbesar di indonesia","https://dreamlab.id/urutan-pabrik-skincare-terbaik-indonesia/",0,32,0.00,11.2
"pabrik kosmetik terdekat","https://dreamlab.id/urutan-pabrik-skincare-terbaik-indonesia/",0,1,0.00,46.0
"pabrik lipstik","https://dreamlab.id/urutan-pabrik-skincare-terbaik-indonesia/",0,1,0.00,2.0
"pabrik make up","https://dreamlab.id/urutan-pabrik-skincare-terbaik-indonesia/",0,3,0.00,4.3
"pabrik maklon indonesia","https://dreamlab.id/urutan-pabrik-skincare-terbaik-indonesia/",0,3,0.00,18.0
"pabrik maklon kosmetik","https://dreamlab.id/urutan-pabrik-skincare-terbaik-indonesia/",0,2,0.00,98.5
"pabrik maklon kosmetik terpercaya","https://dreamlab.id/urutan-pabrik-skincare-terbaik-indonesia/",0,1,0.00,30.0
"pabrik maklon skincare","https://dreamlab.id/urutan-pabrik-skincare-terbaik-indonesia/",0,29,0.00,12.9
"pabrik maklon skincare terbaik","https://dreamlab.id/urutan-pabrik-skincare-terbaik-indonesia/",0,18,0.00,7.4
"pabrik nya","https://dreamlab.id/urutan-pabrik-skincare-terbaik-indonesia/",0,1,0.00,3.0
"pabrik pembuatan skincare","https://dreamlab.id/urutan-pabrik-skincare-terbaik-indonesia/",0,34,0.00,4.7
"pabrik skincare di indonesia","https://dreamlab.id/urutan-pabrik-skincare-terbaik-indonesia/",0,78,0.00,9.2
"pabrik skincare jakarta","https://dreamlab.id/urutan-pabrik-skincare-terbaik-indonesia/",0,1,0.00,1.0
"pabrik skincare terbesar di indonesia","https://dreamlab.id/urutan-pabrik-skincare-terbaik-indonesia/",0,42,0.00,8.3
"pekerjaan giorgio antonio","https://dreamlab.id/urutan-pabrik-skincare-terbaik-indonesia/",0,1,0.00,2.0
"pemilik oriskin","https://dreamlab.id/urutan-pabrik-skincare-terbaik-indonesia/",0,1,0.00,3.0
"pemilik pt sinar alfa omega","https://dreamlab.id/urutan-pabrik-skincare-terbaik-indonesia/",0,1,0.00,3.0
"perusahaan beauty di indonesia","https://dreamlab.id/urutan-pabrik-skincare-terbaik-indonesia/",0,5,0.00,5.8
"perusahaan kecantikan","https://dreamlab.id/urutan-pabrik-skincare-terbaik-indonesia/",0,6,0.00,21.7
"perusahaan kecantikan di indonesia","https://dreamlab.id/urutan-pabrik-skincare-terbaik-indonesia/",0,12,0.00,3.5
"perusahaan kecantikan terbesar di indonesia","https://dreamlab.id/urutan-pabrik-skincare-terbaik-indonesia/",0,3,0.00,9.7
"perusahaan kosmetik","https://dreamlab.id/urutan-pabrik-skincare-terbaik-indonesia/",0,51,0.00,20.9
"perusahaan kosmetik di indonesia","https://dreamlab.id/urutan-pabrik-skincare-terbaik-indonesia/",0,28,0.00,14.1
"perusahaan kosmetik di jakarta","https://dreamlab.id/urutan-pabrik-skincare-terbaik-indonesia/",0,2,0.00,62.0
"perusahaan kosmetik indonesia","https://dreamlab.id/urutan-pabrik-skincare-terbaik-indonesia/",0,3,0.00,1.0
"perusahaan lainnya","https://dreamlab.id/urutan-pabrik-skincare-terbaik-indonesia/",0,6,0.00,4.0
"perusahaan maklon di indonesia","https://dreamlab.id/urutan-pabrik-skincare-terbaik-indonesia/",0,4,0.00,16.8
"perusahaan maklon kosmetik di indonesia","https://dreamlab.id/urutan-pabrik-skincare-terbaik-indonesia/",0,5,0.00,24.4
"perusahaan maklon skincare","https://dreamlab.id/urutan-pabrik-skincare-terbaik-indonesia/",0,14,0.00,8.9
"perusahaan skincare","https://dreamlab.id/urutan-pabrik-skincare-terbaik-indonesia/",0,43,0.00,8.5
"perusahaan skincare di indonesia","https://dreamlab.id/urutan-pabrik-skincare-terbaik-indonesia/",0,107,0.00,11.3
"perusahaan skincare terbesar di dunia","https://dreamlab.id/urutan-pabrik-skincare-terbaik-indonesia/",0,1,0.00,57.0
"prioritas jaya indonesia","https://dreamlab.id/urutan-pabrik-skincare-terbaik-indonesia/",0,1,0.00,4.0
"produk skin care terbaik di indonesia","https://dreamlab.id/urutan-pabrik-skincare-terbaik-indonesia/",0,1,0.00,61.0
"produksi skincare","https://dreamlab.id/urutan-pabrik-skincare-terbaik-indonesia/",0,5,0.00,7.8
"produksi skincare indonesia","https://dreamlab.id/urutan-pabrik-skincare-terbaik-indonesia/",0,1,0.00,47.0
"produse de skin care","https://dreamlab.id/urutan-pabrik-skincare-terbaik-indonesia/",0,1,0.00,9.0
"produsen kosmetik","https://dreamlab.id/urutan-pabrik-skincare-terbaik-indonesia/",0,17,0.00,23.4
"produsen kosmetik di indonesia","https://dreamlab.id/urutan-pabrik-skincare-terbaik-indonesia/",0,1,0.00,28.0
"produsen produk kosmetik terkemuka","https://dreamlab.id/urutan-pabrik-skincare-terbaik-indonesia/",0,10,0.00,18.4
"produsen skincare","https://dreamlab.id/urutan-pabrik-skincare-terbaik-indonesia/",0,39,0.00,13.0
"pt","https://dreamlab.id/urutan-pabrik-skincare-terbaik-indonesia/",0,1,0.00,2.0
"pt adrindo intiperkasa","https://dreamlab.id/urutan-pabrik-skincare-terbaik-indonesia/",0,1,0.00,3.0
"pt akasha wira","https://dreamlab.id/urutan-pabrik-skincare-terbaik-indonesia/",0,2,0.00,3.0
"pt anjalis group indonesia","https://dreamlab.id/urutan-pabrik-skincare-terbaik-indonesia/",0,1,0.00,4.0
"pt aplus pacific jakarta","https://dreamlab.id/urutan-pabrik-skincare-terbaik-indonesia/",0,1,0.00,2.0
"pt arina multi","https://dreamlab.id/urutan-pabrik-skincare-terbaik-indonesia/",0,1,0.00,3.0
"pt arina multikarya jakarta","https://dreamlab.id/urutan-pabrik-skincare-terbaik-indonesia/",0,1,0.00,2.0
"pt arina multikarya malang","https://dreamlab.id/urutan-pabrik-skincare-terbaik-indonesia/",0,1,0.00,3.0
"pt arina multikarya medaeng","https://dreamlab.id/urutan-pabrik-skincare-terbaik-indonesia/",0,1,0.00,3.0
"pt arina multikarya semarang","https://dreamlab.id/urutan-pabrik-skincare-terbaik-indonesia/",0,1,0.00,4.0
"pt arina multikarya surabaya","https://dreamlab.id/urutan-pabrik-skincare-terbaik-indonesia/",0,2,0.00,4.5
"pt astoria prima","https://dreamlab.id/urutan-pabrik-skincare-terbaik-indonesia/",0,1,0.00,5.0
"pt beautymax essential indonesia","https://dreamlab.id/urutan-pabrik-skincare-terbaik-indonesia/",0,1,0.00,10.0
"pt benberg arome indonesia","https://dreamlab.id/urutan-pabrik-skincare-terbaik-indonesia/",0,1,0.00,2.0
"pt blackpool kosmetik indonesia","https://dreamlab.id/urutan-pabrik-skincare-terbaik-indonesia/",0,1,0.00,7.0
"pt blp","https://dreamlab.id/urutan-pabrik-skincare-terbaik-indonesia/",0,1,0.00,3.0
"pt bonecom tricom group","https://dreamlab.id/urutan-pabrik-skincare-terbaik-indonesia/",0,1,0.00,2.0
"pt capung indah abadi","https://dreamlab.id/urutan-pabrik-skincare-terbaik-indonesia/",0,1,0.00,3.0
"pt carissa mega pesona","https://dreamlab.id/urutan-pabrik-skincare-terbaik-indonesia/",0,1,0.00,3.0
"pt cedefindo","https://dreamlab.id/urutan-pabrik-skincare-terbaik-indonesia/",0,1,0.00,3.0
"pt continental cosmetic","https://dreamlab.id/urutan-pabrik-skincare-terbaik-indonesia/",0,1,0.00,4.0
"pt cool betty indonesia","https://dreamlab.id/urutan-pabrik-skincare-terbaik-indonesia/",0,1,0.00,2.0
"pt cosmax indonesia","https://dreamlab.id/urutan-pabrik-skincare-terbaik-indonesia/",0,2,0.00,4.5
"pt cosmetic mirror indonesia","https://dreamlab.id/urutan-pabrik-skincare-terbaik-indonesia/",0,2,0.00,4.5
"pt cs2 pola sehat tangerang","https://dreamlab.id/urutan-pabrik-skincare-terbaik-indonesia/",0,1,0.00,2.0
"pt dua naga","https://dreamlab.id/urutan-pabrik-skincare-terbaik-indonesia/",0,1,0.00,4.0
"pt dua naga kosmetindo","https://dreamlab.id/urutan-pabrik-skincare-terbaik-indonesia/",0,3,0.00,3.0
"pt enerel kosmetika biotech","https://dreamlab.id/urutan-pabrik-skincare-terbaik-indonesia/",0,1,0.00,4.0
"pt essence cantika indonesia foto","https://dreamlab.id/urutan-pabrik-skincare-terbaik-indonesia/",0,1,0.00,4.0
"pt essential","https://dreamlab.id/urutan-pabrik-skincare-terbaik-indonesia/",0,1,0.00,2.0
"pt exacom abadi sentosa","https://dreamlab.id/urutan-pabrik-skincare-terbaik-indonesia/",0,1,0.00,2.0
"pt fcl","https://dreamlab.id/urutan-pabrik-skincare-terbaik-indonesia/",0,1,0.00,4.0
"pt gizi indonesia","https://dreamlab.id/urutan-pabrik-skincare-terbaik-indonesia/",0,1,0.00,4.0
"pt hebe beauty indonesia","https://dreamlab.id/urutan-pabrik-skincare-terbaik-indonesia/",0,1,0.00,3.0
"pt honey lady utama","https://dreamlab.id/urutan-pabrik-skincare-terbaik-indonesia/",0,1,0.00,3.0
"pt immortal","https://dreamlab.id/urutan-pabrik-skincare-terbaik-indonesia/",0,1,0.00,3.0
"pt joshua kuningan","https://dreamlab.id/urutan-pabrik-skincare-terbaik-indonesia/",0,1,0.00,2.0
"pt joya hougan lestari","https://dreamlab.id/urutan-pabrik-skincare-terbaik-indonesia/",0,1,0.00,3.0
"pt karya impian laboratoris","https://dreamlab.id/urutan-pabrik-skincare-terbaik-indonesia/",0,9,0.00,40.0
"pt kecantikan","https://dreamlab.id/urutan-pabrik-skincare-terbaik-indonesia/",0,1,0.00,21.0
"pt kecantikan di indonesia","https://dreamlab.id/urutan-pabrik-skincare-terbaik-indonesia/",0,11,0.00,10.6
"pt kosmetik","https://dreamlab.id/urutan-pabrik-skincare-terbaik-indonesia/",0,4,0.00,2.5
"pt kosmetik di indonesia","https://dreamlab.id/urutan-pabrik-skincare-terbaik-indonesia/",0,4,0.00,1.0
"pt kosmetik indonesia","https://dreamlab.id/urutan-pabrik-skincare-terbaik-indonesia/",0,2,0.00,33.5
"pt kosmetik terbesar di indonesia","https://dreamlab.id/urutan-pabrik-skincare-terbaik-indonesia/",0,12,0.00,12.2
"pt kosmetika indonesia","https://dreamlab.id/urutan-pabrik-skincare-terbaik-indonesia/",0,1,0.00,2.0
"pt kreasi cantik alami","https://dreamlab.id/urutan-pabrik-skincare-terbaik-indonesia/",0,2,0.00,4.0
"pt kurnia cipta moda gemilang","https://dreamlab.id/urutan-pabrik-skincare-terbaik-indonesia/",0,1,0.00,2.0
"pt kurnia ciptamoda","https://dreamlab.id/urutan-pabrik-skincare-terbaik-indonesia/",0,1,0.00,5.0
"pt lambang utama","https://dreamlab.id/urutan-pabrik-skincare-terbaik-indonesia/",0,1,0.00,5.0
"pt larassanti makmur sejahtera","https://dreamlab.id/urutan-pabrik-skincare-terbaik-indonesia/",0,1,0.00,3.0
"pt loreal indonesia","https://dreamlab.id/urutan-pabrik-skincare-terbaik-indonesia/",0,1,0.00,2.0
"pt mag trada indonesia jakarta selatan","https://dreamlab.id/urutan-pabrik-skincare-terbaik-indonesia/",0,1,0.00,4.0
"pt mash moshem indonesia tulungagung","https://dreamlab.id/urutan-pabrik-skincare-terbaik-indonesia/",0,1,0.00,2.0
"pt meccaya","https://dreamlab.id/urutan-pabrik-skincare-terbaik-indonesia/",0,1,0.00,3.0
"pt nayue biotech indonesia","https://dreamlab.id/urutan-pabrik-skincare-terbaik-indonesia/",0,4,0.00,3.0
"pt nayue kosmetik indonesia","https://dreamlab.id/urutan-pabrik-skincare-terbaik-indonesia/",0,4,0.00,5.0
"pt nusantara wellness group","https://dreamlab.id/urutan-pabrik-skincare-terbaik-indonesia/",0,1,0.00,5.0
"pt nya","https://dreamlab.id/urutan-pabrik-skincare-terbaik-indonesia/",0,1,0.00,2.0
"pt one ject indonesia","https://dreamlab.id/urutan-pabrik-skincare-terbaik-indonesia/",0,2,0.00,3.0
"pt pillars cosmetiklon indonesia","https://dreamlab.id/urutan-pabrik-skincare-terbaik-indonesia/",0,2,0.00,4.0
"pt sanford batam","https://dreamlab.id/urutan-pabrik-skincare-terbaik-indonesia/",0,1,0.00,6.0
"pt sant group indonesia","https://dreamlab.id/urutan-pabrik-skincare-terbaik-indonesia/",0,1,0.00,2.0
"pt sea makeup beauty","https://dreamlab.id/urutan-pabrik-skincare-terbaik-indonesia/",0,1,0.00,3.0
"pt sephora","https://dreamlab.id/urutan-pabrik-skincare-terbaik-indonesia/",0,1,0.00,3.0
"pt shangyang","https://dreamlab.id/urutan-pabrik-skincare-terbaik-indonesia/",0,1,0.00,2.0
"pt shangyang technology","https://dreamlab.id/urutan-pabrik-skincare-terbaik-indonesia/",0,1,0.00,5.0
"pt shuang hor","https://dreamlab.id/urutan-pabrik-skincare-terbaik-indonesia/",0,2,0.00,3.0
"pt skinberries group industri","https://dreamlab.id/urutan-pabrik-skincare-terbaik-indonesia/",0,2,0.00,6.0
"pt skincare","https://dreamlab.id/urutan-pabrik-skincare-terbaik-indonesia/",0,20,0.00,6.8
"pt skincare di indonesia","https://dreamlab.id/urutan-pabrik-skincare-terbaik-indonesia/",0,47,0.00,9.9
"pt skincare indonesia","https://dreamlab.id/urutan-pabrik-skincare-terbaik-indonesia/",0,8,0.00,5.1
"pt skintific","https://dreamlab.id/urutan-pabrik-skincare-terbaik-indonesia/",0,2,0.00,3.0
"pt skintific indonesia","https://dreamlab.id/urutan-pabrik-skincare-terbaik-indonesia/",0,1,0.00,3.0
"pt social bella indonesia","https://dreamlab.id/urutan-pabrik-skincare-terbaik-indonesia/",0,1,0.00,3.0
"pt tengyu kosmetik internasional","https://dreamlab.id/urutan-pabrik-skincare-terbaik-indonesia/",0,1,0.00,4.0
"pt trixie","https://dreamlab.id/urutan-pabrik-skincare-terbaik-indonesia/",0,1,0.00,4.0
"pt unza vitalis","https://dreamlab.id/urutan-pabrik-skincare-terbaik-indonesia/",0,1,0.00,3.0
"pt unza vitalis salatiga","https://dreamlab.id/urutan-pabrik-skincare-terbaik-indonesia/",0,3,0.00,2.3
"pt valencia organika global","https://dreamlab.id/urutan-pabrik-skincare-terbaik-indonesia/",0,1,0.00,5.0
"pt victoria care indonesia","https://dreamlab.id/urutan-pabrik-skincare-terbaik-indonesia/",0,1,0.00,2.0
"pt young tree","https://dreamlab.id/urutan-pabrik-skincare-terbaik-indonesia/",0,1,0.00,3.0
"pt young tree industries","https://dreamlab.id/urutan-pabrik-skincare-terbaik-indonesia/",0,1,0.00,3.0
"pt yusung advance indonesia","https://dreamlab.id/urutan-pabrik-skincare-terbaik-indonesia/",0,1,0.00,3.0
"pt. derma enom farma","https://dreamlab.id/urutan-pabrik-skincare-terbaik-indonesia/",0,1,0.00,2.0
"pt. obo cosmetic indonesia","https://dreamlab.id/urutan-pabrik-skincare-terbaik-indonesia/",0,1,0.00,4.0
"pt. obo cosmetic indonesia foto","https://dreamlab.id/urutan-pabrik-skincare-terbaik-indonesia/",0,1,0.00,2.0
"pt. regenesis indonesia","https://dreamlab.id/urutan-pabrik-skincare-terbaik-indonesia/",0,1,0.00,5.0
"pt. setia kawan abadi foto","https://dreamlab.id/urutan-pabrik-skincare-terbaik-indonesia/",0,1,0.00,2.0
"pt. sociolla","https://dreamlab.id/urutan-pabrik-skincare-terbaik-indonesia/",0,1,0.00,3.0
"reino barack","https://dreamlab.id/urutan-pabrik-skincare-terbaik-indonesia/",0,6,0.00,2.8
"reino barak","https://dreamlab.id/urutan-pabrik-skincare-terbaik-indonesia/",0,1,0.00,3.0
"royal pesona indonesia","https://dreamlab.id/urutan-pabrik-skincare-terbaik-indonesia/",0,1,0.00,2.0
"semilir salatiga","https://dreamlab.id/urutan-pabrik-skincare-terbaik-indonesia/",0,1,0.00,4.0
"siapa heni sagara","https://dreamlab.id/urutan-pabrik-skincare-terbaik-indonesia/",0,2,0.00,2.5
"skin care factory","https://dreamlab.id/urutan-pabrik-skincare-terbaik-indonesia/",0,1,0.00,1.0
"skin care production","https://dreamlab.id/urutan-pabrik-skincare-terbaik-indonesia/",0,1,0.00,64.0
"skin manufacturing","https://dreamlab.id/urutan-pabrik-skincare-terbaik-indonesia/",0,3,0.00,70.3
"skincare","https://dreamlab.id/urutan-pabrik-skincare-terbaik-indonesia/",0,1,0.00,2.0
"skincare brand popularity rankings 2026","https://dreamlab.id/urutan-pabrik-skincare-terbaik-indonesia/",0,1,0.00,10.0
"skincare brand sales rankings 2026","https://dreamlab.id/urutan-pabrik-skincare-terbaik-indonesia/",0,1,0.00,8.0
"skincare indonesia terbaik","https://dreamlab.id/urutan-pabrik-skincare-terbaik-indonesia/",0,2,0.00,9.0
"skincare lokal indonesia paling bagus 2026","https://dreamlab.id/urutan-pabrik-skincare-terbaik-indonesia/",0,19,0.00,17.7
"skincare lokal indonesia terbaik 2026","https://dreamlab.id/urutan-pabrik-skincare-terbaik-indonesia/",0,50,0.00,7.7
"skincare no 1 di indonesia","https://dreamlab.id/urutan-pabrik-skincare-terbaik-indonesia/",0,9,0.00,17.6
"skincare no. 1 di indonesia","https://dreamlab.id/urutan-pabrik-skincare-terbaik-indonesia/",0,16,0.00,16.6
"skincare nomor 1 di indonesia","https://dreamlab.id/urutan-pabrik-skincare-terbaik-indonesia/",0,3,0.00,41.0
"skincare terbaik 2026","https://dreamlab.id/urutan-pabrik-skincare-terbaik-indonesia/",0,1,0.00,11.0
"skincare terbaik di indonesia","https://dreamlab.id/urutan-pabrik-skincare-terbaik-indonesia/",0,5,0.00,20.4
"skincare terbaik di indonesia 2026","https://dreamlab.id/urutan-pabrik-skincare-terbaik-indonesia/",0,8,0.00,5.5
"skincare terbaik no 1 di indonesia","https://dreamlab.id/urutan-pabrik-skincare-terbaik-indonesia/",0,4,0.00,10.0
"skincare terbaik no 1 di indonesia 2026","https://dreamlab.id/urutan-pabrik-skincare-terbaik-indonesia/",0,15,0.00,3.9
"skincare viral indonesia 2026","https://dreamlab.id/urutan-pabrik-skincare-terbaik-indonesia/",0,4,0.00,13.3
"sociolla company","https://dreamlab.id/urutan-pabrik-skincare-terbaik-indonesia/",0,1,0.00,4.0
"spesialis formulasi kosmetik in indonesia","https://dreamlab.id/urutan-pabrik-skincare-terbaik-indonesia/",0,3,0.00,11.3
"supplier kosmetik","https://dreamlab.id/urutan-pabrik-skincare-terbaik-indonesia/",0,1,0.00,2.0
"sutandi purnomosidi","https://dreamlab.id/urutan-pabrik-skincare-terbaik-indonesia/",0,1,0.00,2.0
"timephoria pt apa","https://dreamlab.id/urutan-pabrik-skincare-terbaik-indonesia/",0,1,0.00,3.0
"top brand body lotion indonesia 2026","https://dreamlab.id/urutan-pabrik-skincare-terbaik-indonesia/",0,1,0.00,19.0
"top brand skincare 2026","https://dreamlab.id/urutan-pabrik-skincare-terbaik-indonesia/",0,1,0.00,19.0
"top skincare brands indonesia 2026","https://dreamlab.id/urutan-pabrik-skincare-terbaik-indonesia/",0,3,0.00,4.7
"ulasan pt implora sukses abadi","https://dreamlab.id/urutan-pabrik-skincare-terbaik-indonesia/",0,1,0.00,2.0
"ulasan pt. kemas indah maju  plant alpha","https://dreamlab.id/urutan-pabrik-skincare-terbaik-indonesia/",0,1,0.00,2.0
"untuk bisnis","https://dreamlab.id/urutan-pabrik-skincare-terbaik-indonesia/",0,1,0.00,4.0
"urutan brand skincare terbaik di indonesia","https://dreamlab.id/urutan-pabrik-skincare-terbaik-indonesia/",0,1,0.00,11.0
"urutan skincare terbaik di indonesia","https://dreamlab.id/urutan-pabrik-skincare-terbaik-indonesia/",0,9,0.00,25.8
"viva cosmetics punya siapa","https://dreamlab.id/urutan-pabrik-skincare-terbaik-indonesia/",0,1,0.00,2.0
"whitelab pt apa","https://dreamlab.id/urutan-pabrik-skincare-terbaik-indonesia/",0,1,0.00,37.0
"ya","https://dreamlab.id/urutan-pabrik-skincare-terbaik-indonesia/",0,2,0.00,3.0
"yang ada di indo","https://dreamlab.id/urutan-pabrik-skincare-terbaik-indonesia/",0,1,0.00,9.0
"yang lagi tren sekarang","https://dreamlab.id/urutan-pabrik-skincare-terbaik-indonesia/",0,1,0.00,9.0
"10 perusahaan kosmetik terbesar di indonesia","https://dreamlab.id/urutan-pabrik-skincare-terbaik-indonesia/#Berapa_MOQ_di_DREAMLAB",0,4,0.00,11.0
"brand skincare terbesar di indonesia","https://dreamlab.id/urutan-pabrik-skincare-terbaik-indonesia/#Berapa_MOQ_di_DREAMLAB",0,5,0.00,10.2
"jasa maklon skincare terbaik","https://dreamlab.id/urutan-pabrik-skincare-terbaik-indonesia/#Berapa_MOQ_di_DREAMLAB",0,1,0.00,9.0
"maklon kosmetik terbaik","https://dreamlab.id/urutan-pabrik-skincare-terbaik-indonesia/#Berapa_MOQ_di_DREAMLAB",0,12,0.00,10.4
"maklon kosmetik terbaik di indonesia","https://dreamlab.id/urutan-pabrik-skincare-terbaik-indonesia/#Berapa_MOQ_di_DREAMLAB",0,14,0.00,11.4
"maklon skincare terbaik","https://dreamlab.id/urutan-pabrik-skincare-terbaik-indonesia/#Berapa_MOQ_di_DREAMLAB",0,247,0.00,8.6
"maklon skincare terbaik di indonesia","https://dreamlab.id/urutan-pabrik-skincare-terbaik-indonesia/#Berapa_MOQ_di_DREAMLAB",0,68,0.00,8.3
"maklon terbaik di indonesia","https://dreamlab.id/urutan-pabrik-skincare-terbaik-indonesia/#Berapa_MOQ_di_DREAMLAB",0,31,0.00,10.7
"nama pt skincare yang bagus","https://dreamlab.id/urutan-pabrik-skincare-terbaik-indonesia/#Berapa_MOQ_di_DREAMLAB",0,3,0.00,10.3
"pabrik kosmetik terbesar di indonesia","https://dreamlab.id/urutan-pabrik-skincare-terbaik-indonesia/#Berapa_MOQ_di_DREAMLAB",0,15,0.00,11.2
"pabrik maklon skincare","https://dreamlab.id/urutan-pabrik-skincare-terbaik-indonesia/#Berapa_MOQ_di_DREAMLAB",0,1,0.00,11.0
"pabrik maklon skincare terbaik","https://dreamlab.id/urutan-pabrik-skincare-terbaik-indonesia/#Berapa_MOQ_di_DREAMLAB",0,10,0.00,6.7
"pabrik pembuatan skincare","https://dreamlab.id/urutan-pabrik-skincare-terbaik-indonesia/#Berapa_MOQ_di_DREAMLAB",0,5,0.00,6.0
"pabrik skincare","https://dreamlab.id/urutan-pabrik-skincare-terbaik-indonesia/#Berapa_MOQ_di_DREAMLAB",0,7,0.00,9.3
"pabrik skincare di indonesia","https://dreamlab.id/urutan-pabrik-skincare-terbaik-indonesia/#Berapa_MOQ_di_DREAMLAB",0,34,0.00,11.3
"pabrik skincare terbesar di indonesia","https://dreamlab.id/urutan-pabrik-skincare-terbaik-indonesia/#Berapa_MOQ_di_DREAMLAB",0,15,0.00,8.7
"perusahaan kecantikan di indonesia","https://dreamlab.id/urutan-pabrik-skincare-terbaik-indonesia/#Berapa_MOQ_di_DREAMLAB",0,2,0.00,11.0
"perusahaan kecantikan terbesar di indonesia","https://dreamlab.id/urutan-pabrik-skincare-terbaik-indonesia/#Berapa_MOQ_di_DREAMLAB",0,2,0.00,10.5
"perusahaan kosmetik terbesar di indonesia","https://dreamlab.id/urutan-pabrik-skincare-terbaik-indonesia/#Berapa_MOQ_di_DREAMLAB",0,5,0.00,10.6
"perusahaan skincare","https://dreamlab.id/urutan-pabrik-skincare-terbaik-indonesia/#Berapa_MOQ_di_DREAMLAB",0,3,0.00,8.0
"perusahaan skincare di indonesia","https://dreamlab.id/urutan-pabrik-skincare-terbaik-indonesia/#Berapa_MOQ_di_DREAMLAB",0,11,0.00,9.7
"perusahaan skincare terbesar di indonesia","https://dreamlab.id/urutan-pabrik-skincare-terbaik-indonesia/#Berapa_MOQ_di_DREAMLAB",0,92,0.00,8.3
"pt kecantikan di indonesia","https://dreamlab.id/urutan-pabrik-skincare-terbaik-indonesia/#Berapa_MOQ_di_DREAMLAB",0,6,0.00,11.8
"pt kosmetik terbesar di indonesia","https://dreamlab.id/urutan-pabrik-skincare-terbaik-indonesia/#Berapa_MOQ_di_DREAMLAB",0,8,0.00,12.5
"pt skincare di indonesia","https://dreamlab.id/urutan-pabrik-skincare-terbaik-indonesia/#Berapa_MOQ_di_DREAMLAB",0,17,0.00,12.4
"pt skincare indonesia","https://dreamlab.id/urutan-pabrik-skincare-terbaik-indonesia/#Berapa_MOQ_di_DREAMLAB",0,3,0.00,10.3
"skincare terbaik no 1 di indonesia 2026","https://dreamlab.id/urutan-pabrik-skincare-terbaik-indonesia/#Berapa_MOQ_di_DREAMLAB",0,12,0.00,4.2
"10 perusahaan kosmetik terbesar di indonesia","https://dreamlab.id/urutan-pabrik-skincare-terbaik-indonesia/#Daftar_5_Pabrik_Skincare_di_Indonesia_Terbaik_Update_2026",0,4,0.00,11.0
"brand skincare terbesar di indonesia","https://dreamlab.id/urutan-pabrik-skincare-terbaik-indonesia/#Daftar_5_Pabrik_Skincare_di_Indonesia_Terbaik_Update_2026",0,5,0.00,10.2
"jasa maklon skincare terbaik","https://dreamlab.id/urutan-pabrik-skincare-terbaik-indonesia/#Daftar_5_Pabrik_Skincare_di_Indonesia_Terbaik_Update_2026",0,2,0.00,9.0
"maklon kosmetik terbaik","https://dreamlab.id/urutan-pabrik-skincare-terbaik-indonesia/#Daftar_5_Pabrik_Skincare_di_Indonesia_Terbaik_Update_2026",0,27,0.00,10.7
"maklon kosmetik terbaik di indonesia","https://dreamlab.id/urutan-pabrik-skincare-terbaik-indonesia/#Daftar_5_Pabrik_Skincare_di_Indonesia_Terbaik_Update_2026",0,22,0.00,10.8
"maklon skincare terbaik","https://dreamlab.id/urutan-pabrik-skincare-terbaik-indonesia/#Daftar_5_Pabrik_Skincare_di_Indonesia_Terbaik_Update_2026",0,247,0.00,8.6
"maklon skincare terbaik di indonesia","https://dreamlab.id/urutan-pabrik-skincare-terbaik-indonesia/#Daftar_5_Pabrik_Skincare_di_Indonesia_Terbaik_Update_2026",0,68,0.00,8.3
"maklon terbaik di indonesia","https://dreamlab.id/urutan-pabrik-skincare-terbaik-indonesia/#Daftar_5_Pabrik_Skincare_di_Indonesia_Terbaik_Update_2026",0,33,0.00,10.7
"nama pt skincare yang bagus","https://dreamlab.id/urutan-pabrik-skincare-terbaik-indonesia/#Daftar_5_Pabrik_Skincare_di_Indonesia_Terbaik_Update_2026",0,3,0.00,10.3
"pabrik kosmetik terbesar di indonesia","https://dreamlab.id/urutan-pabrik-skincare-terbaik-indonesia/#Daftar_5_Pabrik_Skincare_di_Indonesia_Terbaik_Update_2026",0,15,0.00,11.2
"pabrik maklon skincare","https://dreamlab.id/urutan-pabrik-skincare-terbaik-indonesia/#Daftar_5_Pabrik_Skincare_di_Indonesia_Terbaik_Update_2026",0,1,0.00,11.0
"pabrik maklon skincare terbaik","https://dreamlab.id/urutan-pabrik-skincare-terbaik-indonesia/#Daftar_5_Pabrik_Skincare_di_Indonesia_Terbaik_Update_2026",0,11,0.00,6.8
"pabrik pembuatan skincare","https://dreamlab.id/urutan-pabrik-skincare-terbaik-indonesia/#Daftar_5_Pabrik_Skincare_di_Indonesia_Terbaik_Update_2026",0,5,0.00,6.0
"pabrik skincare","https://dreamlab.id/urutan-pabrik-skincare-terbaik-indonesia/#Daftar_5_Pabrik_Skincare_di_Indonesia_Terbaik_Update_2026",0,7,0.00,9.3
"pabrik skincare di indonesia","https://dreamlab.id/urutan-pabrik-skincare-terbaik-indonesia/#Daftar_5_Pabrik_Skincare_di_Indonesia_Terbaik_Update_2026",0,34,0.00,11.3
"pabrik skincare terbesar di indonesia","https://dreamlab.id/urutan-pabrik-skincare-terbaik-indonesia/#Daftar_5_Pabrik_Skincare_di_Indonesia_Terbaik_Update_2026",0,15,0.00,8.7
"perusahaan kecantikan di indonesia","https://dreamlab.id/urutan-pabrik-skincare-terbaik-indonesia/#Daftar_5_Pabrik_Skincare_di_Indonesia_Terbaik_Update_2026",0,2,0.00,11.0
"perusahaan kecantikan terbesar di indonesia","https://dreamlab.id/urutan-pabrik-skincare-terbaik-indonesia/#Daftar_5_Pabrik_Skincare_di_Indonesia_Terbaik_Update_2026",0,2,0.00,10.5
"perusahaan kosmetik terbesar di indonesia","https://dreamlab.id/urutan-pabrik-skincare-terbaik-indonesia/#Daftar_5_Pabrik_Skincare_di_Indonesia_Terbaik_Update_2026",0,5,0.00,10.6
"perusahaan skincare","https://dreamlab.id/urutan-pabrik-skincare-terbaik-indonesia/#Daftar_5_Pabrik_Skincare_di_Indonesia_Terbaik_Update_2026",0,3,0.00,8.0
"perusahaan skincare di indonesia","https://dreamlab.id/urutan-pabrik-skincare-terbaik-indonesia/#Daftar_5_Pabrik_Skincare_di_Indonesia_Terbaik_Update_2026",0,11,0.00,9.7
"perusahaan skincare terbesar di indonesia","https://dreamlab.id/urutan-pabrik-skincare-terbaik-indonesia/#Daftar_5_Pabrik_Skincare_di_Indonesia_Terbaik_Update_2026",0,94,0.00,8.2
"pt kecantikan di indonesia","https://dreamlab.id/urutan-pabrik-skincare-terbaik-indonesia/#Daftar_5_Pabrik_Skincare_di_Indonesia_Terbaik_Update_2026",0,6,0.00,11.8
"pt kosmetik terbesar di indonesia","https://dreamlab.id/urutan-pabrik-skincare-terbaik-indonesia/#Daftar_5_Pabrik_Skincare_di_Indonesia_Terbaik_Update_2026",0,8,0.00,12.5
"pt skincare","https://dreamlab.id/urutan-pabrik-skincare-terbaik-indonesia/#Daftar_5_Pabrik_Skincare_di_Indonesia_Terbaik_Update_2026",0,1,0.00,13.0
"pt skincare di indonesia","https://dreamlab.id/urutan-pabrik-skincare-terbaik-indonesia/#Daftar_5_Pabrik_Skincare_di_Indonesia_Terbaik_Update_2026",0,19,0.00,11.9
"pt skincare indonesia","https://dreamlab.id/urutan-pabrik-skincare-terbaik-indonesia/#Daftar_5_Pabrik_Skincare_di_Indonesia_Terbaik_Update_2026",0,3,0.00,10.3
"skincare terbaik no 1 di indonesia 2026","https://dreamlab.id/urutan-pabrik-skincare-terbaik-indonesia/#Daftar_5_Pabrik_Skincare_di_Indonesia_Terbaik_Update_2026",0,12,0.00,4.2
"10 perusahaan kosmetik terbesar di indonesia","https://dreamlab.id/urutan-pabrik-skincare-terbaik-indonesia/#Mengapa_DREAMLAB_Menjadi_%E2%80%9CGame_Changer%E2%80%9D",0,4,0.00,11.0
"brand skincare terbesar di indonesia","https://dreamlab.id/urutan-pabrik-skincare-terbaik-indonesia/#Mengapa_DREAMLAB_Menjadi_%E2%80%9CGame_Changer%E2%80%9D",0,4,0.00,10.3
"jasa maklon skincare terbaik","https://dreamlab.id/urutan-pabrik-skincare-terbaik-indonesia/#Mengapa_DREAMLAB_Menjadi_%E2%80%9CGame_Changer%E2%80%9D",0,2,0.00,9.0
"maklon kosmetik terbaik","https://dreamlab.id/urutan-pabrik-skincare-terbaik-indonesia/#Mengapa_DREAMLAB_Menjadi_%E2%80%9CGame_Changer%E2%80%9D",0,27,0.00,10.7
"maklon kosmetik terbaik di indonesia","https://dreamlab.id/urutan-pabrik-skincare-terbaik-indonesia/#Mengapa_DREAMLAB_Menjadi_%E2%80%9CGame_Changer%E2%80%9D",0,22,0.00,10.8
"maklon skincare terbaik","https://dreamlab.id/urutan-pabrik-skincare-terbaik-indonesia/#Mengapa_DREAMLAB_Menjadi_%E2%80%9CGame_Changer%E2%80%9D",0,90,0.00,9.6
"maklon skincare terbaik di indonesia","https://dreamlab.id/urutan-pabrik-skincare-terbaik-indonesia/#Mengapa_DREAMLAB_Menjadi_%E2%80%9CGame_Changer%E2%80%9D",0,52,0.00,8.7
"maklon terbaik di indonesia","https://dreamlab.id/urutan-pabrik-skincare-terbaik-indonesia/#Mengapa_DREAMLAB_Menjadi_%E2%80%9CGame_Changer%E2%80%9D",0,33,0.00,10.7
"nama pt skincare yang bagus","https://dreamlab.id/urutan-pabrik-skincare-terbaik-indonesia/#Mengapa_DREAMLAB_Menjadi_%E2%80%9CGame_Changer%E2%80%9D",0,3,0.00,10.3
"pabrik kosmetik terbesar di indonesia","https://dreamlab.id/urutan-pabrik-skincare-terbaik-indonesia/#Mengapa_DREAMLAB_Menjadi_%E2%80%9CGame_Changer%E2%80%9D",0,14,0.00,11.5
"pabrik maklon skincare","https://dreamlab.id/urutan-pabrik-skincare-terbaik-indonesia/#Mengapa_DREAMLAB_Menjadi_%E2%80%9CGame_Changer%E2%80%9D",0,1,0.00,11.0
"pabrik maklon skincare terbaik","https://dreamlab.id/urutan-pabrik-skincare-terbaik-indonesia/#Mengapa_DREAMLAB_Menjadi_%E2%80%9CGame_Changer%E2%80%9D",0,9,0.00,6.8
"pabrik pembuatan skincare","https://dreamlab.id/urutan-pabrik-skincare-terbaik-indonesia/#Mengapa_DREAMLAB_Menjadi_%E2%80%9CGame_Changer%E2%80%9D",0,3,0.00,4.0
"pabrik skincare","https://dreamlab.id/urutan-pabrik-skincare-terbaik-indonesia/#Mengapa_DREAMLAB_Menjadi_%E2%80%9CGame_Changer%E2%80%9D",0,5,0.00,8.0
"pabrik skincare di indonesia","https://dreamlab.id/urutan-pabrik-skincare-terbaik-indonesia/#Mengapa_DREAMLAB_Menjadi_%E2%80%9CGame_Changer%E2%80%9D",0,34,0.00,11.3
"pabrik skincare terbesar di indonesia","https://dreamlab.id/urutan-pabrik-skincare-terbaik-indonesia/#Mengapa_DREAMLAB_Menjadi_%E2%80%9CGame_Changer%E2%80%9D",0,15,0.00,8.7
"perusahaan kecantikan terbesar di indonesia","https://dreamlab.id/urutan-pabrik-skincare-terbaik-indonesia/#Mengapa_DREAMLAB_Menjadi_%E2%80%9CGame_Changer%E2%80%9D",0,2,0.00,10.5
"perusahaan kosmetik terbesar di indonesia","https://dreamlab.id/urutan-pabrik-skincare-terbaik-indonesia/#Mengapa_DREAMLAB_Menjadi_%E2%80%9CGame_Changer%E2%80%9D",0,3,0.00,9.7
"perusahaan skincare","https://dreamlab.id/urutan-pabrik-skincare-terbaik-indonesia/#Mengapa_DREAMLAB_Menjadi_%E2%80%9CGame_Changer%E2%80%9D",0,1,0.00,6.0
"perusahaan skincare di indonesia","https://dreamlab.id/urutan-pabrik-skincare-terbaik-indonesia/#Mengapa_DREAMLAB_Menjadi_%E2%80%9CGame_Changer%E2%80%9D",0,8,0.00,9.4
"perusahaan skincare terbesar di indonesia","https://dreamlab.id/urutan-pabrik-skincare-terbaik-indonesia/#Mengapa_DREAMLAB_Menjadi_%E2%80%9CGame_Changer%E2%80%9D",0,81,0.00,8.2
"pt kecantikan di indonesia","https://dreamlab.id/urutan-pabrik-skincare-terbaik-indonesia/#Mengapa_DREAMLAB_Menjadi_%E2%80%9CGame_Changer%E2%80%9D",0,5,0.00,12.0
"pt kosmetik terbesar di indonesia","https://dreamlab.id/urutan-pabrik-skincare-terbaik-indonesia/#Mengapa_DREAMLAB_Menjadi_%E2%80%9CGame_Changer%E2%80%9D",0,7,0.00,12.6
"pt skincare di indonesia","https://dreamlab.id/urutan-pabrik-skincare-terbaik-indonesia/#Mengapa_DREAMLAB_Menjadi_%E2%80%9CGame_Changer%E2%80%9D",0,17,0.00,12.4
"pt skincare indonesia","https://dreamlab.id/urutan-pabrik-skincare-terbaik-indonesia/#Mengapa_DREAMLAB_Menjadi_%E2%80%9CGame_Changer%E2%80%9D",0,3,0.00,10.3
"10 perusahaan kosmetik terbesar di indonesia","https://dreamlab.id/urutan-pabrik-skincare-terbaik-indonesia/#Mengapa_PT_Karya_Impian_Laboratoris_DREAMLAB_Menjadi_Pilihan_Utama",0,4,0.00,11.0
"brand skincare terbesar di indonesia","https://dreamlab.id/urutan-pabrik-skincare-terbaik-indonesia/#Mengapa_PT_Karya_Impian_Laboratoris_DREAMLAB_Menjadi_Pilihan_Utama",0,4,0.00,10.3
"jasa maklon skincare terbaik","https://dreamlab.id/urutan-pabrik-skincare-terbaik-indonesia/#Mengapa_PT_Karya_Impian_Laboratoris_DREAMLAB_Menjadi_Pilihan_Utama",0,1,0.00,9.0
"maklon kosmetik terbaik","https://dreamlab.id/urutan-pabrik-skincare-terbaik-indonesia/#Mengapa_PT_Karya_Impian_Laboratoris_DREAMLAB_Menjadi_Pilihan_Utama",0,12,0.00,10.4
"maklon kosmetik terbaik di indonesia","https://dreamlab.id/urutan-pabrik-skincare-terbaik-indonesia/#Mengapa_PT_Karya_Impian_Laboratoris_DREAMLAB_Menjadi_Pilihan_Utama",0,14,0.00,11.4
"maklon skincare terbaik","https://dreamlab.id/urutan-pabrik-skincare-terbaik-indonesia/#Mengapa_PT_Karya_Impian_Laboratoris_DREAMLAB_Menjadi_Pilihan_Utama",0,90,0.00,9.6
"maklon skincare terbaik di indonesia","https://dreamlab.id/urutan-pabrik-skincare-terbaik-indonesia/#Mengapa_PT_Karya_Impian_Laboratoris_DREAMLAB_Menjadi_Pilihan_Utama",0,52,0.00,8.7
"maklon terbaik di indonesia","https://dreamlab.id/urutan-pabrik-skincare-terbaik-indonesia/#Mengapa_PT_Karya_Impian_Laboratoris_DREAMLAB_Menjadi_Pilihan_Utama",0,31,0.00,10.7
"nama pt skincare yang bagus","https://dreamlab.id/urutan-pabrik-skincare-terbaik-indonesia/#Mengapa_PT_Karya_Impian_Laboratoris_DREAMLAB_Menjadi_Pilihan_Utama",0,3,0.00,10.3
"pabrik kosmetik terbesar di indonesia","https://dreamlab.id/urutan-pabrik-skincare-terbaik-indonesia/#Mengapa_PT_Karya_Impian_Laboratoris_DREAMLAB_Menjadi_Pilihan_Utama",0,14,0.00,11.5
"pabrik maklon skincare","https://dreamlab.id/urutan-pabrik-skincare-terbaik-indonesia/#Mengapa_PT_Karya_Impian_Laboratoris_DREAMLAB_Menjadi_Pilihan_Utama",0,1,0.00,11.0
"pabrik maklon skincare terbaik","https://dreamlab.id/urutan-pabrik-skincare-terbaik-indonesia/#Mengapa_PT_Karya_Impian_Laboratoris_DREAMLAB_Menjadi_Pilihan_Utama",0,8,0.00,6.6
"pabrik pembuatan skincare","https://dreamlab.id/urutan-pabrik-skincare-terbaik-indonesia/#Mengapa_PT_Karya_Impian_Laboratoris_DREAMLAB_Menjadi_Pilihan_Utama",0,3,0.00,4.0
"pabrik skincare","https://dreamlab.id/urutan-pabrik-skincare-terbaik-indonesia/#Mengapa_PT_Karya_Impian_Laboratoris_DREAMLAB_Menjadi_Pilihan_Utama",0,5,0.00,8.0
"pabrik skincare di indonesia","https://dreamlab.id/urutan-pabrik-skincare-terbaik-indonesia/#Mengapa_PT_Karya_Impian_Laboratoris_DREAMLAB_Menjadi_Pilihan_Utama",0,34,0.00,11.3
"pabrik skincare terbesar di indonesia","https://dreamlab.id/urutan-pabrik-skincare-terbaik-indonesia/#Mengapa_PT_Karya_Impian_Laboratoris_DREAMLAB_Menjadi_Pilihan_Utama",0,15,0.00,8.7
"perusahaan kecantikan terbesar di indonesia","https://dreamlab.id/urutan-pabrik-skincare-terbaik-indonesia/#Mengapa_PT_Karya_Impian_Laboratoris_DREAMLAB_Menjadi_Pilihan_Utama",0,2,0.00,10.5
"perusahaan kosmetik terbesar di indonesia","https://dreamlab.id/urutan-pabrik-skincare-terbaik-indonesia/#Mengapa_PT_Karya_Impian_Laboratoris_DREAMLAB_Menjadi_Pilihan_Utama",0,3,0.00,9.7
"perusahaan skincare","https://dreamlab.id/urutan-pabrik-skincare-terbaik-indonesia/#Mengapa_PT_Karya_Impian_Laboratoris_DREAMLAB_Menjadi_Pilihan_Utama",0,1,0.00,6.0
"perusahaan skincare di indonesia","https://dreamlab.id/urutan-pabrik-skincare-terbaik-indonesia/#Mengapa_PT_Karya_Impian_Laboratoris_DREAMLAB_Menjadi_Pilihan_Utama",0,8,0.00,9.4
"perusahaan skincare terbesar di indonesia","https://dreamlab.id/urutan-pabrik-skincare-terbaik-indonesia/#Mengapa_PT_Karya_Impian_Laboratoris_DREAMLAB_Menjadi_Pilihan_Utama",0,79,0.00,8.3
"pt kecantikan di indonesia","https://dreamlab.id/urutan-pabrik-skincare-terbaik-indonesia/#Mengapa_PT_Karya_Impian_Laboratoris_DREAMLAB_Menjadi_Pilihan_Utama",0,5,0.00,12.0
"pt kosmetik terbesar di indonesia","https://dreamlab.id/urutan-pabrik-skincare-terbaik-indonesia/#Mengapa_PT_Karya_Impian_Laboratoris_DREAMLAB_Menjadi_Pilihan_Utama",0,7,0.00,12.6
"pt skincare","https://dreamlab.id/urutan-pabrik-skincare-terbaik-indonesia/#Mengapa_PT_Karya_Impian_Laboratoris_DREAMLAB_Menjadi_Pilihan_Utama",0,1,0.00,13.0
"pt skincare di indonesia","https://dreamlab.id/urutan-pabrik-skincare-terbaik-indonesia/#Mengapa_PT_Karya_Impian_Laboratoris_DREAMLAB_Menjadi_Pilihan_Utama",0,19,0.00,11.9
"pt skincare indonesia","https://dreamlab.id/urutan-pabrik-skincare-terbaik-indonesia/#Mengapa_PT_Karya_Impian_Laboratoris_DREAMLAB_Menjadi_Pilihan_Utama",0,3,0.00,10.3
"lainnya","https://dreamlab.id/waterless-beauty-2025/",0,1,0.00,1.0
"solid skincare","https://dreamlab.id/waterless-beauty-2025/",0,1,0.00,6.0
"waterless beauty","https://dreamlab.id/waterless-beauty-2025/",0,7,0.00,4.6
"waterless cosmetic formulations startups","https://dreamlab.id/waterless-beauty-2025/",0,1,0.00,92.0
"skincare","https://www.dreamlab.id/8-tren-kecantikan-2026-smart-formula/",0,1,0.00,3.0
"tren kecantikan 2026","https://www.dreamlab.id/8-tren-kecantikan-2026-smart-formula/",0,1,0.00,11.0
"dreamlab","https://www.dreamlab.id/about-us",0,2,0.00,9.5
"jasa maklon serum","https://www.dreamlab.id/about-us",0,1,0.00,66.0
"dreamlab","https://www.dreamlab.id/about-us/",0,15,0.00,15.1
"dreamlab surabaya","https://www.dreamlab.id/about-us/",0,2,0.00,12.5
"dreamlab","https://www.dreamlab.id/ads/thankyou/metaads/?source=meta-parfum",0,2,0.00,63.5
"pt karya impian laboratoris","https://www.dreamlab.id/ads/thankyou/metaads/?source=meta-parfum",0,1,0.00,95.0
"dreamlab","https://www.dreamlab.id/author/admin/page/5/",0,7,0.00,11.9
"dreamlab","https://www.dreamlab.id/bangun-brand-skincare-lebih-strategis-dreamlab/",0,1,0.00,65.0
"maklon dry shampoo","https://www.dreamlab.id/cara-buat-brand-dry-shampoo/",0,1,0.00,7.0
"bahan bahan racikan hb dosting","https://www.dreamlab.id/cara-meracik-handbody-pemutih-alami/",0,1,0.00,6.0
"bahan handbody racikan","https://www.dreamlab.id/cara-meracik-handbody-pemutih-alami/",0,1,0.00,6.0
"bahan handbody racikan cepat putih","https://www.dreamlab.id/cara-meracik-handbody-pemutih-alami/",0,7,0.00,10.3
"bahan hb racikan","https://www.dreamlab.id/cara-meracik-handbody-pemutih-alami/",0,3,0.00,9.0
"bahan meracik handbody pemutih","https://www.dreamlab.id/cara-meracik-handbody-pemutih-alami/",0,2,0.00,8.5
"bahan racikan","https://www.dreamlab.id/cara-meracik-handbody-pemutih-alami/",0,11,0.00,8.2
"bahan racikan handbody pemutih yang aman","https://www.dreamlab.id/cara-meracik-handbody-pemutih-alami/",0,6,0.00,11.2
"bathabdbody","https://www.dreamlab.id/cara-meracik-handbody-pemutih-alami/",0,1,0.00,11.0
"cara bikin handbody racikan pemutih","https://www.dreamlab.id/cara-meracik-handbody-pemutih-alami/",0,1,0.00,11.0
"cara bikin hb dosting sendiri","https://www.dreamlab.id/cara-meracik-handbody-pemutih-alami/",0,1,0.00,11.0
"cara bikin hb racikan","https://www.dreamlab.id/cara-meracik-handbody-pemutih-alami/",0,6,0.00,6.8
"cara bikin hb racikan pemutih badan","https://www.dreamlab.id/cara-meracik-handbody-pemutih-alami/",0,6,0.00,7.0
"cara bikin racikan handbody pemutih","https://www.dreamlab.id/cara-meracik-handbody-pemutih-alami/",0,6,0.00,9.2
"cara buat hb dosting sendiri","https://www.dreamlab.id/cara-meracik-handbody-pemutih-alami/",0,6,0.00,8.7
"cara buat hb racikan","https://www.dreamlab.id/cara-meracik-handbody-pemutih-alami/",0,4,0.00,8.0
"cara buat hb racikan pemutih","https://www.dreamlab.id/cara-meracik-handbody-pemutih-alami/",0,3,0.00,8.7
"cara buat racikan handbody pemutih","https://www.dreamlab.id/cara-meracik-handbody-pemutih-alami/",0,1,0.00,9.0
"cara memakai handbody racikan agar cepat putih","https://www.dreamlab.id/cara-meracik-handbody-pemutih-alami/",0,1,0.00,8.0
"cara membuat handbody","https://www.dreamlab.id/cara-meracik-handbody-pemutih-alami/",0,3,0.00,1.0
"cara membuat handbody pemutih","https://www.dreamlab.id/cara-meracik-handbody-pemutih-alami/",0,1,0.00,10.0
"cara membuat handbody racikan","https://www.dreamlab.id/cara-meracik-handbody-pemutih-alami/",0,3,0.00,12.0
"cara membuat handbody racikan dosis tinggi","https://www.dreamlab.id/cara-meracik-handbody-pemutih-alami/",0,14,0.00,10.0
"cara membuat handbody racikan putih permanen","https://www.dreamlab.id/cara-meracik-handbody-pemutih-alami/",0,12,0.00,7.8
"cara membuat handbody racikan sendiri","https://www.dreamlab.id/cara-meracik-handbody-pemutih-alami/",0,6,0.00,8.0
"cara membuat handbody racikan sendiri agar cepat putih","https://www.dreamlab.id/cara-meracik-handbody-pemutih-alami/",0,158,0.00,7.6
"cara membuat hb dosting","https://www.dreamlab.id/cara-meracik-handbody-pemutih-alami/",0,1,0.00,2.0
"cara membuat hb pemutih","https://www.dreamlab.id/cara-meracik-handbody-pemutih-alami/",0,7,0.00,9.7
"cara membuat hb racikan pemutih aman","https://www.dreamlab.id/cara-meracik-handbody-pemutih-alami/",0,13,0.00,8.7
"cara membuat hb racikan sendiri","https://www.dreamlab.id/cara-meracik-handbody-pemutih-alami/",0,1,0.00,5.0
"cara membuat lulur untuk kulit dari handbody","https://www.dreamlab.id/cara-meracik-handbody-pemutih-alami/",0,3,0.00,7.0
"cara membuat racikan handbody","https://www.dreamlab.id/cara-meracik-handbody-pemutih-alami/",0,3,0.00,9.0
"cara membuat racikan handbody pemutih yang aman","https://www.dreamlab.id/cara-meracik-handbody-pemutih-alami/",0,2,0.00,10.5
"cara membuat racikan hb dosting","https://www.dreamlab.id/cara-meracik-handbody-pemutih-alami/",0,5,0.00,7.8
"cara meracik handbody","https://www.dreamlab.id/cara-meracik-handbody-pemutih-alami/",0,9,0.00,8.3
"cara meracik handbody pemutih","https://www.dreamlab.id/cara-meracik-handbody-pemutih-alami/",0,4,0.00,8.8
"cara meracik handbody pemutih ampuh","https://www.dreamlab.id/cara-meracik-handbody-pemutih-alami/",0,1,0.00,5.0
"cara meracik handbody pemutih kulit permanen","https://www.dreamlab.id/cara-meracik-handbody-pemutih-alami/",0,1,0.00,11.0
"cara meracik handbody pemutih yang aman","https://www.dreamlab.id/cara-meracik-handbody-pemutih-alami/",0,5,0.00,9.2
"cara meracik handbody untuk memutihkan kulit","https://www.dreamlab.id/cara-meracik-handbody-pemutih-alami/",0,2,0.00,7.0
"cara meracik hb","https://www.dreamlab.id/cara-meracik-handbody-pemutih-alami/",0,8,0.00,8.3
"cara meracik hb agar cepat putih","https://www.dreamlab.id/cara-meracik-handbody-pemutih-alami/",0,7,0.00,8.1
"cara meracik hb dosting","https://www.dreamlab.id/cara-meracik-handbody-pemutih-alami/",0,8,0.00,8.3
"cara meracik hb dosting sendiri","https://www.dreamlab.id/cara-meracik-handbody-pemutih-alami/",0,14,0.00,6.1
"cara meracik hb pemutih sendiri","https://www.dreamlab.id/cara-meracik-handbody-pemutih-alami/",0,2,0.00,9.0
"cara meracik hb pemutih yang aman","https://www.dreamlab.id/cara-meracik-handbody-pemutih-alami/",0,13,0.00,8.2
"cara meracik hb sendiri","https://www.dreamlab.id/cara-meracik-handbody-pemutih-alami/",0,6,0.00,7.8
"cara racikan handbody pemutih","https://www.dreamlab.id/cara-meracik-handbody-pemutih-alami/",0,7,0.00,8.7
"handbody alami","https://www.dreamlab.id/cara-meracik-handbody-pemutih-alami/",0,1,0.00,12.0
"handbody campur apa biar cepat putih","https://www.dreamlab.id/cara-meracik-handbody-pemutih-alami/",0,1,0.00,11.0
"handbody racikan","https://www.dreamlab.id/cara-meracik-handbody-pemutih-alami/",0,1,0.00,19.0
"handbody racikan pemutih buatan sendiri","https://www.dreamlab.id/cara-meracik-handbody-pemutih-alami/",0,9,0.00,9.1
"handbody racikan sendiri","https://www.dreamlab.id/cara-meracik-handbody-pemutih-alami/",0,15,0.00,10.1
"handbody racikan sendiri untuk memutihkan kulit","https://www.dreamlab.id/cara-meracik-handbody-pemutih-alami/",0,2,0.00,9.5
"hb dosting racikan sendiri","https://www.dreamlab.id/cara-meracik-handbody-pemutih-alami/",0,1,0.00,9.0
"hb marina campur minyak zaitun","https://www.dreamlab.id/cara-meracik-handbody-pemutih-alami/",0,1,0.00,3.0
"hb pemutih racikan sendiri","https://www.dreamlab.id/cara-meracik-handbody-pemutih-alami/",0,19,0.00,8.2
"hb racikan sendiri","https://www.dreamlab.id/cara-meracik-handbody-pemutih-alami/",0,26,0.00,9.4
"meracik handbody untuk memutihkan kulit","https://www.dreamlab.id/cara-meracik-handbody-pemutih-alami/",0,4,0.00,9.8
"pencerah badan paling ampuh","https://www.dreamlab.id/cara-meracik-handbody-pemutih-alami/",0,1,0.00,3.0
"racik hb sendiri","https://www.dreamlab.id/cara-meracik-handbody-pemutih-alami/",0,5,0.00,5.6
"racikan body care untuk memutihkan kulit","https://www.dreamlab.id/cara-meracik-handbody-pemutih-alami/",0,2,0.00,10.0
"racikan handbody pemutih","https://www.dreamlab.id/cara-meracik-handbody-pemutih-alami/",0,16,0.00,10.1
"racikan handbody pemutih paling ampuh","https://www.dreamlab.id/cara-meracik-handbody-pemutih-alami/",0,8,0.00,9.5
"racikan handbody pemutih yang aman","https://www.dreamlab.id/cara-meracik-handbody-pemutih-alami/",0,14,0.00,10.9
"racikan handbody untuk memutihkan kulit","https://www.dreamlab.id/cara-meracik-handbody-pemutih-alami/",0,2,0.00,10.0
"racikan hb bikin putih","https://www.dreamlab.id/cara-meracik-handbody-pemutih-alami/",0,1,0.00,11.0
"racikan hb pemutih","https://www.dreamlab.id/cara-meracik-handbody-pemutih-alami/",0,1,0.00,8.0
"racikan hb pemutih badan","https://www.dreamlab.id/cara-meracik-handbody-pemutih-alami/",0,4,0.00,9.5
"racikan pemutih","https://www.dreamlab.id/cara-meracik-handbody-pemutih-alami/",0,1,0.00,12.0
"racikan pemutih badan","https://www.dreamlab.id/cara-meracik-handbody-pemutih-alami/",0,3,0.00,9.0
"racikan untuk memutihkan badan","https://www.dreamlab.id/cara-meracik-handbody-pemutih-alami/",0,1,0.00,8.0
"resep handbody racikan","https://www.dreamlab.id/cara-meracik-handbody-pemutih-alami/",0,1,0.00,6.0
"resep handbody racikan cepat putih","https://www.dreamlab.id/cara-meracik-handbody-pemutih-alami/",0,5,0.00,8.8
"resep handbody racikan farmasi","https://www.dreamlab.id/cara-meracik-handbody-pemutih-alami/",0,1,0.00,11.0
"resep hb dosting paling ampuh","https://www.dreamlab.id/cara-meracik-handbody-pemutih-alami/",0,2,0.00,9.5
"resep hb dosting racikan","https://www.dreamlab.id/cara-meracik-handbody-pemutih-alami/",0,2,0.00,9.0
"resep hb pemutih","https://www.dreamlab.id/cara-meracik-handbody-pemutih-alami/",0,4,0.00,7.8
"resep hb pemutih badan","https://www.dreamlab.id/cara-meracik-handbody-pemutih-alami/",0,2,0.00,6.5
"resep hb racikan","https://www.dreamlab.id/cara-meracik-handbody-pemutih-alami/",0,5,0.00,8.2
"resep hb racikan aman","https://www.dreamlab.id/cara-meracik-handbody-pemutih-alami/",0,2,0.00,10.0
"resep hb racikan ampuh","https://www.dreamlab.id/cara-meracik-handbody-pemutih-alami/",0,10,0.00,8.1
"resep hb racikan dosting","https://www.dreamlab.id/cara-meracik-handbody-pemutih-alami/",0,1,0.00,7.0
"resep hb racikan pemutih","https://www.dreamlab.id/cara-meracik-handbody-pemutih-alami/",0,2,0.00,5.0
"resep racikan handbody","https://www.dreamlab.id/cara-meracik-handbody-pemutih-alami/",0,2,0.00,7.5
"resep racikan handbody pemutih kulit","https://www.dreamlab.id/cara-meracik-handbody-pemutih-alami/",0,13,0.00,8.7
"resep racikan hb","https://www.dreamlab.id/cara-meracik-handbody-pemutih-alami/",0,4,0.00,7.8
"resep racikan hb pemutih","https://www.dreamlab.id/cara-meracik-handbody-pemutih-alami/",0,4,0.00,5.5
"resep racikan pemutih badan","https://www.dreamlab.id/cara-meracik-handbody-pemutih-alami/",0,1,0.00,6.0
"cara meracik hb dosting sendiri","https://www.dreamlab.id/cara-meracik-handbody-pemutih-alami/#Manfaat_Nyata_Kandungan_Alami_untuk_Kulit",0,13,0.00,6.2
"cara meracik hb dosting sendiri","https://www.dreamlab.id/cara-meracik-handbody-pemutih-alami/#Panduan_Cara_Meracik_Handbody_Pemutih_Kulit_DIY",0,13,0.00,6.2
"dream lab","https://www.dreamlab.id/contact-us/",0,2,0.00,4.5
"dreamlab surabaya","https://www.dreamlab.id/contact-us/",0,7,0.00,8.0
"maklon kosmetik jawa timur","https://www.dreamlab.id/contact-us/",0,2,0.00,3.5
"maklon kosmetik surabaya","https://www.dreamlab.id/contact-us/",0,3,0.00,20.0
"maklon skincare surabaya","https://www.dreamlab.id/contact-us/",0,1,0.00,27.0
"pabrik kosmetik surabaya","https://www.dreamlab.id/contact-us/",0,1,0.00,45.0
"pabrik maklon kosmetik surabaya","https://www.dreamlab.id/contact-us/",0,2,0.00,25.5
"perusahaan kosmetik di surabaya","https://www.dreamlab.id/contact-us/",0,1,0.00,68.0
"pt karya impian laboratoris","https://www.dreamlab.id/contact-us/",0,3,0.00,9.7
"dreamlab","https://www.dreamlab.id/decorative/",0,1,0.00,78.0
"pt karya impian laboratoris","https://www.dreamlab.id/decorative/",0,3,0.00,12.0
"maklon foot care","https://www.dreamlab.id/foot-care-produk-peluang-bisnis-maklon-dreamlab/",0,2,0.00,17.0
"maklon foot cream","https://www.dreamlab.id/foot-care-produk-peluang-bisnis-maklon-dreamlab/",0,2,0.00,13.5
"maklon foot mask","https://www.dreamlab.id/foot-care-produk-peluang-bisnis-maklon-dreamlab/",0,3,0.00,13.3
"maklon krim kaki","https://www.dreamlab.id/foot-care-produk-peluang-bisnis-maklon-dreamlab/",0,2,0.00,17.0
"hamamelis virginiana","https://www.dreamlab.id/formulasi-witch-hazel/",0,2,0.00,50.5
"manfaat witch hazel","https://www.dreamlab.id/formulasi-witch-hazel/",0,1,0.00,29.0
"witch hazel adalah","https://www.dreamlab.id/formulasi-witch-hazel/",0,3,0.00,34.3
"witch hazel untuk wajah","https://www.dreamlab.id/formulasi-witch-hazel/",0,1,0.00,20.0
"contoh gambar","https://www.dreamlab.id/jasa-maklon-parfum-moq-rendah/",0,1,0.00,5.0
"maklon herbal moq rendah","https://www.dreamlab.id/jasa-maklon-parfum-moq-rendah/",0,1,0.00,47.0
"maklon moq rendah","https://www.dreamlab.id/jasa-maklon-parfum-moq-rendah/",0,1,0.00,35.0
"maklon parfum moq rendah","https://www.dreamlab.id/jasa-maklon-parfum-moq-rendah/",0,4,0.00,12.8
"maklon reed diffuser","https://www.dreamlab.id/jasa-maklon-parfum-moq-rendah/",0,1,0.00,10.0
"alkohol parfum","https://www.dreamlab.id/jenis-alkohol-dalam-parfum/",0,1,0.00,3.0
"alkohol untuk parfum","https://www.dreamlab.id/jenis-alkohol-dalam-parfum/",0,1,0.00,36.0
"alkohol yang digunakan untuk parfum","https://www.dreamlab.id/jenis-alkohol-dalam-parfum/",0,4,0.00,10.0
"etanol parfum","https://www.dreamlab.id/jenis-alkohol-dalam-parfum/",0,1,0.00,47.0
"ethanol parfum","https://www.dreamlab.id/jenis-alkohol-dalam-parfum/",0,1,0.00,27.0
"jenis alkohol untuk parfum","https://www.dreamlab.id/jenis-alkohol-dalam-parfum/",0,1,0.00,12.0
"kandungan alkohol dalam minyak wangi","https://www.dreamlab.id/jenis-alkohol-dalam-parfum/",0,1,0.00,67.0
"parfum alkohol","https://www.dreamlab.id/jenis-alkohol-dalam-parfum/",0,2,0.00,31.5
"apa itu hb bodycare","https://www.dreamlab.id/lulur-vs-hb-dosting/",0,1,0.00,10.0
"apa itu hb dosting","https://www.dreamlab.id/lulur-vs-hb-dosting/",0,3,0.00,2.3
"cara meracik hb dosting sendiri","https://www.dreamlab.id/lulur-vs-hb-dosting/",0,1,0.00,3.0
"dosting hb adalah","https://www.dreamlab.id/lulur-vs-hb-dosting/",0,1,0.00,3.0
"fungsi hb dosting","https://www.dreamlab.id/lulur-vs-hb-dosting/",0,1,0.00,2.0
"handbody yang cepat memutihkan kulit dan menghilangkan bekas luka","https://www.dreamlab.id/lulur-vs-hb-dosting/",0,1,0.00,3.0
"hb dalam skincare adalah","https://www.dreamlab.id/lulur-vs-hb-dosting/",0,1,0.00,8.0
"hb dosting","https://www.dreamlab.id/lulur-vs-hb-dosting/",0,7,0.00,3.0
"hb dosting bpom","https://www.dreamlab.id/lulur-vs-hb-dosting/",0,1,0.00,3.0
"hb dosting deviena","https://www.dreamlab.id/lulur-vs-hb-dosting/",0,1,0.00,3.0
"hb dosting itu apa","https://www.dreamlab.id/lulur-vs-hb-dosting/",0,1,0.00,2.0
"hb dosting yang bagus","https://www.dreamlab.id/lulur-vs-hb-dosting/",0,1,0.00,3.0
"hb dosting yang bagus dan aman","https://www.dreamlab.id/lulur-vs-hb-dosting/",0,1,0.00,3.0
"hb yang cepat memutihkan kulit","https://www.dreamlab.id/lulur-vs-hb-dosting/",0,1,0.00,2.0
"singkatan hb dosting","https://www.dreamlab.id/lulur-vs-hb-dosting/",0,1,0.00,3.0
"dreamlab","https://www.dreamlab.id/maklon-brand-kosmetik-sendiri-100pcs-pemula/",0,1,0.00,49.0
"dreamlab","https://www.dreamlab.id/maklon-decorative/",0,2,0.00,86.0
"pt karya impian laboratoris","https://www.dreamlab.id/maklon-decorative/",0,3,0.00,82.0
"maklon body mist","https://www.dreamlab.id/maklon-face-mist/",0,1,0.00,18.0
"maklon eye lash serum","https://www.dreamlab.id/maklon-face-mist/",0,1,0.00,11.0
"maklon face mist","https://www.dreamlab.id/maklon-face-mist/",0,2,0.00,7.0
"maklon face primer","https://www.dreamlab.id/maklon-face-mist/",0,1,0.00,20.0
"maklon setting spray","https://www.dreamlab.id/maklon-face-mist/",0,1,0.00,14.0
"maklon foot care","https://www.dreamlab.id/maklon-foot-care/",0,1,0.00,18.0
"maklon terdekat","https://www.dreamlab.id/maklon-foot-care/",0,1,0.00,10.0
"maklon foot care","https://www.dreamlab.id/maklon-footcare-dreamlab/",0,1,0.00,24.0
"maklon foot cream","https://www.dreamlab.id/maklon-footcare-dreamlab/",0,1,0.00,19.0
"maklon krim kaki","https://www.dreamlab.id/maklon-footcare-dreamlab/",0,1,0.00,27.0
"maklon kosmetik medan","https://www.dreamlab.id/maklon-kosmetik-skincare-medan-dreamlab/",0,3,0.00,10.0
"maklon parfum jawa timur","https://www.dreamlab.id/maklon-parfum-dreamlab/",0,1,0.00,12.0
"dreamlab","https://www.dreamlab.id/maklon-pkrt/",0,1,0.00,87.0
"jasa maklon body n kids care","https://www.dreamlab.id/maklon-pkrt/",0,1,0.00,92.0
"cara agar instagram ada keranjang kuning","https://www.dreamlab.id/memunculkan-keranjang-reels/",0,11,0.00,5.7
"cara aktifkan keranjang di ig","https://www.dreamlab.id/memunculkan-keranjang-reels/",0,2,0.00,3.5
"cara aktifkan keranjang di instagram","https://www.dreamlab.id/memunculkan-keranjang-reels/",0,11,0.00,2.6
"cara aktifkan tautan produk","https://www.dreamlab.id/memunculkan-keranjang-reels/",0,2,0.00,10.0
"cara buat keranjang di instagram","https://www.dreamlab.id/memunculkan-keranjang-reels/",0,7,0.00,3.0
"cara buat keranjang kuning di instagram","https://www.dreamlab.id/memunculkan-keranjang-reels/",0,6,0.00,4.8
"cara cek keranjang di instagram","https://www.dreamlab.id/memunculkan-keranjang-reels/",0,4,0.00,5.8
"cara keranjang di instagram","https://www.dreamlab.id/memunculkan-keranjang-reels/",0,4,0.00,5.0
"cara keranjang kuning di instagram","https://www.dreamlab.id/memunculkan-keranjang-reels/",0,5,0.00,3.2
"cara masukan keranjang di instagram","https://www.dreamlab.id/memunculkan-keranjang-reels/",0,6,0.00,4.2
"cara masukin keranjang kuning","https://www.dreamlab.id/memunculkan-keranjang-reels/",0,4,0.00,9.0
"cara memasukan keranjang di instagram","https://www.dreamlab.id/memunculkan-keranjang-reels/",0,5,0.00,4.6
"cara memasukkan keranjang di instagram","https://www.dreamlab.id/memunculkan-keranjang-reels/",0,2,0.00,4.5
"cara membuat keranjang kuning di instagram","https://www.dreamlab.id/memunculkan-keranjang-reels/",0,5,0.00,5.0
"cara memunculkan keranjang di instagram","https://www.dreamlab.id/memunculkan-keranjang-reels/",0,16,0.00,2.5
"cara memunculkan keranjang putih di instagram","https://www.dreamlab.id/memunculkan-keranjang-reels/",0,5,0.00,3.0
"cara menambahkan keranjang di ig","https://www.dreamlab.id/memunculkan-keranjang-reels/",0,5,0.00,2.8
"cara menambahkan keranjang di instagram","https://www.dreamlab.id/memunculkan-keranjang-reels/",0,35,0.00,3.4
"cara menambahkan keranjang di postingan","https://www.dreamlab.id/memunculkan-keranjang-reels/",0,5,0.00,11.0
"cara menambahkan keranjang kuning di ig","https://www.dreamlab.id/memunculkan-keranjang-reels/",0,4,0.00,4.5
"cara menambahkan keranjang kuning di instagram","https://www.dreamlab.id/memunculkan-keranjang-reels/",0,18,0.00,3.7
"cara menambahkan keranjang putih di instagram","https://www.dreamlab.id/memunculkan-keranjang-reels/",0,4,0.00,4.3
"cara menambahkan keranjang shopee di instagram","https://www.dreamlab.id/memunculkan-keranjang-reels/",0,4,0.00,3.3
"cara menambahkan link produk di reels instagram","https://www.dreamlab.id/memunculkan-keranjang-reels/",0,6,0.00,7.3
"cara menautkan keranjang di ig","https://www.dreamlab.id/memunculkan-keranjang-reels/",0,2,0.00,3.0
"cara menautkan keranjang shopee di instagram","https://www.dreamlab.id/memunculkan-keranjang-reels/",0,10,0.00,5.6
"cara mengaktifkan fitur keranjang kuning","https://www.dreamlab.id/memunculkan-keranjang-reels/",0,1,0.00,10.0
"cara mengaktifkan keranjang di instagram","https://www.dreamlab.id/memunculkan-keranjang-reels/",0,4,0.00,5.0
"cara mengaktifkan keranjang kuning","https://www.dreamlab.id/memunculkan-keranjang-reels/",0,1,0.00,10.0
"cara mengaktifkan keranjang putih di ig","https://www.dreamlab.id/memunculkan-keranjang-reels/",0,1,0.00,6.0
"cara menyematkan keranjang di instagram","https://www.dreamlab.id/memunculkan-keranjang-reels/",0,2,0.00,1.0
"cara nautin keranjang di ig","https://www.dreamlab.id/memunculkan-keranjang-reels/",0,3,0.00,2.7
"cara nautin keranjang setelah di upload","https://www.dreamlab.id/memunculkan-keranjang-reels/",0,12,0.00,7.6
"cara pasang keranjang di instagram","https://www.dreamlab.id/memunculkan-keranjang-reels/",0,2,0.00,2.5
"cara sematkan keranjang di instagram","https://www.dreamlab.id/memunculkan-keranjang-reels/",0,2,0.00,4.0
"cara tautkan keranjang di instagram","https://www.dreamlab.id/memunculkan-keranjang-reels/",0,7,0.00,2.3
"fitur keranjang di instagram","https://www.dreamlab.id/memunculkan-keranjang-reels/",0,7,0.00,3.6
"gimana cara aktifkan nya","https://www.dreamlab.id/memunculkan-keranjang-reels/",0,1,0.00,4.0
"kenapa keranjang di instagram tidak muncul","https://www.dreamlab.id/memunculkan-keranjang-reels/",0,1,0.00,1.0
"kenapa keranjang shopee tidak muncul","https://www.dreamlab.id/memunculkan-keranjang-reels/",0,1,0.00,12.0
"keranjang di instagram","https://www.dreamlab.id/memunculkan-keranjang-reels/",0,6,0.00,5.2
"keranjang di instagram tidak muncul","https://www.dreamlab.id/memunculkan-keranjang-reels/",0,7,0.00,5.3
"keranjang instagram","https://www.dreamlab.id/memunculkan-keranjang-reels/",0,4,0.00,4.0
"keranjang kuning di instagram","https://www.dreamlab.id/memunculkan-keranjang-reels/",0,3,0.00,8.3
"keranjang kuning instagram","https://www.dreamlab.id/memunculkan-keranjang-reels/",0,11,0.00,7.5
"keranjang putih instagram","https://www.dreamlab.id/memunculkan-keranjang-reels/",0,4,0.00,8.5
"menambahkan keranjang di instagram","https://www.dreamlab.id/memunculkan-keranjang-reels/",0,10,0.00,2.6
"syarat keranjang putih instagram","https://www.dreamlab.id/memunculkan-keranjang-reels/",0,3,0.00,4.3
"syarat menautkan keranjang di instagram","https://www.dreamlab.id/memunculkan-keranjang-reels/",0,7,0.00,8.4
"syarat nya","https://www.dreamlab.id/memunculkan-keranjang-reels/",0,1,0.00,4.0
"isododecane adalah","https://www.dreamlab.id/news-blog",0,1,0.00,49.0
"dreamlab","https://www.dreamlab.id/news-blog/",0,2,0.00,10.5
"dreamlab kosmetik","https://www.dreamlab.id/news-blog/",0,1,0.00,10.0
"maklon solid perfume","https://www.dreamlab.id/news-blog/",0,1,0.00,20.0
"dreamlab","https://www.dreamlab.id/our-client/",0,2,0.00,57.0
"mavis dreamlab","https://www.dreamlab.id/our-client/",0,1,0.00,18.0
"puputan pharma mangala","https://www.dreamlab.id/our-client/",0,1,0.00,74.0
"maklon kosmetik sidoarjo","https://www.dreamlab.id/pabrik-maklon-kosmetik-sidoarjo-dreamlab/",0,1,0.00,25.0
"maklon parfum malang","https://www.dreamlab.id/pabrik-parfum-malang-dreamlab/",0,2,0.00,3.0
"dreamlab surabaya","https://www.dreamlab.id/pabrik-parfum-surabaya/",0,1,0.00,10.0
"maklon parfum surabaya","https://www.dreamlab.id/pabrik-parfum-surabaya/",0,40,0.00,7.4
"pabrik parfum","https://www.dreamlab.id/pabrik-parfum-surabaya/",0,9,0.00,8.9
"pabrik parfum di indonesia","https://www.dreamlab.id/pabrik-parfum-surabaya/",0,2,0.00,4.5
"pabrik parfum surabaya","https://www.dreamlab.id/pabrik-parfum-surabaya/",0,9,0.00,5.2
"pabrik parfum surabaya pt maklon kosmetik indonesia","https://www.dreamlab.id/pabrik-parfum-surabaya/",0,2,0.00,9.5
"perusahaan parfum","https://www.dreamlab.id/pabrik-parfum-surabaya/",0,3,0.00,1.0
"rambut tumbuh ke dalam","https://www.dreamlab.id/penyebab-ingrown-hair/",0,1,0.00,50.0
"dreamlab","https://www.dreamlab.id/privacy-policy/",0,4,0.00,65.0
""skincare bayi" -site:reddit.com -site:twitter.com -site:x.com -site:wykop.pl -site:tripadvisor.com -site:youtube.com -site:yelp.com -site:booking.com -site:facebook.com -site:instagram.com -site:tiktok.com","https://www.dreamlab.id/produk/babycare/",0,1,0.00,3.0
"dreamlab","https://www.dreamlab.id/produk/babycare/",0,2,0.00,78.0
"dreamlab skincare","https://www.dreamlab.id/produk/babycare/",0,1,0.00,12.0
"jasa maklon body n kids care","https://www.dreamlab.id/produk/babycare/",0,1,0.00,10.0
"jasa maklon packaging kosmetik","https://www.dreamlab.id/produk/babycare/",0,1,0.00,62.0
"maklon bedak bayi","https://www.dreamlab.id/produk/babycare/",0,2,0.00,34.5
"maklon body n kids care","https://www.dreamlab.id/produk/babycare/",0,2,0.00,29.0
"maklon losion bayi","https://www.dreamlab.id/produk/babycare/",0,4,0.00,29.5
"maklon lotion bayi","https://www.dreamlab.id/produk/babycare/",0,1,0.00,26.0
"maklon minyak bayi","https://www.dreamlab.id/produk/babycare/",0,5,0.00,21.6
"maklon pelembap bayi","https://www.dreamlab.id/produk/babycare/",0,3,0.00,33.3
"maklon sabun baby","https://www.dreamlab.id/produk/babycare/",0,9,0.00,29.8
"maklon sabun mandi bayi","https://www.dreamlab.id/produk/babycare/",0,4,0.00,37.0
"maklon sampo bayi","https://www.dreamlab.id/produk/babycare/",0,4,0.00,33.8
"maklon skincare baby","https://www.dreamlab.id/produk/babycare/",0,7,0.00,18.4
"maklon sabun baby","https://www.dreamlab.id/produk/babycare/baby-2in1-wash/",0,3,0.00,69.0
"maklon skincare baby","https://www.dreamlab.id/produk/babycare/baby-2in1-wash/",0,1,0.00,8.0
"jasa maklon cologne","https://www.dreamlab.id/produk/babycare/baby-cologne/",0,3,0.00,13.3
"maklon minyak bayi","https://www.dreamlab.id/produk/babycare/baby-cologne/",0,1,0.00,33.0
"maklon sabun baby","https://www.dreamlab.id/produk/babycare/baby-cologne/",0,3,0.00,81.0
"maklon losion bayi","https://www.dreamlab.id/produk/babycare/baby-lotion/",0,1,0.00,13.0
"maklon pelembap bayi","https://www.dreamlab.id/produk/babycare/baby-lotion/",0,2,0.00,10.5
"dreamlab","https://www.dreamlab.id/produk/babycare/baby-powder/",0,1,0.00,61.0
"jasa maklon loose powder","https://www.dreamlab.id/produk/babycare/baby-powder/",0,1,0.00,18.0
"maklon bedak bayi","https://www.dreamlab.id/produk/babycare/baby-powder/",0,2,0.00,5.0
"maklon sabun baby","https://www.dreamlab.id/produk/babycare/baby-powder/",0,4,0.00,87.5
"maklon skincare baby","https://www.dreamlab.id/produk/babycare/baby-powder/",0,2,0.00,59.0
"jasa maklon hair shampoo","https://www.dreamlab.id/produk/babycare/baby-shampoo/",0,1,0.00,18.0
"jasa maklon shampoo","https://www.dreamlab.id/produk/babycare/baby-shampoo/",0,1,0.00,18.0
"maklon sabun baby","https://www.dreamlab.id/produk/babycare/baby-shampoo/",0,4,0.00,57.5
"maklon sampo","https://www.dreamlab.id/produk/babycare/baby-shampoo/",0,1,0.00,23.0
"maklon sampo bayi","https://www.dreamlab.id/produk/babycare/baby-shampoo/",0,1,0.00,6.0
"maklon shampoo","https://www.dreamlab.id/produk/babycare/baby-shampoo/",0,1,0.00,26.0
"maklon skincare baby","https://www.dreamlab.id/produk/babycare/baby-shampoo/",0,2,0.00,69.0
"dreamlab","https://www.dreamlab.id/produk/bodycare/",0,1,0.00,75.0
"jasa maklon body butter","https://www.dreamlab.id/produk/bodycare/",0,2,0.00,17.0
"jasa maklon body care","https://www.dreamlab.id/produk/bodycare/",0,2,0.00,19.0
"jasa maklon body cream","https://www.dreamlab.id/produk/bodycare/",0,3,0.00,17.7
"jasa maklon body lotion","https://www.dreamlab.id/produk/bodycare/",0,1,0.00,22.0
"jasa maklon body scrub","https://www.dreamlab.id/produk/bodycare/",0,3,0.00,16.3
"jasa maklon body serum","https://www.dreamlab.id/produk/bodycare/",0,5,0.00,15.6
"jasa maklon body tonner","https://www.dreamlab.id/produk/bodycare/",0,1,0.00,17.0
"jasa maklon body wash","https://www.dreamlab.id/produk/bodycare/",0,7,0.00,15.7
"jasa maklon foot cream","https://www.dreamlab.id/produk/bodycare/",0,2,0.00,52.0
"jasa maklon hand body cream","https://www.dreamlab.id/produk/bodycare/",0,1,0.00,19.0
"jasa maklon handbody","https://www.dreamlab.id/produk/bodycare/",0,1,0.00,16.0
"maklon body butter","https://www.dreamlab.id/produk/bodycare/",0,4,0.00,27.5
"maklon body care","https://www.dreamlab.id/produk/bodycare/",0,4,0.00,34.3
"maklon body cream","https://www.dreamlab.id/produk/bodycare/",0,1,0.00,17.0
"maklon body n kids care","https://www.dreamlab.id/produk/bodycare/",0,1,0.00,57.0
"maklon body scrub","https://www.dreamlab.id/produk/bodycare/",0,3,0.00,22.7
"maklon body serum","https://www.dreamlab.id/produk/bodycare/",0,1,0.00,14.0
"maklon body wash","https://www.dreamlab.id/produk/bodycare/",0,1,0.00,17.0
"dreamlab","https://www.dreamlab.id/produk/bodycare/bath-salt/",0,3,0.00,63.7
"dreamlab","https://www.dreamlab.id/produk/bodycare/body-butter/",0,3,0.00,77.0
"jasa maklon body butter","https://www.dreamlab.id/produk/bodycare/body-butter/",0,2,0.00,10.0
"jasa maklon body care","https://www.dreamlab.id/produk/bodycare/body-butter/",0,2,0.00,13.5
"maklon body butter","https://www.dreamlab.id/produk/bodycare/body-butter/",0,3,0.00,7.3
"dreamlab","https://www.dreamlab.id/produk/bodycare/body-lotion/",0,2,0.00,84.0
"jasa maklon hand body cream","https://www.dreamlab.id/produk/bodycare/body-lotion/",0,2,0.00,18.5
"jasa maklon handbody","https://www.dreamlab.id/produk/bodycare/body-lotion/",0,2,0.00,17.5
"maklon body cream","https://www.dreamlab.id/produk/bodycare/body-lotion/",0,1,0.00,19.0
"maklon body lotion","https://www.dreamlab.id/produk/bodycare/body-lotion/",0,4,0.00,20.3
"dreamlab","https://www.dreamlab.id/produk/bodycare/body-scrub/",0,3,0.00,90.0
"jasa maklon body scrub","https://www.dreamlab.id/produk/bodycare/body-scrub/",0,2,0.00,8.0
"jasa maklon exfoliator","https://www.dreamlab.id/produk/bodycare/body-scrub/",0,2,0.00,6.0
"jasa maklon scalp scrub","https://www.dreamlab.id/produk/bodycare/body-scrub/",0,2,0.00,7.5
"maklon body scrub","https://www.dreamlab.id/produk/bodycare/body-scrub/",0,5,0.00,11.2
"maklon scalp scrub","https://www.dreamlab.id/produk/bodycare/body-scrub/",0,2,0.00,12.0
"dreamlab","https://www.dreamlab.id/produk/bodycare/body-wash/",0,3,0.00,87.0
"jasa maklon body wash","https://www.dreamlab.id/produk/bodycare/body-wash/",0,2,0.00,11.0
"maklon body wash","https://www.dreamlab.id/produk/bodycare/body-wash/",0,1,0.00,42.0
"maklon sabun herbal","https://www.dreamlab.id/produk/bodycare/organic-soap/",0,4,0.00,37.5
"maklon sabun organik","https://www.dreamlab.id/produk/bodycare/organic-soap/",0,3,0.00,11.0
"dreamlab","https://www.dreamlab.id/produk/bodycare/shower-gel/",0,2,0.00,59.5
"maklon body wash","https://www.dreamlab.id/produk/bodycare/shower-gel/",0,3,0.00,15.7
"maklon sabun transparan","https://www.dreamlab.id/produk/bodycare/transparent-soap/",0,1,0.00,7.0
"transparent soap","https://www.dreamlab.id/produk/bodycare/transparent-soap/",0,1,0.00,2.0
"maklon sabun pemutih (pencerah)","https://www.dreamlab.id/produk/bodycare/whitening-soap/",0,1,0.00,7.0
"decorative makeup","https://www.dreamlab.id/produk/decorative/",0,1,0.00,1.0
"dreamlab","https://www.dreamlab.id/produk/decorative/",0,3,0.00,63.3
"jasa maklon bb cream","https://www.dreamlab.id/produk/decorative/",0,2,0.00,13.5
"jasa maklon blush on","https://www.dreamlab.id/produk/decorative/",0,3,0.00,13.3
"jasa maklon eye brow serum","https://www.dreamlab.id/produk/decorative/",0,5,0.00,11.4
"jasa maklon eye lash serum","https://www.dreamlab.id/produk/decorative/",0,1,0.00,17.0
"jasa maklon face concealer","https://www.dreamlab.id/produk/decorative/",0,1,0.00,34.0
"jasa maklon face contour","https://www.dreamlab.id/produk/decorative/",0,1,0.00,32.0
"jasa maklon face foundation","https://www.dreamlab.id/produk/decorative/",0,5,0.00,13.4
"jasa maklon face primer","https://www.dreamlab.id/produk/decorative/",0,4,0.00,6.3
"jasa maklon lip cream","https://www.dreamlab.id/produk/decorative/",0,1,0.00,39.0
"jasa maklon make up","https://www.dreamlab.id/produk/decorative/",0,4,0.00,13.5
"maklon bb cream","https://www.dreamlab.id/produk/decorative/",0,4,0.00,11.3
"maklon face foundation","https://www.dreamlab.id/produk/decorative/",0,2,0.00,12.0
"maklon face primer","https://www.dreamlab.id/produk/decorative/",0,1,0.00,10.0
"maklon make up","https://www.dreamlab.id/produk/decorative/",0,1,0.00,19.0
"mavis dreamlab","https://www.dreamlab.id/produk/decorative/",0,2,0.00,30.0
"dreamlab","https://www.dreamlab.id/produk/footcare/",0,2,0.00,51.5
"jasa maklon foot cream","https://www.dreamlab.id/produk/footcare/",0,2,0.00,19.5
"jasa maklon foot mask","https://www.dreamlab.id/produk/footcare/",0,1,0.00,12.0
"kemasan feet bottle","https://www.dreamlab.id/produk/footcare/",0,1,0.00,10.0
"maklon foot care","https://www.dreamlab.id/produk/footcare/",0,3,0.00,33.7
"maklon foot mask","https://www.dreamlab.id/produk/footcare/",0,1,0.00,17.0
"maklon krim kaki","https://www.dreamlab.id/produk/footcare/",0,2,0.00,32.5
"dreamlab","https://www.dreamlab.id/produk/haircare/",0,2,0.00,80.5
"jasa maklon hair care","https://www.dreamlab.id/produk/haircare/",0,1,0.00,18.0
"jasa maklon hair conditioner","https://www.dreamlab.id/produk/haircare/",0,1,0.00,14.0
"jasa maklon hair gel","https://www.dreamlab.id/produk/haircare/",0,1,0.00,13.0
"maklon hair mask","https://www.dreamlab.id/produk/haircare/",0,1,0.00,16.0
"maklon masker rambut","https://www.dreamlab.id/produk/haircare/",0,1,0.00,20.0
"dreamlab","https://www.dreamlab.id/produk/haircare/hair-serum/",0,1,0.00,89.0
"jasa maklon hair serum","https://www.dreamlab.id/produk/haircare/hair-serum/",0,5,0.00,5.0
"jasa maklon hair shampoo","https://www.dreamlab.id/produk/haircare/hair-serum/",0,1,0.00,18.0
"jasa maklon hair spray","https://www.dreamlab.id/produk/haircare/hair-serum/",0,1,0.00,12.0
"jasa maklon heat protectant","https://www.dreamlab.id/produk/haircare/hair-serum/",0,3,0.00,11.3
"jasa maklon serum","https://www.dreamlab.id/produk/haircare/hair-serum/",0,2,0.00,6.0
"maklon serum","https://www.dreamlab.id/produk/haircare/hair-serum/",0,5,0.00,16.0
"maklon serum rambut","https://www.dreamlab.id/produk/haircare/hair-serum/",0,7,0.00,10.4
"dreamlab","https://www.dreamlab.id/produk/parfum/",0,2,0.00,64.0
"joylab parfum","https://www.dreamlab.id/produk/parfum/",0,1,0.00,20.0
"maklon body mist","https://www.dreamlab.id/produk/parfum/",0,1,0.00,31.0
"maklon cologne","https://www.dreamlab.id/produk/parfum/",0,4,0.00,16.5
"maklon face mist","https://www.dreamlab.id/produk/parfum/",0,1,0.00,37.0
"maklon parfum","https://www.dreamlab.id/produk/parfum/",0,4,0.00,78.3
"maklon parfum bandung","https://www.dreamlab.id/produk/parfum/",0,1,0.00,89.0
"maklon parfum jakarta","https://www.dreamlab.id/produk/parfum/",0,1,0.00,66.0
"maklon shampoo","https://www.dreamlab.id/produk/parfum/",0,1,0.00,75.0
"parfum joylab","https://www.dreamlab.id/produk/parfum/",0,1,0.00,29.0
"bpom","https://www.dreamlab.id/produk/pkrt/",0,1,0.00,95.0
"dreamlab","https://www.dreamlab.id/produk/pkrt/",0,1,0.00,82.0
"jasa maklon lip balm","https://www.dreamlab.id/produk/pkrt/",0,1,0.00,96.0
"jasa maklon lip gloss","https://www.dreamlab.id/produk/pkrt/",0,1,0.00,39.0
"jasa maklon lip serum","https://www.dreamlab.id/produk/pkrt/",0,1,0.00,50.0
"jasa maklon packaging kosmetik","https://www.dreamlab.id/produk/pkrt/",0,1,0.00,93.0
"jasa maklon tinted lip serum","https://www.dreamlab.id/produk/pkrt/",0,1,0.00,37.0
"asia skinlab","https://www.dreamlab.id/produk/skincare/",0,1,0.00,49.0
"dreamlab","https://www.dreamlab.id/produk/skincare/",0,3,0.00,66.0
"jasa maklon face bronzer","https://www.dreamlab.id/produk/skincare/",0,1,0.00,20.0
"jasa maklon facial wash","https://www.dreamlab.id/produk/skincare/",0,3,0.00,17.0
"jasa maklon kosmetik","https://www.dreamlab.id/produk/skincare/",0,15,0.00,38.3
"jasa maklon packaging kosmetik","https://www.dreamlab.id/produk/skincare/",0,1,0.00,17.0
"jasa maklon skin care","https://www.dreamlab.id/produk/skincare/",0,1,0.00,32.0
"jasa maklon skincare","https://www.dreamlab.id/produk/skincare/",0,17,0.00,38.4
"maklon produk personal care","https://www.dreamlab.id/produk/skincare/",0,1,0.00,29.0
"maklon skin care","https://www.dreamlab.id/produk/skincare/",0,8,0.00,32.0
"maklon skincare","https://www.dreamlab.id/produk/skincare/",0,3,0.00,36.7
"mavis dreamlab","https://www.dreamlab.id/produk/skincare/",0,1,0.00,95.0
"produk maklon kosmetik","https://www.dreamlab.id/produk/skincare/",0,1,0.00,45.0
"dreamlab","https://www.dreamlab.id/produk/skincare/cleansing/",0,3,0.00,81.7
"jasa maklon cleansing balm","https://www.dreamlab.id/produk/skincare/cleansing/",0,3,0.00,11.7
"jasa maklon cleansing lotion","https://www.dreamlab.id/produk/skincare/cleansing/",0,5,0.00,8.8
"jasa maklon cleansing milk","https://www.dreamlab.id/produk/skincare/cleansing/",0,5,0.00,7.6
"jasa maklon cleansing oil","https://www.dreamlab.id/produk/skincare/cleansing/",0,4,0.00,7.0
"jasa maklon face remover water-oil","https://www.dreamlab.id/produk/skincare/cleansing/",0,4,0.00,9.0
"maklon cleansing balm","https://www.dreamlab.id/produk/skincare/cleansing/",0,3,0.00,10.0
"maklon cleansing lotion","https://www.dreamlab.id/produk/skincare/cleansing/",0,4,0.00,8.5
"maklon cleansing milk","https://www.dreamlab.id/produk/skincare/cleansing/",0,1,0.00,10.0
"maklon cleansing oil","https://www.dreamlab.id/produk/skincare/cleansing/",0,4,0.00,6.8
"maklon face remover water-oil","https://www.dreamlab.id/produk/skincare/cleansing/",0,5,0.00,13.4
"dreamlab","https://www.dreamlab.id/produk/skincare/face-cream/",0,2,0.00,76.5
"jasa maklon eye cream","https://www.dreamlab.id/produk/skincare/face-cream/",0,1,0.00,15.0
"jasa maklon face care","https://www.dreamlab.id/produk/skincare/face-cream/",0,2,0.00,18.0
"jasa maklon face concealer","https://www.dreamlab.id/produk/skincare/face-cream/",0,1,0.00,13.0
"jasa maklon face contour","https://www.dreamlab.id/produk/skincare/face-cream/",0,1,0.00,10.0
"jasa maklon face foundation","https://www.dreamlab.id/produk/skincare/face-cream/",0,1,0.00,16.0
"jasa maklon face highlighter","https://www.dreamlab.id/produk/skincare/face-cream/",0,1,0.00,13.0
"jasa maklon face oil","https://www.dreamlab.id/produk/skincare/face-cream/",0,1,0.00,18.0
"jasa maklon face primer","https://www.dreamlab.id/produk/skincare/face-cream/",0,1,0.00,12.0
"jasa maklon moisturizer","https://www.dreamlab.id/produk/skincare/face-cream/",0,1,0.00,18.0
"maklon eye cream","https://www.dreamlab.id/produk/skincare/face-cream/",0,1,0.00,19.0
"maklon face care","https://www.dreamlab.id/produk/skincare/face-cream/",0,2,0.00,15.5
"dreamlab","https://www.dreamlab.id/produk/skincare/face-cream/brightening-cream/",0,1,0.00,54.0
"maklon krim ruam popok","https://www.dreamlab.id/produk/skincare/face-cream/brightening-cream/",0,1,0.00,35.0
"jasa maklon eye cream","https://www.dreamlab.id/produk/skincare/face-cream/eye-cream/",0,1,0.00,12.0
"maklon eye care","https://www.dreamlab.id/produk/skincare/face-cream/eye-cream/",0,2,0.00,7.0
"maklon eye cream","https://www.dreamlab.id/produk/skincare/face-cream/eye-cream/",0,2,0.00,7.5
"maklon eye mask","https://www.dreamlab.id/produk/skincare/face-cream/eye-cream/",0,1,0.00,19.0
"maklon eye serum","https://www.dreamlab.id/produk/skincare/face-cream/eye-cream/",0,3,0.00,12.3
"maklon krim mata","https://www.dreamlab.id/produk/skincare/face-cream/eye-cream/",0,2,0.00,6.0
"dreamlab","https://www.dreamlab.id/produk/skincare/face-cream/moisturizing-cream/",0,2,0.00,78.5
"maklon moisturizer","https://www.dreamlab.id/produk/skincare/face-cream/moisturizing-cream/",0,2,0.00,19.0
"maklon pelembap","https://www.dreamlab.id/produk/skincare/face-cream/moisturizing-cream/",0,1,0.00,46.0
"dreamlab","https://www.dreamlab.id/produk/skincare/facial-toner/",0,2,0.00,71.0
"jasa maklon body tonner","https://www.dreamlab.id/produk/skincare/facial-toner/",0,4,0.00,16.3
"jasa maklon face contour","https://www.dreamlab.id/produk/skincare/facial-toner/",0,1,0.00,16.0
"jasa maklon face highlighter","https://www.dreamlab.id/produk/skincare/facial-toner/",0,3,0.00,17.3
"jasa maklon face toner","https://www.dreamlab.id/produk/skincare/facial-toner/",0,5,0.00,11.6
"jasa maklon skincare","https://www.dreamlab.id/produk/skincare/facial-toner/",0,12,0.00,61.5
"maklon face toner","https://www.dreamlab.id/produk/skincare/facial-toner/",0,5,0.00,4.4
"maklon toner","https://www.dreamlab.id/produk/skincare/facial-toner/",0,4,0.00,12.3
"devina caramoy","https://www.dreamlab.id/rahasia-kulit-glowing-devina-karamoy/",0,1,0.00,14.0
"dreamlab","https://www.dreamlab.id/terms-of-service/",0,2,0.00,60.5
"pt karya impian laboratoris","https://www.dreamlab.id/terms-of-service/",0,2,0.00,90.5