url,page_path,current_clicks,previous_clicks,clicks_delta,clicks_pct_change,current_ctr_pct,previous_ctr_pct,ctr_delta_pp,current_position,previous_position,position_delta,c30_clicks,p30_clicks,c30_impressions,c90_impressions,p90_impressions,clicks_16m,impressions_16m,traffic_delta,potential_opportunity,priority_score,business_intent,page_type,money_page,blog,category_page,landing_page,knowledge_page
https://dreamlab.id/memunculkan-keranjang-reels/,/memunculkan-keranjang-reels/,699,1044,-345,-33.0,3.31,3.91,-0.59,4.9,2.6,2.3,5,250,98,18057,26710,3015,66928,-345,1207.3,76.0,informational,article,False,True,False,False,True
https://dreamlab.id/urutan-pabrik-skincare-terbaik-indonesia/,/urutan-pabrik-skincare-terbaik-indonesia/,140,67,73,109.0,1.7,1.04,0.66,8.8,10.0,-1.2,61,31,3289,8241,6419,214,15448,73,272.1,73.5,commercial,article,True,True,False,False,True
https://dreamlab.id/cara-meracik-handbody-pemutih-alami/,/cara-meracik-handbody-pemutih-alami/,106,11,95,863.6,0.45,0.92,-0.47,8.1,6.8,1.3,42,42,10179,21162,1197,117,22359,95,962.8,71.8,informational,article,False,True,False,False,True
https://dreamlab.id/,/,486,281,205,73.0,7.74,5.14,2.6,8.1,9.1,-1.0,167,183,2458,6955,5469,2014,27210,205,0.0,67.3,brand_nav,homepage,True,False,False,False,False
https://dreamlab.id/lulur-vs-hb-dosting/,/lulur-vs-hb-dosting/,12,4,8,200.0,0.62,0.14,0.48,4.9,1.6,3.3,8,4,1490,2186,2826,16,5012,8,205.1,65.8,commercial,article,True,True,False,False,True
https://dreamlab.id/pabrik-maklon-kosmetik-surabaya-terlengkap/,/pabrik-maklon-kosmetik-surabaya-terlengkap/,64,25,39,156.0,1.15,1.55,-0.4,9.7,13.5,-3.9,23,32,1037,2806,1614,91,4803,39,108.1,65.1,commercial,service_landing,True,False,False,True,False
https://dreamlab.id/parfum-inspired-peluang-bisnis/,/parfum-inspired-peluang-bisnis/,9,8,1,12.5,0.35,0.7,-0.35,7.8,5.3,2.5,4,2,687,2607,1146,23,4331,1,121.4,65.0,commercial,article,True,True,False,False,True
https://dreamlab.id/pabrik-parfum-surabaya/,/pabrik-parfum-surabaya/,37,45,-8,-17.8,2.16,2.48,-0.32,8.3,7.7,0.6,0,18,6,1391,1811,106,4487,-8,39.5,60.4,commercial,service_landing,True,False,False,True,False
https://dreamlab.id/cysteamine-alternatif-hydroquinone/,/cysteamine-alternatif-hydroquinone/,13,3,10,333.3,1.01,1.34,-0.33,8.6,6.5,2.1,3,4,597,1291,224,22,1993,10,51.5,60.3,commercial,article,True,True,False,False,True
https://dreamlab.id/affiliate-kol-brand-skincare/,/affiliate-kol-brand-skincare/,6,1,5,500.0,0.51,0.04,0.47,9.9,4.4,5.4,0,2,324,1167,2342,24,8125,5,52.4,59.8,commercial,article,True,True,False,False,True
https://dreamlab.id/pabrik-parfum-jakarta/,/pabrik-parfum-jakarta/,37,8,29,362.5,1.4,1.47,-0.07,17.0,16.7,0.3,8,21,234,1337,543,57,2560,29,14.7,59.7,commercial,service_landing,True,False,False,True,False
https://dreamlab.id/urutan-pabrik-skincare-terbaik-indonesia/#Daftar_5_Pabrik_Skincare_di_Indonesia_Terbaik_Update_2026,/urutan-pabrik-skincare-terbaik-indonesia/#Daftar_5_Pabrik_Skincare_di_Indonesia_Terbaik_Update_2026/,0,0,0,,0.0,0.0,0.0,7.8,9.1,-1.4,0,0,161,1081,730,0,1819,0,54.0,59.5,commercial,article,True,True,False,False,True
https://dreamlab.id/services/,/services/,15,9,6,66.7,0.74,1.43,-0.69,7.8,7.6,0.1,3,10,334,1049,628,30,5846,6,44.7,59.1,commercial,article,True,True,False,False,True
https://dreamlab.id/jasa-maklon-parfum-bali-terbaik-terlengkap/,/jasa-maklon-parfum-bali-terbaik-terlengkap/,48,34,14,41.2,2.21,3.21,-1.0,31.4,7.0,24.4,16,18,239,1089,1059,89,2449,14,0.0,58.4,commercial,service_landing,True,False,False,True,False
https://dreamlab.id/rekomendasi-sunscreen-lokal/,/rekomendasi-sunscreen-lokal/,4,2,2,100.0,0.41,0.44,-0.03,10.5,12.4,-1.8,0,2,49,978,459,6,2275,2,20.4,58.3,commercial,article,True,True,False,False,True
https://dreamlab.id/pabrik-parfum-malang-dreamlab/,/pabrik-parfum-malang-dreamlab/,17,18,-1,-5.6,1.1,3.64,-2.53,8.5,8.6,-0.1,5,5,198,811,495,35,1306,-1,31.6,57.6,brand,service_landing,True,False,False,True,False
https://dreamlab.id/biaya-maklon-parfum-moq-kecil/,/biaya-maklon-parfum-moq-kecil/,13,6,7,116.7,0.84,0.81,0.03,11.4,8.5,3.0,7,4,336,785,744,20,1598,7,13.0,57.1,commercial,article,True,True,False,False,True
https://dreamlab.id/jasa-maklon-parfum-moq-rendah/,/jasa-maklon-parfum-moq-rendah/,36,20,16,80.0,2.28,3.98,-1.7,12.4,14.9,-2.5,10,18,194,819,503,56,1346,16,1.8,57.1,commercial,service_landing,True,False,False,True,False
https://dreamlab.id/jadwalkanvisitmeeting.php,/jadwalkanvisitmeeting.php/,7,3,4,133.3,0.9,0.43,0.47,10.1,9.9,0.2,1,6,246,779,693,17,4146,4,12.5,57.1,commercial,article,True,True,False,False,True
https://dreamlab.id/maklon-kosmetik-parfum-tangerang/,/maklon-kosmetik-parfum-tangerang/,0,9,-9,-100.0,1.15,1.26,-0.11,13.0,13.0,0.0,0,0,0,0,714,9,780,-9,10.5,57.0,commercial,service,True,False,False,False,False
https://dreamlab.id/ide-bisnis-kosmetik-2026/,/ide-bisnis-kosmetik-2026/,5,3,2,66.7,0.75,0.29,0.46,7.7,6.4,1.3,2,1,191,663,1018,14,2878,2,28.2,56.6,commercial,article,True,True,False,False,True
https://dreamlab.id/panduan-maklon-deodorant-bpom/,/panduan-maklon-deodorant-bpom/,23,2,21,1050.0,1.65,2.53,-0.89,10.2,6.8,3.3,11,5,243,718,79,25,797,21,6.1,56.5,commercial,article,True,True,False,False,True
https://dreamlab.id/parfum-inspired-peluang-bisnis/#5_Jenis_Parfum_Inspired_yang_Sedang_Tren,/parfum-inspired-peluang-bisnis/#5_Jenis_Parfum_Inspired_yang_Sedang_Tren/,0,0,0,,0.0,0.0,0.0,7.7,7.3,0.4,0,0,78,588,263,0,852,0,29.4,56.1,commercial,article,True,True,False,False,True
https://dreamlab.id/parfum-inspired-peluang-bisnis/#2_Gourmand_Inspired,/parfum-inspired-peluang-bisnis/#2_Gourmand_Inspired/,0,0,0,,0.0,0.0,0.0,7.7,7.3,0.4,0,0,78,588,263,0,852,0,29.4,56.1,commercial,article,True,True,False,False,True
https://dreamlab.id/jasa-maklon-kosmetik-bandung/,/jasa-maklon-kosmetik-bandung/,12,9,3,33.3,7.08,1.24,5.84,15.3,11.9,3.4,4,6,237,670,723,22,1476,3,0.0,56.1,commercial,service_landing,True,False,False,True,False
https://dreamlab.id/parfum-pheromone-bisnis-parfum/,/parfum-pheromone-bisnis-parfum/,5,0,5,100,0.45,0.0,0.45,6.8,,,1,3,419,585,0,5,585,5,26.6,56.0,commercial,article,True,True,False,False,True
https://dreamlab.id/parfum-inspired-peluang-bisnis/#Mengapa_Parfum_Inspired_Menjadi_Tren,/parfum-inspired-peluang-bisnis/#Mengapa_Parfum_Inspired_Menjadi_Tren/,0,0,0,,0.0,0.0,0.0,7.7,7.3,0.4,0,0,78,584,259,0,844,0,29.2,56.0,commercial,article,True,True,False,False,True
https://dreamlab.id/cara-menentukan-harga-jual-produk-kosmetik/,/cara-menentukan-harga-jual-produk-kosmetik/,3,9,-6,-66.7,2.35,0.94,1.41,8.1,6.8,1.3,1,2,118,591,959,19,2448,-6,15.7,55.8,commercial,article,True,True,False,False,True
https://dreamlab.id/maklon-skincare-surabaya-umkm/,/maklon-skincare-surabaya-umkm/,0,4,-4,-100.0,1.48,1.52,-0.03,12.7,11.7,1.0,0,0,0,0,264,9,607,-4,6.2,55.7,commercial,service,True,False,False,False,False
https://dreamlab.id/parfum-inspired-peluang-bisnis/#4_Fresh_Aquatic_Inspired,/parfum-inspired-peluang-bisnis/#4_Fresh_Aquatic_Inspired/,0,0,0,,0.0,0.0,0.0,7.7,7.3,0.4,0,0,68,541,239,0,781,0,27.0,55.6,commercial,article,True,True,False,False,True
https://dreamlab.id/parfum-inspired-peluang-bisnis/#3_Woody_Spicy_Inspired,/parfum-inspired-peluang-bisnis/#3_Woody_Spicy_Inspired/,0,0,0,,0.0,0.0,0.0,7.7,7.3,0.4,0,0,68,541,239,0,781,0,27.0,55.6,commercial,article,True,True,False,False,True
https://dreamlab.id/parfum-inspired-peluang-bisnis/#1_Floral_Inspired,/parfum-inspired-peluang-bisnis/#1_Floral_Inspired/,0,0,0,,0.0,0.0,0.0,7.7,7.3,0.4,0,0,68,541,239,0,781,0,27.0,55.6,commercial,article,True,True,False,False,True
https://dreamlab.id/maklon-parfum-jakarta/,/maklon-parfum-jakarta/,0,22,-22,-100.0,3.72,3.72,0.0,8.7,8.7,0.0,0,0,0,0,592,22,592,-22,7.6,55.6,commercial,service,True,False,False,False,False
https://dreamlab.id/produk/parfum/,/produk/parfum/,11,0,11,100,1.77,0.0,1.77,26.4,,,9,2,503,587,0,11,587,11,0.0,55.5,commercial,product,True,False,False,False,False
https://dreamlab.id/cara-buat-parfum-sendiri-dengan-maklon/,/cara-buat-parfum-sendiri-dengan-maklon/,1,1,0,0.0,0.1,1.96,-1.86,9.4,8.3,1.0,0,0,225,524,51,2,575,0,25.7,55.4,commercial,article,True,True,False,False,True
https://dreamlab.id/tips-sukses-bisnis-parfum/,/tips-sukses-bisnis-parfum/,0,0,0,,0.39,0.0,0.39,8.9,10.7,-1.8,0,0,0,0,82,2,516,0,23.8,55.3,commercial,article,True,True,False,False,True
https://dreamlab.id/cara-membuat-masker-wajah-organik-praktis-aman-dan-cocok-untuk-ide-bisnis-skincare/,/cara-membuat-masker-wajah-organik-praktis-aman-dan-cocok-untuk-ide-bisnis-skincare/,0,0,0,,0.38,0.0,0.38,19.4,,,0,0,0,0,0,2,531,0,11.3,55.2,commercial,article,True,True,False,False,True
https://dreamlab.id/jasa-maklon-lipstik-bpom-terpercaya/,/jasa-maklon-lipstik-bpom-terpercaya/,13,1,12,1200.0,2.65,0.69,1.96,16.0,7.2,8.8,4,4,181,561,144,14,705,12,0.0,55.2,commercial,service_landing,True,False,False,True,False
https://dreamlab.id/baby-care/,/baby-care/,12,8,4,50.0,2.18,1.1,1.08,19.7,26.2,-6.5,4,5,48,551,728,26,4725,4,1.8,55.2,commercial,company_or_service,True,False,False,True,False
https://dreamlab.id/pabrik-maklon-kosmetik-sidoarjo-dreamlab/,/pabrik-maklon-kosmetik-sidoarjo-dreamlab/,10,9,1,11.1,1.07,1.13,-0.05,10.7,9.2,1.5,3,7,202,478,799,19,1398,1,6.8,54.6,brand,service_landing,True,False,False,True,False
https://dreamlab.id/inovasi-produk-yang-lebih-cepat-dengan-jasa-maklon-kosmetik-6-manfaat-yang-perlu-anda-tahu/,/inovasi-produk-yang-lebih-cepat-dengan-jasa-maklon-kosmetik-6-manfaat-yang-perlu-anda-tahu/,0,0,0,,0.0,0.0,0.0,39.8,,,0,0,0,0,0,0,446,0,5.4,54.2,commercial,article,True,True,False,False,True
https://dreamlab.id/blog/,/blog/,0,0,0,,0.25,0.0,0.25,9.6,,,0,0,0,0,0,1,408,0,19.4,54.1,commercial,blog,True,True,False,False,False
https://dreamlab.id/parfum-balm-vs-parfum-oil/,/parfum-balm-vs-parfum-oil/,3,5,-2,-40.0,0.38,0.97,-0.58,7.4,4.6,2.8,0,1,98,404,518,15,2072,-2,18.7,54.0,commercial,article,True,True,False,False,True
https://dreamlab.id/maklon-kosmetik-jakarta-dreamlab-2026/,/maklon-kosmetik-jakarta-dreamlab-2026/,0,1,-1,-100.0,0.49,0.36,0.13,17.8,15.4,2.4,0,0,0,0,280,2,411,-1,8.3,53.9,brand,service,True,False,False,False,False
https://dreamlab.id/pabrik-maklon-parfum-bekasi/,/pabrik-maklon-parfum-bekasi/,13,0,13,100,3.09,0.0,3.09,16.9,,,6,4,100,421,0,13,421,13,0.0,53.9,commercial,service_landing,True,False,False,True,False
https://dreamlab.id/maklon-kosmetik-tangerang-terpercaya/,/maklon-kosmetik-tangerang-terpercaya/,6,5,1,20.0,0.74,0.84,-0.1,13.2,14.1,-0.9,3,2,148,412,595,11,1054,1,7.3,53.9,commercial,service,True,False,False,False,False
https://dreamlab.id/rahasia-maklon-parfum-jakarta/,/rahasia-maklon-parfum-jakarta/,0,7,-7,-100.0,2.84,2.86,-0.01,11.1,10.1,1.1,0,0,0,0,245,12,422,-7,0.0,53.9,commercial,article,True,True,False,False,True
https://dreamlab.id/news-blog/,/news-blog/,4,2,2,100.0,1.1,1.09,0.01,24.3,32.1,-7.8,0,1,58,415,184,7,770,2,0.4,53.8,commercial,blog,True,True,False,False,False
https://dreamlab.id/basic-skincare-pria-wajib/,/basic-skincare-pria-wajib/,1,1,0,0.0,0.12,0.29,-0.17,11.1,14.4,-3.3,0,0,113,403,344,4,1190,0,9.6,53.8,commercial,article,True,True,False,False,True
https://dreamlab.id/parfum/,/parfum/,9,15,-6,-40.0,1.16,1.61,-0.45,36.3,15.0,21.3,2,3,93,395,929,31,2717,-6,0.2,53.6,commercial,company_or_service,True,False,False,True,False
https://dreamlab.id/panduan-lengkap-maklon-skincare-untuk-pemilik-brand-baru-dan-klien-aktif/,/panduan-lengkap-maklon-skincare-untuk-pemilik-brand-baru-dan-klien-aktif/,0,0,0,,1.06,0.0,1.06,42.5,,,0,0,0,0,0,4,377,0,0.5,53.4,commercial,article,True,True,False,False,True
https://dreamlab.id/maklon-parfum-makassar/,/maklon-parfum-makassar/,17,4,13,325.0,2.42,1.79,0.64,7.7,8.8,-1.2,10,3,89,356,224,24,805,13,9.2,53.2,commercial,service,True,False,False,False,False
https://dreamlab.id/strategi-tiktok-shop-campaign-gratis/,/strategi-tiktok-shop-campaign-gratis/,1,2,-1,-50.0,0.29,0.56,-0.27,9.0,7.2,1.8,0,1,40,342,354,10,1433,-1,16.1,53.2,commercial,article,True,True,False,False,True
https://dreamlab.id/category/maklon-bodycare/,/category/maklon-bodycare/,6,3,3,100.0,5.36,0.87,4.49,10.4,15.3,-4.9,3,2,46,355,343,9,842,3,0.0,53.1,commercial,category,True,False,True,False,False
https://dreamlab.id/jasa-maklon-sunscreen-terbaik/,/jasa-maklon-sunscreen-terbaik/,4,0,4,100,0.62,0.0,0.62,9.4,,,2,0,127,330,0,4,330,4,14.5,53.0,commercial,service_landing,True,False,False,True,False
https://dreamlab.id/maklon-bodycare-dreamlab-moq-fleksibel/,/maklon-bodycare-dreamlab-moq-fleksibel/,6,3,3,100.0,1.78,0.68,1.1,10.7,13.6,-2.9,0,3,72,338,443,15,1631,3,2.5,52.9,brand,service,True,False,False,False,False
https://dreamlab.id/maklon-skincare-jawa-timur-dreamlab/,/maklon-skincare-jawa-timur-dreamlab/,6,4,2,50.0,1.75,1.29,0.46,19.3,22.9,-3.6,4,0,135,343,310,22,2106,2,2.6,52.9,brand,service,True,False,False,False,False
https://dreamlab.id/category/maklon-parfum/,/category/maklon-parfum/,10,2,8,400.0,1.56,1.26,0.3,15.6,15.6,0.0,1,8,34,329,159,12,587,8,3.1,52.8,commercial,category,True,False,True,False,False
https://dreamlab.id/maklon-kosmetik-skincare-medan-dreamlab/,/maklon-kosmetik-skincare-medan-dreamlab/,10,0,10,100,1.71,0.0,1.71,12.7,,,2,4,101,324,0,10,324,10,2.6,52.7,brand,service,True,False,False,False,False
https://dreamlab.id/maklon-jakarta-terbaik/,/maklon-jakarta-terbaik/,4,11,-7,-63.6,5.03,1.72,3.31,12.8,17.2,-4.4,2,2,56,322,640,23,2031,-7,0.0,52.6,commercial,service,True,False,False,False,False
https://dreamlab.id/ide-bisnis-kosmetik/,/ide-bisnis-kosmetik/,0,0,0,,0.66,0.0,0.66,7.2,,,0,0,0,0,0,2,305,0,13.3,52.6,commercial,article,True,True,False,False,True
https://dreamlab.id/lisensi-dan-peraturan-yang-perlu-dipahami-dalam-memulai-bisnis-maklon-kosmetik/,/lisensi-dan-peraturan-yang-perlu-dipahami-dalam-memulai-bisnis-maklon-kosmetik/,0,0,0,,0.32,0.0,0.32,52.9,,,0,0,0,0,0,1,315,0,2.8,52.5,commercial,article,True,True,False,False,True
https://dreamlab.id/maklon-skincare-nad-plus-anti-aging/,/maklon-skincare-nad-plus-anti-aging/,6,4,2,50.0,2.05,1.48,0.57,7.6,7.4,0.1,0,2,75,293,271,13,786,2,8.6,52.3,commercial,service,True,False,False,False,False
https://dreamlab.id/perbedaan-moisturizer-gel-vs-cream/#Buat_produk_Moisturizer_dengan_Nama_Brandmu_Sendiri,/perbedaan-moisturizer-gel-vs-cream/#Buat_produk_Moisturizer_dengan_Nama_Brandmu_Sendiri/,0,0,0,,0.0,0.0,0.0,7.3,9.8,-2.5,0,0,143,277,54,0,435,0,13.8,52.1,commercial,article,True,True,False,False,True
https://dreamlab.id/produk/babycare/,/produk/babycare/,12,0,12,100,4.29,0.0,4.29,22.8,,,7,5,170,283,0,12,283,12,0.0,52.0,commercial,product,True,False,False,False,False
https://dreamlab.id/maklon-skincare-batam/,/maklon-skincare-batam/,9,0,9,100,17.95,0.0,17.95,7.8,,,2,6,123,279,0,9,279,9,0.0,51.9,commercial,service,True,False,False,False,False
https://dreamlab.id/strategi-brand-viral-tiktok/,/strategi-brand-viral-tiktok/,2,1,1,100.0,10.18,0.17,10.01,11.4,6.8,4.5,0,1,24,277,574,7,1316,1,0.0,51.9,commercial,article,True,True,False,False,True
https://dreamlab.id/slug-maklon-kosmetik-indonesia-vs-china/,/slug-maklon-kosmetik-indonesia-vs-china/,2,1,1,100.0,0.75,0.48,0.28,9.1,8.4,0.7,0,2,120,265,209,6,1010,1,11.3,51.9,commercial,article,True,True,False,False,True
https://dreamlab.id/jenis-skin-care-apa-aja-sih-yang-bisa-dibuat-di-maklon-kosmetik-nya/,/jenis-skin-care-apa-aja-sih-yang-bisa-dibuat-di-maklon-kosmetik-nya/,0,0,0,,0.0,0.0,0.0,51.6,,,0,0,0,0,0,0,273,0,3.3,51.9,commercial,article,True,True,False,False,True
https://dreamlab.id/efisiensi-biaya-dalam-produksi-kosmetik-maklon-tips-dan-strategi/,/efisiensi-biaya-dalam-produksi-kosmetik-maklon-tips-dan-strategi/,0,0,0,,0.73,0.0,0.73,52.0,,,0,0,0,0,0,2,275,0,1.3,51.9,commercial,article,True,True,False,False,True
https://dreamlab.id/perbedaan-moisturizer-gel-vs-cream/#Cara_Membuat_Brand_Moisturizer,/perbedaan-moisturizer-gel-vs-cream/#Cara_Membuat_Brand_Moisturizer/,0,0,0,,0.0,0.0,0.0,7.2,9.8,-2.6,0,0,141,258,54,0,411,0,12.9,51.8,commercial,article,True,True,False,False,True
https://dreamlab.id/our-client/,/our-client/,5,1,4,400.0,3.32,0.72,2.6,18.6,8.7,9.8,2,1,84,264,138,19,3121,4,0.0,51.6,commercial,article,True,True,False,False,True
https://dreamlab.id/produk/skincare/,/produk/skincare/,0,0,0,,0.0,0.0,0.0,24.0,,,0,0,97,253,0,0,253,0,3.0,51.5,commercial,product,True,False,False,False,False
https://dreamlab.id/pkrt/,/pkrt/,24,39,-15,-38.5,4.84,11.14,-6.3,13.0,8.4,4.7,10,8,72,258,350,84,1203,-15,0.0,51.5,commercial,company_or_service,True,False,False,True,False
https://dreamlab.id/pabrik-shampoo-merek-sendiri/,/pabrik-shampoo-merek-sendiri/,8,5,3,60.0,1.57,3.52,-1.95,22.9,15.1,7.8,2,4,93,258,142,13,400,3,0.0,51.5,commercial,service_landing,True,False,False,True,False
https://dreamlab.id/estimasi-biaya-maklon-kosmetik/,/estimasi-biaya-maklon-kosmetik/,3,0,3,100,0.63,0.0,0.63,11.2,,,3,0,244,244,0,3,244,3,4.6,51.4,commercial,article,True,True,False,False,True
https://dreamlab.id/decorative/,/decorative/,2,1,1,100.0,1.09,0.52,0.57,10.5,17.2,-6.6,0,1,67,249,193,8,2372,1,3.5,51.4,commercial,article,True,True,False,False,True
https://dreamlab.id/parfum-arab-ide-bisnis-2026/,/parfum-arab-ide-bisnis-2026/,9,5,4,80.0,3.73,1.62,2.11,6.6,6.3,0.3,3,4,49,241,308,20,974,4,3.1,51.3,commercial,article,True,True,False,False,True
https://dreamlab.id/memahami-biaya-maklon-kosmetik-bagaimana-menghitung-dan-mengelola-anggaran-produksi-anda/,/memahami-biaya-maklon-kosmetik-bagaimana-menghitung-dan-mengelola-anggaran-produksi-anda/,0,0,0,,0.83,0.0,0.83,37.4,,,0,0,0,0,0,2,240,0,0.9,51.2,commercial,article,True,True,False,False,True
https://dreamlab.id/pabrik-skincare-maklon/,/pabrik-skincare-maklon/,0,0,0,,0.0,0.0,0.0,34.3,65.4,-31.1,0,0,95,236,192,1,707,0,2.8,51.2,commercial,service_landing,True,False,False,True,False
https://dreamlab.id/category/maklon-skincare/,/category/maklon-skincare/,0,1,-1,-100.0,0.0,0.16,-0.16,37.8,38.2,-0.5,0,0,78,238,641,3,1514,-1,2.9,51.2,commercial,category,True,False,True,False,False
https://dreamlab.id/perbedaan-privatelabel-vsodm/,/perbedaan-privatelabel-vsodm/,0,1,-1,-100.0,0.0,0.2,-0.2,9.3,6.7,2.5,0,0,41,215,491,3,1024,-1,10.8,50.9,commercial,article,True,True,False,False,True
https://dreamlab.id/jasa-maklon-bar-soap-merek-sendiri/,/jasa-maklon-bar-soap-merek-sendiri/,14,4,10,250.0,3.23,2.33,0.9,10.6,14.6,-4.0,6,1,81,222,172,18,394,10,0.0,50.8,commercial,service_landing,True,False,False,True,False
https://dreamlab.id/pengganti-hydroquinone-flek-hitam-aman/,/pengganti-hydroquinone-flek-hitam-aman/,3,3,0,0.0,1.4,2.97,-1.57,9.7,6.0,3.7,1,1,51,214,101,6,315,0,7.7,50.8,commercial,article,True,True,False,False,True
https://dreamlab.id/penyebab-ingrown-hair/,/penyebab-ingrown-hair/,0,1,-1,-100.0,0.0,1.1,-1.1,28.9,25.2,3.7,0,0,8,215,91,1,306,-1,2.6,50.7,commercial,article,True,True,False,False,True
https://dreamlab.id/jasa-maklon-sabun-mandi-batang/,/jasa-maklon-sabun-mandi-batang/,0,3,-3,-100.0,1.4,1.4,0.0,11.4,11.4,0.0,0,0,0,0,214,3,214,-3,2.3,50.7,commercial,service_landing,True,False,False,True,False
https://dreamlab.id/menyelami-dunia-desain-kemasan-strategi-penting-dari-jasa-maklon-kosmetik/,/menyelami-dunia-desain-kemasan-strategi-penting-dari-jasa-maklon-kosmetik/,0,0,0,,0.47,0.0,0.47,54.9,,,0,0,0,0,0,1,212,0,1.5,50.6,commercial,article,True,True,False,False,True
https://dreamlab.id/inovasi-terbaru-dalam-dunia-skincare-peluang-bagi-wanita-karir/,/inovasi-terbaru-dalam-dunia-skincare-peluang-bagi-wanita-karir/,0,0,0,,0.0,0.0,0.0,44.8,,,0,0,0,0,0,0,209,0,2.5,50.6,commercial,article,True,True,False,False,True
https://dreamlab.id/maklon-parfum-custom-dreamlab/,/maklon-parfum-custom-dreamlab/,4,0,4,100,1.03,0.0,1.03,8.7,,,2,1,114,201,0,4,201,4,8.0,50.5,brand,service,True,False,False,False,False
https://dreamlab.id/perbedaan-bpom-notifikasi-vs-izin-edar-kosmetik/,/perbedaan-bpom-notifikasi-vs-izin-edar-kosmetik/,5,0,5,100,2.45,0.0,2.45,7.5,,,4,1,172,204,0,5,204,5,5.2,50.5,commercial,article,True,True,False,False,True
https://dreamlab.id/perbedaan-oem-vs-odm/,/perbedaan-oem-vs-odm/,1,0,1,100,0.25,0.0,0.25,11.3,10.8,0.6,1,0,43,202,32,1,234,1,4.5,50.4,commercial,article,True,True,False,False,True
https://dreamlab.id/body-care/,/body-care/,2,1,1,100.0,0.98,0.33,0.65,30.6,37.9,-7.3,0,1,9,204,307,7,1911,1,0.4,50.4,commercial,company_or_service,True,False,False,True,False
https://dreamlab.id/hair-care/,/hair-care/,2,3,-1,-33.3,0.98,0.4,0.58,27.0,26.0,0.9,1,1,4,204,397,9,1129,-1,0.4,50.4,commercial,company_or_service,True,False,False,True,False
https://dreamlab.id/jasa-maklon-parfum-bali-terbaik-terlengkap/#Miliki_Brand_Parfum_Eksklusif,/jasa-maklon-parfum-bali-terbaik-terlengkap/#Miliki_Brand_Parfum_Eksklusif/,0,0,0,,0.0,0.0,0.0,8.8,8.6,0.2,0,0,45,196,258,0,507,0,9.8,50.4,commercial,service_landing,True,False,False,True,False
https://dreamlab.id/perbedaan-moisturizer-gel-vs-cream/,/perbedaan-moisturizer-gel-vs-cream/,9,2,7,350.0,0.18,0.11,0.07,7.6,8.0,-0.4,3,0,1853,4911,1755,14,8249,7,236.5,50.3,informational,article,False,True,False,False,True
https://dreamlab.id/maklon-hair-treatment-salon-premium/,/maklon-hair-treatment-salon-premium/,11,5,6,120.0,13.67,3.31,10.35,8.0,17.9,-9.9,3,5,38,201,151,19,454,6,0.0,50.3,commercial,service,True,False,False,False,False
https://dreamlab.id/maklon-hairmist/,/maklon-hairmist/,16,3,13,433.3,8.0,1.02,6.98,16.2,23.4,-7.3,2,11,45,200,294,23,997,13,0.0,50.3,commercial,service,True,False,False,False,False
https://dreamlab.id/jasa-maklon-parfum-bali-terbaik-terlengkap/#Miliki_brand_parfum_dengan_aroma_Custom,/jasa-maklon-parfum-bali-terbaik-terlengkap/#Miliki_brand_parfum_dengan_aroma_Custom/,0,0,0,,0.0,0.0,0.0,8.8,8.6,0.2,0,0,43,190,252,0,492,0,9.5,50.3,commercial,service_landing,True,False,False,True,False
https://dreamlab.id/ingin-memulai-bisnis-kosmetik-tanpa-pengalaman-produksi-maklon-kosmetik-solusi-tepat-untuk-pemula/,/ingin-memulai-bisnis-kosmetik-tanpa-pengalaman-produksi-maklon-kosmetik-solusi-tepat-untuk-pemula/,0,0,0,,0.0,0.0,0.0,55.6,,,0,0,0,0,0,0,199,0,2.4,50.3,commercial,article,True,True,False,False,True
https://dreamlab.id/konsultasi/,/konsultasi/,0,0,0,,0.0,0.0,0.0,10.6,,,0,0,0,0,0,0,195,0,4.9,50.3,commercial,article,True,True,False,False,True
https://dreamlab.id/jasa-maklon-kosmetik/,/jasa-maklon-kosmetik/,5,0,5,100,1.35,0.0,1.35,10.2,,,5,0,194,194,0,5,194,5,2.2,50.2,commercial,service_landing,True,False,False,True,False
https://dreamlab.id/category/maklon-haircare/,/category/maklon-haircare/,0,0,0,,0.0,0.0,0.0,22.7,18.6,4.1,0,0,1,193,263,2,670,0,2.3,50.2,commercial,category,True,False,True,False,False
https://dreamlab.id/rebranding-produk-kosmetik/,/rebranding-produk-kosmetik/,4,4,0,0.0,2.15,1.65,0.5,6.6,6.0,0.7,1,0,52,186,242,16,783,0,5.3,50.1,commercial,article,True,True,False,False,True
https://dreamlab.id/jenis-alkohol-dalam-parfum/,/jenis-alkohol-dalam-parfum/,32,20,12,60.0,0.84,0.47,0.37,8.8,6.4,2.3,12,14,2250,5060,4294,79,12763,12,210.5,50.0,informational,article,False,True,False,False,True
https://dreamlab.id/maklon-parfum-dreamlab/,/maklon-parfum-dreamlab/,6,5,1,20.0,1.69,1.55,0.14,27.7,26.7,1.0,2,3,52,182,323,16,1389,1,0.0,49.9,brand,service,True,False,False,False,False
https://dreamlab.id/ide-bisnis-kosmetik-menjan-jikan-2026/,/ide-bisnis-kosmetik-menjan-jikan-2026/,0,0,0,,1.72,0.0,1.72,7.1,,,0,0,0,0,0,3,174,0,5.7,49.8,commercial,article,True,True,False,False,True
https://dreamlab.id/bisnis-parfum-merk-sendiri/,/bisnis-parfum-merk-sendiri/,1,0,1,100,0.57,0.0,0.57,12.2,9.6,2.6,0,0,53,176,62,2,392,1,3.4,49.8,commercial,article,True,True,False,False,True
https://dreamlab.id/produk/bodycare/,/produk/bodycare/,0,0,0,,0.0,0.0,0.0,21.8,,,0,0,63,176,0,0,176,0,2.1,49.7,commercial,product,True,False,False,False,False
https://dreamlab.id/memilih-pabrik-maklon-kosmetik-sertifikasi-cpkb/,/memilih-pabrik-maklon-kosmetik-sertifikasi-cpkb/,2,0,2,100,8.63,0.0,8.63,22.2,14.0,8.2,0,2,35,175,4,2,179,2,0.0,49.7,commercial,article,True,True,False,False,True
https://dreamlab.id/pabrik-parfum/,/pabrik-parfum/,4,0,4,100,1.2,0.0,1.2,11.3,,,4,0,176,176,0,4,176,4,2.3,49.7,commercial,service_landing,True,False,False,True,False
https://dreamlab.id/maklon-scalp-haircare-bisnis-produk-rambut-sehat/,/maklon-scalp-haircare-bisnis-produk-rambut-sehat/,0,0,0,,0.0,0.0,0.0,12.4,6.5,5.9,0,0,0,0,2,0,168,0,4.2,49.6,commercial,service,True,False,False,False,False
https://dreamlab.id/cara-membuat-hb-dosting-sendiri/#Langkah_Mudah_Membuat_Brand_HB_Dosting_Sendiri,/cara-membuat-hb-dosting-sendiri/#Langkah_Mudah_Membuat_Brand_HB_Dosting_Sendiri/,0,0,0,,0.0,0.0,0.0,7.1,6.3,0.8,0,0,15,168,30,0,198,0,8.4,49.6,commercial,article,True,True,False,False,True
https://dreamlab.id/cara-membuat-hb-dosting-sendiri/#Kenapa_Bisnis_HB_Dosting_Sangat_Laris_di_Market,/cara-membuat-hb-dosting-sendiri/#Kenapa_Bisnis_HB_Dosting_Sangat_Laris_di_Market/,0,0,0,,0.0,0.0,0.0,7.1,6.3,0.8,0,0,15,168,30,0,198,0,8.4,49.6,commercial,article,True,True,False,False,True
https://dreamlab.id/tren-sunscreen-2025-6-produk-yang-siap-jadi-bisnis/,/tren-sunscreen-2025-6-produk-yang-siap-jadi-bisnis/,0,4,-4,-100.0,0.0,1.86,-1.86,6.2,5.5,0.6,0,0,38,162,215,11,992,-4,8.1,49.5,commercial,article,True,True,False,False,True
https://dreamlab.id/rahasia-perawatan-rambut-keriting-tetap-sehat-lembut-dan-terdefinisi/,/rahasia-perawatan-rambut-keriting-tetap-sehat-lembut-dan-terdefinisi/,1,1,0,0.0,0.32,2.17,-1.86,9.8,18.1,-8.3,0,0,10,161,46,3,427,0,7.5,49.4,commercial,article,True,True,False,False,True
https://dreamlab.id/maklon-body-whitening-formula-juara/,/maklon-body-whitening-formula-juara/,2,2,0,0.0,1.22,1.38,-0.16,15.1,25.0,-9.9,1,1,52,164,145,9,792,0,2.1,49.4,commercial,service,True,False,False,False,False
https://dreamlab.id/category/dreamlabpedia/,/category/dreamlabpedia/,2,2,0,0.0,1.22,1.42,-0.2,12.6,10.9,1.7,0,0,9,164,141,5,427,0,2.1,49.4,brand,category,True,False,True,False,False
https://dreamlab.id/faq-pertanyaan-umum-tentang-maklon-kosmetik/,/faq-pertanyaan-umum-tentang-maklon-kosmetik/,0,0,0,,2.45,0.0,2.45,17.4,,,0,0,0,0,0,4,163,0,0.1,49.3,commercial,article,True,True,False,False,True
https://dreamlab.id/jasa-maklon-parfum-bali-terbaik-terlengkap/#Apa_Saja_yang_Bisa_Anda_Custom_di_Dreamlab,/jasa-maklon-parfum-bali-terbaik-terlengkap/#Apa_Saja_yang_Bisa_Anda_Custom_di_Dreamlab/,0,0,0,,0.0,0.0,0.0,8.9,8.7,0.2,0,0,36,158,207,0,408,0,7.9,49.3,brand,service_landing,True,False,False,True,False
https://dreamlab.id/result-body-lotion-a/,/result-body-lotion-a/,0,0,0,,0.0,0.0,0.0,12.2,,,0,0,0,0,0,0,158,0,4.0,49.3,commercial,article,True,True,False,False,True
https://dreamlab.id/cara-mulai-bisnis-skincare-dari-nol/,/cara-mulai-bisnis-skincare-dari-nol/,3,0,3,100,0.97,0.0,0.97,40.6,,,3,0,49,157,0,3,157,3,0.4,49.2,commercial,article,True,True,False,False,True
https://dreamlab.id/foot-care/,/foot-care/,1,3,-2,-66.7,0.65,1.97,-1.32,12.5,11.6,0.9,0,1,0,153,152,7,1017,-2,2.8,49.1,commercial,company_or_service,True,False,False,True,False
https://dreamlab.id/tren-memulai-bisnis-skincare-2025/,/tren-memulai-bisnis-skincare-2025/,4,2,2,100.0,2.65,0.45,2.2,11.7,7.8,3.9,1,2,16,151,445,15,1519,2,0.0,49.0,commercial,article,True,True,False,False,True
https://dreamlab.id/pabrik-maklon-kosmetik-cpkb-grade-a/,/pabrik-maklon-kosmetik-cpkb-grade-a/,3,0,3,100,1.03,0.0,1.03,8.5,20.6,-12.1,0,2,51,149,18,3,167,3,5.9,49.0,commercial,service_landing,True,False,False,True,False
https://dreamlab.id/perbedaan-maklon-kosmetik-dan-private-label-kosmetik/,/perbedaan-maklon-kosmetik-dan-private-label-kosmetik/,0,0,0,,3.97,0.0,3.97,9.2,,,0,0,0,0,0,6,151,0,1.6,49.0,commercial,article,True,True,False,False,True
https://dreamlab.id/kolaborasi-strategis-membangun-kemitraan-yang-sukses-dalam-industri-skincare/,/kolaborasi-strategis-membangun-kemitraan-yang-sukses-dalam-industri-skincare/,0,0,0,,0.0,0.0,0.0,15.7,,,0,0,0,0,0,0,146,0,3.6,48.9,commercial,article,True,True,False,False,True
https://dreamlab.id/maklon-parfum-anak-custom-aroma/,/maklon-parfum-anak-custom-aroma/,10,5,5,100.0,6.85,3.42,3.42,5.6,24.6,-19.0,5,2,39,146,146,19,503,5,0.0,48.8,commercial,service,True,False,False,False,False
https://dreamlab.id/category/dreamlab/,/category/dreamlab/,0,0,0,,0.0,0.0,0.0,8.9,,,0,0,0,0,0,0,139,0,7.0,48.7,brand,category,True,False,True,False,False
https://dreamlab.id/ai-data-cara-brand-kosmetik-baru-menemukan-formula-viral/,/ai-data-cara-brand-kosmetik-baru-menemukan-formula-viral/,4,1,3,300.0,1.56,1.0,0.56,7.0,7.6,-0.5,1,1,28,133,100,8,365,3,4.6,48.5,commercial,article,True,True,False,False,True
https://dreamlab.id/pabrik-maklon-kosmetik-surabaya-terlengkap/#Mengapa_Kamu_Harus_Memulai_Bisnis_Skincare_Sekarang,/pabrik-maklon-kosmetik-surabaya-terlengkap/#Mengapa_Kamu_Harus_Memulai_Bisnis_Skincare_Sekarang/,0,0,0,,0.0,0.0,0.0,10.8,10.1,0.8,0,0,9,136,32,0,168,0,3.4,48.5,commercial,service_landing,True,False,False,True,False
https://dreamlab.id/maklon-kosmetik-kediri/,/maklon-kosmetik-kediri/,4,0,4,100,1.63,0.0,1.63,8.3,6.4,2.0,0,1,25,133,71,4,204,4,4.5,48.5,commercial,service,True,False,False,False,False
https://dreamlab.id/pabrik-maklon-kosmetik-surabaya-terlengkap/#Konsultasi_Brand_Kosmetik_Tatap_Muka,/pabrik-maklon-kosmetik-surabaya-terlengkap/#Konsultasi_Brand_Kosmetik_Tatap_Muka/,0,0,0,,0.0,0.0,0.0,10.8,10.1,0.8,0,0,9,136,32,0,168,0,3.4,48.5,commercial,service_landing,True,False,False,True,False
https://dreamlab.id/maklon-facial-wash-gentle/,/maklon-facial-wash-gentle/,1,0,1,100,0.78,0.0,0.78,8.4,6.5,1.9,0,1,44,128,112,2,378,1,5.4,48.3,commercial,service,True,False,False,False,False
https://dreamlab.id/bosan-dengan-produk-skincare-pasaran-ciptakan-brand-anda-sendiri-dengan-maklon-kosmetik-terbaik/,/bosan-dengan-produk-skincare-pasaran-ciptakan-brand-anda-sendiri-dengan-maklon-kosmetik-terbaik/,0,0,0,,0.0,0.0,0.0,63.4,,,0,0,0,0,0,0,131,0,1.6,48.3,commercial,article,True,True,False,False,True
https://dreamlab.id/cara-bisnis-skincare-dari-nol/,/cara-bisnis-skincare-dari-nol/,0,0,0,,1.55,0.0,1.55,8.7,7.2,1.5,0,0,0,0,4,2,129,0,4.4,48.3,commercial,article,True,True,False,False,True
https://dreamlab.id/rahasia-kulit-glowing-devina-karamoy/,/rahasia-kulit-glowing-devina-karamoy/,0,1,-1,-100.0,0.0,0.65,-0.65,7.6,9.8,-2.1,0,0,13,123,154,2,624,-1,6.2,48.1,commercial,article,True,True,False,False,True
https://dreamlab.id/produk/babycare/baby-lotion/,/produk/babycare/baby-lotion/,0,0,0,,0.0,0.0,0.0,28.6,,,0,0,80,124,0,0,124,0,1.5,48.1,commercial,product,True,False,False,False,False
https://dreamlab.id/studi-kasus-kesuksesan-merek-kosmetik-yang-berkolaborasi-dengan-produsen-maklon/,/studi-kasus-kesuksesan-merek-kosmetik-yang-berkolaborasi-dengan-produsen-maklon/,0,0,0,,0.0,0.0,0.0,37.2,,,0,0,0,0,0,0,122,0,1.5,48.0,commercial,article,True,True,False,False,True
https://dreamlab.id/contoh-kalimat-iklan-kosmetik-unik/,/contoh-kalimat-iklan-kosmetik-unik/,17,23,-6,-26.1,0.44,0.21,0.23,9.1,5.5,3.6,8,6,1659,3887,10948,74,27361,-6,177.3,48.0,informational,article,False,True,False,False,True
https://dreamlab.id/inovasi-teknologi-dalam-skincare-peluang-baru-untuk-industri-maklon-kosmetik/,/inovasi-teknologi-dalam-skincare-peluang-baru-untuk-industri-maklon-kosmetik/,0,0,0,,0.0,0.0,0.0,50.1,,,0,0,0,0,0,0,119,0,1.4,47.9,commercial,article,True,True,False,False,True
https://dreamlab.id/skincare-face-care/,/skincare-face-care/,2,0,2,100,1.71,0.0,1.71,19.2,26.6,-7.4,1,0,13,117,97,3,2240,2,0.9,47.8,commercial,article,True,True,False,False,True
https://dreamlab.id/produk/decorative/,/produk/decorative/,0,0,0,,0.0,0.0,0.0,12.7,,,0,0,50,117,0,0,117,0,2.9,47.8,commercial,product,True,False,False,False,False
https://dreamlab.id/maklon-brand-kosmetik-sendiri-100pcs-pemula/,/maklon-brand-kosmetik-sendiri-100pcs-pemula/,4,2,2,100.0,1.71,2.6,-0.89,29.2,11.3,17.9,3,0,23,119,77,8,291,2,0.0,47.8,commercial,service,True,False,False,False,False
https://dreamlab.id/tren-brand-kosmetik-lokal-2025/,/tren-brand-kosmetik-lokal-2025/,2,1,1,100.0,1.75,0.47,1.28,11.8,8.5,3.4,0,1,26,114,211,47,1689,1,0.8,47.6,commercial,article,True,True,False,False,True
https://dreamlab.id/maklon-bodymist/,/maklon-bodymist/,1,0,1,100,1.61,0.0,1.61,13.4,5.2,8.2,1,0,29,112,6,2,196,1,1.0,47.6,commercial,service,True,False,False,False,False
https://dreamlab.id/optimasi-penjualan-tiktok-shop/,/optimasi-penjualan-tiktok-shop/,0,0,0,,0.0,0.0,0.0,13.3,7.8,5.6,0,0,11,111,196,6,1133,0,2.8,47.6,commercial,article,True,True,False,False,True
https://dreamlab.id/jasa-maklon-kosmetik-bpom-panduan-lengkap/,/jasa-maklon-kosmetik-bpom-panduan-lengkap/,1,0,1,100,0.9,0.0,0.9,17.5,11.6,5.9,0,1,27,111,194,2,336,1,1.8,47.5,commercial,service_landing,True,False,False,True,False
https://dreamlab.id/bisnis-skincare-halal-membidik-pasar-wanita-karir-yang-beragama/,/bisnis-skincare-halal-membidik-pasar-wanita-karir-yang-beragama/,0,0,0,,0.89,0.0,0.89,68.8,,,0,0,0,0,0,1,112,0,0.3,47.5,commercial,article,True,True,False,False,True
https://dreamlab.id/produk-viral-tiktok/,/produk-viral-tiktok/,0,2,-2,-100.0,0.0,3.17,-3.17,7.5,10.0,-2.5,0,0,22,109,63,2,272,-2,5.4,47.5,commercial,product,True,False,False,False,False
https://dreamlab.id/about-us/alur-maklon/,/about-us/alur-maklon/,1,0,1,100,3.57,0.0,3.57,33.8,22.0,11.8,1,0,12,111,140,7,3519,1,0.0,47.5,commercial,article,True,True,False,False,True
https://dreamlab.id/author/admin/,/author/admin/,1,0,1,100,0.93,0.0,0.93,19.3,22.7,-3.4,0,1,0,108,95,3,1580,1,1.7,47.4,commercial,article,True,True,False,False,True
https://dreamlab.id/maklon-all-day-cream/,/maklon-all-day-cream/,2,0,2,100,1.85,0.0,1.85,22.1,,,0,0,25,108,0,2,108,2,0.0,47.4,commercial,service,True,False,False,False,False
https://dreamlab.id/pabrik-skincare-aceh-bpom-terlengkap/,/pabrik-skincare-aceh-bpom-terlengkap/,6,3,3,100.0,5.77,2.04,3.73,11.2,8.4,2.8,1,3,23,104,147,12,340,3,0.0,47.2,commercial,service_landing,True,False,False,True,False
https://dreamlab.id/maklon-kosmetik-serum-exosome-pdrn-dreamlab/,/maklon-kosmetik-serum-exosome-pdrn-dreamlab/,5,1,4,400.0,4.9,0.88,4.02,8.3,7.7,0.6,2,1,25,102,113,12,392,4,0.1,47.1,brand,service,True,False,False,False,False
https://dreamlab.id/maklon-produk-man-care/,/maklon-produk-man-care/,3,2,1,50.0,2.97,1.54,1.43,15.4,15.7,-0.2,2,0,26,101,130,6,659,1,0.0,47.0,commercial,service,True,False,False,False,False
https://dreamlab.id/produk-whitening-branding-claim/,/produk-whitening-branding-claim/,0,3,-3,-100.0,0.0,3.8,-3.8,8.7,4.5,4.1,0,0,16,97,79,13,476,-3,4.9,47.0,commercial,product,True,False,False,False,False
https://dreamlab.id/maklon-skincare-jawa-timur-dreamlab/#Dreamlab_Jasa_Maklon_Skincare_Terpercaya_di_Jawa_Timur,/maklon-skincare-jawa-timur-dreamlab/#Dreamlab_Jasa_Maklon_Skincare_Terpercaya_di_Jawa_Timur/,0,0,0,,0.0,0.0,0.0,7.3,,,0,0,0,0,0,0,92,0,4.6,46.7,brand,service,True,False,False,False,False
https://dreamlab.id/mudahnya-menjadi-owner-parfum-sendiri-ciptakan-brand-wewangian-eksklusif-tanpa-ribet/,/mudahnya-menjadi-owner-parfum-sendiri-ciptakan-brand-wewangian-eksklusif-tanpa-ribet/,0,0,0,,0.0,0.0,0.0,10.1,11.2,-1.2,0,0,27,92,55,0,937,0,2.3,46.6,commercial,article,True,True,False,False,True
https://www.dreamlab.id/produk/haircare/,/produk/haircare/,3,0,3,100,3.17,0.0,3.17,27.2,,,1,2,36,92,0,3,92,3,0.0,46.6,commercial,product,True,False,False,False,False
https://dreamlab.id/produk/babycare/baby-2in1-wash/,/produk/babycare/baby-2in1-wash/,1,0,1,100,1.52,0.0,1.52,21.7,,,1,0,63,91,0,1,91,1,0.0,46.5,commercial,product,True,False,False,False,False
https://dreamlab.id/category/uncategorized/,/category/uncategorized/,0,0,0,,0.0,0.0,0.0,49.9,,,0,0,0,0,0,0,90,0,1.1,46.5,commercial,category,True,False,True,False,False
https://dreamlab.id/pabrik-parfum-surabaya-biaya-2026/,/pabrik-parfum-surabaya-biaya-2026/,0,2,-2,-100.0,2.35,2.35,0.0,6.5,6.5,0.0,0,0,0,0,85,2,85,-2,2.3,46.3,commercial,service_landing,True,False,False,True,False
https://dreamlab.id/category/bisnis-kosmetik/,/category/bisnis-kosmetik/,0,1,-1,-100.0,0.0,1.01,-1.01,20.7,32.6,-11.9,0,0,4,86,99,1,3973,-1,1.0,46.3,commercial,category,True,False,True,False,False
https://dreamlab.id/maklon-skincare-jawa-timur-dreamlab/#Frequently_Asked_Questions_FAQ,/maklon-skincare-jawa-timur-dreamlab/#Frequently_Asked_Questions_FAQ/,0,0,0,,0.0,0.0,0.0,7.5,,,0,0,0,0,0,0,85,0,4.2,46.3,brand,service,True,False,False,False,False
https://www.dreamlab.id/produk/footcare/,/produk/footcare/,3,0,3,100,2.63,0.0,2.63,21.5,,,1,2,49,85,0,3,85,3,0.0,46.2,commercial,product,True,False,False,False,False
https://dreamlab.id/cara-membuat-hb-dosting-sendiri/,/cara-membuat-hb-dosting-sendiri/,82,18,64,355.6,2.27,2.84,-0.57,6.6,5.5,1.1,31,25,1519,3614,634,100,4248,64,98.7,46.1,informational,article,False,True,False,False,True
https://dreamlab.id/category/makloon-kosmetik/,/category/makloon-kosmetik/,0,0,0,,1.2,0.0,1.2,19.9,,,0,0,0,0,0,1,83,0,1.1,46.1,commercial,category,True,False,True,False,False
https://dreamlab.id/panduan-legalitas-2024-memahami-peraturan-dan-sertifikasi-dalam-maklon-kosmetik/,/panduan-legalitas-2024-memahami-peraturan-dan-sertifikasi-dalam-maklon-kosmetik/,0,0,0,,1.27,0.0,1.27,16.2,,,0,0,0,0,0,1,79,0,1.0,45.9,commercial,article,True,True,False,False,True
https://dreamlab.id/dupe-parfum-nagita-slavina-tahan-lama/,/dupe-parfum-nagita-slavina-tahan-lama/,2,0,2,100,2.56,0.0,2.56,7.3,,,2,0,77,78,0,11,589,2,1.9,45.9,commercial,article,True,True,False,False,True
https://dreamlab.id/cara-buat-brand-dry-shampoo/,/cara-buat-brand-dry-shampoo/,4,0,4,100,2.94,0.0,2.94,9.9,,,4,0,26,78,0,4,78,4,1.6,45.8,commercial,article,True,True,False,False,True
https://dreamlab.id/ketahui-bahan-bahan-kosmetik-yang-aman-untuk-digunakan/,/ketahui-bahan-bahan-kosmetik-yang-aman-untuk-digunakan/,0,0,0,,0.0,0.0,0.0,23.6,,,0,0,0,0,0,0,76,0,0.9,45.7,commercial,article,True,True,False,False,True
https://dreamlab.id/proses-pengujian-dan-sertifikasi-produk-kosmetik/,/proses-pengujian-dan-sertifikasi-produk-kosmetik/,0,0,0,,0.0,0.0,0.0,29.8,,,0,0,0,0,0,0,74,0,0.9,45.6,commercial,article,True,True,False,False,True
https://dreamlab.id/maklon-skinacre-lptiktok/,/maklon-skinacre-lptiktok/,0,0,0,,0.0,0.0,0.0,84.9,,,0,0,0,0,0,0,75,0,0.9,45.6,commercial,service,True,False,False,False,False
https://dreamlab.id/maklon-hair-care-kesalahan-pemula-brand/,/maklon-hair-care-kesalahan-pemula-brand/,2,1,1,100.0,2.7,8.33,-5.63,11.7,15.7,-3.9,0,1,5,74,12,3,86,1,0.0,45.6,commercial,service,True,False,False,False,False
https://www.dreamlab.id/produk/skincare/facial-toner/,/produk/skincare/facial-toner/,0,0,0,,0.0,0.0,0.0,23.3,,,0,0,15,75,0,0,75,0,0.9,45.6,commercial,product,True,False,False,False,False
https://dreamlab.id/maklon-kosmetik-ibu-hamil/,/maklon-kosmetik-ibu-hamil/,1,1,0,0.0,1.35,0.56,0.8,14.4,8.4,6.1,0,0,13,74,180,8,719,0,0.8,45.6,commercial,service,True,False,False,False,False
https://dreamlab.id/maklon-body-wash-berkualitas-dan-bersertifikat-bpom/,/maklon-body-wash-berkualitas-dan-bersertifikat-bpom/,1,1,0,0.0,0.78,0.77,0.01,11.8,10.5,1.4,0,1,2,72,130,2,380,0,1.2,45.5,commercial,service,True,False,False,False,False
https://dreamlab.id/maklon-skincare-surabaya-umkm/#Produk_Skincare_yang_Paling_Mudah_Laku_untuk_UMKM_Surabaya,/maklon-skincare-surabaya-umkm/#Produk_Skincare_yang_Paling_Mudah_Laku_untuk_UMKM_Surabaya/,0,0,0,,0.0,0.0,0.0,9.3,9.7,-0.4,0,0,0,0,49,0,72,0,3.6,45.5,commercial,service,True,False,False,False,False
https://www.dreamlab.id/produk/skincare/cleansing/,/produk/skincare/cleansing/,0,0,0,,0.0,0.0,0.0,13.6,,,0,0,1,72,0,0,72,0,1.8,45.5,commercial,product,True,False,False,False,False
https://dreamlab.id/maklon-skincare-surabaya-umkm/#Alur_Maklon_Skincare_di_Dreamlab_Cukup_Mudah,/maklon-skincare-surabaya-umkm/#Alur_Maklon_Skincare_di_Dreamlab_Cukup_Mudah/,0,0,0,,0.0,0.0,0.0,9.3,9.7,-0.4,0,0,0,0,49,0,72,0,3.6,45.5,brand,service,True,False,False,False,False
https://dreamlab.id/maklon-skincare-untuk-brand-baru/,/maklon-skincare-untuk-brand-baru/,0,0,0,,1.39,0.0,1.39,44.0,17.7,26.3,0,0,0,0,3,1,72,0,0.0,45.4,commercial,service,True,False,False,False,False
https://dreamlab.id/produk/haircare/shampoo/,/produk/haircare/shampoo/,2,0,2,100,2.83,0.0,2.83,11.6,,,1,1,47,71,0,2,71,2,0.0,45.4,commercial,product,True,False,False,False,False
https://dreamlab.id/bisnis-perawatan-pria/,/bisnis-perawatan-pria/,4,1,3,300.0,2.86,1.03,1.83,24.8,15.7,9.1,1,2,17,71,97,9,292,3,0.0,45.4,commercial,article,True,True,False,False,True
https://dreamlab.id/inovasi-maklon-haircare-2026/,/inovasi-maklon-haircare-2026/,1,1,0,0.0,1.43,0.71,0.72,13.1,12.2,0.9,0,0,12,70,141,4,469,0,0.7,45.3,commercial,article,True,True,False,False,True
https://www.dreamlab.id/produk/haircare/hair-serum/,/produk/haircare/hair-serum/,1,0,1,100,0.85,0.0,0.85,10.5,,,0,1,7,67,0,1,67,1,1.1,45.1,commercial,product,True,False,False,False,False
https://dreamlab.id/maklon-kosmetik-bpom-bandar-lampung/,/maklon-kosmetik-bpom-bandar-lampung/,2,0,2,100,3.08,0.0,3.08,7.4,,,0,2,38,65,0,2,65,2,1.3,45.0,commercial,service,True,False,False,False,False
https://dreamlab.id/produk/babycare/baby-shampoo/,/produk/babycare/baby-shampoo/,4,0,4,100,7.71,0.0,7.71,37.1,,,3,1,29,65,0,4,65,4,0.0,44.9,commercial,product,True,False,False,False,False
https://dreamlab.id/category/maklon-baby-care/,/category/maklon-baby-care/,0,0,0,,0.0,0.0,0.0,33.4,16.9,16.5,0,0,1,64,32,0,96,0,0.8,44.9,commercial,category,True,False,True,False,False
https://dreamlab.id/mitos-vs-fakta-memahami-secara-mendalam-proses-maklon-kosmetik/,/mitos-vs-fakta-memahami-secara-mendalam-proses-maklon-kosmetik/,0,0,0,,6.25,0.0,6.25,16.1,,,0,0,0,0,0,4,64,0,0.0,44.9,commercial,article,True,True,False,False,True
https://dreamlab.id/category/maklon-footcare/,/category/maklon-footcare/,0,0,0,,0.0,0.0,0.0,30.1,29.0,1.1,0,0,0,63,8,0,144,0,0.8,44.8,commercial,category,True,False,True,False,False
https://dreamlab.id/cara-branding-bisnis-kosmetik/,/cara-branding-bisnis-kosmetik/,0,0,0,,0.0,0.0,0.0,13.7,10.1,3.6,0,0,17,62,111,4,418,0,1.6,44.7,commercial,article,True,True,False,False,True
https://dreamlab.id/panduan-bisnis-produk-bayi/,/panduan-bisnis-produk-bayi/,1,0,1,100,1.64,0.0,1.64,11.5,,,0,1,43,61,0,1,61,1,0.5,44.6,commercial,article,True,True,False,False,True
https://dreamlab.id/maklon-skincare-jakarta-brand-klinik-2026/,/maklon-skincare-jakarta-brand-klinik-2026/,1,1,0,0.0,1.64,1.0,0.64,24.7,25.2,-0.5,1,0,4,61,100,2,348,0,0.0,44.6,commercial,service,True,False,False,False,False
https://dreamlab.id/maklon-skincare-jawa-timur-dreamlab/#Produk_Skincare_Bodycare_yang_Bisa_Dibuat_di_Dreamlab,/maklon-skincare-jawa-timur-dreamlab/#Produk_Skincare_Bodycare_yang_Bisa_Dibuat_di_Dreamlab/,0,0,0,,0.0,0.0,0.0,7.8,,,0,0,0,0,0,0,58,0,2.9,44.5,brand,service,True,False,False,False,False
https://dreamlab.id/produk/bodycare/organic-soap/,/produk/bodycare/organic-soap/,1,0,1,100,1.28,0.0,1.28,21.0,,,1,0,42,59,0,1,59,1,0.0,44.5,commercial,product,True,False,False,False,False
https://dreamlab.id/contact-us/,/contact-us/,44,29,15,51.7,1.24,1.48,-0.25,8.2,10.6,-2.4,15,16,880,2553,1957,150,10396,15,96.1,44.4,company,company_or_service,False,False,False,True,False
https://dreamlab.id/maklon-skincare-jawa-timur-dreamlab/#Berapa_MOQ_di_Dreamlab_Cocok_untuk_Brand_Pemula,/maklon-skincare-jawa-timur-dreamlab/#Berapa_MOQ_di_Dreamlab_Cocok_untuk_Brand_Pemula/,0,0,0,,0.0,0.0,0.0,7.9,,,0,0,0,0,0,0,57,0,2.8,44.4,brand,service,True,False,False,False,False
https://dreamlab.id/optimasi-penjualan-tiktok-shop/#Tools_yang_Bisa_Membantu_Optimasi_TikTok_Shop,/optimasi-penjualan-tiktok-shop/#Tools_yang_Bisa_Membantu_Optimasi_TikTok_Shop/,0,0,0,,0.0,0.0,0.0,9.2,,,0,0,0,0,0,0,56,0,2.8,44.3,commercial,article,True,True,False,False,True
https://dreamlab.id/optimasi-penjualan-tiktok-shop/#Fitur_Promosi_TikTok_yang_Wajib_Dicoba_Seller,/optimasi-penjualan-tiktok-shop/#Fitur_Promosi_TikTok_yang_Wajib_Dicoba_Seller/,0,0,0,,0.0,0.0,0.0,9.2,,,0,0,0,0,0,0,56,0,2.8,44.3,commercial,article,True,True,False,False,True
https://dreamlab.id/pabrik-kosmetik/,/pabrik-kosmetik/,1,0,1,100,1.14,0.0,1.14,17.2,,,1,0,54,54,0,1,54,1,0.7,44.1,commercial,service_landing,True,False,False,True,False
https://dreamlab.id/maklon-baby-care/,/maklon-baby-care/,2,0,2,100,3.64,0.0,3.64,29.2,,,2,0,55,55,0,2,55,2,0.0,44.1,commercial,service,True,False,False,False,False
https://dreamlab.id/maklon-skincare-surabaya-umkm/#Mengapa_Sekarang_Waktunya_UMKM_Surabaya_Menjadi_Beautypreneur,/maklon-skincare-surabaya-umkm/#Mengapa_Sekarang_Waktunya_UMKM_Surabaya_Menjadi_Beautypreneur/,0,0,0,,0.0,0.0,0.0,9.6,10.1,-0.5,0,0,0,0,33,0,54,0,2.7,44.1,commercial,service,True,False,False,False,False
https://dreamlab.id/strategi-pemasaran-produk-kosmetik-yang-diproduksi-oleh-maklon/,/strategi-pemasaran-produk-kosmetik-yang-diproduksi-oleh-maklon/,0,0,0,,1.82,0.0,1.82,25.9,,,0,0,0,0,0,1,55,0,0.0,44.1,commercial,article,True,True,False,False,True
https://dreamlab.id/maklon-skincare-surabaya-umkm/#Partner_UMKM_Surabaya_untuk_Bangun_Brand_Skincare_Berkelas,/maklon-skincare-surabaya-umkm/#Partner_UMKM_Surabaya_untuk_Bangun_Brand_Skincare_Berkelas/,0,0,0,,0.0,0.0,0.0,9.6,10.1,-0.5,0,0,0,0,33,0,54,0,2.7,44.1,commercial,service,True,False,False,False,False
https://dreamlab.id/inovasi-bahan-alami-melihat-perkembangan-terbaru-dalam-penggunaan-bahan-organik-dalam-kosmetik/,/inovasi-bahan-alami-melihat-perkembangan-terbaru-dalam-penggunaan-bahan-organik-dalam-kosmetik/,0,0,0,,0.0,0.0,0.0,40.0,,,0,0,0,0,0,0,53,0,0.6,44.0,commercial,article,True,True,False,False,True
https://dreamlab.id/tren-brand-kosmetik-lokal-2025/#3_Clean_Beauty_dan_Transparansi_Produk,/tren-brand-kosmetik-lokal-2025/#3_Clean_Beauty_dan_Transparansi_Produk/,0,0,0,,0.0,0.0,0.0,9.8,8.2,1.5,0,0,0,0,4,0,53,0,2.7,44.0,commercial,article,True,True,False,False,True
https://dreamlab.id/cara-membuat-deodorant-balm-custom/,/cara-membuat-deodorant-balm-custom/,1,0,1,100,1.89,0.0,1.89,7.0,7.6,-0.6,1,0,11,53,14,1,67,1,1.6,44.0,commercial,article,True,True,False,False,True
https://dreamlab.id/bahan-aktif-skincare-jerawat/,/bahan-aktif-skincare-jerawat/,0,0,0,,0.0,0.0,0.0,12.7,11.1,1.6,0,0,18,53,52,0,197,0,1.3,44.0,commercial,article,True,True,False,False,True
https://dreamlab.id/set-skincare-bpom/,/set-skincare-bpom/,1,0,1,100,1.92,0.0,1.92,22.9,14.4,8.4,0,0,1,52,97,2,251,1,0.0,43.9,commercial,article,True,True,False,False,True
https://www.dreamlab.id/produk/skincare/sunscreen/,/produk/skincare/sunscreen/,0,0,0,,0.0,0.0,0.0,2.4,,,0,0,49,50,0,0,50,0,9.0,43.9,commercial,product,True,False,False,False,False
https://dreamlab.id/proses-sterilisasi-dalam-produksi-kosmetik-maklon/,/proses-sterilisasi-dalam-produksi-kosmetik-maklon/,0,0,0,,1.92,0.0,1.92,6.2,,,0,0,0,0,0,1,52,0,1.6,43.9,commercial,article,True,True,False,False,True
https://dreamlab.id/maklon-body-care/,/maklon-body-care/,0,0,0,,0.0,0.0,0.0,25.8,,,0,0,33,51,0,0,51,0,0.6,43.8,commercial,service,True,False,False,False,False
https://dreamlab.id/tips-membuat-hand-sanitizer-bisnis/,/tips-membuat-hand-sanitizer-bisnis/,0,1,-1,-100.0,0.0,4.17,-4.17,11.1,10.8,0.3,0,0,2,49,24,2,200,-1,1.2,43.6,commercial,article,True,True,False,False,True
https://dreamlab.id/berapa-lama-membuat-brand-skincare-90-hari/,/berapa-lama-membuat-brand-skincare-90-hari/,1,0,1,100,2.04,0.0,2.04,6.1,,,1,0,43,49,0,1,49,1,1.5,43.6,commercial,article,True,True,False,False,True
https://dreamlab.id/pentingnya-uji-klinis-dalam-produk-kosmetik-peran-maklon-kosmetik-dalam-memastikan-keamanan-dan-efektivitas/,/pentingnya-uji-klinis-dalam-produk-kosmetik-peran-maklon-kosmetik-dalam-memastikan-keamanan-dan-efektivitas/,0,0,0,,0.0,0.0,0.0,17.6,,,0,0,0,0,0,0,48,0,1.2,43.5,commercial,article,True,True,False,False,True
https://dreamlab.id/jasa-maklon-parfum-moq-rendah/#Berapa_Minimal_Order_MOQ_Maklon_Parfum_di_Dreamlab,/jasa-maklon-parfum-moq-rendah/#Berapa_Minimal_Order_MOQ_Maklon_Parfum_di_Dreamlab/,0,0,0,,0.0,0.0,0.0,8.6,8.2,0.4,0,0,4,48,43,0,91,0,2.4,43.5,brand,service_landing,True,False,False,True,False
https://dreamlab.id/prediksi-tren-2026/,/prediksi-tren-2026/,0,6,-6,-100.0,4.38,0.93,3.45,6.8,7.6,-0.8,0,0,0,0,643,129,2943,-6,18.1,43.5,informational,article,False,True,False,False,True
https://dreamlab.id/jasa-maklon-parfum-moq-rendah/#Bagaimana_Cara_Membuat_Parfum_Custom_dengan_Aroma_Eksklusif,/jasa-maklon-parfum-moq-rendah/#Bagaimana_Cara_Membuat_Parfum_Custom_dengan_Aroma_Eksklusif/,0,0,0,,0.0,0.0,0.0,8.6,8.2,0.4,0,0,4,48,43,0,91,0,2.4,43.5,commercial,service_landing,True,False,False,True,False
https://dreamlab.id/inovasi-produk-kosmetik-melalui-maklon-cara-membuat-produk-yang-memikat-konsumen/,/inovasi-produk-kosmetik-melalui-maklon-cara-membuat-produk-yang-memikat-konsumen/,0,0,0,,0.0,0.0,0.0,63.8,,,0,0,0,0,0,0,47,0,0.6,43.4,commercial,article,True,True,False,False,True
https://dreamlab.id/menghadapi-tantangan-dalam-industri-maklon-kosmetik/,/menghadapi-tantangan-dalam-industri-maklon-kosmetik/,0,0,0,,2.22,0.0,2.22,18.8,,,0,0,0,0,0,1,45,0,0.1,43.2,commercial,article,True,True,False,False,True
https://dreamlab.id/pemilihan-metode-sterilisasi-yang-efisien-dalam-produksi-kosmetik-maklon/,/pemilihan-metode-sterilisasi-yang-efisien-dalam-produksi-kosmetik-maklon/,0,0,0,,2.22,0.0,2.22,8.8,,,0,0,0,0,0,1,45,0,1.3,43.2,commercial,article,True,True,False,False,True
https://dreamlab.id/waterless-beauty-2025/,/waterless-beauty-2025/,6,1,5,500.0,13.64,1.19,12.45,4.2,7.2,-3.1,2,1,10,44,84,10,177,5,0.0,43.1,commercial,article,True,True,False,False,True
https://dreamlab.id/bahan-aktif-skincare-paling-dicari/,/bahan-aktif-skincare-paling-dicari/,0,0,0,,0.0,0.0,0.0,9.1,8.4,0.7,0,0,22,44,27,0,71,0,2.2,43.1,commercial,article,True,True,False,False,True
https://dreamlab.id/produk/skincare/face-cream/,/produk/skincare/face-cream/,0,0,0,,0.0,0.0,0.0,34.3,,,0,0,17,44,0,0,44,0,0.5,43.1,commercial,product,True,False,False,False,False
https://dreamlab.id/produk/babycare/baby-cologne/,/produk/babycare/baby-cologne/,1,0,1,100,25.0,0.0,25.0,37.6,,,1,0,17,44,0,1,44,1,0.0,43.1,commercial,product,True,False,False,False,False
https://dreamlab.id/private-label-kosmetik,/private-label-kosmetik/,0,0,0,,0.0,0.0,0.0,14.4,,,0,0,44,44,0,0,44,0,1.1,43.1,commercial,article,True,True,False,False,True
https://dreamlab.id/babycare-masa-kini-sentuhan-lembut-dan-ilmu-pengetahuan/,/babycare-masa-kini-sentuhan-lembut-dan-ilmu-pengetahuan/,0,0,0,,2.38,0.0,2.38,12.9,,,0,0,0,0,0,1,42,0,0.0,42.9,commercial,article,True,True,False,False,True
https://dreamlab.id/terms-of-service/,/terms-of-service/,1,0,1,100,2.27,0.0,2.27,31.1,,,1,0,22,42,0,1,42,1,0.0,42.9,commercial,article,True,True,False,False,True
https://www.dreamlab.id/produk/skincare/face-cream/eye-cream/,/produk/skincare/face-cream/eye-cream/,0,0,0,,0.0,0.0,0.0,14.2,,,0,0,4,42,0,0,42,0,1.0,42.9,commercial,product,True,False,False,False,False
https://dreamlab.id/rekomendasi-produk-kosmetik-lokal-untuk-pria-dan-wanita/,/rekomendasi-produk-kosmetik-lokal-untuk-pria-dan-wanita/,0,0,0,,0.0,0.0,0.0,56.6,,,0,0,0,0,0,0,42,0,0.5,42.9,commercial,article,True,True,False,False,True
https://dreamlab.id/cara-mempercepat-proses-produksi-maklon-kosmetik-agar-lebih-efisien/,/cara-mempercepat-proses-produksi-maklon-kosmetik-agar-lebih-efisien/,0,0,0,,0.0,0.0,0.0,50.4,,,0,0,0,0,0,0,41,0,0.5,42.8,commercial,article,True,True,False,False,True
https://dreamlab.id/hero-ingredients-2025/,/hero-ingredients-2025/,0,0,0,,0.0,0.0,0.0,10.4,7.4,3.1,0,0,36,40,14,0,84,0,1.0,42.6,commercial,article,True,True,False,False,True
https://dreamlab.id/produk/parfum/minyak-atsiri/,/produk/parfum/minyak-atsiri/,1,0,1,100,1.47,0.0,1.47,19.5,,,1,0,32,39,0,1,39,1,0.4,42.5,commercial,product,True,False,False,False,False
https://dreamlab.id/maklon-baby-care/baby-2in1-wash/,/maklon-baby-care/baby-2in1-wash/,0,0,0,,0.0,0.0,0.0,11.0,,,0,0,27,39,0,0,39,0,1.0,42.5,commercial,service,True,False,False,False,False
https://dreamlab.id/produk/bodycare/body-lotion/,/produk/bodycare/body-lotion/,0,0,0,,0.0,0.0,0.0,13.7,,,0,0,12,39,0,0,39,0,1.0,42.5,commercial,product,True,False,False,False,False
https://dreamlab.id/maklon-cream-anti-aging/,/maklon-cream-anti-aging/,2,0,2,100,5.13,0.0,5.13,27.6,33.7,-6.2,0,0,0,39,61,3,295,2,0.0,42.5,commercial,service,True,False,False,False,False
https://dreamlab.id/potensi-bisnis-babycare/,/potensi-bisnis-babycare/,1,0,1,100,2.63,0.0,2.63,6.8,28.0,-21.1,1,0,29,38,59,2,189,1,0.9,42.4,commercial,article,True,True,False,False,True
https://dreamlab.id/reampreneur-beauty-academy-maklon-kosmetik/,/reampreneur-beauty-academy-maklon-kosmetik/,1,0,1,100,1.52,0.0,1.52,9.9,11.0,-1.2,0,1,7,38,55,1,93,1,1.3,42.4,commercial,article,True,True,False,False,True
https://dreamlab.id/pabrik-parfum-makasar/,/pabrik-parfum-makasar/,0,10,-10,-100.0,0.0,3.46,-3.46,9.0,7.8,1.1,0,0,0,38,289,13,523,-10,1.9,42.4,commercial,service_landing,True,False,False,True,False
https://dreamlab.id/produk/babycare/baby-oil/,/produk/babycare/baby-oil/,0,0,0,,0.0,0.0,0.0,26.6,,,0,0,19,37,0,0,37,0,0.4,42.3,commercial,product,True,False,False,False,False
https://dreamlab.id/peran-teknologi-dalam-sukses-merek-kosmetik-melalui-maklon/,/peran-teknologi-dalam-sukses-merek-kosmetik-melalui-maklon/,0,0,0,,0.0,0.0,0.0,16.7,,,0,0,0,0,0,0,37,0,0.9,42.3,commercial,article,True,True,False,False,True
https://dreamlab.id/produk-haircare-yang-sedang-tren/,/produk-haircare-yang-sedang-tren/,0,0,0,,0.0,0.0,0.0,10.9,7.3,3.6,0,0,1,37,33,1,187,0,0.9,42.3,informational,product,True,False,False,False,False
https://dreamlab.id/asa-maklon-antiperspirant-terpercaya/,/asa-maklon-antiperspirant-terpercaya/,3,3,0,0.0,19.61,3.8,15.81,13.2,13.4,-0.2,0,2,3,37,79,6,116,0,0.0,42.3,commercial,article,True,True,False,False,True
https://dreamlab.id/maklon-kosmetik-jakarta-skala-besar/,/maklon-kosmetik-jakarta-skala-besar/,5,0,5,100,13.51,0.0,13.51,7.7,,,5,0,37,37,0,5,37,5,0.0,42.3,commercial,service,True,False,False,False,False
https://dreamlab.id/maklon-parfum-makassar/#Tempat_Produksi_Parfum_Premium_untuk_Brand_Lokal_Makassar,/maklon-parfum-makassar/#Tempat_Produksi_Parfum_Premium_untuk_Brand_Lokal_Makassar/,0,0,0,,0.0,0.0,0.0,7.0,9.5,-2.5,0,0,0,36,17,0,53,0,1.8,42.2,commercial,service,True,False,False,False,False
https://dreamlab.id/maklon-parfum-makassar/#Kenapa_Makassar_Menjadi_Pasar_Potensial_untuk_Brand_Parfum_Lokal,/maklon-parfum-makassar/#Kenapa_Makassar_Menjadi_Pasar_Potensial_untuk_Brand_Parfum_Lokal/,0,0,0,,0.0,0.0,0.0,7.0,9.5,-2.5,0,0,0,36,17,0,53,0,1.8,42.2,commercial,service,True,False,False,False,False
https://dreamlab.id/optimasi-penjualan-tiktok-shop/#Analisis_Strategi_Konten,/optimasi-penjualan-tiktok-shop/#Analisis_Strategi_Konten/,0,0,0,,0.0,0.0,0.0,8.9,,,0,0,0,0,0,0,35,0,1.8,42.0,commercial,article,True,True,False,False,True
https://dreamlab.id/category/maklon-personal-care/,/category/maklon-personal-care/,1,0,1,100,2.86,0.0,2.86,24.3,29.0,-4.7,1,0,2,35,16,1,51,1,0.0,42.0,commercial,category,True,False,True,False,False
https://dreamlab.id/shop/,/shop/,1,1,0,0.0,2.86,0.61,2.25,6.5,11.3,-4.8,0,1,0,35,164,2,251,0,0.8,42.0,commercial,article,True,True,False,False,True
https://dreamlab.id/rekomendasi-sunscreen-lokal/#5_Rekomendasi_Sunscreen_Terbaik_Lokal,/rekomendasi-sunscreen-lokal/#5_Rekomendasi_Sunscreen_Terbaik_Lokal/,0,0,0,,0.0,0.0,0.0,10.8,,,0,0,0,35,0,0,35,0,0.9,42.0,commercial,article,True,True,False,False,True
https://dreamlab.id/optimasi-penjualan-tiktok-shop/#Analisis_Kompetitor_untuk_Menemukan_Strategi_Tepat,/optimasi-penjualan-tiktok-shop/#Analisis_Kompetitor_untuk_Menemukan_Strategi_Tepat/,0,0,0,,0.0,0.0,0.0,8.9,,,0,0,0,0,0,0,35,0,1.8,42.0,commercial,article,True,True,False,False,True
https://dreamlab.id/optimasi-penjualan-tiktok-shop/#Pemanfaatan_Affiliate_Marketing_untuk_Brand_Kosmetik,/optimasi-penjualan-tiktok-shop/#Pemanfaatan_Affiliate_Marketing_untuk_Brand_Kosmetik/,0,0,0,,0.0,0.0,0.0,8.9,,,0,0,0,0,0,0,35,0,1.8,42.0,commercial,article,True,True,False,False,True
https://dreamlab.id/mengapa-memilih-jasa-maklon-kosmetik-7-keuntungan-yang-perlu-anda-ketahui/,/mengapa-memilih-jasa-maklon-kosmetik-7-keuntungan-yang-perlu-anda-ketahui/,0,0,0,,0.0,0.0,0.0,28.3,,,0,0,0,0,0,0,34,0,0.4,41.9,commercial,article,True,True,False,False,True
https://dreamlab.id/proses-produksi-kosmetik-yang-aman-langkah-langkah-pengendalian-kualitas/,/proses-produksi-kosmetik-yang-aman-langkah-langkah-pengendalian-kualitas/,0,0,0,,0.0,0.0,0.0,19.4,,,0,0,0,0,0,0,34,0,0.8,41.9,commercial,article,True,True,False,False,True
https://dreamlab.id/inspirasi-parfum-lokal-aroma-teh/,/inspirasi-parfum-lokal-aroma-teh/,0,0,0,,0.0,0.0,0.0,9.6,10.7,-1.0,0,0,4,34,37,0,107,0,1.7,41.9,commercial,article,True,True,False,False,True
https://dreamlab.id/bahan-aktif-untuk-mengatasi-jerawat/,/bahan-aktif-untuk-mengatasi-jerawat/,0,0,0,,0.0,0.0,0.0,11.0,11.0,0.0,0,0,0,0,34,0,34,0,0.8,41.9,commercial,article,True,True,False,False,True
https://dreamlab.id/privacy-policy/,/privacy-policy/,0,0,0,,0.0,0.0,0.0,12.2,,,0,0,16,33,0,0,34,0,0.8,41.7,commercial,article,True,True,False,False,True
https://dreamlab.id/rekomendasi-sunscreen-lokal/#4_Daily_Moisturizing_with_Sun_Protection_%E2%80%93_COOWN,/rekomendasi-sunscreen-lokal/#4_Daily_Moisturizing_with_Sun_Protection_%E2%80%93_COOWN/,0,0,0,,0.0,0.0,0.0,10.8,,,0,0,0,33,0,0,33,0,0.8,41.7,commercial,article,True,True,False,False,True
https://dreamlab.id/produk/parfum/body-mist/,/produk/parfum/body-mist/,0,0,0,,0.0,0.0,0.0,9.4,,,0,0,28,33,0,0,33,0,1.6,41.7,commercial,product,True,False,False,False,False
https://dreamlab.id/perbedaan-edp-edt/,/perbedaan-edp-edt/,0,0,0,,0.0,0.0,0.0,30.4,8.6,21.8,0,0,357,1984,42,1,3942,0,23.8,41.7,informational,article,False,True,False,False,True
https://dreamlab.id/produk/babycare/baby-powder/,/produk/babycare/baby-powder/,0,0,0,,0.0,0.0,0.0,31.6,,,0,0,8,33,0,0,33,0,0.4,41.7,commercial,product,True,False,False,False,False
https://dreamlab.id/produk/bodycare/body-scrub/,/produk/bodycare/body-scrub/,0,0,0,,0.0,0.0,0.0,10.5,,,0,0,5,32,0,0,32,0,0.8,41.6,commercial,product,True,False,False,False,False
https://dreamlab.id/maklon-kosmetik-pemula-modal-kecil/,/maklon-kosmetik-pemula-modal-kecil/,1,0,1,100,3.12,0.0,3.12,13.2,7.9,5.3,0,0,7,32,84,4,235,1,0.0,41.6,commercial,service,True,False,False,False,False
https://dreamlab.id/kosmetik-olahraga/,/kosmetik-olahraga/,3,0,3,100,9.38,0.0,9.38,4.3,5.4,-1.1,1,0,12,32,38,5,190,3,0.2,41.6,commercial,article,True,True,False,False,True
https://dreamlab.id/category/bisnis-skincare/,/category/bisnis-skincare/,0,0,0,,0.0,0.0,0.0,22.9,8.8,14.1,0,0,0,31,5,0,50,0,0.4,41.4,commercial,category,True,False,True,False,False
https://dreamlab.id/produk/bodycare/body-serum/,/produk/bodycare/body-serum/,2,0,2,100,6.62,0.0,6.62,20.5,,,1,1,18,31,0,2,31,2,0.0,41.4,commercial,product,True,False,False,False,False
https://dreamlab.id/flywheel-marketing-brand-skincare/,/flywheel-marketing-brand-skincare/,0,0,0,,0.0,0.0,0.0,6.7,7.6,-0.9,0,0,0,0,13,0,31,0,1.6,41.4,commercial,article,True,True,False,False,True
https://dreamlab.id/rekomendasi-maklon-kosmetik-yogyakarta/,/rekomendasi-maklon-kosmetik-yogyakarta/,2,0,2,100,6.45,0.0,6.45,18.1,,,2,0,31,31,0,2,31,2,0.0,41.4,commercial,article,True,True,False,False,True
https://www.dreamlab.id/maklon-foot-care/,/maklon-foot-care/,1,0,1,100,3.33,0.0,3.33,24.6,,,0,1,17,31,0,1,31,1,0.0,41.4,commercial,service,True,False,False,False,False
https://dreamlab.id/rekomendasi-sunscreen-lokal/#1_Glow_Sunscreen_%E2%80%93_AURAJUNE,/rekomendasi-sunscreen-lokal/#1_Glow_Sunscreen_%E2%80%93_AURAJUNE/,0,0,0,,0.0,0.0,0.0,10.7,,,0,0,0,30,0,0,30,0,0.8,41.3,commercial,article,True,True,False,False,True
https://dreamlab.id/peluang-feminim-care-dalam-bisnis-pasar-yang-menjanjikan/,/peluang-feminim-care-dalam-bisnis-pasar-yang-menjanjikan/,1,3,-2,-66.7,3.33,6.52,-3.19,9.7,4.2,5.5,1,0,8,30,46,6,160,-2,0.5,41.3,commercial,article,True,True,False,False,True
https://dreamlab.id/produk/haircare/pomade/,/produk/haircare/pomade/,2,0,2,100,6.67,0.0,6.67,18.2,,,2,0,14,30,0,2,30,2,0.0,41.2,commercial,product,True,False,False,False,False
https://dreamlab.id/biaya-maklon-skincare/,/biaya-maklon-skincare/,0,0,0,,0.0,0.0,0.0,12.1,,,0,0,29,29,0,0,29,0,0.7,41.1,commercial,article,True,True,False,False,True
https://dreamlab.id/produk/parfum/eau-de-cologne/,/produk/parfum/eau-de-cologne/,0,0,0,,0.0,0.0,0.0,45.4,,,0,0,22,29,0,0,29,0,0.3,41.1,commercial,product,True,False,False,False,False
https://dreamlab.id/maklon-skincare/masker-wajah/,/maklon-skincare/masker-wajah/,0,0,0,,0.0,0.0,0.0,11.0,,,0,0,16,28,0,0,28,0,0.7,40.9,commercial,service,True,False,False,False,False
https://dreamlab.id/industri-kosmetik-indonesia-terus-tumbuh/,/industri-kosmetik-indonesia-terus-tumbuh/,56,94,-38,-40.4,3.39,4.05,-0.66,8.5,6.8,1.7,11,17,248,1653,2320,479,9951,-38,26.6,40.9,local,article,False,True,False,False,True
https://dreamlab.id/produk/bodycare/body-wash/,/produk/bodycare/body-wash/,0,0,0,,0.0,0.0,0.0,23.3,,,0,0,18,28,0,0,28,0,0.3,40.9,commercial,product,True,False,False,False,False
https://dreamlab.id/teknologi-nano-dalam-bahan-kosmetik-membongkar-rahasia-formulasi-nano-di-produk-kecantikan/,/teknologi-nano-dalam-bahan-kosmetik-membongkar-rahasia-formulasi-nano-di-produk-kecantikan/,0,0,0,,0.0,0.0,0.0,20.5,,,0,0,0,0,0,0,28,0,0.3,40.9,commercial,article,True,True,False,False,True
https://dreamlab.id/menjadi-brand-ambassador-produk-skincare-langkah-sukses-untuk-wanita-karir/,/menjadi-brand-ambassador-produk-skincare-langkah-sukses-untuk-wanita-karir/,0,0,0,,0.0,0.0,0.0,21.8,,,0,0,0,0,0,0,28,0,0.3,40.9,commercial,article,True,True,False,False,True
https://dreamlab.id/maklon-kosmetik-jayapura/,/maklon-kosmetik-jayapura/,2,0,2,100,7.14,0.0,7.14,4.8,,,0,2,15,28,0,2,28,2,0.8,40.9,commercial,service,True,False,False,False,False
https://dreamlab.id/peluang-bisnis-deodorant-ditrend-sport/,/peluang-bisnis-deodorant-ditrend-sport/,1,0,1,100,3.7,0.0,3.7,7.4,,,1,0,27,27,0,1,27,1,0.4,40.8,commercial,article,True,True,False,False,True
https://dreamlab.id/maklon-footcare-dreamlab/,/maklon-footcare-dreamlab/,0,0,0,,0.0,0.0,0.0,28.7,9.9,18.9,0,0,0,27,42,5,320,0,0.3,40.8,brand,service,True,False,False,False,False
https://dreamlab.id/produk/bodycare/body-butter/,/produk/bodycare/body-butter/,0,0,0,,0.0,0.0,0.0,13.3,,,0,0,6,26,0,0,26,0,0.6,40.6,commercial,product,True,False,False,False,False
https://dreamlab.id/affiliate-kol-brand-skincare/#Perbedaan_Mendasar_antara_Affiliate_dan_KOL,/affiliate-kol-brand-skincare/#Perbedaan_Mendasar_antara_Affiliate_dan_KOL/,0,0,0,,0.0,0.0,0.0,11.4,10.9,0.6,0,0,0,26,15,0,46,0,0.6,40.6,commercial,article,True,True,False,False,True
https://dreamlab.id/cara-hitunghpp-produk-kosmeti/,/cara-hitunghpp-produk-kosmeti/,20,6,14,233.3,2.36,3.64,-1.28,6.1,6.1,-0.0,5,12,648,1473,165,26,1638,14,38.9,40.6,informational,article,False,True,False,False,True
https://dreamlab.id/author/admin/page/5/,/author/admin/page/5/,0,0,0,,0.0,0.0,0.0,10.0,8.1,1.8,0,0,9,26,8,0,47,0,1.3,40.6,commercial,article,True,True,False,False,True
https://dreamlab.id/formulasi-witch-hazel/,/formulasi-witch-hazel/,0,0,0,,0.0,0.0,0.0,12.1,9.4,2.7,0,0,2,26,5,2,134,0,0.6,40.6,commercial,article,True,True,False,False,True
https://www.dreamlab.id/produk/haircare/hair-mask/,/produk/haircare/hair-mask/,5,0,5,100,10.0,0.0,10.0,7.2,,,0,5,6,26,0,5,26,5,0.0,40.6,commercial,product,True,False,False,False,False
https://dreamlab.id/affiliate-kol-brand-skincare/#Bagaimana_Mendapatkan_KOL_Gratis,/affiliate-kol-brand-skincare/#Bagaimana_Mendapatkan_KOL_Gratis/,0,0,0,,0.0,0.0,0.0,11.4,10.9,0.5,0,0,0,26,16,0,47,0,0.6,40.6,commercial,article,True,True,False,False,True
https://dreamlab.id/tahap-riset-dan-pengembangan-dalam-produksi-maklon-kosmetik-menyusun-dasar-produk-berkualitas-tinggi/,/tahap-riset-dan-pengembangan-dalam-produksi-maklon-kosmetik-menyusun-dasar-produk-berkualitas-tinggi/,0,0,0,,4.0,0.0,4.0,9.0,,,0,0,0,0,0,1,25,0,0.3,40.4,commercial,article,True,True,False,False,True
https://dreamlab.id/produk/bodycare/deodorant-dry-serum/,/produk/bodycare/deodorant-dry-serum/,7,0,7,100,29.17,0.0,29.17,8.9,,,7,0,24,24,0,7,24,7,0.0,40.2,commercial,product,True,False,False,False,False
https://dreamlab.id/affiliate-kol-brand-skincare/#Frequently_Asked_Questions_FAQ,/affiliate-kol-brand-skincare/#Frequently_Asked_Questions_FAQ/,0,0,0,,0.0,0.0,0.0,11.5,11.1,0.4,0,0,0,23,12,0,40,0,0.6,40.0,commercial,article,True,True,False,False,True
https://dreamlab.id/affiliate-kol-brand-skincare/#Mana_yang_Lebih_Menguntungkan,/affiliate-kol-brand-skincare/#Mana_yang_Lebih_Menguntungkan/,0,0,0,,0.0,0.0,0.0,11.5,11.2,0.3,0,0,0,23,13,0,41,0,0.6,40.0,commercial,article,True,True,False,False,True
https://dreamlab.id/affiliate-kol-brand-skincare/#Menggunakan_Affiliate_Jika%E2%80%A6,/affiliate-kol-brand-skincare/#Menggunakan_Affiliate_Jika%E2%80%A6/,0,0,0,,0.0,0.0,0.0,11.5,11.1,0.4,0,0,0,23,12,0,40,0,0.6,40.0,commercial,article,True,True,False,False,True
https://dreamlab.id/affiliate-kol-brand-skincare/#Menggunakan_KOL_Jika%E2%80%A6,/affiliate-kol-brand-skincare/#Menggunakan_KOL_Jika%E2%80%A6/,0,0,0,,0.0,0.0,0.0,11.5,11.2,0.3,0,0,0,23,13,0,41,0,0.6,40.0,commercial,article,True,True,False,False,True
https://dreamlab.id/produk/skincare/facial-sunscreen/,/produk/skincare/facial-sunscreen/,0,0,0,,0.0,0.0,0.0,4.1,,,0,0,23,23,0,0,23,0,2.3,40.0,commercial,product,True,False,False,False,False
https://dreamlab.id/uji-keamanan-dan-uji-sensitivitas-kulit-dalam-produk-kosmetik-menjaga-kesehatan-dan-kepuasan-konsumen/,/uji-keamanan-dan-uji-sensitivitas-kulit-dalam-produk-kosmetik-menjaga-kesehatan-dan-kepuasan-konsumen/,0,0,0,,0.0,0.0,0.0,9.4,,,0,0,0,0,0,0,23,0,1.2,40.0,commercial,article,True,True,False,False,True
https://dreamlab.id/produk/decorative/make-up/mascara/,/produk/decorative/make-up/mascara/,0,0,0,,0.0,0.0,0.0,7.4,,,0,0,22,23,0,0,23,0,1.2,40.0,informational,product,True,False,False,False,False
https://dreamlab.id/peluang-bisnis-deodorant/,/peluang-bisnis-deodorant/,0,0,0,,0.0,0.0,0.0,6.8,,,0,0,23,23,0,0,23,0,1.2,40.0,commercial,article,True,True,False,False,True
https://dreamlab.id/produk/decorative/make-up/liquid-highlighter/,/produk/decorative/make-up/liquid-highlighter/,0,0,0,,0.0,0.0,0.0,6.8,,,0,0,16,23,0,0,23,0,1.2,40.0,commercial,product,True,False,False,False,False
https://dreamlab.id/produk/decorative/make-up/foundation/,/produk/decorative/make-up/foundation/,0,0,0,,0.0,0.0,0.0,44.6,,,0,0,20,22,0,0,22,0,0.3,39.8,commercial,product,True,False,False,False,False
https://dreamlab.id/category/bisnis-kosmetik/page/2/,/category/bisnis-kosmetik/page/2/,0,0,0,,0.0,0.0,0.0,12.4,,,0,0,0,0,0,0,22,0,0.6,39.8,commercial,category,True,False,True,False,False
https://dreamlab.id/peluang-bisnis-skincare-irt/,/peluang-bisnis-skincare-irt/,1,0,1,100,2.78,0.0,2.78,25.8,9.4,16.4,0,0,0,22,13,1,35,1,0.0,39.8,commercial,article,True,True,False,False,True
https://dreamlab.id/produk/bodycare/deodorant-roll-on/,/produk/bodycare/deodorant-roll-on/,1,0,1,100,4.55,0.0,4.55,11.6,,,1,0,22,22,0,1,22,1,0.0,39.8,commercial,product,True,False,False,False,False
https://dreamlab.id/produk/bodycare/deodorant-spray/,/produk/bodycare/deodorant-spray/,4,0,4,100,18.18,0.0,18.18,6.3,,,4,0,22,22,0,4,22,4,0.0,39.8,commercial,product,True,False,False,False,False
https://dreamlab.id/produk/skincare/face-cream/moisturizing-cream/,/produk/skincare/face-cream/moisturizing-cream/,0,0,0,,0.0,0.0,0.0,29.9,,,0,0,14,22,0,0,22,0,0.3,39.8,commercial,product,True,False,False,False,False
https://dreamlab.id/produk/decorative/lipcare/lip-serum/,/produk/decorative/lipcare/lip-serum/,2,0,2,100,11.11,0.0,11.11,15.5,,,2,0,10,22,0,2,22,2,0.0,39.8,commercial,product,True,False,False,False,False
https://dreamlab.id/maklon-skincare/cleansing-series/,/maklon-skincare/cleansing-series/,0,0,0,,0.0,0.0,0.0,55.4,,,0,0,3,22,0,0,22,0,0.3,39.8,commercial,service,True,False,False,False,False
https://dreamlab.id/cara-bangun-brand-deodoran-sendiri/,/cara-bangun-brand-deodoran-sendiri/,0,6,-6,-100.0,0.0,10.71,-10.71,6.3,6.3,-0.0,0,0,3,21,56,8,201,-6,1.0,39.6,commercial,article,True,True,False,False,True
https://dreamlab.id/skincare-personalisasi-menciptakan-pengalaman-pelanggan-yang-tak-terlupakan/,/skincare-personalisasi-menciptakan-pengalaman-pelanggan-yang-tak-terlupakan/,0,0,0,,0.0,0.0,0.0,8.1,,,0,0,0,0,0,0,21,0,1.0,39.6,commercial,article,True,True,False,False,True
https://dreamlab.id/category/dreamlab/page/2/,/category/dreamlab/page/2/,0,0,0,,0.0,0.0,0.0,40.2,,,0,0,0,0,0,0,21,0,0.3,39.5,brand,category,True,False,True,False,False
https://dreamlab.id/maklon-body-care/shower-gel/,/maklon-body-care/shower-gel/,0,0,0,,0.0,0.0,0.0,31.5,,,0,0,0,21,0,0,21,0,0.3,39.5,commercial,service,True,False,False,False,False
https://dreamlab.id/komunitas-beauty-genz/,/komunitas-beauty-genz/,1,0,1,100,4.76,0.0,4.76,6.8,6.0,0.8,0,0,0,21,1,2,60,1,0.1,39.5,commercial,article,True,True,False,False,True
https://dreamlab.id/pentingnya-pelembap-untuk-kulit-pria-dan-wanita/,/pentingnya-pelembap-untuk-kulit-pria-dan-wanita/,0,0,0,,0.0,0.0,0.0,71.2,,,0,0,0,0,0,0,21,0,0.3,39.5,commercial,article,True,True,False,False,True
https://dreamlab.id/langkah-langkah-memilih-pabrik-maklon-kosmetik-yang-tepat-untuk-bisnis-anda/?amp,/langkah-langkah-memilih-pabrik-maklon-kosmetik-yang-tepat-untuk-bisnis-anda/?amp/,0,0,0,,4.76,0.0,4.76,48.4,,,0,0,0,0,0,1,21,0,0.0,39.5,commercial,article,True,True,False,False,True
https://dreamlab.id/produk/parfum/extrait-de-parfum/,/produk/parfum/extrait-de-parfum/,0,0,0,,0.0,0.0,0.0,4.9,,,0,0,18,20,0,0,20,0,2.0,39.4,commercial,product,True,False,False,False,False
https://dreamlab.id/tren-cleanical-beauty-produk-skincare-paling-dicari-tahun-2026/,/tren-cleanical-beauty-produk-skincare-paling-dicari-tahun-2026/,29,0,29,100,2.69,0.0,2.69,6.2,,,15,14,695,1196,0,29,1196,29,27.6,39.4,informational,article,False,True,False,False,True
https://dreamlab.id/uji-stabilitas-produk-kosmetik-dalam-produksi-maklon-menjaga-kualitas-dan-keamanan-produk-kecantikan/,/uji-stabilitas-produk-kosmetik-dalam-produksi-maklon-menjaga-kualitas-dan-keamanan-produk-kecantikan/,0,0,0,,5.0,0.0,5.0,20.4,,,0,0,0,0,0,1,20,0,0.0,39.3,commercial,article,True,True,False,False,True
https://dreamlab.id/news-blog/page/4/,/news-blog/page/4/,1,0,1,100,5.0,0.0,5.0,13.1,,,1,0,20,20,0,1,29,1,0.0,39.3,commercial,blog,True,True,False,False,False
https://dreamlab.id/produk/haircare/hair-gel/,/produk/haircare/hair-gel/,0,0,0,,0.0,0.0,0.0,25.0,,,0,0,4,20,0,0,20,0,0.2,39.3,commercial,product,True,False,False,False,False
https://dreamlab.id/maklon-body-lotion-dupe-highend/,/maklon-body-lotion-dupe-highend/,1,1,0,0.0,5.0,8.33,-3.33,8.9,8.6,0.3,0,0,3,20,12,2,114,0,0.0,39.3,commercial,service,True,False,False,False,False
https://dreamlab.id/perusahaan-maklon-kosmetik/,/perusahaan-maklon-kosmetik/,0,2,-2,-100.0,0.0,1.4,-1.4,7.6,37.2,-29.5,0,0,0,19,143,2,162,-2,1.0,39.1,commercial,article,True,True,False,False,True
https://www.dreamlab.id/produk/skincare/cleansing/cleansing-balm/,/produk/skincare/cleansing/cleansing-balm/,0,0,0,,0.0,0.0,0.0,21.2,,,0,0,0,19,0,0,19,0,0.2,39.1,commercial,product,True,False,False,False,False
https://dreamlab.id/produk/decorative/make-up/bb-cream/,/produk/decorative/make-up/bb-cream/,0,0,0,,0.0,0.0,0.0,8.8,,,0,0,13,19,0,0,19,0,1.0,39.1,commercial,product,True,False,False,False,False
https://dreamlab.id/urutan-pabrik-skincare-terbaik-indonesia/#Berapa_MOQ_di_DREAMLAB,/urutan-pabrik-skincare-terbaik-indonesia/#Berapa_MOQ_di_DREAMLAB/,0,0,0,,0.0,0.0,0.0,7.7,9.2,-1.5,0,0,136,1007,714,0,1729,0,50.4,39.0,brand,article,False,True,False,False,True
https://dreamlab.id/manfaat-hair-tonic-ginseng-rambut/,/manfaat-hair-tonic-ginseng-rambut/,2,2,0,0.0,0.06,0.69,-0.63,16.6,8.0,8.6,2,0,721,1104,288,4,1392,0,26.9,39.0,informational,article,False,True,False,False,True
https://dreamlab.id/cara-membuka-offline-store-kosmetik-2026/,/cara-membuka-offline-store-kosmetik-2026/,13,13,0,0.0,0.65,1.69,-1.04,8.1,6.7,1.3,6,2,274,1008,771,33,2106,0,43.9,38.9,informational,article,False,True,False,False,True
https://dreamlab.id/produk/decorative/make-up/,/produk/decorative/make-up/,0,0,0,,0.0,0.0,0.0,19.0,,,0,0,6,18,0,0,18,0,0.4,38.8,commercial,product,True,False,False,False,False
https://dreamlab.id/alat-pengencang-wajah/,/alat-pengencang-wajah/,18,22,-4,-18.2,0.9,2.56,-1.66,6.6,4.7,1.9,2,3,238,1003,858,57,2392,-4,41.1,38.8,informational,article,False,True,False,False,True
https://dreamlab.id/maklon-skincare/sunscreen/,/maklon-skincare/sunscreen/,0,0,0,,0.0,0.0,0.0,14.1,,,0,0,18,18,0,0,18,0,0.4,38.8,commercial,service,True,False,False,False,False
https://dreamlab.id/produk/parfum/eau-de-toilette/,/produk/parfum/eau-de-toilette/,0,0,0,,0.0,0.0,0.0,27.8,,,0,0,16,18,0,0,18,0,0.2,38.8,commercial,product,True,False,False,False,False
https://dreamlab.id/mengapa-desain-kemasan-merupakan-kunci-utama-keberhasilan-produk-kosmetik-anda-dengan-maklon/,/mengapa-desain-kemasan-merupakan-kunci-utama-keberhasilan-produk-kosmetik-anda-dengan-maklon/,0,0,0,,0.0,0.0,0.0,28.7,,,0,0,0,0,0,0,18,0,0.2,38.8,commercial,article,True,True,False,False,True
https://dreamlab.id/manajemen-rantai-pasokan-dalam-produksi-maklon-kosmetik/,/manajemen-rantai-pasokan-dalam-produksi-maklon-kosmetik/,0,0,0,,0.0,0.0,0.0,7.3,,,0,0,0,0,0,0,18,0,0.9,38.8,commercial,article,True,True,False,False,True
https://dreamlab.id/maklon-kosmetik-sebagai-mitra-bisnis-menjamin-formulasi-berkualitas-tinggi/,/maklon-kosmetik-sebagai-mitra-bisnis-menjamin-formulasi-berkualitas-tinggi/,0,0,0,,0.0,0.0,0.0,74.1,,,0,0,0,0,0,0,18,0,0.2,38.8,commercial,service,True,False,False,False,False
https://dreamlab.id/produk/footcare/foot-cream/,/produk/footcare/foot-cream/,0,0,0,,0.0,0.0,0.0,5.5,,,0,0,15,17,0,0,17,0,0.8,38.6,commercial,product,True,False,False,False,False
https://dreamlab.id/tren-parfum-arab-bisnis-maklon-dreamlab/,/tren-parfum-arab-bisnis-maklon-dreamlab/,0,8,-8,-100.0,2.38,2.16,0.22,5.0,4.4,0.6,0,0,0,0,370,24,1007,-8,26.4,38.6,brand,article,False,True,False,False,True
https://dreamlab.id/proses-desain-kemasan-dalam-produksi-maklon-kosmetik-2/,/proses-desain-kemasan-dalam-produksi-maklon-kosmetik-2/,0,0,0,,0.0,0.0,0.0,49.7,,,0,0,0,0,0,0,17,0,0.2,38.5,commercial,article,True,True,False,False,True
https://dreamlab.id/strategi-pemasaran-untuk-produk-kosmetik-maklon-membangun-branding-yang-kuat-dan-meningkatkan-penjualan/,/strategi-pemasaran-untuk-produk-kosmetik-maklon-membangun-branding-yang-kuat-dan-meningkatkan-penjualan/,0,0,0,,5.88,0.0,5.88,9.9,,,0,0,0,0,0,1,17,0,0.0,38.5,commercial,article,True,True,False,False,True
https://dreamlab.id/produk/haircare/hair-tonic/,/produk/haircare/hair-tonic/,0,0,0,,0.0,0.0,0.0,10.6,,,0,0,8,17,0,0,17,0,0.4,38.5,commercial,product,True,False,False,False,False
https://www.dreamlab.id/produk/decorative/lipcare/,/produk/decorative/lipcare/,1,0,1,100,12.5,0.0,12.5,11.7,,,1,0,17,17,0,1,17,1,0.0,38.5,commercial,product,True,False,False,False,False
https://dreamlab.id/teknologi-mesin-pengemasan-meningkatkan-kecepatan-dan-akurasi-produksi-kosmetik-maklon/,/teknologi-mesin-pengemasan-meningkatkan-kecepatan-dan-akurasi-produksi-kosmetik-maklon/,0,0,0,,0.0,0.0,0.0,20.9,,,0,0,0,0,0,0,17,0,0.2,38.5,commercial,article,True,True,False,False,True
https://dreamlab.id/produk/decorative/lipcare/lip-matte/,/produk/decorative/lipcare/lip-matte/,0,0,0,,0.0,0.0,0.0,13.2,,,0,0,6,17,0,0,17,0,0.4,38.5,commercial,product,True,False,False,False,False
https://dreamlab.id/manfaat-panthenol-untuk-wajah-kering/,/manfaat-panthenol-untuk-wajah-kering/,0,0,0,,0.0,0.0,0.0,12.1,15.5,-3.4,0,0,311,975,1163,2,4290,0,24.4,38.4,informational,article,False,True,False,False,True
https://dreamlab.id/career-2/,/career-2/,0,0,0,,0.0,0.0,0.0,11.4,,,0,0,0,0,0,0,16,0,0.4,38.3,commercial,article,True,True,False,False,True
https://dreamlab.id/produk/decorative/make-up/liquid-blush/,/produk/decorative/make-up/liquid-blush/,0,0,0,,0.0,0.0,0.0,12.3,,,0,0,14,16,0,0,16,0,0.4,38.3,commercial,product,True,False,False,False,False
https://dreamlab.id/maklon-kosmetik-tangerang-terpercaya/#Pabrik_Dreamlab_Sudah_BPOM_Halal_dan_CPKB_Grade_A,/maklon-kosmetik-tangerang-terpercaya/#Pabrik_Dreamlab_Sudah_BPOM_Halal_dan_CPKB_Grade_A/,0,0,0,,0.0,0.0,0.0,10.4,,,0,0,0,16,0,0,16,0,0.4,38.3,brand,service,True,False,False,False,False
https://dreamlab.id/jasa-maklon-sabun-mandi-batang/#Perbedaan_Sabun_Produksi_Rumahan_vs_Sabun_Maklon_Profesional,/jasa-maklon-sabun-mandi-batang/#Perbedaan_Sabun_Produksi_Rumahan_vs_Sabun_Maklon_Profesional/,0,0,0,,0.0,0.0,0.0,9.8,9.8,0.0,0,0,0,0,16,0,16,0,0.8,38.3,commercial,service_landing,True,False,False,True,False
https://dreamlab.id/jasa-maklon-sabun-mandi-batang/#Pilihan_Produk_di_Jasa_Maklon_Sabun_Mandi_Dreamlab,/jasa-maklon-sabun-mandi-batang/#Pilihan_Produk_di_Jasa_Maklon_Sabun_Mandi_Dreamlab/,0,0,0,,0.0,0.0,0.0,9.8,9.8,0.0,0,0,0,0,16,0,16,0,0.8,38.3,brand,service_landing,True,False,False,True,False
https://dreamlab.id/produk/decorative/liquid-foundation/,/produk/decorative/liquid-foundation/,0,0,0,,0.0,0.0,0.0,7.9,,,0,0,7,16,0,0,16,0,0.8,38.3,commercial,product,True,False,False,False,False
https://dreamlab.id/produk/bodycare/deodorant/,/produk/bodycare/deodorant/,2,0,2,100,12.5,0.0,12.5,8.5,,,2,0,16,16,0,2,16,2,0.0,38.2,commercial,product,True,False,False,False,False
https://www.dreamlab.id/maklon-hair-care/hair-mask/,/maklon-hair-care/hair-mask/,4,0,4,100,20.0,0.0,20.0,23.2,,,0,4,0,16,0,4,16,4,0.0,38.2,commercial,service,True,False,False,False,False
https://dreamlab.id/8-tren-kecantikan-2026-smart-formula/,/8-tren-kecantikan-2026-smart-formula/,12,8,4,50.0,0.73,0.92,-0.19,9.1,8.9,0.2,4,5,134,872,874,27,2196,4,37.3,38.1,informational,article,False,True,False,False,True
https://dreamlab.id/maklon-parfum-jakarta/#Biaya_Maklon_Parfum_Mulai_Berapa,/maklon-parfum-jakarta/#Biaya_Maklon_Parfum_Mulai_Berapa/,0,0,0,,0.0,0.0,0.0,4.4,4.4,0.0,0,0,0,0,15,0,15,0,1.5,38.0,commercial,service,True,False,False,False,False
https://dreamlab.id/maklon-parfum-jakarta/#Jenis-Jenis_Parfum_yang_Bisa_Diproduksi_di_Dreamlab,/maklon-parfum-jakarta/#Jenis-Jenis_Parfum_yang_Bisa_Diproduksi_di_Dreamlab/,0,0,0,,0.0,0.0,0.0,4.4,4.4,0.0,0,0,0,0,15,0,15,0,1.5,38.0,brand,service,True,False,False,False,False
https://dreamlab.id/maklon-parfum-bpom-indonesia-strategi-bisnis/,/maklon-parfum-bpom-indonesia-strategi-bisnis/,0,0,0,,0.0,0.0,0.0,7.7,19.5,-11.8,0,0,0,15,84,0,102,0,0.8,38.0,commercial,service,True,False,False,False,False
https://dreamlab.id/maklon-decorative/makeup/,/maklon-decorative/makeup/,0,0,0,,0.0,0.0,0.0,17.4,,,0,0,10,15,0,0,15,0,0.4,37.9,commercial,service,True,False,False,False,False
https://dreamlab.id/tren-aroma-parfum-2026-terbaru/,/tren-aroma-parfum-2026-terbaru/,13,7,6,85.7,2.44,0.71,1.73,8.7,4.9,3.8,4,4,126,868,983,31,2535,6,22.2,37.8,informational,article,False,True,False,False,True
https://dreamlab.id/urutan-pabrik-skincare-terbaik-indonesia/#Mengapa_DREAMLAB_Menjadi_%E2%80%9CGame_Changer%E2%80%9D,/urutan-pabrik-skincare-terbaik-indonesia/#Mengapa_DREAMLAB_Menjadi_%E2%80%9CGame_Changer%E2%80%9D/,0,0,0,,0.0,0.0,0.0,7.9,9.3,-1.4,0,0,130,797,571,0,1376,0,39.8,37.7,brand,article,False,True,False,False,True
https://dreamlab.id/category/juaranya-formula/,/category/juaranya-formula/,0,0,0,,0.0,0.0,0.0,11.1,,,0,0,0,0,0,0,14,0,0.4,37.6,commercial,category,True,False,True,False,False
https://dreamlab.id/author/admin/page/7/,/author/admin/page/7/,0,0,0,,0.0,0.0,0.0,23.6,37.2,-13.6,0,0,1,14,10,0,25,0,0.2,37.6,commercial,article,True,True,False,False,True
https://dreamlab.id/news-blog/page/2/,/news-blog/page/2/,0,0,0,,0.0,0.0,0.0,6.4,,,0,0,14,14,0,0,19,0,0.7,37.6,commercial,blog,True,True,False,False,False
https://dreamlab.id/produk/decorative/make-up/eyebrow-gel/,/produk/decorative/make-up/eyebrow-gel/,0,0,0,,0.0,0.0,0.0,8.2,,,0,0,10,14,0,0,14,0,0.7,37.6,commercial,product,True,False,False,False,False
https://dreamlab.id/fakta-tentang-waktu-produksi-maklon-kosmetik-apakah-selalu-lama/,/fakta-tentang-waktu-produksi-maklon-kosmetik-apakah-selalu-lama/,0,0,0,,0.0,0.0,0.0,11.6,,,0,0,0,0,0,0,14,0,0.4,37.6,commercial,article,True,True,False,False,True
https://dreamlab.id/maklon-kosmetik-tangerang-terpercaya/#Berapa_MOQ_di_Dreamlab,/maklon-kosmetik-tangerang-terpercaya/#Berapa_MOQ_di_Dreamlab/,0,0,0,,0.0,0.0,0.0,10.4,,,0,0,0,14,0,0,14,0,0.4,37.6,brand,service,True,False,False,False,False
https://dreamlab.id/astaxanthin-mengapa-bahan-aktif-ini-sedang-naik-daun-di-industri-kosmetik/,/astaxanthin-mengapa-bahan-aktif-ini-sedang-naik-daun-di-industri-kosmetik/,2,2,0,0.0,0.13,0.63,-0.51,19.2,15.7,3.5,1,1,277,805,317,7,2274,0,19.1,37.3,informational,article,False,True,False,False,True
https://dreamlab.id/kuasai-pasar-skincare-2026-biotech/,/kuasai-pasar-skincare-2026-biotech/,0,0,0,,0.0,0.0,0.0,5.2,5.5,-0.2,0,0,2,13,43,0,56,0,0.6,37.3,commercial,article,True,True,False,False,True
https://dreamlab.id/pengenalan-produk-hki-dan-bpom-dalam-industri-kosmetik/,/pengenalan-produk-hki-dan-bpom-dalam-industri-kosmetik/,0,0,0,,0.0,0.0,0.0,14.5,,,0,0,0,0,0,0,13,0,0.3,37.3,commercial,article,True,True,False,False,True
https://dreamlab.id/studi-kasus-proses-produksi-maklon-kosmetik-untuk-produk-tertentu/,/studi-kasus-proses-produksi-maklon-kosmetik-untuk-produk-tertentu/,0,0,0,,7.69,0.0,7.69,30.2,,,0,0,0,0,0,1,13,0,0.0,37.3,commercial,article,True,True,False,False,True
https://dreamlab.id/urutan-pabrik-skincare-terbaik-indonesia/#Mengapa_PT_Karya_Impian_Laboratoris_DREAMLAB_Menjadi_Pilihan_Utama,/urutan-pabrik-skincare-terbaik-indonesia/#Mengapa_PT_Karya_Impian_Laboratoris_DREAMLAB_Menjadi_Pilihan_Utama/,0,0,0,,0.0,0.0,0.0,7.9,9.4,-1.5,0,0,107,737,559,0,1304,0,36.8,37.3,brand,article,False,True,False,False,True
https://dreamlab.id/maklon-parfum/,/maklon-parfum/,0,1,-1,-100.0,0.0,3.45,-3.45,30.2,43.7,-13.5,0,0,0,13,29,2,154,-1,0.2,37.3,commercial,service,True,False,False,False,False
https://dreamlab.id/produk/decorative/lipcare/lip-blush/,/produk/decorative/lipcare/lip-blush/,0,0,0,,0.0,0.0,0.0,12.6,,,0,0,12,13,0,0,13,0,0.3,37.3,commercial,product,True,False,False,False,False
https://www.dreamlab.id/maklon-parfum/eau-de-parfum/,/maklon-parfum/eau-de-parfum/,0,0,0,,0.0,0.0,0.0,7.1,,,0,0,9,13,0,0,13,0,0.6,37.3,commercial,service,True,False,False,False,False
https://dreamlab.id/tag/maklon-kosmetik/,/tag/maklon-kosmetik/,0,0,0,,0.0,0.0,0.0,54.2,,,0,0,0,0,0,0,13,0,0.2,37.3,commercial,article,True,True,False,False,True
https://dreamlab.id/e-floating-buttons/popup-website/,/e-floating-buttons/popup-website/,0,0,0,,0.0,0.0,0.0,7.6,21.3,-13.7,0,0,0,13,12,0,25,0,0.6,37.3,commercial,article,True,True,False,False,True
https://dreamlab.id/maklon-face-mist/,/maklon-face-mist/,0,0,0,,0.0,0.0,0.0,9.7,27.8,-18.2,0,0,0,13,68,0,290,0,0.6,37.3,commercial,service,True,False,False,False,False
https://dreamlab.id/peran-vital-desain-kemasan-dalam-suksesnya-produk-kosmetik-mengapa-maklon-kosmetik-penting/?amp,/peran-vital-desain-kemasan-dalam-suksesnya-produk-kosmetik-mengapa-maklon-kosmetik-penting/?amp/,0,0,0,,0.0,0.0,0.0,82.6,,,0,0,0,0,0,0,13,0,0.2,37.3,commercial,article,True,True,False,False,True
https://www.dreamlab.id/maklon-pkrt/,/maklon-pkrt/,1,0,1,100,8.33,0.0,8.33,24.5,,,0,1,6,12,0,1,12,1,0.0,36.9,commercial,service,True,False,False,False,False
https://dreamlab.id/thankyou-page/,/thankyou-page/,0,0,0,,0.0,0.0,0.0,21.8,24.5,-2.8,0,0,0,12,2,0,14,0,0.1,36.9,commercial,article,True,True,False,False,True
https://dreamlab.id/maklon-baby-care/baby-shampoo/,/maklon-baby-care/baby-shampoo/,0,0,0,,0.0,0.0,0.0,61.3,,,0,0,5,12,0,0,12,0,0.1,36.9,commercial,service,True,False,False,False,False
https://dreamlab.id/produk/decorative/lipcare/lip-cream/,/produk/decorative/lipcare/lip-cream/,0,0,0,,0.0,0.0,0.0,14.0,,,0,0,4,12,0,0,12,0,0.3,36.9,commercial,product,True,False,False,False,False
https://dreamlab.id/produk/decorative/lipcare/lip-gloss/,/produk/decorative/lipcare/lip-gloss/,0,0,0,,0.0,0.0,0.0,5.8,,,0,0,10,12,0,0,12,0,0.6,36.9,commercial,product,True,False,False,False,False
https://dreamlab.id/produk/decorative/cushion-foundation/,/produk/decorative/cushion-foundation/,0,0,0,,0.0,0.0,0.0,7.5,,,0,0,9,12,0,0,12,0,0.6,36.9,commercial,product,True,False,False,False,False
https://dreamlab.id/maklon-body-care/sabun-organik/,/maklon-body-care/sabun-organik/,0,0,0,,0.0,0.0,0.0,10.0,,,0,0,4,12,0,0,12,0,0.6,36.9,commercial,service,True,False,False,False,False
https://www.dreamlab.id/produk/pkrt/,/produk/pkrt/,0,0,0,,0.0,0.0,0.0,50.5,,,0,0,0,12,0,0,12,0,0.1,36.9,commercial,product,True,False,False,False,False
https://dreamlab.id/maklon-body-care/sabun-whitening/,/maklon-body-care/sabun-whitening/,0,0,0,,0.0,0.0,0.0,35.2,,,0,0,2,11,0,0,11,0,0.1,36.5,commercial,service,True,False,False,False,False
https://dreamlab.id/jasa-maklon-sabun-mandi-batang/#Mengapa_Bisnis_Sabun_Mandi_Sangat_Menguntungkan,/jasa-maklon-sabun-mandi-batang/#Mengapa_Bisnis_Sabun_Mandi_Sangat_Menguntungkan/,0,0,0,,0.0,0.0,0.0,9.8,9.8,0.0,0,0,0,0,11,0,11,0,0.6,36.5,commercial,service_landing,True,False,False,True,False
https://dreamlab.id/produk/decorative/lip-gloss/,/produk/decorative/lip-gloss/,0,0,0,,0.0,0.0,0.0,35.9,,,0,0,0,11,0,0,11,0,0.1,36.5,commercial,product,True,False,False,False,False
https://www.dreamlab.id/contact-medsos/,/contact-medsos/,1,0,1,100,25.0,0.0,25.0,6.2,,,1,0,10,11,0,1,11,1,0.0,36.5,commercial,article,True,True,False,False,True
https://dreamlab.id/bisnis-skincare-glow-glasskin-cystamine/,/bisnis-skincare-glow-glasskin-cystamine/,0,0,0,,0.0,0.0,0.0,11.4,6.2,5.2,0,0,7,11,5,0,38,0,0.3,36.5,commercial,article,True,True,False,False,True
https://dreamlab.id/produk/haircare/hair-conditioner/,/produk/haircare/hair-conditioner/,0,0,0,,0.0,0.0,0.0,14.0,,,0,0,2,11,0,0,11,0,0.3,36.5,commercial,product,True,False,False,False,False
https://dreamlab.id/maklon-haircare/,/maklon-haircare/,0,0,0,,0.0,0.0,0.0,8.0,7.0,1.0,0,0,2,11,5,0,18,0,0.6,36.5,commercial,service,True,False,False,False,False
https://dreamlab.id/maklon-hair-care/hair-conditioner/,/maklon-hair-care/hair-conditioner/,0,0,0,,0.0,0.0,0.0,16.3,,,0,0,0,11,0,0,11,0,0.3,36.5,commercial,service,True,False,False,False,False
https://www.dreamlab.id/maklon-hair-care/shampoo/,/maklon-hair-care/shampoo/,1,0,1,100,7.14,0.0,7.14,16.0,,,0,1,2,11,0,1,11,1,0.0,36.5,commercial,service,True,False,False,False,False
https://dreamlab.id/produk/parfum/eau-de-parfum/,/produk/parfum/eau-de-parfum/,0,0,0,,0.0,0.0,0.0,45.6,,,0,0,9,11,0,0,11,0,0.1,36.5,commercial,product,True,False,False,False,False
https://dreamlab.id/maklon-kosmetik-dan-inovasi-teknologi-formula-baru-yang-menakjubkan/,/maklon-kosmetik-dan-inovasi-teknologi-formula-baru-yang-menakjubkan/,0,0,0,,0.0,0.0,0.0,10.0,,,0,0,0,0,0,0,11,0,0.6,36.5,commercial,service,True,False,False,False,False
https://dreamlab.id/maklon-kosmetik-terbaik-english/,/maklon-kosmetik-terbaik-english/,0,0,0,,0.0,0.0,0.0,52.8,1.0,51.8,0,0,0,11,1,0,19,0,0.1,36.5,commercial,service,True,False,False,False,False
https://dreamlab.id/strategi-pengembangan-produk-kosmetik-dengan-bantuan-maklon-formulasi-terbaik/,/strategi-pengembangan-produk-kosmetik-dengan-bantuan-maklon-formulasi-terbaik/,0,0,0,,0.0,0.0,0.0,8.3,,,0,0,0,0,0,0,11,0,0.6,36.5,commercial,article,True,True,False,False,True
https://dreamlab.id/biaya-membuat-brand-serum/,/biaya-membuat-brand-serum/,0,0,0,,0.0,0.0,0.0,10.4,,,0,0,9,11,0,0,11,0,0.3,36.5,commercial,article,True,True,False,False,True
https://dreamlab.id/about-us/,/about-us/,9,3,6,200.0,0.96,0.54,0.42,16.1,8.1,8.0,3,4,186,667,560,15,1474,6,10.3,36.3,company,company_or_service,False,False,False,True,False
https://dreamlab.id/cara-ampuh-memutihkan-ketiak/,/cara-ampuh-memutihkan-ketiak/,0,2,-2,-100.0,0.0,0.22,-0.22,15.8,22.3,-6.5,0,0,105,639,904,5,3292,-2,16.0,36.2,informational,article,False,True,False,False,True
https://dreamlab.id/keuntungan-dan-tantangan-dalam-pendaftaran-produk-hki-dan-bpom-maklon-kosmetik/,/keuntungan-dan-tantangan-dalam-pendaftaran-produk-hki-dan-bpom-maklon-kosmetik/,0,0,0,,0.0,0.0,0.0,62.7,,,0,0,0,0,0,0,10,0,0.1,36.0,commercial,article,True,True,False,False,True
https://www.dreamlab.id/ads/maklon-parfum/,/ads/maklon-parfum/,0,0,0,,0.0,0.0,0.0,55.9,,,0,0,5,10,0,0,10,0,0.1,36.0,commercial,article,True,True,False,False,True
https://dreamlab.id/produk/decorative/lipcare/lip-balm/,/produk/decorative/lipcare/lip-balm/,0,0,0,,0.0,0.0,0.0,24.0,,,0,0,5,10,0,0,10,0,0.1,36.0,commercial,product,True,False,False,False,False
https://dreamlab.id/google-ads/maklon-hair-care/,/google-ads/maklon-hair-care/,0,0,0,,0.0,0.0,0.0,9.7,,,0,0,10,10,0,0,10,0,0.5,36.0,commercial,article,True,True,False,False,True
https://dreamlab.id/produk/footcare/foot-mask/,/produk/footcare/foot-mask/,1,0,1,100,10.0,0.0,10.0,7.9,,,1,0,9,10,0,1,10,1,0.0,36.0,commercial,product,True,False,False,False,False
https://dreamlab.id/category/maklon-kosmetik/,/category/maklon-kosmetik/,0,0,0,,0.0,0.0,0.0,14.8,,,0,0,10,10,0,0,10,0,0.2,36.0,commercial,category,True,False,True,False,False
https://dreamlab.id/produk/skincare/facial-wash/,/produk/skincare/facial-wash/,0,0,0,,0.0,0.0,0.0,7.3,,,0,0,4,10,0,0,10,0,0.5,36.0,commercial,product,True,False,False,False,False
https://dreamlab.id/sunscreen-spf-yang-cocok-untuk-kegiatan,/sunscreen-spf-yang-cocok-untuk-kegiatan/,0,0,0,,0.0,0.0,0.0,7.4,20.4,-13.0,0,0,9,10,27,0,177,0,0.5,36.0,commercial,article,True,True,False,False,True
https://dreamlab.id/produk/haircare/hair-mist/,/produk/haircare/hair-mist/,0,0,0,,0.0,0.0,0.0,41.8,,,0,0,5,9,0,0,9,0,0.1,35.5,commercial,product,True,False,False,False,False
https://dreamlab.id/category/dreampreneur-beauty-academy/,/category/dreampreneur-beauty-academy/,0,0,0,,0.0,0.0,0.0,9.8,5.8,4.0,0,0,2,9,5,0,14,0,0.4,35.5,commercial,category,True,False,True,False,False
https://dreamlab.id/produk/decorative/lipcare/lip-scrub/,/produk/decorative/lipcare/lip-scrub/,0,0,0,,0.0,0.0,0.0,5.4,,,0,0,5,9,0,0,9,0,0.4,35.5,commercial,product,True,False,False,False,False
https://www.dreamlab.id/produk/bodycare/whitening-soap/,/produk/bodycare/whitening-soap/,1,0,1,100,11.11,0.0,11.11,8.1,,,0,1,0,9,0,1,9,1,0.0,35.5,commercial,product,True,False,False,False,False
https://dreamlab.id/skala-bisnis-yang-lebih-mudah-dengan-jasa-maklon-kosmetik-5-keuntungan-yang-anda-dapatkan/,/skala-bisnis-yang-lebih-mudah-dengan-jasa-maklon-kosmetik-5-keuntungan-yang-anda-dapatkan/,0,0,0,,0.0,0.0,0.0,23.3,,,0,0,0,0,0,0,9,0,0.1,35.5,commercial,article,True,True,False,False,True
https://dreamlab.id/biaya-maklon-parfum-moq-kecil/#Apa_Saja_Syarat_dan_Fasilitas_Free_BPOM_untuk_Produk_Parfum,/biaya-maklon-parfum-moq-kecil/#Apa_Saja_Syarat_dan_Fasilitas_Free_BPOM_untuk_Produk_Parfum/,0,0,0,,0.0,0.0,0.0,8.4,10.0,-1.6,0,0,0,9,68,0,77,0,0.4,35.5,commercial,article,True,True,False,False,True
https://dreamlab.id/thankyou/google/,/thankyou/google/,0,0,0,,0.0,0.0,0.0,61.4,,,0,0,9,9,0,0,9,0,0.1,35.5,commercial,article,True,True,False,False,True
https://dreamlab.id/berapa-biaya-membuat-brand-serum/,/berapa-biaya-membuat-brand-serum/,1,0,1,100,11.11,0.0,11.11,7.3,,,0,1,8,9,0,1,9,1,0.0,35.5,commercial,article,True,True,False,False,True
https://dreamlab.id/maklon-kosmetik-tangerang-terpercaya/#Apa_Saja_yang_Dibuat_Brand_oleh_Dreamlab,/maklon-kosmetik-tangerang-terpercaya/#Apa_Saja_yang_Dibuat_Brand_oleh_Dreamlab/,0,0,0,,0.0,0.0,0.0,11.0,,,0,0,0,9,0,0,9,0,0.2,35.5,brand,service,True,False,False,False,False
https://www.dreamlab.id/maklon-body-care/sabun-batang/,/maklon-body-care/sabun-batang/,1,0,1,100,11.11,0.0,11.11,13.9,,,0,1,4,9,0,1,9,1,0.0,35.5,commercial,service,True,False,False,False,False
https://dreamlab.id/produk/skincare/micellar-cleansing-gel/,/produk/skincare/micellar-cleansing-gel/,0,0,0,,0.0,0.0,0.0,9.1,,,0,0,5,9,0,0,9,0,0.4,35.5,commercial,product,True,False,False,False,False
https://dreamlab.id/maklon-body-care/body-serum/,/maklon-body-care/body-serum/,0,0,0,,0.0,0.0,0.0,13.4,,,0,0,5,8,0,0,8,0,0.2,34.9,commercial,service,True,False,False,False,False
https://dreamlab.id/tag/maklon-kosmetik/page/2/,/tag/maklon-kosmetik/page/2/,0,0,0,,12.5,0.0,12.5,35.0,,,0,0,0,0,0,1,8,0,0.0,34.9,commercial,article,True,True,False,False,True
https://dreamlab.id/maklon-body-whitening-formula-juara/#Kategori_I_Agen_Pencerah_Utama_The_Whitening_Core,/maklon-body-whitening-formula-juara/#Kategori_I_Agen_Pencerah_Utama_The_Whitening_Core/,0,0,0,,0.0,0.0,0.0,10.5,9.3,1.2,0,0,0,0,3,0,8,0,0.2,34.9,commercial,service,True,False,False,False,False
https://dreamlab.id/maklon-body-whitening-formula-juara/#Mengapa_Pasar_Body_Whitening_Terus_Naik_Tajam,/maklon-body-whitening-formula-juara/#Mengapa_Pasar_Body_Whitening_Terus_Naik_Tajam/,0,0,0,,0.0,0.0,0.0,10.5,9.3,1.2,0,0,0,0,3,0,8,0,0.2,34.9,commercial,service,True,False,False,False,False
https://dreamlab.id/manfaat-maklon-kosmetik-bagi-pemilik-brand-kosmetik/,/manfaat-maklon-kosmetik-bagi-pemilik-brand-kosmetik/,0,0,0,,0.0,0.0,0.0,5.6,,,0,0,0,0,0,0,8,0,0.4,34.9,commercial,article,True,True,False,False,True
https://dreamlab.id/rincian-biaya-produksi-serum-wajah/,/rincian-biaya-produksi-serum-wajah/,0,0,0,,0.0,0.0,0.0,4.6,,,0,0,8,8,0,0,8,0,0.8,34.9,commercial,article,True,True,False,False,True
https://dreamlab.id/produk/decorative/make-up/face-primer/,/produk/decorative/make-up/face-primer/,0,0,0,,0.0,0.0,0.0,12.4,,,0,0,1,8,0,0,8,0,0.2,34.9,commercial,product,True,False,False,False,False
https://dreamlab.id/mengungkap-mitos-tentang-kualitas-produk-dalam-layanan-maklon-kosmetik/,/mengungkap-mitos-tentang-kualitas-produk-dalam-layanan-maklon-kosmetik/,0,0,0,,12.5,0.0,12.5,27.4,,,0,0,0,0,0,1,8,0,0.0,34.9,commercial,article,True,True,False,False,True
https://dreamlab.id/maklon-body-whitening-formula-juara/#10_Bahan_Aktif_Revolusioner_untuk_Formula_Body_Whitening_Sukses,/maklon-body-whitening-formula-juara/#10_Bahan_Aktif_Revolusioner_untuk_Formula_Body_Whitening_Sukses/,0,0,0,,0.0,0.0,0.0,10.5,9.3,1.2,0,0,0,0,3,0,8,0,0.2,34.9,commercial,service,True,False,False,False,False
https://www.dreamlab.id/produk/bodycare/bar-soap/,/produk/bodycare/bar-soap/,0,0,0,,0.0,0.0,0.0,22.2,,,0,0,0,8,0,0,8,0,0.1,34.9,commercial,product,True,False,False,False,False
https://dreamlab.id/academy-beautypreneur/,/academy-beautypreneur/,0,0,0,,12.5,0.0,12.5,3.4,4.2,-0.8,0,0,0,0,6,1,8,0,0.0,34.9,commercial,article,True,True,False,False,True
https://dreamlab.id/state-of-beauty-2025-tren-kecantikan-pertumbuhan-industri-kosmetik-perubahan-pasar/,/state-of-beauty-2025-tren-kecantikan-pertumbuhan-industri-kosmetik-perubahan-pasar/,6,13,-7,-53.8,1.37,1.0,0.37,9.6,7.2,2.3,1,2,20,439,1302,287,7269,-7,16.0,34.4,informational,article,False,True,False,False,True
https://dreamlab.id/maklon-skincare/facial-wash/,/maklon-skincare/facial-wash/,0,0,0,,0.0,0.0,0.0,17.3,,,0,0,2,7,0,0,7,0,0.2,34.3,commercial,service,True,False,False,False,False
https://dreamlab.id/maklon-parfum/body-mist/,/maklon-parfum/body-mist/,0,0,0,,0.0,0.0,0.0,11.9,,,0,0,0,7,0,0,7,0,0.2,34.3,commercial,service,True,False,False,False,False
https://www.dreamlab.id/produk/bodycare/shower-gel/,/produk/bodycare/shower-gel/,0,0,0,,0.0,0.0,0.0,28.6,,,0,0,0,7,0,0,7,0,0.1,34.3,commercial,product,True,False,False,False,False
https://dreamlab.id/produk/footcare/foot-spray/,/produk/footcare/foot-spray/,1,0,1,100,14.29,0.0,14.29,30.6,,,1,0,6,7,0,1,7,1,0.0,34.3,commercial,product,True,False,False,False,False
https://dreamlab.id/produk/footcare/foot-serum/,/produk/footcare/foot-serum/,1,0,1,100,14.29,0.0,14.29,8.9,,,1,0,6,7,0,1,7,1,0.0,34.3,commercial,product,True,False,False,False,False
https://dreamlab.id/menggali-esensi-keberhasilan-produk-panduan-lengkap-formulasi-kosmetik-dengan-maklon/,/menggali-esensi-keberhasilan-produk-panduan-lengkap-formulasi-kosmetik-dengan-maklon/,0,0,0,,14.29,0.0,14.29,5.1,,,0,0,0,0,0,1,7,0,0.0,34.3,commercial,article,True,True,False,False,True
https://dreamlab.id/category/dreamlabpedia/page/2/,/category/dreamlabpedia/page/2/,0,0,0,,0.0,0.0,0.0,26.3,,,0,0,0,7,0,0,7,0,0.1,34.3,brand,category,True,False,True,False,False
https://dreamlab.id/cari-maklon-kosmetik-di-gresik/,/cari-maklon-kosmetik-di-gresik/,3,0,3,100,42.86,0.0,42.86,15.6,,,3,0,7,7,0,3,7,3,0.0,34.3,commercial,article,True,True,False,False,True
https://dreamlab.id/produk/haircare/beard-serum/,/produk/haircare/beard-serum/,0,0,0,,0.0,0.0,0.0,55.4,,,0,0,6,7,0,0,7,0,0.1,34.3,commercial,product,True,False,False,False,False
https://dreamlab.id/maklon-decorative/,/maklon-decorative/,0,0,0,,0.0,0.0,0.0,48.6,,,0,0,2,7,0,0,7,0,0.1,34.3,commercial,service,True,False,False,False,False
https://dreamlab.id/maklon-hair-care/hair-gel/,/maklon-hair-care/hair-gel/,0,0,0,,0.0,0.0,0.0,17.1,,,0,0,2,7,0,0,7,0,0.2,34.3,commercial,service,True,False,False,False,False
https://dreamlab.id/maklon-decorative/makeup/mascara/,/maklon-decorative/makeup/mascara/,0,0,0,,0.0,0.0,0.0,6.4,,,0,0,7,7,0,0,7,0,0.4,34.3,commercial,service,True,False,False,False,False
https://dreamlab.id/maklon-bodycare-dreamlab-moq-fleksibel/#Tahapan_Alur_Maklon_Produk_BodyCare_di_Dreamlab,/maklon-bodycare-dreamlab-moq-fleksibel/#Tahapan_Alur_Maklon_Produk_BodyCare_di_Dreamlab/,0,0,0,,0.0,0.0,0.0,6.0,,,0,0,7,7,0,0,16,0,0.4,34.3,brand,service,True,False,False,False,False
https://dreamlab.id/maklon-bodycare-dreamlab-moq-fleksibel/#Pilihan_Bahan_Aktif_untuk_Produk_Perawatan_Tubuh,/maklon-bodycare-dreamlab-moq-fleksibel/#Pilihan_Bahan_Aktif_untuk_Produk_Perawatan_Tubuh/,0,0,0,,0.0,0.0,0.0,6.0,,,0,0,7,7,0,0,16,0,0.4,34.3,brand,service,True,False,False,False,False
https://dreamlab.id/maklon-bodycare-dreamlab-moq-fleksibel/#Berapa_MOQ_Body_Care_yang_Cocok_untuk_Pemula,/maklon-bodycare-dreamlab-moq-fleksibel/#Berapa_MOQ_Body_Care_yang_Cocok_untuk_Pemula/,0,0,0,,0.0,0.0,0.0,6.0,,,0,0,7,7,0,0,16,0,0.4,34.3,brand,service,True,False,False,False,False
https://www.dreamlab.id/maklon-body-care/sabun-antibakteri/,/maklon-body-care/sabun-antibakteri/,0,0,0,,0.0,0.0,0.0,5.1,,,0,0,5,7,0,0,7,0,0.4,34.3,commercial,service,True,False,False,False,False
https://dreamlab.id/jenis-hair-care-apa-saja-yang-bisa-dibuat-di-maklon-kosmetik/,/jenis-hair-care-apa-saja-yang-bisa-dibuat-di-maklon-kosmetik/,0,0,0,,0.0,0.0,0.0,8.0,,,0,0,0,0,0,0,7,0,0.4,34.3,commercial,article,True,True,False,False,True
https://dreamlab.id/maklon-bodycare-dreamlab-moq-fleksibel/#Trend_Produk_BodyCare_di_Pasar_Indonesia_Sekarang,/maklon-bodycare-dreamlab-moq-fleksibel/#Trend_Produk_BodyCare_di_Pasar_Indonesia_Sekarang/,0,0,0,,0.0,0.0,0.0,6.0,,,0,0,7,7,0,0,16,0,0.4,34.3,brand,service,True,False,False,False,False
https://dreamlab.id/maklon-bodycare-dreamlab-moq-fleksibel/#Frequently_Asked_Questions_FAQ,/maklon-bodycare-dreamlab-moq-fleksibel/#Frequently_Asked_Questions_FAQ/,0,0,0,,0.0,0.0,0.0,6.0,,,0,0,7,7,0,0,16,0,0.4,34.3,brand,service,True,False,False,False,False
https://dreamlab.id/maklon-bodycare-dreamlab-moq-fleksibel/#3_Produk_BodyCare_yang_Paling_Laris_di_Pasar_Indonesia_Saat_Ini,/maklon-bodycare-dreamlab-moq-fleksibel/#3_Produk_BodyCare_yang_Paling_Laris_di_Pasar_Indonesia_Saat_Ini/,0,0,0,,0.0,0.0,0.0,6.0,,,0,0,7,7,0,0,16,0,0.4,34.3,brand,service,True,False,False,False,False
https://dreamlab.id/atur%E2%80%91kosmetik%E2%80%91halal%E2%80%91dreamlab/,/atur%E2%80%91kosmetik%E2%80%91halal%E2%80%91dreamlab/,0,0,0,,0.24,0.0,0.24,8.8,,,0,0,0,0,0,1,411,0,19.6,34.1,brand,article,False,True,False,False,True
https://dreamlab.id/career/,/career/,25,12,13,108.3,7.84,6.35,1.49,7.8,11.5,-3.7,9,9,210,432,189,48,836,13,0.0,34.0,company,company_or_service,False,False,False,True,False
https://dreamlab.id/atur-kosmetik-halal-dreamlab/,/atur-kosmetik-halal-dreamlab/,3,4,-1,-25.0,0.74,0.72,0.03,10.1,8.9,1.2,0,3,53,403,557,8,1012,-1,7.1,33.8,brand,article,False,True,False,False,True
https://dreamlab.id/maklon-shampoo-psoriasis-formula-juara/,/maklon-shampoo-psoriasis-formula-juara/,0,0,0,,0.0,0.0,0.0,8.5,17.8,-9.3,0,0,4,6,103,0,279,0,0.3,33.6,commercial,service,True,False,False,False,False
https://dreamlab.id/cara-memasarkan-produk-kosmetik-maklon-dengan-efektif/,/cara-memasarkan-produk-kosmetik-maklon-dengan-efektif/,0,0,0,,0.0,0.0,0.0,7.7,,,0,0,0,0,0,0,6,0,0.3,33.6,commercial,article,True,True,False,False,True
https://dreamlab.id/maklon-kosmetik-jakarta-dreamlab-2026/#Data_Analisis_Ingredient_Viral_Tahun_2026,/maklon-kosmetik-jakarta-dreamlab-2026/#Data_Analisis_Ingredient_Viral_Tahun_2026/,0,0,0,,0.0,0.0,0.0,6.5,6.5,0.0,0,0,0,0,6,0,6,0,0.3,33.6,brand,service,True,False,False,False,False
https://dreamlab.id/maklon-kosmetik-jakarta-dreamlab-2026/#Mengapa_Bisnis_Kosmetik_Tetap_Menjadi_Primadona_di_2026,/maklon-kosmetik-jakarta-dreamlab-2026/#Mengapa_Bisnis_Kosmetik_Tetap_Menjadi_Primadona_di_2026/,0,0,0,,0.0,0.0,0.0,6.5,6.5,0.0,0,0,0,0,6,0,6,0,0.3,33.6,brand,service,True,False,False,False,False
https://dreamlab.id/maklon-kosmetik-jakarta-dreamlab-2026/#Berapa_Modal_Awal_Memulai_Brand_Kosmetik_Sendiri,/maklon-kosmetik-jakarta-dreamlab-2026/#Berapa_Modal_Awal_Memulai_Brand_Kosmetik_Sendiri/,0,0,0,,0.0,0.0,0.0,6.5,6.5,0.0,0,0,0,0,6,0,6,0,0.3,33.6,brand,service,True,False,False,False,False
https://dreamlab.id/produk/footcare/foot-anti-bacterial/,/produk/footcare/foot-anti-bacterial/,0,0,0,,0.0,0.0,0.0,16.5,,,0,0,4,6,0,0,6,0,0.2,33.6,commercial,product,True,False,False,False,False
https://www.dreamlab.id/produk/haircare/scalp-care/,/produk/haircare/scalp-care/,1,0,1,100,12.5,0.0,12.5,11.8,,,0,1,2,6,0,1,6,1,0.0,33.6,commercial,product,True,False,False,False,False
https://dreamlab.id/produk/skincare/face-cream/brightening-cream/,/produk/skincare/face-cream/brightening-cream/,0,0,0,,0.0,0.0,0.0,34.0,,,0,0,2,6,0,0,6,0,0.1,33.6,commercial,product,True,False,False,False,False
https://dreamlab.id/proses-pencampuran-dan-pengolahan-bahan-dalam-produksi-maklon-kosmetik-menciptakan-produk-kecantikan-berkualitas-tinggi/,/proses-pencampuran-dan-pengolahan-bahan-dalam-produksi-maklon-kosmetik-menciptakan-produk-kecantikan-berkualitas-tinggi/,0,0,0,,0.0,0.0,0.0,20.8,,,0,0,0,0,0,0,6,0,0.1,33.6,commercial,article,True,True,False,False,True
https://www.dreamlab.id/maklon-body-care/body-scrub/,/maklon-body-care/body-scrub/,0,0,0,,0.0,0.0,0.0,18.7,,,0,0,0,6,0,0,6,0,0.2,33.6,commercial,service,True,False,False,False,False
https://www.dreamlab.id/maklon-hair-care/hair-tonic/,/maklon-hair-care/hair-tonic/,0,0,0,,0.0,0.0,0.0,7.5,,,0,0,3,6,0,0,6,0,0.3,33.6,commercial,service,True,False,False,False,False
https://dreamlab.id/maklon-decorative/makeup/face-primer/,/maklon-decorative/makeup/face-primer/,0,0,0,,0.0,0.0,0.0,5.7,,,0,0,0,6,0,0,6,0,0.3,33.6,commercial,service,True,False,False,False,False
https://dreamlab.id/peran-vital-desain-kemasan-dalam-suksesnya-produk-kosmetik-mengapa-maklon-kosmetik-penting/,/peran-vital-desain-kemasan-dalam-suksesnya-produk-kosmetik-mengapa-maklon-kosmetik-penting/,0,0,0,,0.0,0.0,0.0,9.2,,,0,0,0,0,0,0,6,0,0.3,33.6,commercial,article,True,True,False,False,True
https://dreamlab.id/maklon-body-care/body-butter/,/maklon-body-care/body-butter/,0,0,0,,0.0,0.0,0.0,9.4,,,0,0,0,6,0,0,6,0,0.3,33.6,commercial,service,True,False,False,False,False
https://dreamlab.id/maklon-decorative/lip-care/lip-blush/,/maklon-decorative/lip-care/lip-blush/,0,0,0,,0.0,0.0,0.0,10.0,,,0,0,6,6,0,0,6,0,0.3,33.6,commercial,service,True,False,False,False,False
https://dreamlab.id/pentingnya-labeling-dan-peraturan-dalam-industri-kosmetik/,/pentingnya-labeling-dan-peraturan-dalam-industri-kosmetik/,0,0,0,,0.0,0.0,0.0,5.8,,,0,0,0,0,0,0,6,0,0.3,33.6,commercial,article,True,True,False,False,True
https://dreamlab.id/panduan-persentase-manfaat-niacinamide-skincare/,/panduan-persentase-manfaat-niacinamide-skincare/,1,0,1,100,0.14,0.0,0.14,7.4,9.7,-2.3,0,0,48,366,33,1,399,1,17.8,33.6,informational,article,False,True,False,False,True
https://dreamlab.id/maklon-foot-care/foot-serum/,/maklon-foot-care/foot-serum/,0,0,0,,0.0,0.0,0.0,12.1,,,0,0,0,6,0,0,6,0,0.2,33.6,commercial,service,True,False,False,False,False
https://dreamlab.id/atur%E2%80%91kosmetik%E2%80%91halal%E2%80%912026%E2%80%91dreamlab/,/atur%E2%80%91kosmetik%E2%80%91halal%E2%80%912026%E2%80%91dreamlab/,0,0,0,,0.29,0.0,0.29,9.2,,,0,0,0,0,0,1,347,0,16.3,33.3,brand,article,False,True,False,False,True
https://www.dreamlab.id/maklon-skincare/day-night-cream/,/maklon-skincare/day-night-cream/,0,0,0,,0.0,0.0,0.0,7.4,,,0,0,0,5,0,0,5,0,0.2,32.7,commercial,service,True,False,False,False,False
https://dreamlab.id/veganisme-dalam-dandanan-melihat-penggunaan-bahan-vegan-dalam-produk-makeup/,/veganisme-dalam-dandanan-melihat-penggunaan-bahan-vegan-dalam-produk-makeup/,0,0,0,,0.0,0.0,0.0,29.6,,,0,0,0,0,0,0,5,0,0.1,32.7,commercial,article,True,True,False,False,True
https://dreamlab.id/maklon-decorative/lip-care/lip-gloss/,/maklon-decorative/lip-care/lip-gloss/,0,0,0,,0.0,0.0,0.0,5.5,,,0,0,2,5,0,0,5,0,0.2,32.7,commercial,service,True,False,False,False,False
https://dreamlab.id/jenis-jenis-fragrance-yang-bisa-dibuat-di-maklon-kosmetik/,/jenis-jenis-fragrance-yang-bisa-dibuat-di-maklon-kosmetik/,0,0,0,,0.0,0.0,0.0,6.0,,,0,0,0,0,0,0,5,0,0.2,32.7,commercial,article,True,True,False,False,True
https://dreamlab.id/keberlanjutan-dalam-produksi-kosmetik-maklon-efisiensi-energi-dan-limbah/,/keberlanjutan-dalam-produksi-kosmetik-maklon-efisiensi-energi-dan-limbah/,0,0,0,,0.0,0.0,0.0,4.8,,,0,0,0,0,0,0,5,0,0.5,32.7,commercial,article,True,True,False,False,True
https://dreamlab.id/pemahaman-terhadap-label-produk-yang-teregulasi-bpom/,/pemahaman-terhadap-label-produk-yang-teregulasi-bpom/,0,0,0,,0.0,0.0,0.0,10.4,,,0,0,0,0,0,0,5,0,0.1,32.7,commercial,article,True,True,False,False,True
https://dreamlab.id/produk/bodycare/bath-salt/,/produk/bodycare/bath-salt/,0,0,0,,0.0,0.0,0.0,27.5,,,0,0,1,5,0,0,5,0,0.1,32.7,commercial,product,True,False,False,False,False
https://dreamlab.id/menjadi-brand-ambassador-produk-skincare-langkah-sukses-untuk-wanita-karir-2/,/menjadi-brand-ambassador-produk-skincare-langkah-sukses-untuk-wanita-karir-2/,0,0,0,,0.0,0.0,0.0,4.6,,,0,0,0,0,0,0,5,0,0.5,32.7,commercial,article,True,True,False,False,True
https://dreamlab.id/produk/skincare/facial-toner/brightening-facial-toner/,/produk/skincare/facial-toner/brightening-facial-toner/,0,0,0,,0.0,0.0,0.0,15.2,,,0,0,3,5,0,0,5,0,0.1,32.7,commercial,product,True,False,False,False,False
https://dreamlab.id/produk/skincare/facial-moisturizer/,/produk/skincare/facial-moisturizer/,0,0,0,,0.0,0.0,0.0,23.2,,,0,0,5,5,0,0,5,0,0.1,32.7,commercial,product,True,False,False,False,False
https://dreamlab.id/berinvestasi-dalam-penelitian-dan-pengembangan-kunci-sukses-produk-kosmetik/,/berinvestasi-dalam-penelitian-dan-pengembangan-kunci-sukses-produk-kosmetik/,0,0,0,,0.0,0.0,0.0,4.8,,,0,0,0,0,0,0,5,0,0.5,32.7,commercial,article,True,True,False,False,True
https://dreamlab.id/produk/decorative/lipcare/tinted-lip-balm/,/produk/decorative/lipcare/tinted-lip-balm/,0,0,0,,0.0,0.0,0.0,11.0,,,0,0,1,5,0,0,5,0,0.1,32.7,commercial,product,True,False,False,False,False
https://www.dreamlab.id/produk/bodycare/transparent-soap/,/produk/bodycare/transparent-soap/,0,0,0,,0.0,0.0,0.0,6.8,,,0,0,0,5,0,0,5,0,0.2,32.7,commercial,product,True,False,False,False,False
https://dreamlab.id/pentingnya-memperhatikan-kualitas-bahan-baku-dalam-maklon-kosmetik/,/pentingnya-memperhatikan-kualitas-bahan-baku-dalam-maklon-kosmetik/,0,0,0,,0.0,0.0,0.0,10.0,,,0,0,0,0,0,0,5,0,0.2,32.7,commercial,article,True,True,False,False,True
https://dreamlab.id/maklon-decorative/makeup/liquid-blush/,/maklon-decorative/makeup/liquid-blush/,0,0,0,,0.0,0.0,0.0,12.5,,,0,0,0,5,0,0,5,0,0.1,32.7,commercial,service,True,False,False,False,False
https://dreamlab.id/proses-labeling-dan-penyimpanan-produk-kosmetik-menjaga-kualitas-dan-keamanan/,/proses-labeling-dan-penyimpanan-produk-kosmetik-menjaga-kualitas-dan-keamanan/,0,0,0,,0.0,0.0,0.0,5.4,,,0,0,0,0,0,0,5,0,0.2,32.7,commercial,article,True,True,False,False,True
https://dreamlab.id/rahasia-keberhasilan-produk-kosmetik-membahas-formulasi-yang-efektif-bersama-jasa-maklon/,/rahasia-keberhasilan-produk-kosmetik-membahas-formulasi-yang-efektif-bersama-jasa-maklon/,0,0,0,,20.0,0.0,20.0,14.2,,,0,0,0,0,0,1,5,0,0.0,32.7,commercial,article,True,True,False,False,True
https://dreamlab.id/berapa-moq-maklon-skincare-di-dreamlab-ini-fakta-penting-untuk-pebisnis-pemula/,/berapa-moq-maklon-skincare-di-dreamlab-ini-fakta-penting-untuk-pebisnis-pemula/,7,1,6,600.0,2.25,0.66,1.59,9.8,11.7,-2.0,1,4,39,311,152,15,1124,6,8.6,32.6,brand,article,False,True,False,False,True
https://dreamlab.id/jenis-vitamin-c-whitening-terbaik/,/jenis-vitamin-c-whitening-terbaik/,5,0,5,100,0.82,0.0,0.82,14.4,6.2,8.3,3,2,207,307,97,5,404,5,5.2,32.5,informational,article,False,True,False,False,True
https://dreamlab.id/perbedaan-moisturizer-gel-vs-cream/#Moisturizer_Cream_dan_Moisturizer_Gel,/perbedaan-moisturizer-gel-vs-cream/#Moisturizer_Cream_dan_Moisturizer_Gel/,0,0,0,,0.0,0.0,0.0,7.3,9.8,-2.5,0,0,151,287,55,0,446,0,14.4,32.3,informational,article,False,True,False,False,True
https://dreamlab.id/trend-body-care-2025-produk-viral-tiktok-shopee-dreamlab-maklon-kosmetik/,/trend-body-care-2025-produk-viral-tiktok-shopee-dreamlab-maklon-kosmetik/,6,5,1,20.0,6.43,1.53,4.9,8.8,6.6,2.2,1,2,86,294,326,83,3790,1,0.0,32.2,brand,article,False,True,False,False,True
https://dreamlab.id/tren-terkini-kosmetik-organik-untuk-pria-dan-wanita/,/tren-terkini-kosmetik-organik-untuk-pria-dan-wanita/,0,0,0,,0.35,0.0,0.35,61.6,,,0,0,0,0,0,1,289,0,2.5,32.1,informational,article,False,True,False,False,True
https://dreamlab.id/cara-membuat-lulur-ampas-kopi/,/cara-membuat-lulur-ampas-kopi/,0,0,0,,0.0,0.0,0.0,10.0,6.2,3.8,0,0,135,256,192,0,448,0,12.8,31.7,informational,article,False,True,False,False,True
https://dreamlab.id/jenis-packaging-box-parfum/,/jenis-packaging-box-parfum/,4,2,2,100.0,0.83,1.0,-0.17,3.9,7.5,-3.5,1,2,81,242,201,6,443,2,22.2,31.7,informational,article,False,True,False,False,True
https://dreamlab.id/pentingnya-mesin-pengaduk-dalam-produksi-maklon-kosmetik-meningkatkan-kualitas-produk/,/pentingnya-mesin-pengaduk-dalam-produksi-maklon-kosmetik-meningkatkan-kualitas-produk/,0,0,0,,0.0,0.0,0.0,9.2,,,0,0,0,0,0,0,4,0,0.2,31.6,commercial,article,True,True,False,False,True
https://dreamlab.id/maklon-body-whitening-formula-juara/#Kategori_II_Pelembap_Perbaikan_Skin_Barrier,/maklon-body-whitening-formula-juara/#Kategori_II_Pelembap_Perbaikan_Skin_Barrier/,0,0,0,,0.0,0.0,0.0,10.8,9.0,1.8,0,0,0,0,1,0,4,0,0.1,31.6,commercial,service,True,False,False,False,False
https://dreamlab.id/maklon-foot-care/foot-cream/,/maklon-foot-care/foot-cream/,0,0,0,,0.0,0.0,0.0,31.8,,,0,0,4,4,0,0,4,0,0.0,31.6,commercial,service,True,False,False,False,False
https://dreamlab.id/pentingnya-pemenuhan-regulasi-bpom-dalam-produksi-kosmetik/,/pentingnya-pemenuhan-regulasi-bpom-dalam-produksi-kosmetik/,0,0,0,,0.0,0.0,0.0,5.5,,,0,0,0,0,0,0,4,0,0.2,31.6,commercial,article,True,True,False,False,True
https://www.dreamlab.id/maklon-decorative/lip-care/lip-balm/,/maklon-decorative/lip-care/lip-balm/,0,0,0,,0.0,0.0,0.0,29.5,,,0,0,2,4,0,0,4,0,0.0,31.6,commercial,service,True,False,False,False,False
https://www.dreamlab.id/maklon-parfum/minyak-atsiri/,/maklon-parfum/minyak-atsiri/,1,0,1,100,25.0,0.0,25.0,8.0,,,1,0,2,4,0,1,4,1,0.0,31.6,commercial,service,True,False,False,False,False
https://dreamlab.id/inovasi-produk-kosmetik-peran-maklon-dalam-pengembangan-formula-baru/,/inovasi-produk-kosmetik-peran-maklon-dalam-pengembangan-formula-baru/,0,0,0,,0.0,0.0,0.0,14.2,,,0,0,0,0,0,0,4,0,0.1,31.6,commercial,article,True,True,False,False,True
https://dreamlab.id/maklon-hairmist/#Proses_Maklon_Hair_Mist_dan_Haircare_di_Dreamlab,/maklon-hairmist/#Proses_Maklon_Hair_Mist_dan_Haircare_di_Dreamlab/,0,0,0,,0.0,0.0,0.0,5.5,5.5,0.0,0,0,1,4,4,0,8,0,0.2,31.6,brand,service,True,False,False,False,False
https://dreamlab.id/produk/footcare/foot-scrub/,/produk/footcare/foot-scrub/,0,0,0,,0.0,0.0,0.0,14.2,,,0,0,4,4,0,0,4,0,0.1,31.6,commercial,product,True,False,False,False,False
https://dreamlab.id/maklon-jakarta-terbaik/#Kenapa_Kamu_Harus_Memilih_Dreamlab_Sebagai_Maklon_Kamu,/maklon-jakarta-terbaik/#Kenapa_Kamu_Harus_Memilih_Dreamlab_Sebagai_Maklon_Kamu/,0,0,0,,0.0,0.0,0.0,8.5,10.4,-1.8,0,0,0,4,20,0,24,0,0.2,31.6,brand,service,True,False,False,False,False
https://www.dreamlab.id/maklon-decorative/lip-care/,/maklon-decorative/lip-care/,0,0,0,,0.0,0.0,0.0,49.8,,,0,0,1,4,0,0,4,0,0.0,31.6,commercial,service,True,False,False,False,False
https://dreamlab.id/lulur-vs-hb-dosting/#Perbandingan_Lulur_vs_HB_Dosting,/lulur-vs-hb-dosting/#Perbandingan_Lulur_vs_HB_Dosting/,0,0,0,,0.0,0.0,0.0,8.2,,,0,0,4,4,0,0,4,0,0.2,31.6,commercial,article,True,True,False,False,True
https://dreamlab.id/pabrik-shampoo-merek-sendiri/#Apa_Saja_yang_Bisa_Dibuat_di_Dreamlab,/pabrik-shampoo-merek-sendiri/#Apa_Saja_yang_Bisa_Dibuat_di_Dreamlab/,0,0,0,,0.0,0.0,0.0,11.0,,,0,0,4,4,0,0,4,0,0.1,31.6,brand,service_landing,True,False,False,True,False
https://dreamlab.id/maklon-body-whitening-formula-juara/#Kategori_III_Eksfoliasi_Lembut_Anti-Aging,/maklon-body-whitening-formula-juara/#Kategori_III_Eksfoliasi_Lembut_Anti-Aging/,0,0,0,,0.0,0.0,0.0,10.8,9.0,1.8,0,0,0,0,1,0,4,0,0.1,31.6,commercial,service,True,False,False,False,False
https://dreamlab.id/maklon-jakarta-terbaik/#Kenapa_Harus_Produksi_Skincare_Kamu_di_Pabrik_CPKB,/maklon-jakarta-terbaik/#Kenapa_Harus_Produksi_Skincare_Kamu_di_Pabrik_CPKB/,0,0,0,,0.0,0.0,0.0,8.5,10.9,-2.4,0,0,0,4,14,0,18,0,0.2,31.6,commercial,service,True,False,False,False,False
https://dreamlab.id/maklon-parfum-jakarta/#Keunggulan_Pabrik_Parfum_Dreamlab_sebagai_Partner,/maklon-parfum-jakarta/#Keunggulan_Pabrik_Parfum_Dreamlab_sebagai_Partner/,0,0,0,,0.0,0.0,0.0,3.0,3.0,0.0,0,0,0,0,4,0,4,0,0.7,31.6,brand,service,True,False,False,False,False
https://dreamlab.id/bisnis-kosmetik-dari-nol/,/bisnis-kosmetik-dari-nol/,0,1,-1,-100.0,0.0,4.76,-4.76,6.0,8.4,-2.4,0,0,0,4,21,2,367,-1,0.2,31.6,commercial,article,True,True,False,False,True
https://dreamlab.id/author/admin/page/2/,/author/admin/page/2/,0,0,0,,0.0,0.0,0.0,8.2,,,0,0,3,4,0,0,4,0,0.2,31.6,commercial,article,True,True,False,False,True
https://www.dreamlab.id/produk/skincare/facial-serum/serum-gel/,/produk/skincare/facial-serum/serum-gel/,1,0,1,100,25.0,0.0,25.0,10.5,,,0,1,0,4,0,1,4,1,0.0,31.6,commercial,product,True,False,False,False,False
https://dreamlab.id/rahasia-sukses-maklon-kosmetik-formulas-yang-menjanjikan-hasil-optimal/,/rahasia-sukses-maklon-kosmetik-formulas-yang-menjanjikan-hasil-optimal/,0,0,0,,0.0,0.0,0.0,7.2,,,0,0,0,0,0,0,4,0,0.2,31.6,commercial,article,True,True,False,False,True
https://dreamlab.id/cms_block_cat/pop-up-form/,/cms_block_cat/pop-up-form/,0,0,0,,0.0,0.0,0.0,9.8,9.7,0.1,0,0,0,0,3,0,4,0,0.2,31.6,commercial,article,True,True,False,False,True
https://www.dreamlab.id/produk/pkrt/bar-soap-pkrt/,/produk/pkrt/bar-soap-pkrt/,0,0,0,,0.0,0.0,0.0,5.5,,,0,0,3,4,0,0,4,0,0.2,31.6,commercial,product,True,False,False,False,False
https://dreamlab.id/pabrik-shampoo-merek-sendiri/#Dreamlab_Partner_untuk_Brand_Haircare_Anda,/pabrik-shampoo-merek-sendiri/#Dreamlab_Partner_untuk_Brand_Haircare_Anda/,0,0,0,,0.0,0.0,0.0,11.0,,,0,0,4,4,0,0,4,0,0.1,31.6,brand,service_landing,True,False,False,True,False
https://dreamlab.id/keamanan-bahan-baku-kosmetik-sumber-pemilihan-dan-pengawasan/,/keamanan-bahan-baku-kosmetik-sumber-pemilihan-dan-pengawasan/,0,0,0,,0.0,0.0,0.0,6.2,,,0,0,0,0,0,0,4,0,0.2,31.6,commercial,article,True,True,False,False,True
https://dreamlab.id/jasa-maklon-kosmetik-di-jember/,/jasa-maklon-kosmetik-di-jember/,2,0,2,100,50.0,0.0,50.0,2.0,,,2,0,4,4,0,2,4,2,0.0,31.6,commercial,service_landing,True,False,False,True,False
https://dreamlab.id/pabrik-shampoo-merek-sendiri/#Langkah-Langkah_Memulai_Produksi_di_Dreamlab,/pabrik-shampoo-merek-sendiri/#Langkah-Langkah_Memulai_Produksi_di_Dreamlab/,0,0,0,,0.0,0.0,0.0,11.0,,,0,0,4,4,0,0,4,0,0.1,31.6,brand,service_landing,True,False,False,True,False
https://dreamlab.id/pabrik-shampoo-merek-sendiri/#Kelebihan_Menggunakan_Jasa_Maklon_Shampoo_untuk_Merek_Sendiri,/pabrik-shampoo-merek-sendiri/#Kelebihan_Menggunakan_Jasa_Maklon_Shampoo_untuk_Merek_Sendiri/,0,0,0,,0.0,0.0,0.0,11.0,,,0,0,4,4,0,0,4,0,0.1,31.6,commercial,service_landing,True,False,False,True,False
https://dreamlab.id/cara-meracik-handbody-pemutih-alami/#Panduan_Cara_Meracik_Handbody_Pemutih_Kulit_DIY,/cara-meracik-handbody-pemutih-alami/#Panduan_Cara_Meracik_Handbody_Pemutih_Kulit_DIY/,0,0,0,,0.0,0.0,0.0,8.5,,,0,0,0,220,0,0,220,0,11.0,31.0,informational,article,False,True,False,False,True
https://dreamlab.id/cara-meracik-handbody-pemutih-alami/#Manfaat_Nyata_Kandungan_Alami_untuk_Kulit,/cara-meracik-handbody-pemutih-alami/#Manfaat_Nyata_Kandungan_Alami_untuk_Kulit/,0,0,0,,0.0,0.0,0.0,8.5,,,0,0,0,220,0,0,220,0,11.0,31.0,informational,article,False,True,False,False,True
https://dreamlab.id/produk/decorative/make-up/cream-blush/,/produk/decorative/make-up/cream-blush/,0,0,0,,0.0,0.0,0.0,10.0,,,0,0,2,3,0,0,3,0,0.2,30.3,commercial,product,True,False,False,False,False
https://dreamlab.id/pentingnya-uji-pengujian-dan-verifikasi-produk-kosmetik/,/pentingnya-uji-pengujian-dan-verifikasi-produk-kosmetik/,0,0,0,,0.0,0.0,0.0,3.7,,,0,0,0,0,0,0,3,0,0.3,30.3,commercial,article,True,True,False,False,True
https://dreamlab.id/maklon-decorative/makeup/bb-cream/,/maklon-decorative/makeup/bb-cream/,0,0,0,,0.0,0.0,0.0,10.0,,,0,0,1,3,0,0,3,0,0.2,30.3,commercial,service,True,False,False,False,False
https://dreamlab.id/author/admin/page/8/,/author/admin/page/8/,0,0,0,,0.0,0.0,0.0,5.7,23.5,-17.8,0,0,0,3,2,0,5,0,0.2,30.3,commercial,article,True,True,False,False,True
https://dreamlab.id/strategi-tiktok-shop-campaign-gratis/#Frequently_Asked_Questions_FAQ,/strategi-tiktok-shop-campaign-gratis/#Frequently_Asked_Questions_FAQ/,0,0,0,,0.0,0.0,0.0,6.0,,,0,0,0,0,0,0,3,0,0.2,30.3,commercial,article,True,True,False,False,True
https://dreamlab.id/strategi-tiktok-shop-campaign-gratis/#Campaign_Gratis_TikTok_Shop_yang_Bisa_Diikuti,/strategi-tiktok-shop-campaign-gratis/#Campaign_Gratis_TikTok_Shop_yang_Bisa_Diikuti/,0,0,0,,0.0,0.0,0.0,6.0,,,0,0,0,0,0,0,3,0,0.2,30.3,commercial,article,True,True,False,False,True
https://dreamlab.id/aspek-keberlanjutan-dalam-produksi-kosmetik-maklon/,/aspek-keberlanjutan-dalam-produksi-kosmetik-maklon/,0,0,0,,0.0,0.0,0.0,7.7,,,0,0,0,0,0,0,3,0,0.2,30.3,commercial,article,True,True,False,False,True
https://dreamlab.id/cara-buat-parfum-sendiri-dengan-maklon/#Anatomi_Parfum_Yang_Wajib_Kamu_Pahami,/cara-buat-parfum-sendiri-dengan-maklon/#Anatomi_Parfum_Yang_Wajib_Kamu_Pahami/,0,0,0,,0.0,0.0,0.0,8.7,,,0,0,0,3,0,0,3,0,0.2,30.3,commercial,article,True,True,False,False,True
https://dreamlab.id/cara-buat-parfum-sendiri-dengan-maklon/#Konsentrasi_Parfum_Menentukan_Kekuatan_dan_Value_Produkmu,/cara-buat-parfum-sendiri-dengan-maklon/#Konsentrasi_Parfum_Menentukan_Kekuatan_dan_Value_Produkmu/,0,0,0,,0.0,0.0,0.0,8.7,,,0,0,0,3,0,0,3,0,0.2,30.3,commercial,article,True,True,False,False,True
https://dreamlab.id/apakah-semua-produk-cocok-untuk-maklon-kosmetik-mitos-atau-kenyataan/,/apakah-semua-produk-cocok-untuk-maklon-kosmetik-mitos-atau-kenyataan/,0,0,0,,0.0,0.0,0.0,7.3,,,0,0,0,0,0,0,3,0,0.2,30.3,commercial,article,True,True,False,False,True
https://dreamlab.id/strategi-tiktok-shop-campaign-gratis/#Optimalkan_Konten_untuk_FYP,/strategi-tiktok-shop-campaign-gratis/#Optimalkan_Konten_untuk_FYP/,0,0,0,,0.0,0.0,0.0,6.0,,,0,0,0,0,0,0,3,0,0.2,30.3,commercial,article,True,True,False,False,True
https://dreamlab.id/maklon-foot-care/foot-scrub/,/maklon-foot-care/foot-scrub/,0,0,0,,0.0,0.0,0.0,5.3,,,0,0,2,3,0,0,3,0,0.2,30.3,commercial,service,True,False,False,False,False
https://dreamlab.id/maklon-hairmist/#Apa_Itu_Maklon_Hair_Mist_dan_Haircare,/maklon-hairmist/#Apa_Itu_Maklon_Hair_Mist_dan_Haircare/,0,0,0,,0.0,0.0,0.0,3.3,5.5,-2.2,0,0,1,3,4,0,7,0,0.3,30.3,commercial,service,True,False,False,False,False
https://dreamlab.id/mesin-etiket-dan-kemasan-otomatis-meningkatkan-efisiensi-dan-presisi-dalam-maklon-kosmetik/,/mesin-etiket-dan-kemasan-otomatis-meningkatkan-efisiensi-dan-presisi-dalam-maklon-kosmetik/,0,0,0,,0.0,0.0,0.0,8.0,,,0,0,0,0,0,0,3,0,0.2,30.3,commercial,article,True,True,False,False,True
https://dreamlab.id/maklon-skincare/,/maklon-skincare/,0,0,0,,0.0,0.0,0.0,9.0,,,0,0,3,3,0,0,3,0,0.2,30.3,commercial,service,True,False,False,False,False
https://dreamlab.id/maklon-hair-care/scalp-care/,/maklon-hair-care/scalp-care/,0,0,0,,0.0,0.0,0.0,72.5,,,0,0,0,3,0,0,3,0,0.0,30.2,commercial,service,True,False,False,False,False
https://dreamlab.id/langkah-langkah-pendaftaran-produk-kosmetik-di-bpom/,/langkah-langkah-pendaftaran-produk-kosmetik-di-bpom/,0,0,0,,0.0,0.0,0.0,59.7,,,0,0,0,0,0,0,3,0,0.0,30.2,commercial,article,True,True,False,False,True
https://dreamlab.id/peran-teknologi-dalam-produksi-kosmetik-maklon/,/peran-teknologi-dalam-produksi-kosmetik-maklon/,0,0,0,,33.33,0.0,33.33,4.3,,,0,0,0,0,0,1,3,0,0.0,30.2,commercial,article,True,True,False,False,True
https://dreamlab.id/maklon-hair-care/pomade/,/maklon-hair-care/pomade/,1,0,1,100,25.0,0.0,25.0,31.5,,,1,0,2,3,0,1,3,1,0.0,30.2,commercial,service,True,False,False,False,False
https://dreamlab.id/panduan/komponen-biaya-maklon-skincare/,/panduan/komponen-biaya-maklon-skincare/,0,0,0,,0.0,0.0,0.0,19.7,,,0,0,3,3,0,0,3,0,0.1,30.2,commercial,article,True,True,False,False,True
https://dreamlab.id/panduan/cara-menentukan-moq-produk-kosmetik/,/panduan/cara-menentukan-moq-produk-kosmetik/,0,0,0,,0.0,0.0,0.0,28.7,,,0,0,3,3,0,0,3,0,0.0,30.2,commercial,article,True,True,False,False,True
https://www.dreamlab.id/maklon-skincare/serum-wajah/,/maklon-skincare/serum-wajah/,0,0,0,,0.0,0.0,0.0,13.3,,,0,0,2,3,0,0,3,0,0.1,30.2,commercial,service,True,False,False,False,False
https://www.dreamlab.id/maklon-decorative/lip-care/lip-matte/,/maklon-decorative/lip-care/lip-matte/,0,0,0,,0.0,0.0,0.0,90.3,,,0,0,0,3,0,0,3,0,0.0,30.2,commercial,service,True,False,False,False,False
https://dreamlab.id/maklon-decorative/lip-care/lip-serum/,/maklon-decorative/lip-care/lip-serum/,0,0,0,,0.0,0.0,0.0,11.2,,,0,0,2,3,0,0,3,0,0.1,30.2,commercial,service,True,False,False,False,False
https://www.dreamlab.id/ads/thankyou/metaads/?source=meta-parfum,/ads/thankyou/metaads/?source=meta-parfum/,0,0,0,,0.0,0.0,0.0,74.0,,,0,0,0,3,0,0,3,0,0.0,30.2,commercial,article,True,True,False,False,True
https://dreamlab.id/inovasi-berkelanjutan-kombinasi-bahan-organik-dengan-teknologi-ramah-lingkungan/?nonamp=1,/inovasi-berkelanjutan-kombinasi-bahan-organik-dengan-teknologi-ramah-lingkungan/?nonamp=1/,0,0,0,,0.0,0.0,0.0,26.7,,,0,0,0,0,0,0,3,0,0.0,30.2,commercial,article,True,True,False,False,True
https://dreamlab.id/thankyoupage-google/,/thankyoupage-google/,0,0,0,,0.0,0.0,0.0,92.3,,,0,0,0,3,0,0,3,0,0.0,30.2,commercial,article,True,True,False,False,True
https://dreamlab.id/produk/footcare/foot-soak/,/produk/footcare/foot-soak/,1,0,1,100,33.33,0.0,33.33,4.7,,,0,1,2,3,0,1,3,1,0.0,30.2,commercial,product,True,False,False,False,False
https://www.dreamlab.id/produk/bodycare/massage-oil/,/produk/bodycare/massage-oil/,1,0,1,100,33.33,0.0,33.33,1.3,,,0,1,2,3,0,1,3,1,0.0,30.2,commercial,product,True,False,False,False,False
https://dreamlab.id/produk/bodycare/deodorant-balm/,/produk/bodycare/deodorant-balm/,1,0,1,100,33.33,0.0,33.33,4.0,,,1,0,3,3,0,1,3,1,0.0,30.2,commercial,product,True,False,False,False,False
https://dreamlab.id/teknologi-dan-bahan-organik-menggabungkan-kedua-dunia-dalam-produk-perawatan-kulit/,/teknologi-dan-bahan-organik-menggabungkan-kedua-dunia-dalam-produk-perawatan-kulit/,0,0,0,,0.0,0.0,0.0,26.3,,,0,0,0,0,0,0,3,0,0.0,30.2,commercial,article,True,True,False,False,True
https://dreamlab.id/produk/skincare/moisturizing-cream/,/produk/skincare/moisturizing-cream/,0,0,0,,0.0,0.0,0.0,15.3,,,0,0,0,3,0,0,3,0,0.1,30.2,commercial,product,True,False,False,False,False
https://dreamlab.id/skincare-natural-bali-pasar-internasional/,/skincare-natural-bali-pasar-internasional/,4,2,2,100.0,2.11,1.67,0.44,10.3,14.6,-4.3,2,2,53,190,120,8,458,2,0.7,30.1,local,article,False,True,False,False,True
https://dreamlab.id/cara-personal-banding/,/cara-personal-banding/,1,1,0,0.0,0.6,0.45,0.15,8.6,7.0,1.6,1,0,34,168,224,5,826,0,7.4,29.6,informational,article,False,True,False,False,True
https://dreamlab.id/perbedaan-micellar-water-dan-toner/,/perbedaan-micellar-water-dan-toner/,0,0,0,,0.0,0.0,0.0,24.6,28.9,-4.2,0,0,102,148,236,0,694,0,1.8,28.9,informational,article,False,True,False,False,True
https://dreamlab.id/glycerin-bahan-skincare-yang-naik-daun-dan-cocok-untuk-semua-jenis-kulit/,/glycerin-bahan-skincare-yang-naik-daun-dan-cocok-untuk-semua-jenis-kulit/,0,0,0,,0.0,0.0,0.0,26.8,38.7,-11.8,0,0,2,146,330,0,947,0,1.8,28.8,informational,article,False,True,False,False,True
https://dreamlab.id/foot-care-produk-peluang-bisnis-maklon-dreamlab/,/foot-care-produk-peluang-bisnis-maklon-dreamlab/,2,0,2,100,0.93,0.0,0.93,12.3,35.3,-23.0,0,1,3,142,11,2,153,2,2.2,28.7,brand,article,False,True,False,False,True
https://dreamlab.id/tentang-dreamlab/,/tentang-dreamlab/,0,0,0,,0.0,0.0,0.0,7.9,,,0,0,0,0,0,0,132,0,6.6,28.5,brand,article,False,True,False,False,True
https://dreamlab.id/maklon-parfum-anak-custom-aroma/#Jenis_Parfum_Baby_Cologne_yang_Bisa_Kamu_Buat,/maklon-parfum-anak-custom-aroma/#Jenis_Parfum_Baby_Cologne_yang_Bisa_Kamu_Buat/,0,0,0,,0.0,0.0,0.0,5.0,3.0,2.0,0,0,0,2,2,0,4,0,0.2,28.3,commercial,service,True,False,False,False,False
https://www.dreamlab.id/maklon-decorative/lip-care/tinted-lip-balm/,/maklon-decorative/lip-care/tinted-lip-balm/,0,0,0,,0.0,0.0,0.0,55.5,,,0,0,0,2,0,0,2,0,0.0,28.3,commercial,service,True,False,False,False,False
https://dreamlab.id/produk/bodycare/body-oil/,/produk/bodycare/body-oil/,0,0,0,,0.0,0.0,0.0,8.0,,,0,0,2,2,0,0,2,0,0.1,28.3,commercial,product,True,False,False,False,False
https://www.dreamlab.id/maklon-parfum/extrait-de-parfum/,/maklon-parfum/extrait-de-parfum/,0,0,0,,0.0,0.0,0.0,8.0,,,0,0,0,2,0,0,2,0,0.1,28.3,commercial,service,True,False,False,False,False
https://www.dreamlab.id/produk/skincare/facial-toner/moisturizing-facial-toner/,/produk/skincare/facial-toner/moisturizing-facial-toner/,0,0,0,,0.0,0.0,0.0,7.0,,,0,0,2,2,0,0,2,0,0.1,28.3,commercial,product,True,False,False,False,False
https://dreamlab.id/moq-maklon-kosmetik/,/moq-maklon-kosmetik/,0,0,0,,0.0,0.0,0.0,7.5,,,0,0,2,2,0,0,2,0,0.1,28.3,commercial,article,True,True,False,False,True
https://www.dreamlab.id/produk/skincare/cleansing/milk-cleanser/,/produk/skincare/cleansing/milk-cleanser/,0,0,0,,0.0,0.0,0.0,3.0,,,0,0,0,2,0,0,2,0,0.4,28.3,commercial,product,True,False,False,False,False
https://dreamlab.id/memberikan-kebahagiaan-untuk-orang-lain-membagikan-kecantikan-dengan-produk-maklon-anda/,/memberikan-kebahagiaan-untuk-orang-lain-membagikan-kecantikan-dengan-produk-maklon-anda/,0,0,0,,0.0,0.0,0.0,28.0,,,0,0,0,0,0,0,2,0,0.0,28.3,commercial,article,True,True,False,False,True
https://dreamlab.id/membangun-citra-merek-melalui-desain-kemasan-keunggulan-maklon-kosmetik/,/membangun-citra-merek-melalui-desain-kemasan-keunggulan-maklon-kosmetik/,0,0,0,,0.0,0.0,0.0,7.0,,,0,0,0,0,0,0,2,0,0.1,28.3,commercial,article,True,True,False,False,True
https://dreamlab.id/pentingnya-edukasi-skincare-untuk-wanita-karir-yang-sibuk/,/pentingnya-edukasi-skincare-untuk-wanita-karir-yang-sibuk/,0,0,0,,0.0,0.0,0.0,15.0,,,0,0,0,0,0,0,2,0,0.0,28.3,commercial,article,True,True,False,False,True
https://dreamlab.id/peran-pemantauan-regulasi-dalam-keamanan-produk-kosmetik-maklon/,/peran-pemantauan-regulasi-dalam-keamanan-produk-kosmetik-maklon/,0,0,0,,0.0,0.0,0.0,6.0,,,0,0,0,0,0,0,2,0,0.1,28.3,commercial,article,True,True,False,False,True
https://www.dreamlab.id/maklon-baby-care/baby-moisturizer/,/maklon-baby-care/baby-moisturizer/,0,0,0,,0.0,0.0,0.0,16.5,,,0,0,0,2,0,0,2,0,0.0,28.3,commercial,service,True,False,False,False,False
https://dreamlab.id/panduan-lengkap-proses-produksi-maklon-kosmetik/,/panduan-lengkap-proses-produksi-maklon-kosmetik/,0,0,0,,0.0,0.0,0.0,27.5,,,0,0,0,0,0,0,2,0,0.0,28.3,commercial,article,True,True,False,False,True
https://dreamlab.id/maklon-hairmist/#Berapa_Biaya_Maklon_Hair_Mist_dan_Haircare,/maklon-hairmist/#Berapa_Biaya_Maklon_Hair_Mist_dan_Haircare/,0,0,0,,0.0,0.0,0.0,7.0,9.0,-2.0,0,0,0,2,2,0,4,0,0.1,28.3,commercial,service,True,False,False,False,False
https://dreamlab.id/kontrol-kualitas-yang-ketat-rahasia-produk-berkualitas-tinggi/,/kontrol-kualitas-yang-ketat-rahasia-produk-berkualitas-tinggi/,0,0,0,,0.0,0.0,0.0,32.5,,,0,0,0,0,0,0,2,0,0.0,28.3,commercial,article,True,True,False,False,True
https://dreamlab.id/kebijakan-maklon-kosmetik-untuk-pebisnis-pemula-panduan-memulai/,/kebijakan-maklon-kosmetik-untuk-pebisnis-pemula-panduan-memulai/,0,0,0,,0.0,0.0,0.0,8.5,,,0,0,0,0,0,0,2,0,0.1,28.3,commercial,article,True,True,False,False,True
https://dreamlab.id/maklon-moisturizer-bpom-dreamlab/,/maklon-moisturizer-bpom-dreamlab/,0,0,0,,0.0,0.0,0.0,24.0,13.2,10.8,0,0,0,2,33,1,135,0,0.0,28.3,brand,service,True,False,False,False,False
https://dreamlab.id/maklon-parfum-anak-custom-aroma/#Apa_Itu_Maklon_Parfum_Anak,/maklon-parfum-anak-custom-aroma/#Apa_Itu_Maklon_Parfum_Anak/,0,0,0,,0.0,0.0,0.0,5.0,3.0,2.0,0,0,0,2,2,0,4,0,0.2,28.3,commercial,service,True,False,False,False,False
https://dreamlab.id/body-care-2/,/body-care-2/,0,0,0,,0.0,0.0,0.0,3.0,,,0,0,0,0,0,0,2,0,0.4,28.3,commercial,article,True,True,False,False,True
https://dreamlab.id/produk/skincare/acne-cream/,/produk/skincare/acne-cream/,0,0,0,,0.0,0.0,0.0,4.0,,,0,0,2,2,0,0,2,0,0.2,28.3,commercial,product,True,False,False,False,False
https://www.dreamlab.id/produk/pkrt/room-spray/,/produk/pkrt/room-spray/,0,0,0,,0.0,0.0,0.0,3.0,,,0,0,2,2,0,0,2,0,0.4,28.3,commercial,product,True,False,False,False,False
https://www.dreamlab.id/produk/pkrt/hand-wash/,/produk/pkrt/hand-wash/,0,0,0,,0.0,0.0,0.0,7.0,,,0,0,0,2,0,0,2,0,0.1,28.3,commercial,product,True,False,False,False,False
https://dreamlab.id/news-blog/page/5/,/news-blog/page/5/,0,0,0,,0.0,0.0,0.0,8.5,,,0,0,0,0,0,0,2,0,0.1,28.3,commercial,blog,True,True,False,False,False
https://dreamlab.id/produk/decorative/make-up/foundation-serum/,/produk/decorative/make-up/foundation-serum/,0,0,0,,0.0,0.0,0.0,10.0,,,0,0,1,2,0,0,2,0,0.1,28.3,commercial,product,True,False,False,False,False
https://dreamlab.id/dreampreneur-id-konfirmasi-pembayaran/,/dreampreneur-id-konfirmasi-pembayaran/,0,0,0,,0.0,0.0,0.0,2.0,,,0,0,0,0,0,0,2,0,0.4,28.3,commercial,article,True,True,False,False,True
https://dreamlab.id/category/maklon-skincare/page/2/,/category/maklon-skincare/page/2/,0,0,0,,0.0,0.0,0.0,6.5,,,0,0,0,2,0,0,2,0,0.1,28.3,commercial,category,True,False,True,False,False
https://dreamlab.id/digitalisasi-dalam-maklon-kosmetik-transformasi-bisnis-skincare-di-masa-depan/,/digitalisasi-dalam-maklon-kosmetik-transformasi-bisnis-skincare-di-masa-depan/,0,0,0,,0.0,0.0,0.0,6.5,,,0,0,0,0,0,0,2,0,0.1,28.3,commercial,article,True,True,False,False,True
https://dreamlab.id/category/panduan-bisnis-kosmetik/,/category/panduan-bisnis-kosmetik/,0,0,0,,0.0,0.0,0.0,5.0,,,0,0,2,2,0,0,2,0,0.2,28.3,commercial,category,True,False,True,False,False
https://dreamlab.id/category/personal-care/,/category/personal-care/,0,0,0,,0.0,0.0,0.0,60.5,7.0,53.5,0,0,0,2,1,0,6,0,0.0,28.3,commercial,category,True,False,True,False,False
https://dreamlab.id/produk/decorative/loose-powder/,/produk/decorative/loose-powder/,0,0,0,,0.0,0.0,0.0,6.0,,,0,0,2,2,0,0,2,0,0.1,28.3,commercial,product,True,False,False,False,False
https://dreamlab.id/google-ads/maklon-kosmetik/,/google-ads/maklon-kosmetik/,0,0,0,,0.0,0.0,0.0,8.5,,,0,0,2,2,0,0,2,0,0.1,28.3,commercial,article,True,True,False,False,True
https://www.dreamlab.id/produk/bodycare/massage-cream/,/produk/bodycare/massage-cream/,0,0,0,,0.0,0.0,0.0,8.0,,,0,0,0,2,0,0,2,0,0.1,28.3,commercial,product,True,False,False,False,False
https://dreamlab.id/author/admin/page/6/,/author/admin/page/6/,0,0,0,,0.0,0.0,0.0,6.5,10.0,-3.5,0,0,0,0,1,0,2,0,0.1,28.3,commercial,article,True,True,False,False,True
https://dreamlab.id/inovasi-dalam-formulasi-kosmetik-bagaimana-maklon-kosmetik-menghadapinya/,/inovasi-dalam-formulasi-kosmetik-bagaimana-maklon-kosmetik-menghadapinya/,0,0,0,,0.0,0.0,0.0,3.5,,,0,0,0,0,0,0,2,0,0.2,28.3,commercial,article,True,True,False,False,True
https://dreamlab.id/atur-kosmetik-halal-dreamlab/#Produk_Tambahan_Penunjang,/atur-kosmetik-halal-dreamlab/#Produk_Tambahan_Penunjang/,0,0,0,,0.0,0.0,0.0,8.5,8.5,0.0,0,0,0,0,125,0,125,0,6.2,28.2,brand,article,False,True,False,False,True
https://dreamlab.id/contoh-kalimat-iklan-kosmetik-unik/#Contoh_Kalimat_Iklan_Kosmetik,/contoh-kalimat-iklan-kosmetik-unik/#Contoh_Kalimat_Iklan_Kosmetik/,0,0,0,,0.0,0.0,0.0,8.7,9.5,-0.8,0,0,25,124,373,0,585,0,6.2,28.2,informational,article,False,True,False,False,True
https://dreamlab.id/atur-kosmetik-halal-dreamlab/#Produk_yang_bisa_diproduksi_di_dreamlab_dengan_sertifikat_Halal,/atur-kosmetik-halal-dreamlab/#Produk_yang_bisa_diproduksi_di_dreamlab_dengan_sertifikat_Halal/,0,0,0,,0.0,0.0,0.0,8.5,8.5,0.0,0,0,0,0,125,0,125,0,6.2,28.2,brand,article,False,True,False,False,True
https://dreamlab.id/perbedaan-perawatan-kulit-pria-dan-wanita-apa-yang-harus-anda-ketahui/,/perbedaan-perawatan-kulit-pria-dan-wanita-apa-yang-harus-anda-ketahui/,0,0,0,,0.0,0.0,0.0,23.3,,,0,0,0,0,0,0,116,0,1.4,27.7,informational,article,False,True,False,False,True
https://dreamlab.id/contoh-kalimat-iklan-kosmetik-unik/#Apa_yang_Membuat_Kalimat_Iklan_Kosmetik_Efektif,/contoh-kalimat-iklan-kosmetik-unik/#Apa_yang_Membuat_Kalimat_Iklan_Kosmetik_Efektif/,0,0,0,,0.0,0.0,0.0,8.7,9.5,-0.8,0,0,22,111,336,0,523,0,5.6,27.6,informational,article,False,True,False,False,True
https://dreamlab.id/tren-brand-kosmetik-lokal-2025/#Kenapa_Kamu_Harus_Produksi_di_Dreamlab,/tren-brand-kosmetik-lokal-2025/#Kenapa_Kamu_Harus_Produksi_di_Dreamlab/,0,0,0,,0.0,0.0,0.0,8.9,8.2,0.7,0,0,0,0,4,0,91,0,4.6,26.6,brand,article,False,True,False,False,True
https://dreamlab.id/jenis-personal-care-yang-bisa-dibuat-di-dreamlab/,/jenis-personal-care-yang-bisa-dibuat-di-dreamlab/,0,0,0,,0.0,0.0,0.0,43.2,,,0,0,0,0,0,0,88,0,1.1,26.4,brand,article,False,True,False,False,True
https://dreamlab.id/contoh-kalimat-iklan-kosmetik-unik/#Untuk_Iklan_Skincare_Fokus_pada_Solusi,/contoh-kalimat-iklan-kosmetik-unik/#Untuk_Iklan_Skincare_Fokus_pada_Solusi/,0,0,0,,0.0,0.0,0.0,8.8,9.5,-0.8,0,0,20,84,345,0,514,0,4.2,26.3,informational,article,False,True,False,False,True
https://dreamlab.id/tren-brand-kosmetik-lokal-2025/#Panduan_Lengkap_Maklon_Dreamlab,/tren-brand-kosmetik-lokal-2025/#Panduan_Lengkap_Maklon_Dreamlab/,0,0,0,,0.0,0.0,0.0,9.0,,,0,0,0,0,0,0,83,0,4.2,26.2,brand,article,False,True,False,False,True
https://dreamlab.id/cara-membuat-toner-dari-cuka-apel/,/cara-membuat-toner-dari-cuka-apel/,1,0,1,100,1.2,0.0,1.2,7.6,15.6,-7.9,0,1,40,83,41,1,124,1,3.2,26.2,informational,article,False,True,False,False,True
https://dreamlab.id/atur-kosmetik-halal-dreamlab/#Kenapa_Harus_Sertifikasi_Halal_Dampak_Manfaat_bagi_Brand,/atur-kosmetik-halal-dreamlab/#Kenapa_Harus_Sertifikasi_Halal_Dampak_Manfaat_bagi_Brand/,0,0,0,,0.0,0.0,0.0,9.1,9.1,0.0,0,0,0,0,75,0,75,0,3.8,25.7,brand,article,False,True,False,False,True
https://dreamlab.id/atur-kosmetik-halal-dreamlab/#Produk_Perawatan_Rambut_Kulit_Kepala,/atur-kosmetik-halal-dreamlab/#Produk_Perawatan_Rambut_Kulit_Kepala/,0,0,0,,0.0,0.0,0.0,9.1,9.1,0.0,0,0,0,0,75,0,75,0,3.8,25.7,brand,article,False,True,False,False,True
https://dreamlab.id/atur-kosmetik-halal-dreamlab/#Makeup_Produk_Dekoratif,/atur-kosmetik-halal-dreamlab/#Makeup_Produk_Dekoratif/,0,0,0,,0.0,0.0,0.0,9.1,9.1,0.0,0,0,0,0,75,0,75,0,3.8,25.7,brand,article,False,True,False,False,True
https://dreamlab.id/atur-kosmetik-halal-dreamlab/#Dasar_Hukum_Tenggat_Waktu,/atur-kosmetik-halal-dreamlab/#Dasar_Hukum_Tenggat_Waktu/,0,0,0,,0.0,0.0,0.0,9.1,9.1,0.0,0,0,0,0,75,0,75,0,3.8,25.7,brand,article,False,True,False,False,True
https://dreamlab.id/tren-aroma-parfum-2026-terbaru/#Wewangian_Fungsional_Wellness_Neuro-Scent,/tren-aroma-parfum-2026-terbaru/#Wewangian_Fungsional_Wellness_Neuro-Scent/,0,0,0,,0.0,0.0,0.0,9.0,9.5,-0.5,0,0,0,73,13,0,86,0,3.6,25.6,informational,article,False,True,False,False,True
https://dreamlab.id/tren-aroma-parfum-2026-terbaru/#5_Tren_Aroma_Parfum_yang_Akan_Mendominasi_Market_2026,/tren-aroma-parfum-2026-terbaru/#5_Tren_Aroma_Parfum_yang_Akan_Mendominasi_Market_2026/,0,0,0,,0.0,0.0,0.0,9.0,9.5,-0.5,0,0,0,73,13,0,86,0,3.6,25.6,informational,article,False,True,False,False,True
https://dreamlab.id/manfaat-pelembap-dalam-produk-kosmetik-untuk-menjaga-kelembapan-kulit/,/manfaat-pelembap-dalam-produk-kosmetik-untuk-menjaga-kelembapan-kulit/,0,0,0,,0.0,0.0,0.0,41.9,,,0,0,0,0,0,0,69,0,0.8,25.2,informational,article,False,True,False,False,True
https://dreamlab.id/wp-content/uploads/2025/10/Cemburuan-Davina-Karamoy-Tak-Mau-Menikah-dengan-Aktor.webp,/wp-content/uploads/2025/10/Cemburuan-Davina-Karamoy-Tak-Mau-Menikah-dengan-Aktor.webp/,0,0,0,,0.0,0.0,0.0,21.0,,,0,0,0,0,0,0,1,0,0.0,25.0,commercial,article,True,True,False,False,True
https://dreamlab.id/maklon-foot-care/foot-soak/,/maklon-foot-care/foot-soak/,0,0,0,,0.0,0.0,0.0,8.0,,,0,0,1,1,0,0,1,0,0.0,25.0,commercial,service,True,False,False,False,False
https://dreamlab.id/maklon-bodycare-ads/,/maklon-bodycare-ads/,0,0,0,,0.0,0.0,0.0,13.0,,,0,0,0,1,0,0,2,0,0.0,25.0,commercial,service,True,False,False,False,False
https://dreamlab.id/maklon-decorative/lip-care/lip-cream/,/maklon-decorative/lip-care/lip-cream/,0,0,0,,0.0,0.0,0.0,3.0,,,0,0,0,1,0,0,1,0,0.2,25.0,commercial,service,True,False,False,False,False
https://dreamlab.id/pentingnya-mencoba-sample-kosmetik-sebelum-memasarkannya/,/pentingnya-mencoba-sample-kosmetik-sebelum-memasarkannya/,0,0,0,,0.0,0.0,0.0,8.0,,,0,0,0,0,0,0,1,0,0.0,25.0,commercial,article,True,True,False,False,True
https://dreamlab.id/wp-content/uploads/2025/10/close-up-beauty-blogger-talking-about-cosmetic-products-isolated-scaled.jpg,/wp-content/uploads/2025/10/close-up-beauty-blogger-talking-about-cosmetic-products-isolated-scaled.jpg/,0,0,0,,0.0,0.0,0.0,5.0,,,0,0,0,0,0,0,1,0,0.1,25.0,commercial,article,True,True,False,False,True
https://dreamlab.id/wp-content/uploads/2025/09/close-up-body-butter-recipient-scaled.jpg,/wp-content/uploads/2025/09/close-up-body-butter-recipient-scaled.jpg/,0,0,0,,0.0,0.0,0.0,16.0,,,0,0,0,0,0,0,1,0,0.0,25.0,commercial,article,True,True,False,False,True
https://dreamlab.id/wp-content/uploads/2025/09/Screenshot-2025-09-11-at-23.13.13-1024x429.png,/wp-content/uploads/2025/09/Screenshot-2025-09-11-at-23.13.13-1024x429.png/,0,0,0,,0.0,0.0,0.0,17.0,,,0,0,0,0,0,0,1,0,0.0,25.0,commercial,article,True,True,False,False,True
https://www.dreamlab.id/maklon-parfum/eau-de-cologne/,/maklon-parfum/eau-de-cologne/,0,0,0,,0.0,0.0,0.0,10.0,,,0,0,0,1,0,0,1,0,0.0,25.0,commercial,service,True,False,False,False,False
https://dreamlab.id/maklon-parfum-dreamlab/#6_Alasan_Kenapa_Kamu_Harus_Memulai_Bisnis_Parfum,/maklon-parfum-dreamlab/#6_Alasan_Kenapa_Kamu_Harus_Memulai_Bisnis_Parfum/,0,0,0,,0.0,0.0,0.0,11.0,,,0,0,1,1,0,0,10,0,0.0,25.0,brand,service,True,False,False,False,False
https://dreamlab.id/wp-content/uploads/2025/07/Skincare-Product-Display-Mockup-PSD-Template-09-scaled.jpg,/wp-content/uploads/2025/07/Skincare-Product-Display-Mockup-PSD-Template-09-scaled.jpg/,0,0,0,,0.0,0.0,0.0,29.0,,,0,0,0,0,0,0,1,0,0.0,25.0,commercial,article,True,True,False,False,True
https://dreamlab.id/maklon-skincare/facial-toner/,/maklon-skincare/facial-toner/,0,0,0,,0.0,0.0,0.0,6.0,,,0,0,1,1,0,0,1,0,0.0,25.0,commercial,service,True,False,False,False,False
https://dreamlab.id/melembutkan-kulit-bersisik/,/melembutkan-kulit-bersisik/,0,0,0,,0.0,0.0,0.0,8.0,8.8,-0.8,0,0,0,1,12,0,46,0,0.0,25.0,commercial,article,True,True,False,False,True
https://dreamlab.id/mencoba-sample-kosmetik-kunci-untuk-menemukan-produk-yang-tepat/,/mencoba-sample-kosmetik-kunci-untuk-menemukan-produk-yang-tepat/,0,0,0,,0.0,0.0,0.0,10.0,,,0,0,0,0,0,0,1,0,0.0,25.0,commercial,article,True,True,False,False,True
https://dreamlab.id/menavigasi-peraturan-kosmetik-panduan-untuk-beutypreneur-yang-menggunakan-jasa-maklon/,/menavigasi-peraturan-kosmetik-panduan-untuk-beutypreneur-yang-menggunakan-jasa-maklon/,0,0,0,,0.0,0.0,0.0,5.0,,,0,0,0,0,0,0,1,0,0.1,25.0,commercial,article,True,True,False,False,True
https://dreamlab.id/memilih-mesin-produksi-yang-tepat-untuk-maklon-kosmetik-panduan-praktis/?amp,/memilih-mesin-produksi-yang-tepat-untuk-maklon-kosmetik-panduan-praktis/?amp/,0,0,0,,0.0,0.0,0.0,38.0,,,0,0,0,0,0,0,1,0,0.0,25.0,commercial,article,True,True,False,False,True
https://dreamlab.id/jenis-make-up-apa-saja-yang-bisa-dibuat-di-maklon-kosmetik/,/jenis-make-up-apa-saja-yang-bisa-dibuat-di-maklon-kosmetik/,0,0,0,,0.0,0.0,0.0,8.0,,,0,0,0,0,0,0,1,0,0.0,25.0,commercial,article,True,True,False,False,True
https://dreamlab.id/keberlanjutan-dalam-produksi-kosmetik-pilihan-mesin-yang-ramah-lingkungan-untuk-maklon/,/keberlanjutan-dalam-produksi-kosmetik-pilihan-mesin-yang-ramah-lingkungan-untuk-maklon/,0,0,0,,0.0,0.0,0.0,8.0,,,0,0,0,0,0,0,1,0,0.0,25.0,commercial,article,True,True,False,False,True
https://dreamlab.id/keuntungan-penelitian-dan-pengembangan-bersama-jasa-maklon-kosmetik/,/keuntungan-penelitian-dan-pengembangan-bersama-jasa-maklon-kosmetik/,0,0,0,,0.0,0.0,0.0,7.0,,,0,0,0,0,0,0,1,0,0.0,25.0,commercial,article,True,True,False,False,True
https://dreamlab.id/keunggulan-maklon-kosmetik-dalam-penggunaan-bahan-alami-pada-formulasi/,/keunggulan-maklon-kosmetik-dalam-penggunaan-bahan-alami-pada-formulasi/,0,0,0,,0.0,0.0,0.0,11.0,,,0,0,0,0,0,0,1,0,0.0,25.0,commercial,article,True,True,False,False,True
https://dreamlab.id/product-category/uncategorized/,/product-category/uncategorized/,0,0,0,,0.0,0.0,0.0,11.0,,,0,0,0,1,0,0,1,0,0.0,25.0,commercial,article,True,True,False,False,True
https://www.dreamlab.id/produk/bodycare/anti-bacterial-soap/,/produk/bodycare/anti-bacterial-soap/,0,0,0,,0.0,0.0,0.0,7.0,,,0,0,1,1,0,0,1,0,0.0,25.0,commercial,product,True,False,False,False,False
https://dreamlab.id/kosmetik-olahraga/#Peluang_Bisnis_Kosmetik_Sport-Friendly,/kosmetik-olahraga/#Peluang_Bisnis_Kosmetik_Sport-Friendly/,0,0,0,,0.0,0.0,0.0,4.0,6.0,-2.0,0,0,0,1,1,0,2,0,0.1,25.0,commercial,article,True,True,False,False,True
https://dreamlab.id/kosmetik-olahraga/#3_Produk_Kosmetik_Olahraga_Unggulan,/kosmetik-olahraga/#3_Produk_Kosmetik_Olahraga_Unggulan/,0,0,0,,0.0,0.0,0.0,4.0,6.0,-2.0,0,0,0,1,1,0,2,0,0.1,25.0,commercial,article,True,True,False,False,True
https://www.dreamlab.id/maklon-body-care/soothing-gel/,/maklon-body-care/soothing-gel/,1,0,1,100,100.0,0.0,100.0,1.0,,,1,0,1,1,0,1,1,1,0.0,25.0,commercial,service,True,False,False,False,False
https://dreamlab.id/maklon-body-care/sabun-transparan/,/maklon-body-care/sabun-transparan/,0,0,0,,0.0,0.0,0.0,6.0,,,0,0,0,1,0,0,1,0,0.0,25.0,commercial,service,True,False,False,False,False
https://dreamlab.id/maklon-body-care/massage-oil/,/maklon-body-care/massage-oil/,0,0,0,,0.0,0.0,0.0,7.0,,,0,0,1,1,0,0,1,0,0.0,25.0,commercial,service,True,False,False,False,False
https://dreamlab.id/maklon-body-care/massage-cream/,/maklon-body-care/massage-cream/,0,0,0,,0.0,0.0,0.0,12.0,,,0,0,1,1,0,0,1,0,0.0,25.0,commercial,service,True,False,False,False,False
https://www.dreamlab.id/maklon-body-care/bath-salt/,/maklon-body-care/bath-salt/,0,0,0,,0.0,0.0,0.0,2.0,,,0,0,1,1,0,0,1,0,0.2,25.0,commercial,service,True,False,False,False,False
https://www.dreamlab.id/maklon-decorative/makeup/highlighter/,/maklon-decorative/makeup/highlighter/,0,0,0,,0.0,0.0,0.0,12.0,,,0,0,0,1,0,0,1,0,0.0,25.0,commercial,service,True,False,False,False,False
https://www.dreamlab.id/maklon-decorative/makeup/eyebrow-gel/,/maklon-decorative/makeup/eyebrow-gel/,0,0,0,,0.0,0.0,0.0,30.0,,,0,0,0,1,0,0,1,0,0.0,25.0,commercial,service,True,False,False,False,False
https://www.dreamlab.id/maklon-decorative/makeup/cream-blush/,/maklon-decorative/makeup/cream-blush/,0,0,0,,0.0,0.0,0.0,10.0,,,0,0,0,1,0,0,1,0,0.0,25.0,commercial,service,True,False,False,False,False
https://www.dreamlab.id/maklon-baby-care/baby-cologne/,/maklon-baby-care/baby-cologne/,0,0,0,,0.0,0.0,0.0,6.0,,,0,0,1,1,0,0,1,0,0.0,25.0,commercial,service,True,False,False,False,False
https://www.dreamlab.id/produk/bodycare/neck-cream/,/produk/bodycare/neck-cream/,0,0,0,,0.0,0.0,0.0,1.0,,,0,0,0,1,0,0,1,0,0.2,25.0,commercial,product,True,False,False,False,False
https://dreamlab.id/cysteamine-alternatif-hydroquinone/#Cysteamine_sebagai_Alternatif_Aman_untuk_Mengatasi_Hiperpigmentasi,/cysteamine-alternatif-hydroquinone/#Cysteamine_sebagai_Alternatif_Aman_untuk_Mengatasi_Hiperpigmentasi/,0,0,0,,0.0,0.0,0.0,7.0,,,0,0,0,1,0,0,1,0,0.0,25.0,commercial,article,True,True,False,False,True
https://www.dreamlab.id/produk/bodycare/soothing-gel/,/produk/bodycare/soothing-gel/,0,0,0,,0.0,0.0,0.0,14.0,,,0,0,0,1,0,0,1,0,0.0,25.0,commercial,product,True,False,False,False,False
https://dreamlab.id/maklon-hairmist/#Layanan_Lengkap_Dreamlab_untuk_Kategori_Rambut,/maklon-hairmist/#Layanan_Lengkap_Dreamlab_untuk_Kategori_Rambut/,0,0,0,,0.0,0.0,0.0,2.0,9.0,-7.0,0,0,0,1,2,0,3,0,0.2,25.0,brand,service,True,False,False,False,False
https://dreamlab.id/produk/decorative/cream-blush/,/produk/decorative/cream-blush/,0,0,0,,0.0,0.0,0.0,5.0,,,0,0,1,1,0,0,1,0,0.1,25.0,commercial,product,True,False,False,False,False
https://www.dreamlab.id/produk/bodycare/underarm-cream/,/produk/bodycare/underarm-cream/,0,0,0,,0.0,0.0,0.0,38.0,,,0,0,0,1,0,0,1,0,0.0,25.0,commercial,product,True,False,False,False,False
https://dreamlab.id/ide-bisnis-gen-z/,/ide-bisnis-gen-z/,0,0,0,,0.0,0.0,0.0,11.0,,,0,0,1,1,0,4,103,0,0.0,25.0,commercial,article,True,True,False,False,True
https://dreamlab.id/maklon-jakarta-terbaik/#Konsultasi_Mudah_di_Dreamlab,/maklon-jakarta-terbaik/#Konsultasi_Mudah_di_Dreamlab/,0,0,0,,0.0,0.0,0.0,4.0,10.7,-6.7,0,0,0,1,11,0,12,0,0.1,25.0,brand,service,True,False,False,False,False
https://dreamlab.id/maklon-jakarta-terbaik/#Layanan_One-Stop_Service,/maklon-jakarta-terbaik/#Layanan_One-Stop_Service/,0,0,0,,0.0,0.0,0.0,4.0,11.1,-7.1,0,0,0,1,9,0,10,0,0.1,25.0,commercial,service,True,False,False,False,False
https://dreamlab.id/inovasi-bahan-bahan-uv-melindungi-kulit-dari-sinar-matahari-dengan-teknologi-terkini/,/inovasi-bahan-bahan-uv-melindungi-kulit-dari-sinar-matahari-dengan-teknologi-terkini/,0,0,0,,0.0,0.0,0.0,64.0,,,0,0,0,0,0,0,1,0,0.0,25.0,commercial,article,True,True,False,False,True
https://dreamlab.id/news-blog/page/8/,/news-blog/page/8/,0,0,0,,0.0,0.0,0.0,10.0,,,0,0,0,0,0,0,1,0,0.0,25.0,commercial,blog,True,True,False,False,False
https://www.dreamlab.id/maklon-hair-care/beard-serum/,/maklon-hair-care/beard-serum/,0,0,0,,0.0,0.0,0.0,93.0,,,0,0,0,1,0,0,1,0,0.0,25.0,commercial,service,True,False,False,False,False
https://dreamlab.id/maklon-foot-care/foot-spray/,/maklon-foot-care/foot-spray/,0,0,0,,0.0,0.0,0.0,3.0,,,0,0,1,1,0,0,1,0,0.2,25.0,commercial,service,True,False,False,False,False
https://dreamlab.id/maklon-jakarta-terbaik/#Frequently_Asked_Questions_FAQ,/maklon-jakarta-terbaik/#Frequently_Asked_Questions_FAQ/,0,0,0,,0.0,0.0,0.0,4.0,11.3,-7.3,0,0,0,1,15,0,16,0,0.1,25.0,commercial,service,True,False,False,False,False
https://dreamlab.id/author/admin/page/9/,/author/admin/page/9/,0,0,0,,0.0,0.0,0.0,31.0,,,0,0,0,1,0,0,1,0,0.0,25.0,commercial,article,True,True,False,False,True
https://dreamlab.id/category/tips-trick/,/category/tips-trick/,0,0,0,,0.0,0.0,0.0,47.0,8.5,38.5,0,0,0,1,2,0,14,0,0.0,25.0,informational,category,True,False,True,False,False
https://dreamlab.id/category/maklon-parfum/page/2/,/category/maklon-parfum/page/2/,0,0,0,,0.0,0.0,0.0,15.0,17.0,-2.0,0,0,0,1,4,0,5,0,0.0,25.0,commercial,category,True,False,True,False,False
https://dreamlab.id/category/maklon-kosmetik/page/25/,/category/maklon-kosmetik/page/25/,0,0,0,,0.0,0.0,0.0,13.0,,,0,0,0,0,0,0,1,0,0.0,25.0,commercial,category,True,False,True,False,False
https://dreamlab.id/category/maklon-kosmetik/page/24/,/category/maklon-kosmetik/page/24/,0,0,0,,0.0,0.0,0.0,17.0,,,0,0,0,0,0,0,1,0,0.0,25.0,commercial,category,True,False,True,False,False
https://dreamlab.id/desain-kemasan-yang-menggoda-bagaimana-maklon-kosmetik-membantu-membuat-produk-anda-menonjol/,/desain-kemasan-yang-menggoda-bagaimana-maklon-kosmetik-membantu-membuat-produk-anda-menonjol/,0,0,0,,0.0,0.0,0.0,8.0,,,0,0,0,0,0,0,1,0,0.0,25.0,commercial,article,True,True,False,False,True
https://dreamlab.id/cysteamine-alternatif-hydroquinone/#Perbandingan_Efektivitas_Cysteamine_vs_Hydroquinone,/cysteamine-alternatif-hydroquinone/#Perbandingan_Efektivitas_Cysteamine_vs_Hydroquinone/,0,0,0,,0.0,0.0,0.0,7.0,,,0,0,0,1,0,0,1,0,0.0,25.0,commercial,article,True,True,False,False,True
https://www.dreamlab.id/produk/pkrt/hand-sanitizer/,/produk/pkrt/hand-sanitizer/,0,0,0,,0.0,0.0,0.0,7.0,,,0,0,1,1,0,0,1,0,0.0,25.0,commercial,product,True,False,False,False,False
https://www.dreamlab.id/produk/pkrt/floor-cleaner/,/produk/pkrt/floor-cleaner/,0,0,0,,0.0,0.0,0.0,9.0,,,0,0,0,1,0,0,1,0,0.0,25.0,commercial,product,True,False,False,False,False
https://dreamlab.id/strategi-penting-dalam-pemilihan-bahan-baku-dalam-produksi-maklon-kosmetik/,/strategi-penting-dalam-pemilihan-bahan-baku-dalam-produksi-maklon-kosmetik/,0,0,0,,0.0,0.0,0.0,7.0,,,0,0,0,0,0,0,1,0,0.0,25.0,commercial,article,True,True,False,False,True
https://dreamlab.id/produk/decorative/mascara/,/produk/decorative/mascara/,0,0,0,,0.0,0.0,0.0,3.0,,,0,0,1,1,0,0,1,0,0.2,25.0,informational,product,True,False,False,False,False
https://dreamlab.id/news-blog/page/7/,/news-blog/page/7/,0,0,0,,0.0,0.0,0.0,4.0,,,0,0,0,0,0,0,1,0,0.1,25.0,commercial,blog,True,True,False,False,False
https://www.dreamlab.id/news-blog/page/18/,/news-blog/page/18/,0,0,0,,0.0,0.0,0.0,7.0,,,0,0,1,1,0,0,1,0,0.0,25.0,commercial,blog,True,True,False,False,False
https://dreamlab.id/maklon-kosmetik-serum-exosome-pdrn-dreamlab/#8_Exfoliating_Serum_Peremajaan_Kulit_Halus_dan_Cerah,/maklon-kosmetik-serum-exosome-pdrn-dreamlab/#8_Exfoliating_Serum_Peremajaan_Kulit_Halus_dan_Cerah/,0,0,0,,0.0,0.0,0.0,6.0,,,0,0,0,1,0,0,1,0,0.0,25.0,brand,service,True,False,False,False,False
https://dreamlab.id/maklon-parfum-dreamlab/#Jenis-Jenis_Parfum,/maklon-parfum-dreamlab/#Jenis-Jenis_Parfum/,0,0,0,,0.0,0.0,0.0,11.0,,,0,0,1,1,0,0,10,0,0.0,25.0,brand,service,True,False,False,False,False
https://dreamlab.id/menemukan-kesuksesan-di-bisnis-skincare-panduan-untuk-wanita-karir/,/menemukan-kesuksesan-di-bisnis-skincare-panduan-untuk-wanita-karir/,0,0,0,,0.0,0.0,0.0,9.0,,,0,0,0,0,0,0,1,0,0.0,25.0,commercial,article,True,True,False,False,True
https://dreamlab.id/maklon-kosmetik-terbaik-bahasa/,/maklon-kosmetik-terbaik-bahasa/,0,1,-1,-100.0,0.0,4.55,-4.55,16.0,6.7,9.3,0,0,0,1,22,2,42,-1,0.0,25.0,commercial,service,True,False,False,False,False
https://dreamlab.id/rincian-biaya-produksi-serum/,/rincian-biaya-produksi-serum/,0,0,0,,0.0,0.0,0.0,7.0,,,0,0,1,1,0,0,1,0,0.0,25.0,commercial,article,True,True,False,False,True
https://dreamlab.id/produk/skincare/face-mask/peel-off-mask/,/produk/skincare/face-mask/peel-off-mask/,0,0,0,,0.0,0.0,0.0,9.0,,,0,0,0,1,0,0,1,0,0.0,25.0,commercial,product,True,False,False,False,False
https://www.dreamlab.id/produk/skincare/cleansing/micellar-cleansing-gel/,/produk/skincare/cleansing/micellar-cleansing-gel/,0,0,0,,0.0,0.0,0.0,12.0,,,0,0,0,1,0,0,1,0,0.0,25.0,commercial,product,True,False,False,False,False
https://dreamlab.id/category/bisnis-men-grooming/,/category/bisnis-men-grooming/,0,0,0,,0.0,0.0,0.0,43.0,43.0,0.0,0,0,0,0,1,0,1,0,0.0,25.0,commercial,category,True,False,True,False,False
https://www.dreamlab.id/produk/skincare/face-mask/wash-off-mask/,/produk/skincare/face-mask/wash-off-mask/,0,0,0,,0.0,0.0,0.0,58.0,,,0,0,0,1,0,0,1,0,0.0,25.0,commercial,product,True,False,False,False,False
https://dreamlab.id/maklon-kosmetik-serum-exosome-pdrn-dreamlab/#Jenis_Serum_Premium_yang_Bisa_Diproduksi_di_Dreamlab,/maklon-kosmetik-serum-exosome-pdrn-dreamlab/#Jenis_Serum_Premium_yang_Bisa_Diproduksi_di_Dreamlab/,0,0,0,,0.0,0.0,0.0,6.0,,,0,0,0,1,0,0,1,0,0.0,25.0,brand,service,True,False,False,False,False
https://dreamlab.id/maklon-kosmetik-serum-exosome-pdrn-dreamlab/#1_Serum_Anti_Acne_Serum_Pengendali_Jerawat,/maklon-kosmetik-serum-exosome-pdrn-dreamlab/#1_Serum_Anti_Acne_Serum_Pengendali_Jerawat/,0,0,0,,0.0,0.0,0.0,6.0,,,0,0,0,1,0,0,1,0,0.0,25.0,brand,service,True,False,False,False,False
https://dreamlab.id/maklon-hairmist/#Kenapa_Banyak_Brand_Memilih_Dreamlab,/maklon-hairmist/#Kenapa_Banyak_Brand_Memilih_Dreamlab/,0,0,0,,0.0,0.0,0.0,2.0,9.0,-7.0,0,0,0,1,2,0,3,0,0.2,25.0,brand,service,True,False,False,False,False
https://dreamlab.id/menghemat-modal-usaha-strategi-maklon-kosmetik-dalam-bisnis-kosmetik/,/menghemat-modal-usaha-strategi-maklon-kosmetik-dalam-bisnis-kosmetik/,0,0,0,,0.0,0.0,0.0,7.0,,,0,0,0,0,0,0,1,0,0.0,25.0,commercial,article,True,True,False,False,True
https://dreamlab.id/wp-content/uploads/2025/09/3.png,/wp-content/uploads/2025/09/3.png/,0,0,0,,0.0,0.0,0.0,19.0,,,0,0,0,0,0,0,1,0,0.0,25.0,commercial,article,True,True,False,False,True
https://dreamlab.id/produk/skincare/facial-wash/acne-facial-wash/,/produk/skincare/facial-wash/acne-facial-wash/,0,0,0,,0.0,0.0,0.0,9.0,,,0,0,1,1,0,0,1,0,0.0,25.0,commercial,product,True,False,False,False,False
https://dreamlab.id/wp-content/uploads/2025/08/high-angle-view-coffee-cup-table-scaled.jpg,/wp-content/uploads/2025/08/high-angle-view-coffee-cup-table-scaled.jpg/,0,0,0,,0.0,0.0,0.0,24.0,,,0,0,0,0,0,0,1,0,0.0,25.0,commercial,article,True,True,False,False,True
https://dreamlab.id/rahasia-bisnis-skincare-sukses-tips-dari-para-pengusaha-wanita/,/rahasia-bisnis-skincare-sukses-tips-dari-para-pengusaha-wanita/,0,0,0,,0.0,0.0,0.0,8.0,,,0,0,0,0,0,0,1,0,0.0,25.0,commercial,article,True,True,False,False,True
https://dreamlab.id/branding-yang-kuat-rahasia-sukses-merek-kosmetik/,/branding-yang-kuat-rahasia-sukses-merek-kosmetik/,0,0,0,,0.0,0.0,0.0,6.0,,,0,0,0,0,0,0,1,0,0.0,25.0,commercial,article,True,True,False,False,True
https://dreamlab.id/produk/skincare/facial-wash/moisturizing-facial-wash/,/produk/skincare/facial-wash/moisturizing-facial-wash/,0,0,0,,0.0,0.0,0.0,3.0,,,0,0,0,1,0,0,1,0,0.2,25.0,commercial,product,True,False,False,False,False
https://dreamlab.id/wp-content/uploads/2025/09/Blue-and-White-Modern-Minimalist-Search-Engine-Saving-vs-Investing-Comparison-Instagram-Post--1024x1024.png,/wp-content/uploads/2025/09/Blue-and-White-Modern-Minimalist-Search-Engine-Saving-vs-Investing-Comparison-Instagram-Post--1024x1024.png/,0,0,0,,0.0,0.0,0.0,15.0,,,0,0,0,0,0,0,1,0,0.0,25.0,commercial,article,True,True,False,False,True
https://dreamlab.id/https-dreamlab-id-dreamlab-visit-ici-2026/,/https-dreamlab-id-dreamlab-visit-ici-2026/,0,0,0,,0.0,0.0,0.0,16.4,,,0,0,0,64,0,0,64,0,1.6,24.9,brand,article,False,True,False,False,True
https://dreamlab.id/rekomendasi-skincare-musim-hujan-agar-kulit-tetap-sehat-dan-lembap/,/rekomendasi-skincare-musim-hujan-agar-kulit-tetap-sehat-dan-lembap/,0,0,0,,0.0,0.0,0.0,8.4,6.4,2.0,0,0,20,59,37,0,281,0,3.0,24.5,informational,article,False,True,False,False,True
https://dreamlab.id/cara-membuat-masker-wajah-organik/,/cara-membuat-masker-wajah-organik/,0,1,-1,-100.0,0.0,0.53,-0.53,7.8,9.2,-1.5,0,0,0,58,190,3,872,-1,2.9,24.5,informational,article,False,True,False,False,True
https://dreamlab.id/prediksi-tren-2026/#Formulasi_dengan_Pendekatan_AI_dan_Personalisasi,/prediksi-tren-2026/#Formulasi_dengan_Pendekatan_AI_dan_Personalisasi/,0,0,0,,0.0,0.0,0.0,8.5,7.4,1.1,0,0,0,0,17,0,57,0,2.8,24.4,informational,article,False,True,False,False,True
https://dreamlab.id/hair-vitamin-lokal-indonesia-viral-di-korea/,/hair-vitamin-lokal-indonesia-viral-di-korea/,2,2,0,0.0,3.51,2.47,1.04,8.2,9.7,-1.5,1,0,2,57,81,7,366,0,0.8,24.3,local,article,False,True,False,False,True
https://dreamlab.id/hair-treatment-ampoule-maklon-haircare-dreamlab/,/hair-treatment-ampoule-maklon-haircare-dreamlab/,1,0,1,100,1.89,0.0,1.89,20.6,39.7,-19.1,0,1,11,53,93,3,329,1,0.0,24.0,brand,article,False,True,False,False,True
https://dreamlab.id/rekomendasi-maklon-kosmetik-terbaik-dreamlab/,/rekomendasi-maklon-kosmetik-terbaik-dreamlab/,0,0,0,,0.0,0.0,0.0,10.6,,,0,0,53,53,0,0,53,0,1.3,24.0,brand,article,False,True,False,False,True
https://dreamlab.id/bahan-bahan-ramah-lingkungan-panduan-untuk-skincare-berkualitas-tinggi-di-era-2024/?amp,/bahan-bahan-ramah-lingkungan-panduan-untuk-skincare-berkualitas-tinggi-di-era-2024/?amp/,0,0,0,,0.0,0.0,0.0,77.1,,,0,0,0,0,0,0,47,0,0.6,23.4,informational,article,False,True,False,False,True
https://dreamlab.id/prediksi-tren-2026/#Inovasi_Dreamlab_untuk_Menghadapi_Perubahan_Pasar,/prediksi-tren-2026/#Inovasi_Dreamlab_untuk_Menghadapi_Perubahan_Pasar/,0,0,0,,0.0,0.0,0.0,8.8,6.8,2.0,0,0,0,0,13,0,43,0,2.2,23.0,brand,article,False,True,False,False,True
https://dreamlab.id/prediksi-tren-2026/#Cara_Maklon_di_Dreamlab_Dari_Ide_Hingga_Produk_Siap_Viral,/prediksi-tren-2026/#Cara_Maklon_di_Dreamlab_Dari_Ide_Hingga_Produk_Siap_Viral/,0,0,0,,0.0,0.0,0.0,8.8,9.6,-0.8,0,0,0,0,5,0,28,0,1.4,20.9,brand,article,False,True,False,False,True
https://dreamlab.id/omset-moisturizer-naik-tajam-dreamlab-bisnis-skincare/,/omset-moisturizer-naik-tajam-dreamlab-bisnis-skincare/,0,0,0,,0.0,0.0,0.0,7.4,3.3,4.1,0,0,13,25,12,0,163,0,1.2,20.4,brand,article,False,True,False,False,True
https://dreamlab.id/tips-membuat-konten-viral/,/tips-membuat-konten-viral/,0,0,0,,0.0,0.0,0.0,35.5,7.1,28.4,0,0,5,23,38,0,335,0,0.3,20.0,informational,article,False,True,False,False,True
https://dreamlab.id/solusi-bisnis-body-serum-aha-2025-tren-pasar-maklon-dreamlab/,/solusi-bisnis-body-serum-aha-2025-tren-pasar-maklon-dreamlab/,0,0,0,,0.0,0.0,0.0,8.7,19.4,-10.7,0,0,5,23,8,1,190,0,1.2,20.0,brand,article,False,True,False,False,True
https://dreamlab.id/tren-parfum-arab-bisnis-maklon-dreamlab/#5_Parfum_Arab_yang_Bisa_Dijadikan_Peluang_Bisnis_Menjanjikan,/tren-parfum-arab-bisnis-maklon-dreamlab/#5_Parfum_Arab_yang_Bisa_Dijadikan_Peluang_Bisnis_Menjanjikan/,0,0,0,,0.0,0.0,0.0,3.7,5.0,-1.3,0,0,0,0,5,0,20,0,2.0,19.4,brand,article,False,True,False,False,True
https://dreamlab.id/tren-parfum-arab-bisnis-maklon-dreamlab/#Fenomena_Parfum_Arab_di_Kalangan_Milenial_Indonesia,/tren-parfum-arab-bisnis-maklon-dreamlab/#Fenomena_Parfum_Arab_di_Kalangan_Milenial_Indonesia/,0,0,0,,0.0,0.0,0.0,3.7,5.0,-1.3,0,0,0,0,5,0,20,0,2.0,19.4,brand,article,False,True,False,False,True
https://dreamlab.id/tag/jenis-make-up/,/tag/jenis-make-up/,0,0,0,,0.0,0.0,0.0,23.8,,,0,0,0,0,0,0,20,0,0.2,19.3,informational,article,False,True,False,False,True
https://dreamlab.id/trend-aroma-parfum-disukai-market-2026/,/trend-aroma-parfum-disukai-market-2026/,0,0,0,,0.0,0.0,0.0,9.8,,,0,0,20,20,0,0,20,0,1.0,19.3,informational,article,False,True,False,False,True
https://dreamlab.id/tren-parfum-arab-bisnis-maklon-dreamlab/#Jenis-Jenis_Parfum_Arab_yang_Populer_di_Indonesia,/tren-parfum-arab-bisnis-maklon-dreamlab/#Jenis-Jenis_Parfum_Arab_yang_Populer_di_Indonesia/,0,0,0,,0.0,0.0,0.0,3.7,5.2,-1.6,0,0,0,0,4,0,19,0,1.9,19.1,brand,article,False,True,False,False,True
https://dreamlab.id/tren-parfum-arab-bisnis-maklon-dreamlab/#Apa_Perbedaan_Parfum_Arab_dan_Parfum_Biasa,/tren-parfum-arab-bisnis-maklon-dreamlab/#Apa_Perbedaan_Parfum_Arab_dan_Parfum_Biasa/,0,0,0,,0.0,0.0,0.0,3.7,5.2,-1.6,0,0,0,0,4,0,19,0,1.9,19.1,brand,article,False,True,False,False,True
https://dreamlab.id/revolusi-vegan-bagaimana-bahan-tumbuhan-mengubah-formula-produk-kosmetik/,/revolusi-vegan-bagaimana-bahan-tumbuhan-mengubah-formula-produk-kosmetik/,0,0,0,,0.0,0.0,0.0,20.9,,,0,0,0,0,0,0,17,0,0.2,18.5,informational,article,False,True,False,False,True
https://dreamlab.id/panduan-lengkap-memilih-foundation-yang-tepat-untuk-kulit-pria/,/panduan-lengkap-memilih-foundation-yang-tepat-untuk-kulit-pria/,0,0,0,,0.0,0.0,0.0,10.4,,,0,0,0,0,0,0,15,0,0.4,17.9,informational,article,False,True,False,False,True
https://dreamlab.id/panduan/,/panduan/,0,0,0,,0.0,0.0,0.0,31.1,,,0,0,14,14,0,0,14,0,0.2,17.6,informational,article,False,True,False,False,True
https://dreamlab.id/sertifikasi-keberlanjutan-panduan-memilih-produk-kosmetik-yang-ramah-lingkungan/,/sertifikasi-keberlanjutan-panduan-memilih-produk-kosmetik-yang-ramah-lingkungan/,0,0,0,,0.0,0.0,0.0,14.3,,,0,0,0,0,0,0,12,0,0.3,16.9,informational,article,False,True,False,False,True
https://dreamlab.id/cara-hitunghpp-produk-kosmeti/#Contoh_Simulasi_HPP_Moisturizer_50ml_500_pcs,/cara-hitunghpp-produk-kosmeti/#Contoh_Simulasi_HPP_Moisturizer_50ml_500_pcs/,0,0,0,,0.0,0.0,0.0,5.6,,,0,0,0,11,0,0,11,0,0.6,16.5,informational,article,False,True,False,False,True
https://dreamlab.id/cara-hitunghpp-produk-kosmeti/#Komponen_HPP_Produk_Kosmetik,/cara-hitunghpp-produk-kosmeti/#Komponen_HPP_Produk_Kosmetik/,0,0,0,,0.0,0.0,0.0,5.6,,,0,0,0,11,0,0,11,0,0.6,16.5,informational,article,False,True,False,False,True
https://dreamlab.id/cara-hitunghpp-produk-kosmeti/#_Apa_Itu_HPP_dan_Mengapa_Penting,/cara-hitunghpp-produk-kosmeti/#_Apa_Itu_HPP_dan_Mengapa_Penting/,0,0,0,,0.0,0.0,0.0,5.6,,,0,0,0,11,0,0,11,0,0.6,16.5,informational,article,False,True,False,False,True
https://dreamlab.id/bebas-berkarya-ciptakan-produk-skincare-impian-anda-dengan-dreamlab/,/bebas-berkarya-ciptakan-produk-skincare-impian-anda-dengan-dreamlab/,0,0,0,,0.0,0.0,0.0,8.2,,,0,0,0,0,0,0,10,0,0.5,16.0,brand,article,False,True,False,False,True
https://dreamlab.id/biaya-maklon-parfum-moq-kecil/#Berapa_Estimasi_Biaya_Maklon_Parfum_di_Dreamlab,/biaya-maklon-parfum-moq-kecil/#Berapa_Estimasi_Biaya_Maklon_Parfum_di_Dreamlab/,0,0,0,,0.0,0.0,0.0,8.4,10.0,-1.6,0,0,0,9,68,0,77,0,0.4,15.5,brand,article,False,True,False,False,True
https://dreamlab.id/state-of-beauty-2025-tren-kecantikan-pertumbuhan-industri-kosmetik-perubahan-pasar/#Perkembangan_Industri_Kosmetik2025_di_Indonesia_dan_Asia_Tenggara,/state-of-beauty-2025-tren-kecantikan-pertumbuhan-industri-kosmetik-perubahan-pasar/#Perkembangan_Industri_Kosmetik2025_di_Indonesia_dan_Asia_Tenggara/,0,0,0,,0.0,0.0,0.0,4.1,6.1,-2.0,0,0,0,9,39,0,248,0,0.9,15.5,local,article,False,True,False,False,True
https://dreamlab.id/bangun-brand-skincare-lebih-strategis-dreamlab/,/bangun-brand-skincare-lebih-strategis-dreamlab/,0,0,0,,0.0,0.0,0.0,58.6,,,0,0,0,7,0,1,42,0,0.1,14.3,brand,article,False,True,False,False,True
https://dreamlab.id/dreampreneur-beauty-academy-surabaya-2026/,/dreampreneur-beauty-academy-surabaya-2026/,0,1,-1,-100.0,16.67,20.0,-3.33,7.2,6.6,0.6,0,0,0,0,5,1,6,-1,0.0,13.6,local,article,False,True,False,False,True
https://dreamlab.id/strategi-globalisasi-merek-kosmetik-yang-menjangkau-pasar-internasional/,/strategi-globalisasi-merek-kosmetik-yang-menjangkau-pasar-internasional/,0,0,0,,0.0,0.0,0.0,6.2,,,0,0,0,0,0,0,6,0,0.3,13.6,local,article,False,True,False,False,True
https://dreamlab.id/dreamlab-kolaborasi-di-klifm-bongkar-strategi-bisnis-kosmetik/,/dreamlab-kolaborasi-di-klifm-bongkar-strategi-bisnis-kosmetik/,0,0,0,,0.0,0.0,0.0,7.6,,,0,0,5,5,0,0,5,0,0.2,12.7,brand,article,False,True,False,False,True
https://dreamlab.id/contact-form-dreamlab/,/contact-form-dreamlab/,0,0,0,,0.0,0.0,0.0,7.0,6.2,0.8,0,0,0,0,4,0,5,0,0.2,12.7,brand,article,False,True,False,False,True
https://dreamlab.id/state-of-beauty-2025-tren-kecantikan-pertumbuhan-industri-kosmetik-perubahan-pasar/#Tren_Kecantikan2025_yang_Akan_Mendominasi_Pasar_Global,/state-of-beauty-2025-tren-kecantikan-pertumbuhan-industri-kosmetik-perubahan-pasar/#Tren_Kecantikan2025_yang_Akan_Mendominasi_Pasar_Global/,0,0,0,,0.0,0.0,0.0,3.8,5.2,-1.4,0,0,0,5,29,1,126,0,0.5,12.7,informational,article,False,True,False,False,True
https://dreamlab.id/tag/dreamlab/,/tag/dreamlab/,0,0,0,,0.0,0.0,0.0,21.8,,,0,0,0,0,0,0,5,0,0.1,12.7,brand,article,False,True,False,False,True
https://dreamlab.id/tentang-dreamlab/alur-maklon/,/tentang-dreamlab/alur-maklon/,0,0,0,,0.0,0.0,0.0,24.0,,,0,0,0,0,0,0,5,0,0.1,12.7,brand,article,False,True,False,False,True
https://dreamlab.id/cara-menghilangkan-ketombe/,/cara-menghilangkan-ketombe/,0,0,0,,0.0,0.0,0.0,34.5,10.9,23.6,0,0,1,4,7,0,67,0,0.0,11.6,informational,article,False,True,False,False,True
https://dreamlab.id/lulur-vs-hb-dosting/#Langkah-Langkah_Membuat_Body_Care_dengan_Merek_Sendiri,/lulur-vs-hb-dosting/#Langkah-Langkah_Membuat_Body_Care_dengan_Merek_Sendiri/,0,0,0,,0.0,0.0,0.0,8.2,,,0,0,4,4,0,0,4,0,0.2,11.6,informational,article,False,True,False,False,True
https://dreamlab.id/lulur-vs-hb-dosting/#Apa_Itu_HB_Dosting,/lulur-vs-hb-dosting/#Apa_Itu_HB_Dosting/,0,0,0,,0.0,0.0,0.0,8.2,,,0,0,4,4,0,0,4,0,0.2,11.6,informational,article,False,True,False,False,True
https://dreamlab.id/state-of-beauty-2025-tren-kecantikan-pertumbuhan-industri-kosmetik-perubahan-pasar/#Panorama_Industri_Kecantikan_Global_2025,/state-of-beauty-2025-tren-kecantikan-pertumbuhan-industri-kosmetik-perubahan-pasar/#Panorama_Industri_Kecantikan_Global_2025/,0,0,0,,0.0,0.0,0.0,6.2,6.4,-0.1,0,0,0,4,29,0,234,0,0.2,11.6,informational,article,False,True,False,False,True
https://dreamlab.id/tren-brand-kosmetik-lokal-2025/#Cara_Maklon_di_Dreamlab_Dari_Ide_Hingga_Produk_Siap_Viral,/tren-brand-kosmetik-lokal-2025/#Cara_Maklon_di_Dreamlab_Dari_Ide_Hingga_Produk_Siap_Viral/,0,0,0,,0.0,0.0,0.0,7.7,,,0,0,0,0,0,0,3,0,0.2,10.3,brand,article,False,True,False,False,True
https://dreamlab.id/strategi-tiktok-shop-campaign-gratis/#Cara_Mengoptimalkan_Campaign_Promosi,/strategi-tiktok-shop-campaign-gratis/#Cara_Mengoptimalkan_Campaign_Promosi/,0,0,0,,0.0,0.0,0.0,6.0,,,0,0,0,0,0,0,3,0,0.2,10.3,informational,article,False,True,False,False,True
https://dreamlab.id/berapa-moq-maklon-skincare-di-dreamlab-ini-fakta-penting-untuk-pebisnis-pemula/#Tantangan_dan_Solusi_dalam_Memenuhi_MOQ_untuk_Pebisnis_Pemula,/berapa-moq-maklon-skincare-di-dreamlab-ini-fakta-penting-untuk-pebisnis-pemula/#Tantangan_dan_Solusi_dalam_Memenuhi_MOQ_untuk_Pebisnis_Pemula/,0,0,0,,0.0,0.0,0.0,3.5,2.0,1.5,0,0,0,0,1,0,2,0,0.2,8.3,brand,article,False,True,False,False,True
https://dreamlab.id/tips-memilih-kemasan-produk-yang-tepat-untuk-kosmetikmu/,/tips-memilih-kemasan-produk-yang-tepat-untuk-kosmetikmu/,0,0,0,,0.0,0.0,0.0,9.5,,,0,0,0,0,0,0,2,0,0.1,8.3,informational,article,False,True,False,False,True
https://dreamlab.id/state-of-beauty-2025-tren-kecantikan-pertumbuhan-industri-kosmetik-perubahan-pasar/#Keberlanjutan_dan_Etika_dalam_Industri_Kosmetik2025,/state-of-beauty-2025-tren-kecantikan-pertumbuhan-industri-kosmetik-perubahan-pasar/#Keberlanjutan_dan_Etika_dalam_Industri_Kosmetik2025/,0,0,0,,0.0,0.0,0.0,7.5,5.4,2.1,0,0,0,2,11,0,86,0,0.1,8.3,informational,article,False,True,False,False,True
https://dreamlab.id/skincare-sebagai-ritual-pagi-wanita-karir-tips-dan-produk-terbaik/,/skincare-sebagai-ritual-pagi-wanita-karir-tips-dan-produk-terbaik/,0,0,0,,0.0,0.0,0.0,10.0,,,0,0,0,0,0,0,1,0,0.0,5.0,informational,article,False,True,False,False,True
https://dreamlab.id/berapa-moq-maklon-skincare-di-dreamlab-ini-fakta-penting-untuk-pebisnis-pemula/#Memahami_Konsep_MOQ_dalam_Industri_Skincare,/berapa-moq-maklon-skincare-di-dreamlab-ini-fakta-penting-untuk-pebisnis-pemula/#Memahami_Konsep_MOQ_dalam_Industri_Skincare/,0,0,0,,0.0,0.0,0.0,10.0,2.0,8.0,0,0,0,1,1,0,3,0,0.0,5.0,brand,article,False,True,False,False,True
https://dreamlab.id/cara-buat-parfum-sendiri-dengan-maklon/#Cara_Memulai_Brand_Parfum_Bersama_Dreamlab,/cara-buat-parfum-sendiri-dengan-maklon/#Cara_Memulai_Brand_Parfum_Bersama_Dreamlab/,0,0,0,,0.0,0.0,0.0,6.0,,,0,0,0,1,0,0,1,0,0.0,5.0,brand,article,False,True,False,False,True
https://dreamlab.id/berapa-moq-maklon-skincare-di-dreamlab-ini-fakta-penting-untuk-pebisnis-pemula/#Perbandingan_MOQ_Maklon_Skincare_Dreamlab_dengan_Penyedia_Lainnya,/berapa-moq-maklon-skincare-di-dreamlab-ini-fakta-penting-untuk-pebisnis-pemula/#Perbandingan_MOQ_Maklon_Skincare_Dreamlab_dengan_Penyedia_Lainnya/,0,0,0,,0.0,0.0,0.0,10.0,2.0,8.0,0,0,0,1,1,0,3,0,0.0,5.0,brand,article,False,True,False,False,True
https://dreamlab.id/berapa-moq-maklon-skincare-di-dreamlab-ini-fakta-penting-untuk-pebisnis-pemula/#Profil_Dreamlab_sebagai_Penyedia_Jasa_Maklon_Skincare_Terpercaya,/berapa-moq-maklon-skincare-di-dreamlab-ini-fakta-penting-untuk-pebisnis-pemula/#Profil_Dreamlab_sebagai_Penyedia_Jasa_Maklon_Skincare_Terpercaya/,0,0,0,,0.0,0.0,0.0,10.0,2.0,8.0,0,0,0,1,1,0,3,0,0.0,5.0,brand,article,False,True,False,False,True
https://dreamlab.id/berapa-moq-maklon-skincare-di-dreamlab-ini-fakta-penting-untuk-pebisnis-pemula/#Studi_Kasus_Kesuksesan_Brand_Skincare_Pemula_dengan_MOQ_Dreamlab,/berapa-moq-maklon-skincare-di-dreamlab-ini-fakta-penting-untuk-pebisnis-pemula/#Studi_Kasus_Kesuksesan_Brand_Skincare_Pemula_dengan_MOQ_Dreamlab/,0,0,0,,0.0,0.0,0.0,10.0,2.0,8.0,0,0,0,1,1,0,3,0,0.0,5.0,brand,article,False,True,False,False,True
https://dreamlab.id/state-of-beauty-2025-tren-kecantikan-pertumbuhan-industri-kosmetik-perubahan-pasar/#Revolusi_Pasar_Skincare_Inovasi_Formulasi_dan_Bahan_Aktif,/state-of-beauty-2025-tren-kecantikan-pertumbuhan-industri-kosmetik-perubahan-pasar/#Revolusi_Pasar_Skincare_Inovasi_Formulasi_dan_Bahan_Aktif/,0,0,0,,0.0,0.0,0.0,11.0,5.5,5.5,0,0,0,1,8,0,78,0,0.0,5.0,informational,article,False,True,False,False,True
https://dreamlab.id/berapa-moq-maklon-skincare-di-dreamlab-ini-fakta-penting-untuk-pebisnis-pemula/#Cara_Menghitung_Biaya_Produksi_Berdasarkan_MOQ_Skincare,/berapa-moq-maklon-skincare-di-dreamlab-ini-fakta-penting-untuk-pebisnis-pemula/#Cara_Menghitung_Biaya_Produksi_Berdasarkan_MOQ_Skincare/,0,0,0,,0.0,0.0,0.0,10.0,,,0,0,0,1,0,0,1,0,0.0,5.0,brand,article,False,True,False,False,True
https://dreamlab.id/berapa-moq-maklon-skincare-di-dreamlab-ini-fakta-penting-untuk-pebisnis-pemula/#MOQ_Maklon_Skincare_di_Dreamlab_Ketentuan_dan_Kebijakan,/berapa-moq-maklon-skincare-di-dreamlab-ini-fakta-penting-untuk-pebisnis-pemula/#MOQ_Maklon_Skincare_di_Dreamlab_Ketentuan_dan_Kebijakan/,0,0,0,,0.0,0.0,0.0,10.0,2.0,8.0,0,0,0,1,1,0,3,0,0.0,5.0,brand,article,False,True,False,False,True
https://dreamlab.id/state-of-beauty-2025-tren-kecantikan-pertumbuhan-industri-kosmetik-perubahan-pasar/#Segmentasi_Konsumen_dan_Perubahan_Perilaku_Pembelian,/state-of-beauty-2025-tren-kecantikan-pertumbuhan-industri-kosmetik-perubahan-pasar/#Segmentasi_Konsumen_dan_Perubahan_Perilaku_Pembelian/,0,0,0,,0.0,0.0,0.0,11.0,5.5,5.5,0,0,0,1,8,0,78,0,0.0,5.0,informational,article,False,True,False,False,True
https://dreamlab.id/state-of-beauty-2025-tren-kecantikan-pertumbuhan-industri-kosmetik-perubahan-pasar/#Transformasi_Digital_dalam_Industri_Kecantikan,/state-of-beauty-2025-tren-kecantikan-pertumbuhan-industri-kosmetik-perubahan-pasar/#Transformasi_Digital_dalam_Industri_Kecantikan/,0,0,0,,0.0,0.0,0.0,11.0,5.5,5.5,0,0,0,1,8,0,85,0,0.0,5.0,informational,article,False,True,False,False,True
https://dreamlab.id/berapa-moq-maklon-skincare-di-dreamlab-ini-fakta-penting-untuk-pebisnis-pemula/#Tips_Memilih_Paket_MOQ_yang_Tepat_untuk_Bisnis_Skincare_Pemula,/berapa-moq-maklon-skincare-di-dreamlab-ini-fakta-penting-untuk-pebisnis-pemula/#Tips_Memilih_Paket_MOQ_yang_Tepat_untuk_Bisnis_Skincare_Pemula/,0,0,0,,0.0,0.0,0.0,10.0,2.0,8.0,0,0,0,1,1,0,3,0,0.0,5.0,brand,article,False,True,False,False,True
https://dreamlab.id/berkelanjutan-dari-a-z-tren-formulasi-produk-yang-mendukung-lingkungan/,/berkelanjutan-dari-a-z-tren-formulasi-produk-yang-mendukung-lingkungan/,0,0,0,,0.0,0.0,0.0,12.0,,,0,0,0,0,0,0,1,0,0.0,5.0,informational,article,False,True,False,False,True
https://dreamlab.id/keamanan-produk-kosmetik-memahami-fakta-di-balik-mitosnya/,/keamanan-produk-kosmetik-memahami-fakta-di-balik-mitosnya/,0,0,0,,0.0,0.0,0.0,36.0,,,0,0,0,0,0,0,1,0,0.0,5.0,local,article,False,True,False,False,True
https://dreamlab.id/kosmetik-olahraga/#Produk_Apa_Saja_yang_Bisa_Dibuat_di_Dreamlab,/kosmetik-olahraga/#Produk_Apa_Saja_yang_Bisa_Dibuat_di_Dreamlab/,0,0,0,,0.0,0.0,0.0,4.0,6.0,-2.0,0,0,0,1,1,0,2,0,0.1,5.0,brand,article,False,True,False,False,True
https://dreamlab.id/kosmetik-olahraga/#Mengapa_Kosmetik_Olahraga_Menjadi_Tren_Baru,/kosmetik-olahraga/#Mengapa_Kosmetik_Olahraga_Menjadi_Tren_Baru/,0,0,0,,0.0,0.0,0.0,4.0,6.0,-2.0,0,0,0,1,1,0,2,0,0.1,5.0,informational,article,False,True,False,False,True
https://dreamlab.id/keuntungan-penggunaan-sunscreen-dalam-produk-kosmetik-untuk-melindungi-kulit-dari-paparan-sinar-uv/,/keuntungan-penggunaan-sunscreen-dalam-produk-kosmetik-untuk-melindungi-kulit-dari-paparan-sinar-uv/,0,0,0,,0.0,0.0,0.0,11.0,,,0,0,0,0,0,0,1,0,0.0,5.0,informational,article,False,True,False,False,True
https://dreamlab.id/bahan-bahan-ramah-lingkungan-panduan-untuk-skincare-berkualitas-tinggi-di-era-2024/,/bahan-bahan-ramah-lingkungan-panduan-untuk-skincare-berkualitas-tinggi-di-era-2024/,0,0,0,,0.0,0.0,0.0,4.0,,,0,0,0,0,0,0,1,0,0.1,5.0,informational,article,False,True,False,False,True
