query,clicks_c90,clicks_p90,clicks_delta,clicks_pct_change,impressions_c90,impressions_p90,impressions_delta,ctr_c90_pct,ctr_p90_pct,ctr_delta_pp,position_c90,position_p90,position_delta,c30_clicks,p30_clicks,clicks_16m,impressions_16m,trend,business_intent,brand
"""kosmetik"" -site:reddit.com -site:twitter.com -site:x.com -site:wykop.pl -site:tripadvisor.com -site:youtube.com -site:yelp.com -site:booking.com -site:facebook.com -site:instagram.com -site:tiktok.com",0,0,0,,0,3,-3,0.0,0.0,,,4.3,,0,0,0,3,stable,other,False
(90)na18220109861(91)250929,0,0,0,,0,1,-1,0.0,0.0,,,3.0,,0,0,0,1,stable,other,False
10 perusahaan kosmetik terbesar di indonesia,0,0,0,,6,8,-2,0.0,0.0,,11.2,8.8,2.4,0,0,0,14,stable,local,False
10 urutan skincare bpom terlaris,0,0,0,,1,1,0,0.0,0.0,,12.0,11.0,1.0,0,0,0,2,stable,commercial,False
3 basic skincare cowok,0,0,0,,32,5,27,0.0,0.0,,9.3,7.6,1.7,0,0,0,37,stable,other,False
3 basic skincare pria,1,1,0,0.0,106,85,21,0.94,1.18,-0.23,8.0,6.3,1.7,0,0,3,374,stable,other,False
5 skincare terbaik di indonesia,0,0,0,,0,1,-1,0.0,0.0,,,15.0,,0,0,0,1,stable,local,False
ada opsi lain,0,0,0,,0,1,-1,0.0,0.0,,,3.0,,0,0,0,1,stable,other,False
affiliate aja,0,0,0,,0,1,-1,0.0,0.0,,,2.0,,0,0,0,1,stable,other,False
affiliate marketing skincare,0,0,0,,0,3,-3,0.0,0.0,,,8.7,,0,0,0,8,stable,other,False
affiliate skincare,0,0,0,,18,155,-137,0.0,0.0,,11.8,2.6,9.3,0,0,0,455,stable,other,False
affiliate skincare adalah,0,0,0,,10,157,-147,0.0,0.0,,11.3,3.2,8.1,0,0,0,717,stable,other,False
affiliate skincare kerjanya apa,0,0,0,,36,34,2,0.0,0.0,,9.1,5.6,3.5,0,0,0,121,stable,informational,False
affiliator skincare adalah,0,0,0,,2,32,-30,0.0,0.0,,14.0,5.8,8.2,0,0,0,40,stable,other,False
afiliator adalah,0,0,0,,0,1,-1,0.0,0.0,,,2.0,,0,0,0,1,stable,other,False
afiliator skincare adalah,0,0,0,,0,26,-26,0.0,0.0,,,4.5,,0,0,0,98,stable,other,False
agensi kol,0,0,0,,0,1,-1,0.0,0.0,,,10.0,,0,0,0,1,stable,other,False
aksara kosmetik indonesia,0,0,0,,0,1,-1,0.0,0.0,,,4.0,,0,0,0,1,stable,local,False
alas duduk silikon,0,0,0,,0,1,-1,0.0,0.0,,,3.0,,0,0,0,1,stable,other,False
alat pengencang,0,0,0,,8,2,6,0.0,0.0,,10.4,2.5,7.9,0,0,0,10,stable,other,False
alat pengencang wajah terbaik,2,9,-7,-77.8,145,219,-74,1.38,4.11,-2.73,5.7,1.6,4.1,0,1,16,518,declining,other,False
alcohol denat adalah,0,0,0,,2,6,-4,0.0,0.0,,49.0,10.5,38.5,0,0,0,8,stable,other,False
alcohol denat for perfume,0,0,0,,0,1,-1,0.0,0.0,,,1.0,,0,0,0,1,stable,other,False
alcohol denat in perfume,0,0,0,,0,1,-1,0.0,0.0,,,11.0,,0,0,0,1,stable,other,False
alcohol denat pada parfum,0,0,0,,1,19,-18,0.0,0.0,,12.0,11.0,0.9,0,0,0,25,stable,other,False
alcohol fragrance,0,0,0,,0,1,-1,0.0,0.0,,,1.0,,0,0,0,4,stable,other,False
alcohol parfum,0,0,0,,6,24,-18,0.0,0.0,,10.7,6.0,4.6,0,0,0,64,stable,other,False
alcool parfum,0,0,0,,0,1,-1,0.0,0.0,,,10.0,,0,0,0,1,stable,other,False
alkohol apa yang digunakan untuk parfum,0,0,0,,31,16,15,0.0,0.0,,9.9,7.6,2.3,0,0,0,55,stable,informational,False
alkohol buat parfum,0,0,0,,23,95,-72,0.0,0.0,,9.4,2.8,6.6,0,0,0,196,stable,other,False
alkohol dalam minyak wangi,0,0,0,,1,0,1,0.0,0.0,,61.0,,,0,0,0,1,stable,other,False
alkohol denat,0,0,0,,0,2,-2,0.0,0.0,,,41.5,,0,0,0,4,stable,other,False
alkohol denat adalah,0,0,0,,0,5,-5,0.0,0.0,,,5.8,,0,0,0,5,stable,other,False
alkohol denat pada parfum,0,0,0,,15,18,-3,0.0,0.0,,11.6,9.9,1.7,0,0,0,36,stable,other,False
alkohol food grade untuk parfum,0,0,0,,0,10,-10,0.0,0.0,,,7.4,,0,0,0,15,stable,other,False
alkohol khusus parfum,0,0,0,,20,27,-7,0.0,0.0,,8.8,7.6,1.2,0,0,0,74,stable,other,False
alkohol minyak wangi,0,0,0,,1,7,-6,0.0,0.0,,13.0,1.6,11.4,0,0,0,17,stable,other,False
alkohol parfum,0,0,0,,51,71,-20,0.0,0.0,,12.6,5.7,6.9,0,0,0,129,stable,other,False
alkohol parfum terbaik,0,0,0,,26,15,11,0.0,0.0,,6.3,3.8,2.5,0,0,0,41,stable,other,False
alkohol parfum yang bagus,0,1,-1,-100.0,22,49,-27,1.39,2.04,-0.65,10.3,7.1,3.2,0,0,1,72,stable,other,False
alkohol terbaik untuk parfum,1,0,1,100,21,9,12,4.76,0.0,,7.0,2.2,4.8,0,1,3,60,declining,other,False
alkohol untuk minyak wangi,0,0,0,,2,13,-11,5.88,0.0,,12.5,4.1,8.4,0,0,1,17,stable,other,False
alkohol untuk parfum,0,0,0,,41,351,-310,0.29,0.0,,11.0,2.7,8.4,0,0,2,684,stable,other,False
alkohol yang bagus untuk parfum,0,0,0,,0,6,-6,0.0,0.0,,,1.0,,0,0,1,42,stable,other,False
alkohol yang digunakan untuk parfum,0,1,-1,-100.0,31,21,10,1.72,4.76,-3.04,8.8,4.5,4.2,0,0,1,58,stable,other,False
alkohol yang dipakai untuk parfum,0,1,-1,-100.0,5,35,-30,2.27,2.86,-0.58,10.0,7.2,2.8,0,0,1,44,stable,other,False
analisis scp industri skincare global 2026,0,0,0,,0,8,-8,0.0,0.0,,,9.5,,0,0,0,8,stable,other,False
analisis tren produk kekinian 2026,0,0,0,,0,4,-4,0.0,0.0,,,9.5,,0,0,0,4,stable,informational,False
analisis tren produk terkini 2026,0,0,0,,0,1,-1,0.0,0.0,,,7.0,,0,0,0,1,stable,informational,False
apa arti dosting,0,0,0,,3,2,1,0.0,0.0,,9.7,6.0,3.7,0,0,0,5,stable,informational,False
apa arti hb dosting,0,0,0,,50,1,49,0.0,0.0,,9.6,1.0,8.6,0,0,0,51,stable,informational,False
apa arti kol,0,0,0,,0,1,-1,0.0,0.0,,,3.0,,0,0,0,1,stable,informational,False
apa bedanya moisturizer gel dan cream,0,0,0,,0,9,-9,0.0,0.0,,,4.6,,0,0,0,9,stable,informational,False
apa hb dosting,0,0,0,,2,2,0,0.0,0.0,,3.0,1.0,2.0,0,0,0,4,stable,informational,False
apa hb dosting aman,0,0,0,,0,1,-1,0.0,0.0,,,1.0,,0,0,0,1,stable,informational,False
apa itu affiliate skincare,0,0,0,,3,27,-24,0.0,0.0,,10.3,1.0,9.3,0,0,0,107,stable,informational,False
apa itu affiliator skincare,0,0,0,,0,9,-9,0.0,0.0,,,1.0,,0,0,0,9,stable,informational,False
apa itu alcohol denat,0,0,0,,1,0,1,0.0,0.0,,52.0,,,0,0,0,1,stable,informational,False
apa itu alkohol denat,0,0,0,,1,1,0,0.0,0.0,,13.0,1.0,12.0,0,0,0,2,stable,informational,False
apa itu dosting,0,0,0,,7,14,-7,0.0,0.0,,8.4,1.7,6.7,0,0,0,21,stable,informational,False
apa itu etanol dalam parfum,0,0,0,,0,1,-1,0.0,0.0,,,1.0,,0,0,0,1,stable,informational,False
apa itu glycerin dalam skincare,0,0,0,,0,2,-2,0.0,0.0,,,12.0,,0,0,0,3,stable,informational,False
apa itu hb bodycare,0,0,0,,33,2,31,0.0,0.0,,8.6,2.0,6.6,0,0,0,35,stable,informational,False
apa itu hb dosting,1,1,0,0.0,44,159,-115,2.27,0.63,1.64,4.7,1.2,3.5,1,0,2,203,growing,informational,False
apa itu inspired,0,0,0,,8,1,7,0.0,0.0,,12.5,12.0,0.5,0,0,0,9,stable,informational,False
apa itu inspired parfum,0,0,0,,460,122,338,0.0,0.0,,9.6,4.6,5.0,0,0,0,585,stable,informational,False
apa itu keranjang,0,0,0,,0,1,-1,0.0,0.0,,,1.0,,0,0,0,1,stable,informational,False
apa itu kol,0,0,0,,0,4,-4,0.0,0.0,,,3.0,,0,0,0,7,stable,informational,False
apa itu kol affiliate,0,0,0,,0,29,-29,0.0,0.0,,,1.6,,0,0,0,53,stable,informational,False
apa itu kol marketing,0,0,0,,0,1,-1,0.0,0.0,,,3.0,,0,0,0,1,stable,informational,False
apa itu oem dan odm,0,0,0,,1,0,1,0.0,0.0,,70.0,,,0,0,0,1,stable,commercial,False
apa itu panthenol dalam skincare,0,0,0,,0,1,-1,0.0,0.0,,,1.0,,0,0,0,1,stable,informational,False
apa itu parfum inspired,0,0,0,,126,49,77,0.0,0.0,,7.3,4.7,2.6,0,0,0,175,stable,informational,False
apa itu rc,0,0,0,,0,1,-1,0.0,0.0,,,3.0,,0,0,0,1,stable,informational,False
apa itu timteng parfum,0,0,0,,0,1,-1,0.0,0.0,,,3.0,,0,0,0,1,stable,informational,False
apa kegunaan panthenol,0,0,0,,0,1,-1,0.0,0.0,,,14.0,,0,0,0,1,stable,informational,False
apa panthenol,0,0,0,,0,8,-8,0.0,0.0,,,1.0,,0,0,0,9,stable,informational,False
apa perbedaan eau de toilette dan eau de parfum,0,0,0,,1,0,1,0.0,0.0,,65.0,,,0,0,0,1,stable,comparison,False
apa produk terbaik untuk memutihkan ketiak perempuan dengan cepat?,0,0,0,,0,2,-2,0.0,0.0,,,1.5,,0,0,0,2,stable,informational,False
apakah absolute sama dengan alkohol,0,0,0,,0,1,-1,0.0,0.0,,,2.0,,0,0,0,1,stable,informational,False
apakah alkohol 70 bisa untuk parfum,0,0,0,,0,1,-1,0.0,0.0,,,3.0,,0,0,0,1,stable,informational,False
apakah alkohol medis bisa untuk parfum,0,0,0,,19,10,9,0.0,0.0,,8.7,1.0,7.7,0,0,0,33,stable,informational,False
apakah astaxanthin bisa memutihkan kulit,0,0,0,,2,1,1,0.0,0.0,,23.0,16.0,7.0,0,0,0,11,stable,informational,False
apakah astaxanthin bisa menghilangkan flek hitam,0,0,0,,48,19,29,0.0,0.0,,9.3,1.0,8.3,0,0,0,123,stable,informational,False
apakah bmg hb dosting,0,0,0,,0,1,-1,0.0,0.0,,,1.0,,0,0,0,1,stable,informational,False
apakah cream dan moisturizer sama,0,0,0,,10,1,9,0.0,0.0,,9.8,9.0,0.8,0,0,0,11,stable,informational,False
apakah eau de parfum mengandung alkohol,0,0,0,,0,3,-3,0.0,0.0,,,1.0,,0,0,0,3,stable,informational,False
apakah facerinna produk lokal,0,0,0,,0,1,-1,0.0,0.0,,,3.0,,0,0,0,1,stable,informational,False
apakah ginseng bagus untuk rambut,0,0,0,,1,0,1,0.0,0.0,,52.0,,,0,0,0,1,stable,informational,False
apakah hair tonic ginseng bisa meluruskan rambut,0,0,0,,0,1,-1,0.0,0.0,,,11.0,,0,0,0,1,stable,informational,False
apakah micellar water bisa dijadikan toner,0,0,0,,5,3,2,0.0,0.0,,43.0,37.0,6.0,0,0,0,13,stable,informational,False
apakah panthenol berbahaya,0,0,0,,0,2,-2,0.0,0.0,,,1.0,,0,0,0,2,stable,informational,False
apakah panthenol bisa dipakai setelah eksfoliasi,0,0,0,,0,1,-1,0.0,0.0,,,1.0,,0,0,0,1,stable,informational,False
apakah panthenol cocok untuk kulit kering,0,0,0,,0,1,-1,0.0,0.0,,,1.0,,0,0,0,21,stable,informational,False
aplikasi personal branding,0,0,0,,3,0,3,0.0,0.0,,80.0,,,0,0,0,3,stable,commercial,False
app dreamlab,0,0,0,,0,1,-1,0.0,0.0,,,49.0,,0,0,0,1,stable,brand,True
aroma 26,0,0,0,,0,2,-2,0.0,0.0,,,1.0,,0,0,0,2,stable,other,False
aroma alcohol,0,0,0,,0,1,-1,0.0,0.0,,,1.0,,0,0,0,1,stable,other,False
aroma favorit hong,0,0,0,,0,1,-1,0.0,0.0,,,1.0,,0,0,0,1,stable,other,False
aroma parfum,0,0,0,,0,2,-2,0.0,0.0,,,1.0,,0,0,0,2,stable,other,False
aroma parfume,0,0,0,,0,1,-1,0.0,0.0,,,1.0,,0,0,0,1,stable,other,False
aroma teh,0,0,0,,0,1,-1,0.0,0.0,,,24.0,,0,0,0,4,stable,other,False
arti affiliator,0,0,0,,0,1,-1,0.0,0.0,,,2.0,,0,0,0,1,stable,other,False
arti dosting,0,0,0,,4,2,2,0.0,0.0,,10.5,1.0,9.5,0,0,0,6,stable,other,False
arti hb dosting,0,0,0,,5,1,4,0.0,0.0,,6.6,1.0,5.6,0,0,0,6,stable,other,False
arti inspired,0,0,0,,0,1,-1,0.0,0.0,,,3.0,,0,0,0,1,stable,other,False
arti inspired parfum,0,0,0,,18,23,-5,0.0,0.0,,8.3,1.0,7.3,0,0,0,58,stable,other,False
arti kol,0,0,0,,0,3,-3,0.0,0.0,,,2.7,,0,0,0,3,stable,other,False
arti panthenol,0,0,0,,0,14,-14,0.0,0.0,,,1.0,,0,0,0,24,stable,other,False
arti panthenol dalam skincare,0,0,0,,4,1,3,0.0,0.0,,11.5,1.0,10.5,0,0,0,13,stable,other,False
asia skinlab pabrik,0,0,0,,0,2,-2,0.0,0.0,,,12.0,,0,0,0,2,stable,commercial,False
astaxani nutraglow untuk apa,0,0,0,,2,1,1,0.0,0.0,,2.5,2.0,0.5,0,0,0,3,stable,informational,False
astaxanthin bisa menghilangkan flek hitam,0,0,0,,0,1,-1,0.0,0.0,,,1.0,,0,0,0,1,stable,other,False
astaxanthin di jepang,0,0,0,,0,1,-1,0.0,0.0,,,1.0,,0,0,0,4,stable,other,False
astaxanthin for skin care,0,0,0,,0,1,-1,0.0,0.0,,,1.0,,0,0,0,2,stable,other,False
astaxanthin melasma,0,0,0,,0,1,-1,0.0,0.0,,,22.0,,0,0,0,1,stable,other,False
astaxanthin untuk flek,0,0,0,,12,1,11,0.0,0.0,,10.8,10.0,0.8,0,0,0,13,stable,other,False
astaxanthin untuk flek hitam,0,0,0,,0,1,-1,0.0,0.0,,,1.0,,0,0,0,1,stable,other,False
atomlab,0,0,0,,1,0,1,0.0,0.0,,62.0,,,0,0,0,1,stable,other,False
aulia cosmetic indonesia,0,0,0,,0,1,-1,0.0,0.0,,,2.0,,0,0,0,1,stable,local,False
avatar behind the scenes makeup,0,0,0,,0,1,-1,0.0,0.0,,,9.0,,0,0,0,1,stable,other,False
avon kosmetik,0,0,0,,0,1,-1,0.0,0.0,,,4.0,,0,0,0,1,stable,other,False
baby lab,0,0,0,,1,0,1,0.0,0.0,,55.0,,,0,0,0,1,stable,other,False
bahan aktif skincare,0,0,0,,0,1,-1,0.0,0.0,,,37.0,,0,0,0,4,stable,other,False
bahan aktif skincare apa saja,0,0,0,,1,0,1,0.0,0.0,,66.0,,,0,0,0,1,stable,informational,False
bahan aktif untuk jerawat,0,0,0,,0,2,-2,0.0,0.0,,,35.0,,0,0,0,3,stable,other,False
bahan handbody racikan,0,0,0,,6,1,5,0.0,0.0,,9.2,9.0,0.2,0,0,0,7,stable,other,False
bahan hb dosting,0,0,0,,52,2,50,0.0,0.0,,8.6,1.0,7.6,0,0,0,54,stable,other,False
bahaya panthenol untuk wajah,0,0,0,,0,9,-9,0.0,0.0,,,8.1,,0,0,0,33,stable,other,False
bali skincare brands,0,0,0,,1,0,1,0.0,0.0,,68.0,,,0,0,0,1,stable,commercial,False
balm artinya,0,0,0,,0,48,-48,0.0,0.0,,,10.9,,0,0,0,63,stable,other,False
balm itu apa,0,0,0,,0,1,-1,0.0,0.0,,,12.0,,0,0,0,1,stable,informational,False
balm parfume,0,0,0,,0,3,-3,0.0,0.0,,,1.0,,0,0,0,7,stable,other,False
balm perfume,0,0,0,,0,3,-3,0.0,0.0,,,1.0,,0,0,1,20,stable,other,False
bar soap adalah,0,0,0,,0,2,-2,0.0,0.0,,,10.5,,0,0,0,2,stable,other,False
basic men skincare,0,0,0,,0,2,-2,0.0,0.0,,,6.0,,0,0,0,2,stable,other,False
basic skin care cowok,0,0,0,,0,1,-1,0.0,0.0,,,15.0,,0,0,0,1,stable,other,False
basic skin care pria,0,0,0,,1,1,0,0.0,0.0,,37.0,35.0,2.0,0,0,0,3,stable,other,False
basic skincare for men,0,0,0,,0,3,-3,0.0,0.0,,,10.3,,0,0,0,3,stable,other,False
basic skincare untuk laki laki,0,0,0,,0,1,-1,0.0,0.0,,,20.0,,0,0,0,1,stable,other,False
bau alkohol parfum seperti apa,0,0,0,,8,4,4,0.0,0.0,,10.5,8.5,2.0,0,0,0,12,stable,informational,False
baume parfumé,0,0,0,,0,1,-1,0.0,0.0,,,1.0,,0,0,0,1,stable,other,False
beauty affiliate adalah,0,0,0,,11,104,-93,0.0,0.0,,10.4,1.6,8.8,0,0,0,318,stable,other,False
beauty care labs,0,0,0,,0,1,-1,0.0,0.0,,,13.0,,0,0,0,1,stable,other,False
beauty company di indonesia,0,0,0,,1,2,-1,0.0,0.0,,14.0,1.0,13.0,0,0,0,3,stable,local,False
beauty consultant,0,0,0,,0,1,-1,0.0,0.0,,,5.0,,0,0,0,8,stable,other,False
beauty group indonesia,0,0,0,,0,1,-1,0.0,0.0,,,5.0,,0,0,0,1,stable,local,False
beauty indonesia group jogja,0,0,0,,0,1,-1,0.0,0.0,,,4.0,,0,0,0,1,stable,local,False
beauty industry,0,0,0,,3,0,3,0.0,0.0,,77.3,,,0,0,0,3,stable,other,False
beauty lab,0,0,0,,1,1,0,0.0,0.0,,7.0,1.0,6.0,0,0,0,3,stable,other,False
beautylab,0,0,0,,1,0,1,0.0,0.0,,58.0,,,0,0,0,1,stable,other,False
beautypreneur academy,0,0,0,,0,1,-1,0.0,0.0,,,4.0,,0,0,0,1,stable,other,False
beda edp dan edt,0,0,0,,33,1,32,0.0,0.0,,14.6,1.0,13.6,0,0,0,133,stable,other,False
beda gel dan cream,0,0,0,,35,4,31,0.0,0.0,,9.1,8.8,0.4,0,0,0,47,stable,other,False
bedanya edp dan edt parfum,0,0,0,,0,1,-1,0.0,0.0,,,1.0,,0,0,0,2,stable,other,False
bedanya kol dan affiliate,0,0,0,,0,6,-6,0.0,0.0,,,1.0,,0,0,0,6,stable,other,False
bedanya toner dan micellar water,0,0,0,,3,5,-2,0.0,0.0,,28.0,24.6,3.4,0,0,0,11,stable,other,False
belum muncul,0,0,0,,0,1,-1,0.0,0.0,,,5.0,,0,0,0,1,stable,other,False
bentuk vitamin c,0,0,0,,1,0,1,0.0,0.0,,52.0,,,0,0,0,1,stable,other,False
berapa persen niacinamide untuk wajah,0,0,0,,1,0,1,0.0,0.0,,51.0,,,0,0,0,1,stable,informational,False
best makeup brands indonesia 2026,0,0,0,,0,3,-3,0.0,0.0,,,11.7,,0,0,0,3,stable,commercial,False
best nad+ skincare products,0,0,0,,0,3,-3,0.0,0.0,,,11.3,,0,0,0,3,stable,other,False
best seller produk indonesia 2026,0,0,0,,0,1,-1,0.0,0.0,,,20.0,,0,0,0,1,stable,local,False
best skincare brands indonesia 2026,0,0,0,,0,4,-4,0.0,0.0,,,7.2,,0,0,0,4,stable,commercial,False
best skincare products indonesia 2026,0,0,0,,0,2,-2,0.0,0.0,,,9.5,,0,0,0,2,stable,local,False
best sunscreen indonesia,0,0,0,,4,2,2,0.0,0.0,,41.0,34.0,7.0,0,0,0,6,stable,local,False
bh dosting,0,0,0,,0,1,-1,0.0,0.0,,,3.0,,0,0,0,1,stable,other,False
biaya maklon parfum,0,1,-1,-100.0,9,39,-30,1.92,2.56,-0.64,16.3,11.0,5.4,0,0,1,52,stable,pricing,False
biaya membuat brand sendiri,0,0,0,,0,3,-3,0.0,0.0,,,9.3,,0,0,0,3,stable,pricing,False
bibit parfum surabaya,0,0,0,,0,1,-1,0.0,0.0,,,1.0,,0,0,0,1,stable,local,False
biki trend indonesia 2026,0,0,0,,0,1,-1,0.0,0.0,,,18.0,,0,0,0,1,stable,local,False
bikin brand parfum sendiri,0,0,0,,1,1,0,0.0,0.0,,27.0,10.0,17.0,0,0,0,10,stable,commercial,False
biolife medilab,0,0,0,,1,0,1,0.0,0.0,,68.0,,,0,0,0,1,stable,other,False
biome gel ponds untuk apa,0,0,0,,0,1,-1,0.0,0.0,,,3.0,,0,0,0,1,stable,informational,False
bisnis affiliate skincare,0,0,0,,0,28,-28,0.0,0.0,,,2.1,,0,0,0,74,stable,commercial,False
bisnis kecantikan,0,0,0,,2,0,2,0.0,0.0,,51.5,,,0,0,0,3,stable,commercial,False
bisnis kosmetik,0,0,0,,0,1,-1,0.0,0.0,,,9.0,,0,0,0,1,stable,commercial,False
bisnis parfum,0,0,0,,1,1,0,0.0,0.0,,8.0,1.0,7.0,0,0,0,2,stable,commercial,False
bisnis parfum merk sendiri,0,0,0,,1,1,0,0.0,0.0,,11.0,1.0,10.0,0,0,0,16,stable,commercial,False
bisnis skincare pemula,0,0,0,,0,1,-1,0.0,0.0,,,1.0,,0,0,0,1,stable,commercial,False
blm,0,0,0,,0,1,-1,0.0,0.0,,,3.0,,0,0,0,1,stable,other,False
body care trend,0,0,0,,0,2,-2,0.0,0.0,,,3.0,,0,0,0,2,stable,informational,False
body care viral,0,0,0,,0,2,-2,0.0,0.0,,,1.0,,0,0,0,12,stable,other,False
body lotion hb,0,0,0,,0,3,-3,0.0,0.0,,,1.0,,0,0,0,3,stable,other,False
body lotion hb dosting,0,0,0,,0,3,-3,0.0,0.0,,,1.0,,0,0,0,3,stable,other,False
bonavie parfum balm,0,0,0,,0,1,-1,0.0,0.0,,,2.0,,0,0,0,2,stable,other,False
box parfum mewah,0,0,0,,4,19,-15,0.0,0.0,,10.0,9.2,0.8,0,0,0,23,stable,other,False
bpom,0,0,0,,4,4,0,0.0,0.0,,52.0,31.8,20.2,0,0,0,9,stable,commercial,False
brand kecantikan,0,0,0,,4,0,4,0.0,0.0,,61.5,,,0,0,0,4,stable,commercial,False
brand kosmetik indonesia,0,0,0,,2,1,1,0.0,0.0,,13.0,3.0,10.0,0,0,0,3,stable,commercial,False
brand kosmetik lokal indonesia,0,0,0,,0,1,-1,0.0,0.0,,,3.0,,0,0,0,2,stable,commercial,False
brand lokal medan,0,0,0,,1,0,1,0.0,0.0,,59.0,,,0,0,0,1,stable,commercial,False
brand make up,0,0,0,,0,1,-1,0.0,0.0,,,1.0,,0,0,0,1,stable,commercial,False
brand make up lokal,0,0,0,,0,1,-1,0.0,0.0,,,3.0,,0,0,0,1,stable,commercial,False
brand odm indonesia,0,0,0,,0,2,-2,0.0,0.0,,,2.5,,0,0,0,3,stable,commercial,False
brand skincare terbaik di indonesia.,0,0,0,,0,2,-2,0.0,0.0,,,18.5,,0,0,0,2,stable,commercial,False
brand skincare terbaik indonesia 2026,0,0,0,,0,5,-5,0.0,0.0,,,8.8,,0,0,0,5,stable,commercial,False
brand skincare terbesar di indonesia,0,0,0,,0,5,-5,0.0,0.0,,,10.2,,0,0,0,5,stable,commercial,False
brand skincare terkenal di indonesia,0,0,0,,0,1,-1,0.0,0.0,,,17.0,,0,0,0,1,stable,commercial,False
branding surabaya,0,0,0,,0,1,-1,0.0,0.0,,,41.0,,0,0,0,1,stable,commercial,False
buat brand kosmetik sendiri,0,0,0,,5,3,2,0.0,0.0,,49.4,16.0,33.4,0,0,0,104,stable,commercial,False
buat brand parfum sendiri,0,0,0,,2,11,-9,0.0,0.0,,8.5,7.7,0.8,0,0,0,15,stable,commercial,False
buat parfum bpom,0,0,0,,5,0,5,0.0,0.0,,55.6,,,0,0,0,5,stable,commercial,False
buatkan 10 narasi untuk postingan di atas dengan narasi yang berbeda dari sebelumnya,0,0,0,,0,1,-1,0.0,0.0,,,1.0,,0,0,0,1,stable,other,False
bulu tumbuh ke dalam,0,0,0,,1,0,1,0.0,0.0,,62.0,,,0,0,0,1,stable,other,False
bunga amerta kosmetindo pt,0,0,0,,0,1,-1,0.0,0.0,,,4.0,,0,0,0,1,stable,other,False
candylab,0,0,0,,1,0,1,0.0,0.0,,54.0,,,0,0,0,1,stable,other,False
cara affiliate shopee di instagram,0,0,0,,0,3,-3,0.0,0.0,,,1.0,,0,0,0,3,stable,informational,False
cara agar parfum tidak bau alkohol,0,0,0,,0,3,-3,0.0,0.0,,,11.0,,0,0,0,3,stable,informational,False
cara aktifkan affiliate instagram,0,0,0,,0,1,-1,0.0,0.0,,,1.0,,0,0,0,1,stable,informational,False
cara aktifkan keranjang di ig,0,1,-1,-100.0,17,8,9,4.0,12.5,-8.5,5.1,3.8,1.4,0,0,1,25,stable,informational,False
cara aktifkan keranjang di instagram,4,11,-7,-63.6,91,159,-68,4.4,6.92,-2.52,2.9,2.6,0.3,0,1,18,348,declining,informational,False
cara bikin hb dosting sendiri,1,0,1,100,77,10,67,1.3,0.0,,6.1,5.6,0.5,1,0,1,87,growing,informational,False
cara bikin hb racikan pemutih badan,0,0,0,,79,2,77,0.0,0.0,,7.7,1.0,6.7,0,0,0,81,stable,informational,False
cara bikin racikan handbody pemutih,1,0,1,100,90,2,88,1.11,0.0,,8.2,1.0,7.2,1,0,1,92,growing,informational,False
cara bikin racikan pemutih badan,0,0,0,,0,1,-1,0.0,0.0,,,10.0,,0,0,0,1,stable,informational,False
cara bisnis parfum brand sendiri,0,0,0,,8,3,5,0.0,0.0,,37.4,37.0,0.4,0,0,0,25,stable,commercial,False
cara bisnis parfum pemula,0,0,0,,0,1,-1,0.0,0.0,,,11.0,,0,0,0,1,stable,commercial,False
cara buat hb dosting sendiri,0,0,0,,205,23,182,0.0,0.0,,5.9,5.5,0.4,0,0,0,228,stable,informational,False
cara buat hb racikan,0,0,0,,43,2,41,0.0,0.0,,8.5,6.0,2.5,0,0,0,45,stable,informational,False
cara buat hb racikan pemutih badan,0,0,0,,0,1,-1,0.0,0.0,,,12.0,,0,0,0,1,stable,informational,False
cara buat keranjang di ig,0,0,0,,0,9,-9,0.0,0.0,,,1.2,,0,0,0,9,stable,informational,False
cara buat keranjang di instagram,1,0,1,100,46,51,-5,2.17,0.0,,4.3,2.9,1.4,0,0,5,173,stable,informational,False
cara buat keranjang jualan sendiri,0,0,0,,3,1,2,0.0,0.0,,8.3,6.0,2.3,0,0,0,4,stable,informational,False
cara buat keranjang kuning affiliate,0,0,0,,0,1,-1,0.0,0.0,,,11.0,,0,0,0,1,stable,informational,False
cara buat keranjang kuning di instagram,2,2,0,0.0,51,34,17,3.92,5.88,-1.96,3.1,3.0,0.1,0,2,4,90,declining,informational,False
cara buat keranjang kuning di shopee,0,0,0,,1,2,-1,0.0,0.0,,12.0,10.0,2.0,0,0,0,3,stable,informational,False
cara buat lulur dari kopi,0,0,0,,1,1,0,0.0,0.0,,38.0,12.0,26.0,0,0,0,2,stable,informational,False
cara buat racikan handbody pemutih,0,0,0,,46,5,41,0.0,0.0,,8.1,6.8,1.3,0,0,0,51,stable,informational,False
cara buka toko kosmetik,0,0,0,,1,4,-3,0.0,0.0,,19.0,4.0,15.0,0,0,0,5,stable,informational,False
cara daftarnya bagaimana,0,0,0,,0,1,-1,0.0,0.0,,,2.0,,0,0,0,1,stable,informational,False
cara dapat sample gratis di tiktok,0,0,0,,0,1,-1,0.0,0.0,,,7.0,,0,0,0,7,stable,informational,False
cara hubungkan shopee affiliate ke instagram,0,0,0,,0,4,-4,0.0,0.0,,,1.0,,0,0,0,4,stable,informational,False
cara keranjang di instagram,1,2,-1,-50.0,52,53,-1,1.92,3.77,-1.85,3.6,2.2,1.4,0,1,7,142,declining,informational,False
cara keranjang kuning di instagram,8,7,1,14.3,96,121,-25,8.33,5.79,2.55,2.8,2.2,0.5,0,3,17,240,declining,informational,False
cara keranjang kuning muncul,0,0,0,,0,1,-1,0.0,0.0,,,7.0,,0,0,0,1,stable,informational,False
cara kerja affiliate skincare,0,0,0,,39,55,-16,0.0,0.0,,12.7,7.5,5.2,0,0,0,218,stable,informational,False
cara kerja hb dosting,0,0,0,,9,16,-7,0.0,0.0,,9.7,4.3,5.4,0,0,0,25,stable,informational,False
cara masukan keranjang di instagram,3,4,-1,-25.0,36,68,-32,8.33,5.88,2.45,3.0,1.7,1.3,0,1,7,104,declining,informational,False
cara masukan link shopee di ig,0,0,0,,0,1,-1,0.0,0.0,,,1.0,,0,0,0,1,stable,informational,False
cara masukin keranjang di instagram,6,5,1,20.0,121,96,25,4.96,5.21,-0.25,3.0,1.5,1.5,1,1,17,318,stable,informational,False
cara masukin keranjang kuning,0,0,0,,8,4,4,0.0,0.0,,9.2,5.8,3.5,0,0,0,12,stable,informational,False
cara masukin keranjang kuning di instagram,0,0,0,,0,4,-4,0.0,0.0,,,1.0,,0,0,0,9,stable,informational,False
cara masukin keranjang kuning di shopee,0,0,0,,2,1,1,0.0,0.0,,8.0,2.0,6.0,0,0,0,3,stable,informational,False
cara memasukan keranjang di instagram,3,4,-1,-25.0,33,52,-19,9.09,7.69,1.4,2.7,1.4,1.3,0,1,7,86,declining,informational,False
cara memasukan keranjang kuning di video tiktok,0,0,0,,0,1,-1,0.0,0.0,,,13.0,,0,0,0,1,stable,informational,False
cara memasukan link ig ke shopee affiliate,0,0,0,,0,3,-3,0.0,0.0,,,2.7,,0,0,0,3,stable,informational,False
cara memasukan link instagram ke shopee affiliate,0,0,0,,0,1,-1,0.0,0.0,,,3.0,,0,0,0,1,stable,informational,False
cara memasukkan keranjang di instagram,6,4,2,50.0,58,24,34,10.34,16.67,-6.32,2.1,1.2,0.9,0,1,10,82,declining,informational,False
cara memasukkan keranjang kuning,0,0,0,,0,6,-6,0.0,0.0,,,1.0,,0,0,0,6,stable,informational,False
cara memasukkan link instagram ke shopee affiliate,0,0,0,,0,2,-2,0.0,0.0,,,3.0,,0,0,0,2,stable,informational,False
cara membuat brand kosmetik sendiri,0,0,0,,6,0,6,0.0,0.0,,51.7,,,0,0,0,6,stable,commercial,False
cara membuat desain kemasan produk,0,0,0,,0,1,-1,0.0,0.0,,,14.0,,0,0,0,1,stable,informational,False
cara membuat handbody racikan,0,0,0,,37,1,36,0.0,0.0,,9.3,9.0,0.3,0,0,0,38,stable,informational,False
cara membuat handbody racikan sendiri,0,0,0,,135,2,133,0.0,0.0,,8.2,1.0,7.2,0,0,0,137,stable,informational,False
cara membuat hb dosting sendiri,0,0,0,,6,75,-69,0.0,0.0,,8.5,5.8,2.7,0,0,0,81,stable,informational,False
cara membuat hb pemutih badan,0,0,0,,38,14,24,0.0,0.0,,9.3,2.4,6.9,0,0,0,52,stable,informational,False
cara membuat keranjang di instagram,6,4,2,50.0,43,69,-26,13.95,5.8,8.16,2.6,1.5,1.0,0,3,11,178,declining,informational,False
cara membuat keranjang kuning,0,0,0,,0,1,-1,0.0,0.0,,,8.0,,0,0,0,2,stable,informational,False
cara membuat keranjang kuning di shopee,0,0,0,,0,1,-1,0.0,0.0,,,5.0,,0,0,0,1,stable,informational,False
cara membuat konten viral,0,0,0,,4,0,4,0.0,0.0,,55.5,,,0,0,0,5,stable,informational,False
cara membuat link produk di instagram,0,0,0,,0,2,-2,0.0,0.0,,,1.0,,0,0,0,2,stable,informational,False
cara membuat lulur kopi,0,0,0,,3,1,2,0.0,0.0,,38.3,18.0,20.3,0,0,0,4,stable,informational,False
cara membuat lulur kopi untuk memutihkan kulit,0,0,0,,1,0,1,0.0,0.0,,63.0,,,0,0,0,1,stable,informational,False
cara membuat masker organik bubuk,0,0,0,,1,18,-17,0.0,0.0,,17.0,7.6,9.4,0,0,0,109,stable,informational,False
cara membuat masker organik bubuk untuk dijual,0,0,0,,0,1,-1,0.0,0.0,,,30.0,,0,0,0,5,stable,informational,False
cara membuat produk kosmetik sendiri,0,0,0,,4,0,4,0.0,0.0,,65.0,,,0,0,0,8,stable,informational,False
cara membuat racikan handbody pemutih yang aman,0,0,0,,61,9,52,0.0,0.0,,8.5,4.1,4.4,0,0,0,70,stable,informational,False
cara membuat toner alami,0,0,0,,0,1,-1,0.0,0.0,,,11.0,,0,0,0,1,stable,informational,False
cara memulai bisnis skincare,0,0,0,,3,0,3,0.0,0.0,,77.0,,,0,0,0,3,stable,commercial,False
cara memulai usaha skincare,0,0,0,,2,0,2,0.0,0.0,,71.0,,,0,0,0,2,stable,informational,False
cara memunculkan keranjang di ig,0,1,-1,-100.0,0,5,-5,0.0,20.0,,,1.0,,0,0,3,51,stable,informational,False
cara memunculkan keranjang di instagram,7,18,-11,-61.1,202,365,-163,3.47,4.93,-1.47,2.2,1.4,0.8,0,3,80,1024,declining,informational,False
cara memunculkan keranjang kuning,0,0,0,,3,2,1,0.0,0.0,,8.0,4.0,4.0,0,0,0,5,stable,informational,False
cara memunculkan keranjang orange di shopee untuk pemula,0,0,0,,0,2,-2,0.0,0.0,,,11.0,,0,0,0,3,stable,informational,False
cara memunculkan keranjang putih di instagram,3,1,2,200.0,40,13,27,7.5,7.69,-0.19,2.6,1.5,1.2,0,1,4,53,declining,informational,False
cara memunculkan link produk di instagram,0,0,0,,0,1,-1,0.0,0.0,,,4.0,,0,0,0,1,stable,informational,False
cara memunculkan tautan produk di instagram,5,17,-12,-70.6,105,183,-78,4.76,9.29,-4.53,4.3,2.3,2.0,0,1,25,349,declining,informational,False
cara memutihkan ketek,0,0,0,,0,1,-1,0.0,0.0,,,49.0,,0,0,0,1,stable,informational,False
cara memutihkan ketiak gelap produk ampuh 2025 or 2026,0,0,0,,0,28,-28,0.0,0.0,,,6.8,,0,0,0,28,stable,informational,False
cara menambah keranjang di ig,0,1,-1,-100.0,0,9,-9,0.0,11.11,,,1.0,,0,0,1,19,stable,informational,False
cara menambah keranjang di instagram,5,7,-2,-28.6,86,102,-16,5.81,6.86,-1.05,2.3,1.8,0.5,0,2,21,298,declining,informational,False
cara menambah keranjang kuning,0,0,0,,0,1,-1,0.0,0.0,,,1.0,,0,0,0,1,stable,informational,False
cara menambah keranjang kuning di instagram,3,5,-2,-40.0,38,49,-11,7.89,10.2,-2.31,2.9,1.6,1.4,0,1,9,101,declining,informational,False
cara menambahkan keranjang di ig,4,4,0,0.0,58,114,-56,6.9,3.51,3.39,2.4,1.6,0.7,0,0,19,304,stable,informational,False
cara menambahkan keranjang di instagram,25,27,-2,-7.4,416,619,-203,6.01,4.36,1.65,2.5,1.6,0.9,0,8,92,1666,declining,informational,False
cara menambahkan keranjang di reels instagram,15,10,5,50.0,123,133,-10,12.2,7.52,4.68,1.9,1.2,0.7,0,7,40,411,declining,informational,False
cara menambahkan keranjang kuning,0,0,0,,1,15,-14,0.0,0.0,,8.0,2.5,5.5,0,0,0,19,stable,informational,False
cara menambahkan keranjang kuning di ig,3,2,1,50.0,40,21,19,7.5,9.52,-2.02,3.4,2.8,0.6,0,1,5,85,declining,informational,False
cara menambahkan keranjang kuning di instagram,8,3,5,166.7,185,185,0,4.32,1.62,2.7,3.0,1.9,1.1,0,3,18,548,declining,informational,False
cara menambahkan keranjang kuning di shopee,0,0,0,,0,1,-1,0.0,0.0,,,8.0,,0,0,0,1,stable,informational,False
cara menambahkan keranjang kuning di video yang sudah upload,0,0,0,,6,3,3,0.0,0.0,,7.0,4.0,3.0,0,0,0,9,stable,informational,False
cara menambahkan keranjang putih di instagram,1,2,-1,-50.0,37,53,-16,2.7,3.77,-1.07,2.4,1.6,0.7,0,0,3,90,stable,informational,False
cara menambahkan keranjang shopee di instagram,2,3,-1,-33.3,54,42,12,3.7,7.14,-3.44,2.7,1.7,1.0,0,0,6,108,stable,informational,False
cara menambahkan link di reels instagram,0,0,0,,0,1,-1,0.0,0.0,,,10.0,,0,0,0,1,stable,informational,False
cara menambahkan link produk di instagram,2,0,2,100,35,10,25,5.71,0.0,,6.9,4.8,2.1,0,2,2,46,declining,informational,False
cara menambahkan link produk di reels instagram,6,4,2,50.0,141,244,-103,4.26,1.64,2.62,6.0,2.4,3.6,0,0,15,525,stable,informational,False
cara menambahkan link shopee di reels instagram,0,0,0,,0,5,-5,0.0,0.0,,,1.0,,0,0,1,21,stable,informational,False
cara menampilkan keranjang di instagram,3,7,-4,-57.1,53,88,-35,5.66,7.95,-2.29,2.4,1.5,0.8,0,2,18,245,declining,informational,False
cara menautkan akun ig ke shopee affiliate,0,0,0,,0,1,-1,0.0,0.0,,,1.0,,0,0,0,1,stable,informational,False
cara menautkan akun shopee ke instagram,0,0,0,,0,1,-1,0.0,0.0,,,1.0,,0,0,0,1,stable,informational,False
cara menautkan ig ke shopee affiliate,0,0,0,,0,3,-3,0.0,0.0,,,1.0,,0,0,0,3,stable,informational,False
cara menautkan instagram ke shopee affiliate,0,0,0,,0,7,-7,0.0,0.0,,,1.0,,0,0,0,7,stable,informational,False
cara menautkan keranjang di instagram,12,14,-2,-14.3,208,313,-105,5.77,4.47,1.3,2.4,1.5,0.9,0,6,39,795,declining,informational,False
cara menautkan keranjang kuning,0,0,0,,0,5,-5,0.0,0.0,,,8.2,,0,0,0,5,stable,informational,False
cara menautkan keranjang shopee di instagram,2,5,-3,-60.0,57,62,-5,3.51,8.06,-4.56,3.1,2.0,1.1,0,0,10,134,stable,informational,False
cara menautkan link shopee di reels instagram,0,1,-1,-100.0,0,25,-25,0.0,4.0,,,1.0,,0,0,1,25,stable,informational,False
cara menautkan produk di instagram,2,5,-3,-60.0,111,184,-73,1.8,2.72,-0.92,5.7,2.4,3.3,0,1,8,411,declining,informational,False
cara menautkan produk di reels instagram,0,2,-2,-100.0,10,42,-32,6.67,4.76,1.9,4.4,2.0,2.4,0,0,5,75,stable,informational,False
cara menautkan shopee affiliate ke instagram,0,0,0,,0,12,-12,0.0,0.0,,,1.1,,0,0,0,12,stable,informational,False
cara mencerahkan kulit ketiak yang hitam,0,0,0,,1,0,1,0.0,0.0,,65.0,,,0,0,0,1,stable,informational,False
cara mengaktifkan fitur keranjang kuning,0,0,0,,1,6,-5,0.0,0.0,,10.0,8.7,1.3,0,0,0,7,stable,informational,False
cara mengaktifkan keranjang di instagram,4,6,-2,-33.3,27,120,-93,14.81,5.0,9.81,2.4,1.6,0.8,0,1,15,217,declining,informational,False
cara mengaktifkan keranjang kuning,0,0,0,,5,6,-1,0.0,0.0,,9.4,8.8,0.6,0,0,0,14,stable,informational,False
cara mengaktifkan keranjang kuning di tiktok,0,0,0,,0,1,-1,0.0,0.0,,,35.0,,0,0,0,1,stable,informational,False
cara mengaktifkannya?,0,0,0,,0,1,-1,0.0,0.0,,,3.0,,0,0,0,1,stable,informational,False
cara mengatasi ingrown hair di ketiak,0,0,0,,0,1,-1,0.0,0.0,,,18.0,,0,0,0,1,stable,informational,False
cara mengeluarkan ingrown hair,0,0,0,,1,1,0,0.0,0.0,,80.0,68.0,12.0,0,0,0,2,stable,informational,False
cara menghubungkan akun ig ke shopee affiliate,0,0,0,,0,2,-2,0.0,0.0,,,1.0,,0,0,0,2,stable,informational,False
cara menghubungkan akun instagram ke shopee affiliate,0,0,0,,0,1,-1,0.0,0.0,,,1.0,,0,0,0,1,stable,informational,False
cara menghubungkan ig ke shopee affiliate,0,0,0,,0,2,-2,0.0,0.0,,,1.0,,0,0,0,2,stable,informational,False
cara menghubungkan instagram ke shopee affiliate,0,0,0,,0,6,-6,0.0,0.0,,,1.0,,0,0,0,6,stable,informational,False
cara menghubungkan shopee affiliate ke instagram,0,0,0,,0,33,-33,0.0,0.0,,,1.0,,0,0,0,33,stable,informational,False
cara menulis moisturizer,0,0,0,,0,1,-1,0.0,0.0,,,9.0,,0,0,0,1,stable,informational,False
cara menyambungkan shopee affiliate ke instagram,0,0,0,,0,5,-5,0.0,0.0,,,1.0,,0,0,0,5,stable,informational,False
cara menyematkan keranjang di instagram,6,2,4,200.0,72,33,39,8.33,6.06,2.27,2.7,1.2,1.5,0,1,10,147,declining,informational,False
cara menyematkan keranjang kuning,0,0,0,,0,4,-4,0.0,0.0,,,7.2,,0,0,0,4,stable,informational,False
cara meracik handbody,0,0,0,,76,16,60,0.0,0.0,,8.4,2.9,5.5,0,0,0,92,stable,informational,False
cara meracik handbody pemutih kulit permanen,0,0,0,,5,9,-4,0.0,0.0,,8.0,2.0,6.0,0,0,0,14,stable,informational,False
cara meracik hb,0,0,0,,81,3,78,0.0,0.0,,8.7,7.7,1.0,0,0,0,84,stable,informational,False
cara meracik hb dosting,1,0,1,100,181,12,169,0.55,0.0,,8.2,4.9,3.2,0,1,1,193,declining,informational,False
cara meracik hb pemutih,0,0,0,,30,2,28,0.0,0.0,,7.5,1.0,6.5,0,0,0,32,stable,informational,False
cara meracik hb pemutih dosis tinggi,0,0,0,,0,1,-1,0.0,0.0,,,11.0,,0,0,0,1,stable,informational,False
cara meracik hb pemutih sendiri,0,0,0,,25,9,16,0.0,0.0,,8.4,5.8,2.6,0,0,0,34,stable,informational,False
cara munculkan keranjang kuning,0,0,0,,0,1,-1,0.0,0.0,,,5.0,,0,0,0,1,stable,informational,False
cara nautin keranjang di ig,2,1,1,100.0,40,13,27,5.0,7.69,-2.69,3.4,2.1,1.3,0,1,3,53,declining,informational,False
cara nya gimana ?,0,1,-1,-100.0,0,1,-1,0.0,100.0,,,1.0,,0,0,1,1,stable,informational,False
cara optimasi tiktok shop,0,0,0,,14,27,-13,0.0,0.0,,17.9,10.8,7.1,0,0,0,83,stable,informational,False
cara paling efektif memutihkan ketiak untuk wanita,0,0,0,,0,2,-2,0.0,0.0,,,16.5,,0,0,0,2,stable,informational,False
cara pasang keranjang di instagram,3,3,0,0.0,33,31,2,9.09,9.68,-0.59,2.2,1.4,0.8,0,1,6,64,declining,informational,False
cara posting shopee affiliate di instagram,0,0,0,,0,7,-7,0.0,0.0,,,2.7,,0,0,0,7,stable,informational,False
cara sematkan keranjang kuning,0,0,0,,0,2,-2,0.0,0.0,,,11.0,,0,0,0,2,stable,informational,False
cara shopee affiliate di instagram,0,0,0,,0,3,-3,0.0,0.0,,,1.0,,0,0,0,3,stable,informational,False
cara tambah keranjang di instagram,7,6,1,16.7,54,113,-59,12.96,5.31,7.65,2.6,1.6,0.9,0,4,13,174,declining,informational,False
cara tambah keranjang kuning,0,0,0,,0,8,-8,0.0,0.0,,,5.2,,0,0,0,9,stable,informational,False
cara tambahkan keranjang kuning di video,0,0,0,,0,3,-3,0.0,0.0,,,6.0,,0,0,0,3,stable,informational,False
cara taruh keranjang kuning affiliate pemula,0,0,0,,0,1,-1,0.0,0.0,,,8.0,,0,0,0,1,stable,informational,False
cara tautkan keranjang di instagram,2,4,-2,-50.0,65,78,-13,3.08,5.13,-2.05,2.1,1.7,0.4,0,0,7,193,stable,informational,False
cara tautkan produk di ig,2,2,0,0.0,31,58,-27,6.45,3.45,3.0,6.4,2.0,4.4,0,2,4,89,declining,informational,False
cara tautkan produk di instagram,0,1,-1,-100.0,6,50,-44,1.0,2.0,-1.0,7.2,2.8,4.4,0,0,1,100,stable,informational,False
cara viral,0,0,0,,3,0,3,0.0,0.0,,61.0,,,0,0,0,3,stable,informational,False
caramoy,0,0,0,,0,15,-15,0.0,0.0,,,11.5,,0,0,0,19,stable,informational,False
caranya gimana,0,0,0,,2,2,0,0.0,0.0,,2.5,1.5,1.0,0,0,0,4,stable,informational,False
caranya?,0,0,0,,0,1,-1,0.0,0.0,,,4.0,,0,0,0,1,stable,informational,False
cerave moisturizing gel,0,0,0,,0,1,-1,0.0,0.0,,,2.0,,0,0,0,1,stable,other,False
chance skin,0,0,0,,0,1,-1,0.0,0.0,,,1.0,,0,0,0,1,stable,other,False
ciri ciri kulit butuh panthenol,0,0,0,,0,2,-2,0.0,0.0,,,1.0,,0,0,0,2,stable,other,False
coba sebutkan,0,0,0,,0,1,-1,0.0,0.0,,,2.0,,0,0,0,1,stable,other,False
consultant,0,0,0,,0,1,-1,0.0,0.0,,,23.0,,0,0,0,1,stable,other,False
contoh advertisement text,0,0,0,,0,1,-1,0.0,0.0,,,1.0,,0,0,0,1,stable,other,False
contoh bahan aktif skincare,0,0,0,,0,1,-1,0.0,0.0,,,47.0,,0,0,0,1,stable,other,False
contoh copywriting skincare,0,0,0,,0,5,-5,0.0,0.0,,,10.8,,0,0,0,25,stable,other,False
contoh hb dosting,0,0,0,,1,17,-16,0.0,0.0,,3.0,1.3,1.7,0,0,0,18,stable,other,False
contoh iklan komersial,0,0,0,,0,1,-1,0.0,0.0,,,1.0,,0,0,0,16,stable,other,False
contoh iklan kosmetik,0,0,0,,22,65,-43,0.0,0.0,,15.9,9.1,6.8,0,0,0,188,stable,other,False
contoh iklan make up,0,0,0,,0,1,-1,0.0,0.0,,,11.0,,0,0,0,21,stable,other,False
contoh iklan produk kecantikan,0,0,0,,19,83,-64,0.0,0.0,,17.4,8.5,8.9,0,0,0,180,stable,other,False
contoh iklan produk kecantikan dalam bahasa inggris,0,0,0,,16,13,3,0.0,0.0,,22.4,11.5,11.0,0,0,0,45,stable,other,False
contoh iklan produk skincare,0,0,0,,4,34,-30,0.0,0.0,,8.0,2.5,5.5,0,0,0,121,stable,other,False
contoh iklan skincare,0,0,0,,19,93,-74,0.0,0.0,,21.7,9.5,12.2,0,0,0,253,stable,other,False
contoh iklan skincare bahasa inggris,0,0,0,,3,24,-21,0.0,0.0,,10.7,4.5,6.1,0,0,0,27,stable,other,False
contoh iklan skincare dalam bahasa inggris,0,0,0,,0,1,-1,0.0,0.0,,,10.0,,0,0,0,1,stable,other,False
contoh iklan skincare yang menarik,0,2,-2,-100.0,14,73,-59,1.35,2.74,-1.39,9.6,2.9,6.7,0,0,2,148,stable,other,False
contoh iklan sunscreen,0,0,0,,0,1,-1,0.0,0.0,,,42.0,,0,0,0,1,stable,other,False
contoh kalimat narasi,0,0,0,,0,1,-1,0.0,0.0,,,1.0,,0,0,0,1,stable,other,False
contoh kalimat promosi makeup,0,0,0,,0,10,-10,0.0,0.0,,,1.0,,0,0,0,12,stable,other,False
contoh promosi produk kosmetik,0,0,0,,0,2,-2,0.0,0.0,,,17.5,,0,0,0,8,stable,other,False
contoh promosi produk skincare,0,0,0,,0,1,-1,0.0,0.0,,,1.0,,0,0,0,1,stable,other,False
contoh script iklan eyeliner dalam bahasa melayu,0,0,0,,0,14,-14,0.0,0.0,,,8.2,,0,0,0,14,stable,other,False
contoh script iklan eyeshadow stick dalam bahasa melayu,0,0,0,,0,2,-2,0.0,0.0,,,7.5,,0,0,0,2,stable,other,False
contoh script iklan foundation makeup dalam bahasa melayu,0,0,0,,0,14,-14,0.0,0.0,,,5.5,,0,0,0,14,stable,other,False
contoh script iklan krim jerawat bahasa melayu,0,0,0,,0,1,-1,0.0,0.0,,,10.0,,0,0,0,1,stable,other,False
contoh script iklan krim muka lelaki whitening moisturizer anti wrinkle bahasa melayu,0,0,0,,0,4,-4,0.0,0.0,,,2.0,,0,0,0,4,stable,other,False
contoh script iklan lip balm dalam bahasa melayu,0,0,0,,0,4,-4,0.0,0.0,,,9.5,,0,0,0,4,stable,other,False
contoh script iklan lip gloss dalam bahasa melayu,0,0,0,,0,2,-2,0.0,0.0,,,7.0,,0,0,0,2,stable,other,False
contoh script iklan lip tint dalam bahasa melayu,0,0,0,,0,2,-2,0.0,0.0,,,8.0,,0,0,0,2,stable,other,False
contoh script iklan lipstick bahasa melayu,0,0,0,,0,6,-6,0.0,0.0,,,8.3,,0,0,0,6,stable,other,False
contoh script iklan mascara dalam bahasa melayu,0,0,0,,0,3,-3,0.0,0.0,,,5.7,,0,0,0,3,stable,informational,False
contoh script iklan pensel alis dalam bahasa melayu,0,0,0,,0,1,-1,0.0,0.0,,,9.0,,0,0,0,1,stable,other,False
contoh script iklan serum niacinamide dalam bahasa melayu,0,0,0,,0,3,-3,0.0,0.0,,,6.7,,0,0,0,3,stable,other,False
contoh script iklan serum rambut pertumbuhan rambut bahasa melayu,0,0,0,,0,1,-1,0.0,0.0,,,10.0,,0,0,0,1,stable,other,False
contoh script iklan serum retinol bahasa melayu,0,0,0,,0,6,-6,0.0,0.0,,,8.0,,0,0,0,6,stable,other,False
contoh script iklan serum retinol dalam bahasa melayu,0,0,0,,0,1,-1,0.0,0.0,,,10.0,,0,0,0,1,stable,other,False
contoh script iklan serum vitamin c dalam bahasa melayu,0,0,0,,0,54,-54,0.0,0.0,,,8.5,,0,0,0,54,stable,other,False
contoh script iklan spray setting makeup dalam bahasa melayu,0,0,0,,0,1,-1,0.0,0.0,,,6.0,,0,0,0,1,stable,other,False
contoh script iklan video produk organizer kosmetik dalam bahasa melayu,0,0,0,,0,6,-6,0.0,0.0,,,7.5,,0,0,0,6,stable,other,False
contoh script iklan video produk organizer makeup dalam bahasa melayu,0,0,0,,0,1,-1,0.0,0.0,,,7.0,,0,0,0,1,stable,other,False
contoh skrip iklan bb cream dalam bahasa melayu,0,0,0,,0,1,-1,0.0,0.0,,,10.0,,0,0,0,1,stable,other,False
contoh skrip iklan bb cream foundation dalam bahasa melayu,0,0,0,,0,2,-2,0.0,0.0,,,9.5,,0,0,0,2,stable,other,False
contoh skrip iklan cermin makeup bahasa melayu,0,0,0,,0,1,-1,0.0,0.0,,,6.0,,0,0,0,1,stable,other,False
contoh skrip iklan foundation dalam bahasa melayu,0,0,0,,0,1,-1,0.0,0.0,,,10.0,,0,0,0,1,stable,other,False
contoh skrip iklan foundation makeup dalam bahasa melayu,0,0,0,,0,85,-85,0.0,0.0,,,7.9,,0,0,0,85,stable,other,False
contoh skrip iklan krim anti penuaan dalam bahasa melayu,0,0,0,,0,11,-11,0.0,0.0,,,8.4,,0,0,0,11,stable,other,False
contoh skrip iklan krim mata anti penuaan dalam bahasa melayu,0,0,0,,0,10,-10,0.0,0.0,,,8.6,,0,0,0,10,stable,other,False
contoh skrip iklan makeup brush dalam bahasa melayu,0,0,0,,0,1,-1,0.0,0.0,,,10.0,,0,0,0,1,stable,other,False
contoh skrip iklan makeup dalam bahasa melayu,0,0,0,,0,5,-5,0.0,0.0,,,10.0,,0,0,0,5,stable,other,False
contoh skrip iklan mascara dalam bahasa melayu,0,0,0,,0,29,-29,0.0,0.0,,,4.3,,0,0,0,29,stable,informational,False
contoh skrip iklan masker muka bahasa melayu,0,0,0,,0,1,-1,0.0,0.0,,,9.0,,0,0,0,1,stable,other,False
contoh skrip iklan masker rambut keratin dalam bahasa melayu,0,0,0,,0,1,-1,0.0,0.0,,,10.0,,0,0,0,1,stable,other,False
contoh skrip iklan pembersih muka niacinamide dalam bahasa melayu,0,0,0,,0,18,-18,0.0,0.0,,,7.3,,0,0,0,18,stable,other,False
contoh skrip iklan pensel alis dalam bahasa melayu,0,0,0,,0,1,-1,0.0,0.0,,,8.0,,0,0,0,1,stable,other,False
contoh skrip iklan produk penyimpanan kosmetik dalam bahasa melayu,0,0,0,,0,1,-1,0.0,0.0,,,2.0,,0,0,0,1,stable,other,False
contoh skrip iklan sabun mandi pemutih badan dalam bahasa melayu,0,0,0,,0,1,-1,0.0,0.0,,,10.0,,0,0,0,1,stable,other,False
contoh skrip iklan sabun pemutih vitamin c bahasa melayu,0,0,0,,0,2,-2,0.0,0.0,,,7.0,,0,0,0,2,stable,other,False
contoh skrip iklan sabun pencerah kulit bahasa melayu,0,0,0,,0,4,-4,0.0,0.0,,,9.2,,0,0,0,4,stable,other,False
contoh skrip iklan serum anti aging dalam bahasa melayu,0,0,0,,0,2,-2,0.0,0.0,,,4.0,,0,0,0,2,stable,other,False
contoh skrip iklan serum bulu mata dalam bahasa melayu,0,0,0,,0,26,-26,0.0,0.0,,,8.5,,0,0,0,26,stable,other,False
contoh skrip iklan serum hyaluronic acid dalam bahasa melayu,0,0,0,,0,2,-2,0.0,0.0,,,10.0,,0,0,0,2,stable,other,False
contoh skrip iklan serum niacinamide dalam bahasa melayu,0,0,0,,0,53,-53,0.0,0.0,,,7.3,,0,0,0,53,stable,other,False
contoh skrip iklan serum retinol dalam bahasa melayu,0,0,0,,0,2,-2,0.0,0.0,,,9.5,,0,0,0,2,stable,other,False
contoh skrip iklan serum vitamin c dalam bahasa melayu,0,0,0,,0,24,-24,0.0,0.0,,,9.5,,0,0,0,24,stable,other,False
contoh skrip iklan toner glycolic acid dalam bahasa melayu,0,0,0,,0,5,-5,0.0,0.0,,,10.0,,0,0,0,5,stable,other,False
contoh skrip iklan toner muka dalam bahasa melayu,0,0,0,,0,1,-1,0.0,0.0,,,8.0,,0,0,0,1,stable,other,False
contoh skrip iklan video produk organizer kosmetik dalam bahasa melayu,0,0,0,,0,117,-117,0.0,0.0,,,6.5,,0,0,0,117,stable,other,False
contoh skrip iklan video produk organizer makeup dalam bahasa melayu,0,0,0,,0,17,-17,0.0,0.0,,,5.5,,0,0,0,17,stable,other,False
contoh skrip video promosi organizer kosmetik dalam bahasa melayu,0,0,0,,0,1,-1,0.0,0.0,,,8.0,,0,0,0,1,stable,other,False
contoh testimoni produk kecantikan,0,0,0,,1,0,1,0.0,0.0,,51.0,,,0,0,0,1,stable,other,False
cosmax indonesia,0,0,0,,0,1,-1,0.0,0.0,,,3.0,,0,0,0,1,stable,local,False
cosmetic lab,0,0,0,,1,2,-1,0.0,0.0,,57.0,11.0,46.0,0,0,0,3,stable,other,False
cosmetic laboratory skincare,0,0,0,,0,1,-1,0.0,0.0,,,11.0,,0,0,0,1,stable,other,False
cosmetik,0,0,0,,0,1,-1,0.0,0.0,,,1.0,,0,0,0,1,stable,other,False
cosmolab,0,0,0,,0,1,-1,0.0,0.0,,,1.0,,0,0,0,2,stable,other,False
cream hb,0,0,0,,1,1,0,0.0,0.0,,3.0,1.0,2.0,0,0,0,2,stable,other,False
cream moisturizer vs gel moisturizer,0,0,0,,0,1,-1,0.0,0.0,,,8.0,,0,0,0,1,stable,comparison,False
crypto kol marketing,0,0,0,,0,1,-1,0.0,0.0,,,3.0,,0,0,0,1,stable,other,False
cuka apel toner,0,0,0,,0,2,-2,0.0,0.0,,,39.0,,0,0,0,2,stable,other,False
custom perfume jakarta,0,0,0,,0,1,-1,0.0,0.0,,,12.0,,0,0,0,1,stable,commercial,False
cv asia skinlab,0,0,0,,2,0,2,0.0,0.0,,53.0,,,0,0,0,2,stable,other,False
daftar perusahaan kosmetik di indonesia,0,0,0,,2,2,0,0.0,0.0,,37.5,14.5,23.0,0,0,0,5,stable,local,False
daftar perusahaan maklon kosmetik,0,2,-2,-100.0,38,32,6,2.78,6.25,-3.47,11.0,7.8,3.2,0,0,2,72,stable,commercial,False
daring,0,0,0,,0,1,-1,0.0,0.0,,,3.0,,0,0,0,1,stable,other,False
data pengguna skincare di indonesia,0,0,0,,0,10,-10,0.0,0.0,,,43.2,,0,0,0,10,stable,local,False
data pengguna skincare di indonesia 2025,0,1,-1,-100.0,1,16,-15,6.0,6.25,-0.25,42.0,3.4,38.6,0,0,3,50,stable,local,False
data penjualan kosmetik di indonesia 2025,0,0,0,,0,18,-18,0.0,0.0,,,3.3,,0,0,3,46,stable,local,False
data penjualan skincare di indonesia 2025,1,2,-1,-50.0,7,30,-23,14.29,6.67,7.62,17.1,5.7,11.5,0,1,9,273,declining,local,False
data pertumbuhan industri kosmetik di indonesia,0,2,-2,-100.0,4,30,-26,6.38,6.67,-0.28,8.0,2.0,6.0,0,0,9,141,stable,local,False
data pertumbuhan industri kosmetik di indonesia 2025,5,21,-16,-76.2,86,198,-112,5.81,10.61,-4.79,5.8,3.1,2.7,0,2,51,483,declining,local,False
deamlab,0,0,0,,0,1,-1,0.0,0.0,,,1.0,,0,0,0,3,stable,other,False
decorative kosmetik,0,0,0,,0,8,-8,0.0,0.0,,,5.9,,0,0,0,15,stable,other,False
denat parfum,0,0,0,,0,1,-1,0.0,0.0,,,12.0,,0,0,0,1,stable,other,False
denatured alcohol adalah,0,0,0,,12,1,11,0.0,0.0,,15.0,13.0,2.0,0,0,0,13,stable,other,False
dermalab,0,0,0,,2,0,2,0.0,0.0,,65.0,,,0,0,0,2,stable,other,False
dermavous essensia utama,0,0,0,,1,0,1,0.0,0.0,,66.0,,,0,0,0,1,stable,other,False
detail,0,0,0,,0,1,-1,0.0,0.0,,,1.0,,0,0,0,1,stable,other,False
di panthenol,0,0,0,,0,1,-1,0.0,0.0,,,11.0,,0,0,0,1,stable,other,False
difference between toner and micellar water,0,0,0,,2,0,2,0.0,0.0,,68.5,,,0,0,0,2,stable,other,False
dipropylene glycol,0,0,0,,0,3,-3,0.0,0.0,,,1.0,,0,0,0,3,stable,other,False
distributor parfum,0,0,0,,0,1,-1,0.0,0.0,,,1.0,,0,0,0,1,stable,commercial,False
distributor parfum import,0,0,0,,0,1,-1,0.0,0.0,,,1.0,,0,0,0,1,stable,commercial,False
distributor skincare,0,0,0,,1,1,0,0.0,0.0,,2.0,1.0,1.0,0,0,0,2,stable,commercial,False
dosting,0,0,0,,2,1,1,0.0,0.0,,3.0,2.0,1.0,0,0,0,3,stable,other,False
dosting adalah,0,0,0,,152,125,27,0.0,0.0,,8.8,1.0,7.8,0,0,0,277,stable,other,False
dosting artinya,0,0,0,,1,11,-10,0.0,0.0,,3.0,1.0,2.0,0,0,0,12,stable,other,False
dosting hb,0,0,0,,0,10,-10,0.0,0.0,,,1.0,,0,0,0,10,stable,other,False
dramlab,0,1,-1,-100.0,5,5,0,16.67,20.0,-3.33,1.8,1.2,0.6,0,0,2,12,stable,other,False
dream lab fbsb uny,0,0,0,,0,1,-1,0.0,0.0,,,1.0,,0,0,0,1,stable,brand,True
dream lab official website,0,0,0,,1,1,0,0.0,0.0,,10.0,1.0,9.0,0,0,0,2,stable,brand,True
dream laboratory,0,0,0,,0,4,-4,0.0,0.0,,,6.5,,0,0,0,7,stable,brand,True
dream.lab,0,0,0,,2,1,1,0.0,0.0,,3.0,2.0,1.0,0,0,0,9,stable,other,False
dreamal,0,0,0,,0,1,-1,0.0,0.0,,,1.0,,0,0,0,1,stable,other,False
dreaman,0,0,0,,0,1,-1,0.0,0.0,,,1.0,,0,0,0,1,stable,other,False
dreamlab,182,113,69,61.1,649,652,-3,28.04,17.33,10.71,7.5,7.0,0.5,56,75,848,3746,declining,brand,True
dreamlab (production team),0,0,0,,0,8,-8,0.0,0.0,,,9.2,,0,0,0,8,stable,brand,True
dreamlab agency,0,0,0,,0,1,-1,0.0,0.0,,,2.0,,0,0,0,1,stable,brand,True
dreamlab kosmetik surabaya,0,1,-1,-100.0,0,5,-5,0.0,20.0,,,1.0,,0,0,2,24,stable,brand,True
dreamlab logo,0,0,0,,0,1,-1,0.0,0.0,,,2.0,,0,0,2,21,stable,brand,True
dreamlab perfume,0,0,0,,0,3,-3,0.0,0.0,,,2.3,,0,0,0,10,stable,brand,True
dreamlab reviews,0,0,0,,0,1,-1,0.0,0.0,,,2.0,,0,0,0,1,stable,brand,True
dreamlab skincare,0,0,0,,4,3,1,0.0,0.0,,12.5,11.3,1.2,0,0,0,27,stable,brand,True
dreamlab studio,0,0,0,,8,2,6,0.0,0.0,,5.8,1.0,4.8,0,0,0,10,stable,brand,True
dreamlab.com,0,0,0,,0,2,-2,0.0,0.0,,,1.0,,0,0,1,3,stable,brand,True
dreamlabs,3,1,2,200.0,43,20,23,6.98,5.0,1.98,3.6,3.2,0.4,2,1,4,186,growing,brand,True
dreamon,0,0,0,,1,0,1,0.0,0.0,,66.0,,,0,0,0,1,stable,other,False
dreampla,0,0,0,,0,1,-1,0.0,0.0,,,3.0,,0,0,0,1,stable,other,False
dreams beauty,0,0,0,,1,0,1,0.0,0.0,,54.0,,,0,0,0,1,stable,other,False
dreamskin,0,0,0,,0,1,-1,0.0,0.0,,,12.0,,0,0,0,1,stable,other,False
dremlab,1,0,1,100,1,2,-1,100.0,0.0,,2.0,1.0,1.0,0,0,2,8,stable,other,False
eau de parfum oil,0,0,0,,0,1,-1,0.0,0.0,,,1.0,,0,0,0,1,stable,other,False
econolab,0,0,0,,1,0,1,0.0,0.0,,62.0,,,0,0,0,1,stable,other,False
edp vs edt,0,0,0,,1,6,-5,0.0,0.0,,50.0,1.0,49.0,0,0,0,11,stable,comparison,False
edt dan edp,0,0,0,,22,1,21,0.0,0.0,,16.1,1.0,15.1,0,0,0,27,stable,other,False
edt vs edp,0,0,0,,1,4,-3,0.0,0.0,,51.0,1.0,50.0,0,0,0,7,stable,comparison,False
efek samping panthenol untuk wajah,0,0,0,,0,3,-3,0.0,0.0,,,1.0,,0,0,0,3,stable,other,False
ekspansi bisnis kosmetik,0,0,0,,0,1,-1,0.0,0.0,,,48.0,,0,0,0,2,stable,commercial,False
electrolab,0,0,0,,1,0,1,0.0,0.0,,53.0,,,0,0,0,1,stable,other,False
emang iya,0,0,0,,0,1,-1,0.0,0.0,,,3.0,,0,0,0,1,stable,other,False
etanol buat parfum,0,0,0,,0,1,-1,0.0,0.0,,,1.0,,0,0,0,1,stable,other,False
etanol parfum,0,0,0,,5,2,3,0.0,0.0,,55.2,47.5,7.7,0,0,0,9,stable,other,False
etanol untuk parfum,0,0,0,,15,13,2,0.0,0.0,,39.5,31.8,7.7,0,0,0,32,stable,other,False
ethanol dalam parfum,0,0,0,,0,9,-9,0.0,0.0,,,2.3,,0,0,0,9,stable,other,False
ethanol parfum,0,0,0,,8,17,-9,0.0,0.0,,39.9,22.7,17.2,0,0,0,26,stable,other,False
ethanol untuk parfum,0,0,0,,2,1,1,0.0,0.0,,7.0,1.0,6.0,0,0,0,3,stable,other,False
ethyl alcohol pada parfum,0,0,0,,5,9,-4,0.0,0.0,,11.4,3.6,7.8,0,0,0,21,stable,other,False
fabindo sejahtera,0,0,0,,0,1,-1,0.0,0.0,,,3.0,,0,0,0,1,stable,other,False
fabrik parfum,0,0,0,,0,1,-1,0.0,0.0,,,3.0,,0,0,0,1,stable,other,False
farfum,0,0,0,,0,5,-5,0.0,0.0,,,1.0,,0,0,0,5,stable,other,False
farpum,0,0,0,,0,1,-1,0.0,0.0,,,1.0,,0,0,0,1,stable,other,False
fee affiliate skincare adalah,0,0,0,,0,26,-26,0.0,0.0,,,6.7,,0,0,0,34,stable,other,False
fitur keranjang di instagram,5,5,0,0.0,63,138,-75,7.94,3.62,4.31,4.0,2.5,1.5,0,2,30,408,declining,other,False
footlab jakarta,0,0,0,,2,0,2,0.0,0.0,,64.0,,,0,0,0,2,stable,local,False
fragrance parfum,0,0,0,,0,2,-2,0.0,0.0,,,1.0,,0,0,0,2,stable,other,False
freelance affiliate skincare,0,0,0,,0,1,-1,0.0,0.0,,,3.0,,0,0,0,1,stable,other,False
fungsi alkohol untuk parfum,0,0,0,,0,1,-1,0.0,0.0,,,11.0,,0,0,0,1,stable,other,False
fungsi etanol pada parfum,0,0,0,,0,14,-14,0.0,0.0,,,1.0,,0,0,0,14,stable,other,False
fungsi hb dosting,0,0,0,,1,2,-1,0.0,0.0,,2.0,1.5,0.5,0,0,0,3,stable,other,False
gambar hb dosting,0,0,0,,0,2,-2,0.0,0.0,,,2.0,,0,0,0,2,stable,other,False
gel cream laneige,0,0,0,,0,1,-1,0.0,0.0,,,3.0,,0,0,0,1,stable,other,False
gel moisturizer vs cream moisturizer,0,0,0,,0,1,-1,0.0,0.0,,,12.0,,0,0,0,1,stable,comparison,False
ginseng untuk rambut,0,0,0,,10,2,8,0.0,0.0,,38.5,34.0,4.5,0,0,0,12,stable,other,False
ginseng untuk rambut rontok,0,0,0,,3,2,1,0.0,0.0,,13.0,6.5,6.5,0,0,0,5,stable,other,False
gk tau,0,0,0,,0,1,-1,0.0,0.0,,,6.0,,0,0,0,1,stable,other,False
glowing gel,0,0,0,,0,1,-1,0.0,0.0,,,2.0,,0,0,0,1,stable,other,False
glycerin in skin care,0,0,0,,0,1,-1,0.0,0.0,,,11.0,,0,0,0,2,stable,other,False
gourmand 2026,0,0,0,,0,1,-1,0.0,0.0,,,4.0,,0,0,0,1,stable,other,False
grafik pertumbuhan industri kosmetik di indonesia,0,1,-1,-100.0,10,9,1,6.45,11.11,-4.66,9.3,7.1,2.2,0,0,2,31,stable,local,False
grosir botol parfum di jakarta,0,0,0,,0,2,-2,0.0,0.0,,,36.0,,0,0,0,2,stable,local,False
grosir botol parfum jakarta,0,0,0,,0,4,-4,0.0,0.0,,,38.5,,0,0,0,9,stable,local,False
group lab,0,0,0,,0,1,-1,0.0,0.0,,,2.0,,0,0,0,1,stable,other,False
groupylab,0,0,0,,0,1,-1,0.0,0.0,,,2.0,,0,0,0,1,stable,other,False
grow lab,0,0,0,,1,1,0,0.0,0.0,,5.0,3.0,2.0,0,0,0,2,stable,other,False
guna panthenol untuk wajah,0,0,0,,0,1,-1,0.0,0.0,,,13.0,,0,0,0,7,stable,other,False
hair mist manufacturer,0,0,0,,0,1,-1,0.0,0.0,,,6.0,,0,0,0,1,stable,other,False
hair tonic gingseng,0,0,0,,0,1,-1,0.0,0.0,,,8.0,,0,0,0,1,stable,other,False
hamamelis virginiana,0,0,0,,2,0,2,0.0,0.0,,50.5,,,0,0,0,4,stable,other,False
hand body dosting,0,0,0,,0,2,-2,0.0,0.0,,,1.0,,0,0,0,2,stable,other,False
hand body dosting adalah,0,0,0,,0,2,-2,0.0,0.0,,,1.0,,0,0,0,2,stable,other,False
handbody alami,0,0,0,,13,1,12,0.0,0.0,,7.1,1.0,6.1,0,0,0,14,stable,other,False
handbody dosting adalah,0,0,0,,3,7,-4,0.0,0.0,,2.3,1.3,1.0,0,0,0,10,stable,other,False
handbody handbody,0,0,0,,0,1,-1,0.0,0.0,,,1.0,,0,0,0,1,stable,other,False
handbody hb,0,0,0,,0,10,-10,0.0,0.0,,,1.0,,0,0,0,10,stable,other,False
handbody hb dosting,0,0,0,,0,2,-2,0.0,0.0,,,1.0,,0,0,0,2,stable,other,False
handbody hnk,0,0,0,,0,1,-1,0.0,0.0,,,2.0,,0,0,0,1,stable,other,False
handbody pemutih alami,0,0,0,,0,1,-1,0.0,0.0,,,1.0,,0,0,0,1,stable,other,False
harga maklon parfum,1,0,1,100,3,16,-13,33.33,0.0,,12.7,10.2,2.4,0,0,1,19,stable,pricing,False
harga skintific moisturizer,0,0,0,,0,1,-1,0.0,0.0,,,3.0,,0,0,0,1,stable,pricing,False
hazeline snow cream,0,0,0,,0,1,-1,0.0,0.0,,,3.0,,0,0,0,1,stable,other,False
hb anggur dosting,0,0,0,,0,1,-1,0.0,0.0,,,1.0,,0,0,0,1,stable,other,False
hb body lotion,0,0,0,,0,4,-4,0.0,0.0,,,1.0,,0,0,0,4,stable,other,False
hb bodycare,0,0,0,,0,1,-1,0.0,0.0,,,3.0,,0,0,0,1,stable,other,False
hb bodycare adalah,0,0,0,,13,1,12,0.0,0.0,,9.2,1.0,8.2,0,0,0,14,stable,other,False
hb doasting,0,0,0,,0,1,-1,0.0,0.0,,,1.0,,0,0,0,1,stable,other,False
hb doating,0,0,0,,0,4,-4,0.0,0.0,,,1.2,,0,0,0,4,stable,other,False
hb dostin,0,0,0,,0,7,-7,0.0,0.0,,,1.0,,0,0,0,7,stable,other,False
hb dosting,1,0,1,100,36,435,-399,2.78,0.0,,3.4,1.1,2.3,1,0,1,471,growing,other,False
hb dosting adalah,3,0,3,100,257,357,-100,1.17,0.0,,3.9,1.2,2.8,2,1,3,614,growing,other,False
hb dosting anggur,0,0,0,,0,5,-5,0.0,0.0,,,1.4,,0,0,0,5,stable,other,False
hb dosting anggur adalah,0,0,0,,0,1,-1,0.0,0.0,,,1.0,,0,0,0,1,stable,other,False
hb dosting apa,0,0,0,,0,7,-7,0.0,0.0,,,1.1,,0,0,0,7,stable,informational,False
hb dosting apakah aman,0,0,0,,0,1,-1,0.0,0.0,,,1.0,,0,0,0,1,stable,informational,False
hb dosting apakah aman untuk kulit,0,0,0,,0,1,-1,0.0,0.0,,,2.0,,0,0,0,1,stable,informational,False
hb dosting bmg,0,0,0,,0,3,-3,0.0,0.0,,,1.0,,0,0,0,3,stable,other,False
hb dosting bpom,0,0,0,,21,24,-3,0.0,0.0,,6.6,1.2,5.4,0,0,0,45,stable,commercial,False
hb dosting bpom apa saja,0,0,0,,0,7,-7,0.0,0.0,,,1.0,,0,0,0,7,stable,commercial,False
hb dosting bpom terbaik,0,0,0,,0,3,-3,0.0,0.0,,,1.0,,0,0,0,3,stable,commercial,False
hb dosting doktif,0,0,0,,0,1,-1,0.0,0.0,,,3.0,,0,0,0,1,stable,other,False
hb dosting farmasi,0,0,0,,0,4,-4,0.0,0.0,,,1.0,,0,0,0,4,stable,other,False
hb dosting harga,0,0,0,,0,2,-2,0.0,0.0,,,1.0,,0,0,0,2,stable,pricing,False
hb dosting itu apa,1,0,1,100,11,24,-13,9.09,0.0,,8.4,1.2,7.3,0,1,1,35,declining,informational,False
hb dosting kuning,0,0,0,,0,2,-2,0.0,0.0,,,1.0,,0,0,0,2,stable,other,False
hb dosting mencerahkan,0,0,0,,0,1,-1,0.0,0.0,,,1.0,,0,0,0,1,stable,other,False
hb dosting paling ampuh,0,0,0,,0,2,-2,0.0,0.0,,,1.0,,0,0,0,2,stable,other,False
hb dosting paling bagus merk apa,0,0,0,,0,1,-1,0.0,0.0,,,1.0,,0,0,0,1,stable,informational,False
hb dosting pemutih badan,0,0,0,,0,1,-1,0.0,0.0,,,5.0,,0,0,0,1,stable,other,False
hb dosting pink,0,0,0,,0,1,-1,0.0,0.0,,,2.0,,0,0,0,1,stable,other,False
hb dosting purbasari,0,0,0,,0,1,-1,0.0,0.0,,,3.0,,0,0,0,1,stable,other,False
hb dosting rekomendasi,0,0,0,,0,2,-2,0.0,0.0,,,2.0,,0,0,0,2,stable,other,False
hb dosting sheriz,0,0,0,,0,1,-1,0.0,0.0,,,3.0,,0,0,0,1,stable,other,False
hb dosting tazzi,0,0,0,,0,1,-1,0.0,0.0,,,3.0,,0,0,0,1,stable,other,False
hb dosting terampuh bpom,0,0,0,,0,1,-1,0.0,0.0,,,1.0,,0,0,0,1,stable,commercial,False
hb dosting terbaik,0,0,0,,0,1,-1,0.0,0.0,,,1.0,,0,0,0,1,stable,other,False
hb dosting tinggi,0,0,0,,0,2,-2,0.0,0.0,,,1.0,,0,0,0,2,stable,other,False
hb dosting ungu,0,0,0,,0,4,-4,0.0,0.0,,,1.0,,0,0,0,4,stable,other,False
hb dosting yang aman,0,0,0,,0,9,-9,0.0,0.0,,,1.0,,0,0,0,9,stable,other,False
hb dosting yang aman dan sudah bpom,0,0,0,,3,9,-6,0.0,0.0,,2.3,1.0,1.3,0,0,0,12,stable,commercial,False
hb dosting yang bagus,0,0,0,,3,1,2,0.0,0.0,,14.3,1.0,13.3,0,0,0,4,stable,other,False
hb dosting yang bagus dan aman,0,0,0,,8,6,2,0.0,0.0,,3.0,1.8,1.2,0,0,0,14,stable,other,False
hb dosting yang bagus dan bpom,0,0,0,,1,2,-1,0.0,0.0,,3.0,1.0,2.0,0,0,0,3,stable,commercial,False
hb dosting yang bpom,0,0,0,,0,6,-6,0.0,0.0,,,1.0,,0,0,0,6,stable,commercial,False
hb dosting yg aman,0,0,0,,0,3,-3,0.0,0.0,,,1.0,,0,0,0,3,stable,other,False
hb dostinh,0,0,0,,1,3,-2,0.0,0.0,,3.0,1.0,2.0,0,0,0,4,stable,other,False
hb handbody,0,0,0,,0,3,-3,0.0,0.0,,,1.0,,0,0,0,3,stable,other,False
hb jasmine apakah sudah bpom,0,0,0,,0,1,-1,0.0,0.0,,,3.0,,0,0,0,1,stable,commercial,False
hb kosmetik adalah,0,0,0,,1,3,-2,0.0,0.0,,12.0,1.0,11.0,0,0,0,4,stable,other,False
hb ln khanza apakah sudah bpom,0,0,0,,0,1,-1,0.0,0.0,,,4.0,,0,0,0,1,stable,commercial,False
hb lotion adalah,1,0,1,100,4,6,-2,25.0,0.0,,3.5,1.0,2.5,0,1,1,10,declining,other,False
hb moreglow,0,0,0,,0,2,-2,0.0,0.0,,,2.5,,0,0,0,2,stable,other,False
hb night,0,0,0,,0,1,-1,0.0,0.0,,,3.0,,0,0,0,1,stable,other,False
hb pemutih,0,0,0,,0,1,-1,0.0,0.0,,,3.0,,0,0,0,1,stable,other,False
hb pemutih badan,0,0,0,,0,1,-1,0.0,0.0,,,2.0,,0,0,0,1,stable,other,False
hb rd apakah bpom,0,0,0,,0,1,-1,0.0,0.0,,,3.0,,0,0,0,1,stable,commercial,False
hb skinflair,0,0,0,,0,1,-1,0.0,0.0,,,2.0,,0,0,0,1,stable,other,False
hb vskin,0,0,0,,0,5,-5,0.0,0.0,,,2.6,,0,0,0,5,stable,other,False
hb whitening,0,0,0,,2,4,-2,0.0,0.0,,3.0,1.0,2.0,0,0,0,6,stable,other,False
hbdosting,0,0,0,,0,2,-2,0.0,0.0,,,1.0,,0,0,0,2,stable,other,False
hpp,0,0,0,,0,1,-1,0.0,0.0,,,2.0,,0,0,0,1,stable,other,False
hydroquinone replacement artinya,0,0,0,,2,16,-14,0.0,0.0,,10.0,9.6,0.4,0,0,0,18,stable,other,False
ide konten personal branding,0,0,0,,0,2,-2,0.0,0.0,,,11.5,,0,0,0,2,stable,commercial,False
iklan kecantikan bahasa inggris,0,0,0,,5,6,-1,0.0,0.0,,9.4,7.0,2.4,0,0,0,11,stable,other,False
iklan kecantikan wajah,0,0,0,,0,2,-2,0.0,0.0,,,11.0,,0,0,0,26,stable,other,False
iklan klinik kecantikan,0,0,0,,10,8,2,0.0,0.0,,23.5,21.9,1.6,0,0,0,18,stable,other,False
iklan kosmetik bahasa inggris,0,0,0,,13,54,-41,0.0,0.0,,13.8,9.9,3.8,0,0,0,94,stable,other,False
iklan make up,0,0,0,,0,1,-1,0.0,0.0,,,2.0,,0,0,0,1,stable,other,False
iklan parfum,0,0,0,,0,1,-1,0.0,0.0,,,1.0,,0,0,0,2,stable,other,False
iklan perawatan kulit,0,0,0,,30,14,16,0.0,0.0,,11.2,8.0,3.2,0,0,0,75,stable,other,False
iklan produk kecantikan,0,0,0,,14,35,-21,0.0,0.0,,17.8,15.0,2.8,0,0,0,95,stable,other,False
iklan produk kosmetik,0,0,0,,1,4,-3,0.0,0.0,,17.0,1.0,16.0,0,0,0,15,stable,other,False
iklan produk skincare,0,0,0,,9,18,-9,0.0,0.0,,12.4,10.4,2.0,0,0,0,47,stable,other,False
iklan produk skincare bahasa inggris,0,0,0,,1,15,-14,0.0,0.0,,12.0,6.1,5.9,0,0,0,16,stable,other,False
iklan skin care,0,0,0,,0,5,-5,0.0,0.0,,,8.0,,0,0,0,7,stable,other,False
iklan skincare bahasa inggris,0,0,0,,8,69,-61,0.0,0.0,,9.9,4.8,5.1,0,0,0,127,stable,other,False
iklan skincare dalam bahasa inggris,0,0,0,,0,9,-9,0.0,0.0,,,5.2,,0,0,0,10,stable,other,False
iklan skincare menarik,0,0,0,,0,11,-11,0.0,0.0,,,1.7,,0,0,0,45,stable,other,False
ikmbalon,0,0,0,,0,2,-2,0.0,0.0,,,5.0,,0,0,0,2,stable,other,False
implora moisturizer,0,0,0,,0,4,-4,0.0,0.0,,,2.2,,0,0,0,4,stable,other,False
indonesian beauty standard,0,0,0,,0,1,-1,0.0,0.0,,,1.0,,0,0,0,1,stable,local,False
"industri skincare dan kosmetik global dalam beberapa tahun terakhir menunjukkan pertumbuhan yang tinggi, terutama didorong oleh digitalisasi, social commerce, dan meningkatnya kesadaran konsumen terhadap perawatan diri. namun, di tengah pertumbuhan tersebut, beberapa perusahaan besar justru mengalami tekanan finansial yang serius. salah satunya adalah revlon, perusahaan kosmetik asal amerika serikat yang berdiri sejak tahun 1932. pada tahun 2022, revlon mengajukan perlindungan kebangkrutan (chapter 11) di amerika serikat akibat beban utang yang besar, gangguan rantai pasok, serta menurunnya daya saing merek di pasar global. padahal, selama beberapa dekade revlon dikenal sebagai salah satu pemain utama dalam industri kecantikan dengan portofolio produk makeup dan skincare yang luas. beberapa faktor yang mempercepat penurunan kinerja revlon antara lain: tingginya tingkat persaingan dari brand global seperti estée lauder dan l'oréal. munculnya brand digital-native dan indie brands yang lebih adaptif terhadap tren media sosial. perubahan preferensi konsumen menuju clean beauty, sustainability, dan scientific skincare. dominasi e-commerce dan social commerce yang mengubah struktur distribusi tradisional. industri skincare saat ini ditandai oleh masuknya pemain baru seperti wardah dan somethinc dengan hambatan masuk yang relatif rendah di sisi branding dan pemasaran digital, namun tetap menuntut investasi besar dalam inovasi formula dan penguatan rantai pasok. konsumen semakin rasional, mengandalkan review online, influencer, dan transparansi kandungan produk sebelum melakukan pembelian. fenomena ini menunjukkan bahwa keberhasilan perusahaan dalam industri skincare tidak hanya ditentukan oleh kekuatan merek historis, tetapi juga oleh kemampuan beradaptasi terhadap perubahan struktur industri. pertanyaan: dengan menggunakan pendekatan model ekonomi industri (structure–conduct–performance / scp), lakukan analisis lingkungan industri (ali) pada industri skincare saat ini. uraikan secara sistematis: structure (struktur industri). analisis tingkat konsentrasi pasar, hambatan masuk, diferensiasi produk, kekuatan pemasok dan pembeli, serta ancaman produk substitusi dalam industri skincare! conduct (perilaku perusahaan). jelaskan pola strategi yang dilakukan pelaku industri, seperti strategi harga, promosi digital, inovasi produk, kolaborasi influencer, dan ekspansi kanal distribusi! performance (kinerja industri). analisis bagaimana struktur dan perilaku tersebut memengaruhi profitabilitas, efisiensi, inovasi, serta keberlanjutan jangka panjang industri! hubungkan masing-masing komponen tersebut dengan kondisi industri skincare saat ini dan refleksikan mengapa perusahaan seperti revlon mengalami tekanan dalam lanskap industri yang semakin kompetitif dan digital.",0,0,0,,0,1,-1,0.0,0.0,,,1.0,,0,0,0,1,stable,pricing,False
industri skincare global pertumbuhan digitalisasi,0,0,0,,0,3,-3,0.0,0.0,,,11.0,,0,0,0,3,stable,other,False
industri skincare global pertumbuhan digitalisasi social commerce,0,0,0,,0,8,-8,0.0,0.0,,,8.0,,0,0,0,8,stable,other,False
inez produk mana,0,0,0,,0,1,-1,0.0,0.0,,,3.0,,0,0,0,1,stable,other,False
ingrown hair armpit,0,0,0,,3,0,3,0.0,0.0,,55.3,,,0,0,0,3,stable,other,False
inspired,0,0,0,,0,2,-2,0.0,0.0,,,3.0,,0,0,0,2,stable,other,False
inspired parfum adalah,0,0,0,,302,33,269,0.0,0.0,,8.8,6.0,2.8,0,0,0,336,stable,other,False
inspired parfum artinya,1,1,0,0.0,130,228,-98,0.77,0.44,0.33,6.5,5.5,1.0,0,0,2,411,stable,other,False
inspired parfume,0,0,0,,0,1,-1,0.0,0.0,,,2.0,,0,0,0,2,stable,other,False
instagram ada keranjang kuning,0,0,0,,0,1,-1,0.0,0.0,,,1.0,,0,0,0,15,stable,other,False
instagram keranjang kuning,1,1,0,0.0,21,19,2,4.76,5.26,-0.5,4.5,2.4,2.1,0,1,2,46,declining,other,False
instant brightening formula artinya,0,0,0,,0,2,-2,0.0,0.0,,,11.0,,0,0,0,2,stable,other,False
iya carikan dong,0,0,0,,0,1,-1,0.0,0.0,,,6.0,,0,0,0,1,stable,other,False
iya mau,0,0,0,,0,2,-2,0.0,0.0,,,4.0,,0,0,0,2,stable,other,False
iyya,0,0,0,,0,1,-1,0.0,0.0,,,6.0,,0,0,0,1,stable,other,False
jasa maklon kosmetik terbaik,0,0,0,,24,29,-5,0.0,0.0,,25.0,20.3,4.7,0,0,0,96,stable,commercial,False
jasa maklon lip balm,0,0,0,,6,0,6,0.0,0.0,,64.3,,,0,0,0,6,stable,commercial,False
jasa maklon micellar water,0,0,0,,6,0,6,0.0,0.0,,56.3,,,0,0,0,6,stable,commercial,False
jasa maklon parfum,0,1,-1,-100.0,127,122,5,0.56,0.82,-0.25,34.8,13.3,21.4,0,0,2,354,stable,commercial,False
jasa maklon tangerang,0,0,0,,36,26,10,0.0,0.0,,20.8,17.5,3.4,0,0,0,64,stable,commercial,False
jasa maklon teh sidoarjo,0,0,0,,0,1,-1,0.0,0.0,,,45.0,,0,0,0,1,stable,commercial,False
jenis alkohol dalam minyak wangi,0,0,0,,1,8,-7,0.0,0.0,,64.0,55.5,8.5,0,0,0,23,stable,informational,False
jenis alkohol parfum,0,0,0,,0,7,-7,0.0,0.0,,,9.7,,0,0,0,7,stable,informational,False
jenis jenis vitamin c,0,0,0,,0,1,-1,0.0,0.0,,,49.0,,0,0,0,1,stable,informational,False
jenis vitamin c,0,0,0,,7,1,6,0.0,0.0,,38.6,3.0,35.6,0,0,0,8,stable,informational,False
jestham moisturizer gel,0,0,0,,0,1,-1,0.0,0.0,,,3.0,,0,0,0,1,stable,other,False
jpg new fragrance 2026,0,0,0,,0,1,-1,0.0,0.0,,,4.0,,0,0,0,1,stable,other,False
jualan parfum,0,0,0,,0,1,-1,0.0,0.0,,,1.0,,0,0,0,1,stable,other,False
k o l,0,0,0,,0,1,-1,0.0,0.0,,,2.0,,0,0,0,1,stable,other,False
k.o.l,0,0,0,,0,1,-1,0.0,0.0,,,4.0,,0,0,0,1,stable,other,False
kandungan alkohol dalam minyak wangi,0,0,0,,6,0,6,0.0,0.0,,70.5,,,0,0,0,6,stable,other,False
kandungan hb dosting,0,0,0,,0,6,-6,0.0,0.0,,,1.7,,0,0,0,6,stable,other,False
kantor morlab,0,0,0,,0,1,-1,0.0,0.0,,,2.0,,0,0,0,14,stable,other,False
kantor morlab indonesia,0,0,0,,0,3,-3,0.0,0.0,,,3.0,,0,0,0,8,stable,local,False
kantor morlab skincare,0,0,0,,0,1,-1,0.0,0.0,,,3.0,,0,0,0,3,stable,other,False
karya mahendra innovation,0,0,0,,0,1,-1,0.0,0.0,,,5.0,,0,0,0,1,stable,other,False
kata kata hook skincare,0,0,0,,0,1,-1,0.0,0.0,,,37.0,,0,0,0,2,stable,other,False
kata kata iklan lipstik,0,0,0,,0,1,-1,0.0,0.0,,,13.0,,0,0,0,2,stable,other,False
kata kata iklan skincare,0,0,0,,6,22,-16,0.0,0.0,,10.7,4.6,6.1,0,0,0,78,stable,other,False
kata kata jualan skincare,0,0,0,,0,9,-9,0.0,0.0,,,1.0,,0,0,0,10,stable,other,False
kata kata promosi body lotion,0,0,0,,0,1,-1,0.0,0.0,,,1.0,,0,0,0,1,stable,other,False
kata kata promosi produk kecantikan,0,0,0,,20,45,-25,0.0,0.0,,20.2,12.6,7.6,0,0,0,91,stable,other,False
kata kata promosi produk skincare,0,0,0,,0,21,-21,0.0,0.0,,,1.0,,0,0,0,27,stable,other,False
kata kata promosi salon kecantikan,0,0,0,,3,0,3,0.0,0.0,,51.7,,,0,0,0,3,stable,other,False
kata kata promosi skincare,0,0,0,,4,74,-70,0.0,0.0,,15.2,2.1,13.2,0,0,0,93,stable,other,False
kata kata promosi skincare yang menarik,0,0,0,,8,61,-53,0.0,0.0,,10.9,3.5,7.4,0,0,0,115,stable,other,False
kata kata skincare,0,0,0,,3,6,-3,0.0,0.0,,23.3,7.3,16.0,0,0,0,11,stable,other,False
kata kata untuk produk kecantikan,0,0,0,,4,8,-4,0.0,0.0,,25.0,24.6,0.4,0,0,0,12,stable,other,False
kata skincare,0,0,0,,0,2,-2,0.0,0.0,,,1.0,,0,0,0,2,stable,other,False
kata-kata promosi klinik kecantikan,0,0,0,,0,1,-1,0.0,0.0,,,39.0,,0,0,0,5,stable,other,False
kata-kata promosi produk kecantikan,0,2,-2,-100.0,67,273,-206,0.78,0.73,0.05,10.1,2.9,7.2,0,0,4,512,stable,other,False
kata-kata promosi skincare,0,1,-1,-100.0,0,16,-16,0.0,6.25,,,4.8,,0,0,1,25,stable,other,False
kata-kata promosi skincare yang menarik,0,2,-2,-100.0,60,409,-349,0.5,0.49,0.01,9.1,2.0,7.1,0,0,4,795,stable,other,False
kebaikan panthenol untuk kulit,0,0,0,,0,1,-1,0.0,0.0,,,19.0,,0,0,0,1,stable,other,False
kegunaan alkohol di parfum,0,0,0,,8,6,2,0.0,0.0,,10.9,10.5,0.4,0,0,0,14,stable,other,False
kegunaan hair tonic ginseng,0,0,0,,5,4,1,0.0,0.0,,34.6,18.0,16.6,0,0,0,9,stable,other,False
kegunaan hb dosting,0,0,0,,1,2,-1,0.0,0.0,,3.0,1.5,1.5,0,0,0,3,stable,other,False
kegunaan metanol untuk parfum,0,0,0,,0,1,-1,0.0,0.0,,,3.0,,0,0,0,1,stable,other,False
kegunaan moisturizer gel,0,0,0,,0,2,-2,0.0,0.0,,,3.0,,0,0,0,2,stable,other,False
kenapa keranjang ig tidak muncul,1,0,1,100,5,6,-1,20.0,0.0,,3.6,3.0,0.6,0,0,1,11,stable,informational,False
kenapa shopee affiliate tidak bisa terhubung ke instagram,0,0,0,,0,7,-7,0.0,0.0,,,1.0,,0,0,0,7,stable,informational,False
kepanjangan hb dosting,0,0,0,,0,8,-8,0.0,0.0,,,1.0,,0,0,0,8,stable,other,False
kepanjangan maklon,0,0,0,,0,1,-1,0.0,0.0,,,6.0,,0,0,0,1,stable,commercial,False
keranjang di instagram,3,4,-1,-25.0,55,87,-32,5.45,4.6,0.86,3.9,1.8,2.0,0,2,18,270,declining,other,False
keranjang di instagram tidak muncul,10,13,-3,-23.1,139,286,-147,7.19,4.55,2.65,3.1,1.7,1.4,0,0,30,588,stable,other,False
keranjang instagram,5,5,0,0.0,50,111,-61,10.0,4.5,5.5,3.0,2.3,0.7,0,3,32,316,declining,other,False
keranjang kuning di ig,0,0,0,,0,8,-8,0.0,0.0,,,6.5,,0,0,1,21,stable,other,False
keranjang kuning di instagram,2,3,-1,-33.3,33,66,-33,6.06,4.55,1.52,5.2,3.5,1.8,0,1,5,133,declining,other,False
keranjang kuning instagram,2,5,-3,-60.0,88,182,-94,2.27,2.75,-0.47,5.4,4.0,1.5,0,1,9,360,declining,other,False
keranjang putih instagram,3,3,0,0.0,123,196,-73,2.44,1.53,0.91,8.6,4.1,4.5,0,0,7,352,stable,other,False
kerja kol adalah,0,0,0,,0,1,-1,0.0,0.0,,,3.0,,0,0,0,1,stable,other,False
kerjanya gimana,0,0,0,,0,1,-1,0.0,0.0,,,3.0,,0,0,0,1,stable,other,False
kinerja industri skincare global 2022-2025,0,0,0,,0,4,-4,0.0,0.0,,,10.5,,0,0,0,4,stable,other,False
kinglab,0,0,0,,1,0,1,0.0,0.0,,55.0,,,0,0,0,1,stable,other,False
klik keranjang,0,0,0,,0,2,-2,0.0,0.0,,,7.5,,0,0,0,2,stable,other,False
klik keranjang kuning,0,0,0,,0,1,-1,0.0,0.0,,,3.0,,0,0,0,1,stable,other,False
kol,0,0,0,,6,20,-14,0.0,0.0,,2.3,2.2,0.1,0,0,0,28,stable,other,False
kol & affiliate specialist,0,0,0,,0,2,-2,0.0,0.0,,,3.0,,0,0,0,2,stable,other,False
kol adalah influencer,0,0,0,,0,2,-2,0.0,0.0,,,3.0,,0,0,0,2,stable,other,False
kol adalah singkatan dari,0,0,0,,0,1,-1,0.0,0.0,,,3.0,,0,0,0,2,stable,other,False
kol ads,0,0,0,,0,1,-1,0.0,0.0,,,3.0,,0,0,0,1,stable,other,False
kol affiliate adalah,0,0,0,,1,264,-263,0.0,0.0,,3.0,1.1,1.9,0,0,0,512,stable,other,False
kol agency adalah,0,0,0,,0,1,-1,0.0,0.0,,,3.0,,0,0,0,1,stable,other,False
kol artinya,0,0,0,,0,1,-1,0.0,0.0,,,3.0,,0,0,0,1,stable,other,False
kol artis adalah,0,0,0,,0,1,-1,0.0,0.0,,,2.0,,0,0,0,1,stable,other,False
kol beauty adalah,0,0,0,,29,11,18,0.0,0.0,,10.9,8.7,2.2,0,0,0,49,stable,other,False
kol brand adalah,0,0,0,,0,1,-1,0.0,0.0,,,3.0,,0,0,0,1,stable,commercial,False
kol campaign adalah,0,0,0,,0,1,-1,0.0,0.0,,,3.0,,0,0,0,1,stable,other,False
kol dalam dunia influencer,0,0,0,,0,1,-1,0.0,0.0,,,2.0,,0,0,0,1,stable,other,False
kol dalam marketing,0,0,0,,0,1,-1,0.0,0.0,,,3.0,,0,0,0,1,stable,other,False
kol dan affiliate specialist adalah,0,0,0,,0,1,-1,0.0,0.0,,,3.0,,0,0,0,1,stable,other,False
kol event adalah,0,0,0,,0,1,-1,0.0,0.0,,,3.0,,0,0,0,1,stable,other,False
kol influencer,0,0,0,,0,1,-1,0.0,0.0,,,3.0,,0,0,0,2,stable,other,False
kol influencer adalah,0,0,0,,0,1,-1,0.0,0.0,,,3.0,,0,0,0,2,stable,other,False
kol marketing,0,0,0,,0,1,-1,0.0,0.0,,,3.0,,0,0,0,1,stable,other,False
kol shopee affiliate,0,0,0,,0,1,-1,0.0,0.0,,,3.0,,0,0,0,1,stable,other,False
kol skin,0,0,0,,0,1,-1,0.0,0.0,,,11.0,,0,0,0,1,stable,other,False
kol skincare,1,0,1,100,5,10,-5,20.0,0.0,,19.8,7.2,12.6,0,1,2,40,declining,other,False
kol streamer,0,0,0,,0,1,-1,0.0,0.0,,,2.0,,0,0,0,1,stable,other,False
kol tiktok adalah,0,0,0,,0,1,-1,0.0,0.0,,,3.0,,0,0,0,1,stable,other,False
kol. id,0,0,0,,0,1,-1,0.0,0.0,,,5.0,,0,0,0,1,stable,other,False
kol.id,0,0,0,,0,1,-1,0.0,0.0,,,2.0,,0,0,0,2,stable,other,False
kolaborasi influencer dan ekspansi kanal distribusi skincare,0,0,0,,0,1,-1,0.0,0.0,,,7.0,,0,0,0,1,stable,other,False
komposisi hb dosting,0,0,0,,2,4,-2,0.0,0.0,,11.0,1.0,10.0,0,0,0,6,stable,other,False
kondisi industri skincare global 2022-2025,0,0,0,,0,22,-22,0.0,0.0,,,4.9,,0,0,0,22,stable,other,False
kondisi industri skincare global 2023-2025,0,0,0,,0,13,-13,0.0,0.0,,,8.1,,0,0,0,13,stable,other,False
kondisi industri skincare global 2025,0,0,0,,0,47,-47,0.0,0.0,,,2.8,,0,0,0,47,stable,other,False
kondisi industri skincare global pertumbuhan 2020-2025,0,0,0,,0,120,-120,0.0,0.0,,,4.7,,0,0,0,120,stable,other,False
kondisi industri skincare global pertumbuhan digitalisasi,0,0,0,,0,117,-117,0.0,0.0,,,9.1,,0,0,0,117,stable,other,False
konlabos,0,0,0,,3,0,3,0.0,0.0,,60.7,,,0,0,0,3,stable,other,False
konsep baru jualan online kosmetik,0,0,0,,0,16,-16,0.0,0.0,,,22.5,,0,0,0,79,stable,other,False
konsultan bpom,0,0,0,,0,1,-1,0.0,0.0,,,4.0,,0,0,0,1,stable,commercial,False
konten personal branding,0,0,0,,0,1,-1,0.0,0.0,,,1.0,,0,0,0,1,stable,commercial,False
kosmetik brand lokal,0,0,0,,0,1,-1,0.0,0.0,,,3.0,,0,0,0,1,stable,commercial,False
kosmetik dekoratif,0,0,0,,1,1,0,0.0,0.0,,27.0,1.0,26.0,0,0,0,3,stable,other,False
kosmetik lab,0,0,0,,0,1,-1,0.0,0.0,,,1.0,,0,0,0,1,stable,other,False
kosmetik pria,0,0,0,,0,2,-2,0.0,0.0,,,11.0,,0,0,0,2,stable,other,False
kosmetik skincare,0,0,0,,0,1,-1,0.0,0.0,,,3.0,,0,0,0,1,stable,other,False
kosmetik terdekat,0,0,0,,1,1,0,0.0,0.0,,16.0,13.0,3.0,0,0,0,2,stable,other,False
kosmetika global indonesia,0,0,0,,0,2,-2,0.0,0.0,,,1.5,,0,0,0,2,stable,local,False
kreasi hebat,0,0,0,,0,5,-5,0.0,0.0,,,19.0,,0,0,0,5,stable,other,False
krim styling terbaik untuk keriting kering yang membutuhkan hidrasi,0,0,0,,0,1,-1,0.0,0.0,,,23.0,,0,0,0,1,stable,other,False
lab kosmetik,0,0,0,,0,2,-2,0.0,0.0,,,1.0,,0,0,0,9,stable,other,False
lab makeup,0,0,0,,0,1,-1,0.0,0.0,,,13.0,,0,0,0,1,stable,other,False
lab skincare,0,0,0,,0,1,-1,0.0,0.0,,,4.0,,0,0,0,1,stable,other,False
laboratorium kosmetik,0,0,0,,0,4,-4,0.0,0.0,,,17.8,,0,0,0,5,stable,other,False
lagii,0,0,0,,0,1,-1,0.0,0.0,,,7.0,,0,0,0,1,stable,other,False
lebih awet edp atau edt,0,0,0,,1,0,1,0.0,0.0,,54.0,,,0,0,0,1,stable,comparison,False
link product instagram,0,0,0,,0,1,-1,0.0,0.0,,,1.0,,0,0,0,1,stable,other,False
list brand odm di indonesia,0,0,0,,0,6,-6,0.0,0.0,,,10.7,,0,0,0,6,stable,commercial,False
local brand sunscreen,0,0,0,,0,4,-4,0.0,0.0,,,23.0,,0,0,0,4,stable,commercial,False
logo cpkb,0,0,0,,27,1,26,0.0,0.0,,9.5,7.0,2.5,0,0,0,37,stable,other,False
logo keranjang kuning shopee,0,0,0,,4,4,0,0.0,0.0,,7.5,6.8,0.8,0,0,0,8,stable,other,False
loreal moisturizer,0,0,0,,0,1,-1,0.0,0.0,,,3.0,,0,0,0,1,stable,other,False
lotion dosting,0,0,0,,0,1,-1,0.0,0.0,,,1.0,,0,0,0,1,stable,other,False
lotion hb,0,0,0,,0,2,-2,0.0,0.0,,,1.0,,0,0,0,2,stable,other,False
lotion hb dosting,0,0,0,,0,7,-7,0.0,0.0,,,1.0,,0,0,0,7,stable,other,False
luasensi shop gratis,0,0,0,,0,1,-1,0.0,0.0,,,17.0,,0,0,0,1,stable,other,False
makeup lokal,0,0,0,,0,1,-1,0.0,0.0,,,3.0,,0,0,0,1,stable,other,False
maklin,0,0,0,,10,3,7,0.0,0.0,,7.8,7.7,0.1,0,0,0,13,stable,other,False
maklon,0,0,0,,54,38,16,0.0,0.0,,10.8,3.8,7.0,0,0,0,144,stable,commercial,False
maklon bergaransi,0,0,0,,13,1,12,0.0,0.0,,48.2,12.0,36.2,0,0,0,14,stable,commercial,False
maklon berkualitas,0,0,0,,0,1,-1,0.0,0.0,,,42.0,,0,0,0,5,stable,commercial,False
maklon bersertifikasi halal,0,0,0,,24,16,8,0.0,0.0,,42.3,11.0,31.3,0,0,0,44,stable,commercial,False
maklon body mist,0,1,-1,-100.0,62,122,-60,0.22,0.82,-0.6,20.7,16.3,4.4,0,0,1,464,stable,commercial,False
maklon body wash,0,0,0,,61,76,-15,0.0,0.0,,15.8,15.6,0.2,0,0,0,231,stable,commercial,False
maklon hair care,0,1,-1,-100.0,84,257,-173,0.16,0.39,-0.23,23.3,20.4,2.8,0,0,1,631,stable,commercial,False
maklon indonesia,1,0,1,100,5,1,4,20.0,0.0,,20.2,1.0,19.2,1,0,1,6,growing,commercial,False
maklon jakarta,0,1,-1,-100.0,2,7,-5,14.29,14.29,0.0,13.5,12.7,0.8,0,0,2,14,stable,commercial,False
maklon kosmetik bali,1,1,0,0.0,52,73,-21,1.92,1.37,0.55,14.6,13.3,1.3,0,1,2,182,declining,commercial,False
maklon kosmetik bpom,0,0,0,,16,4,12,0.0,0.0,,26.9,22.5,4.4,0,0,0,26,stable,commercial,False
maklon kosmetik di bali,0,0,0,,0,2,-2,0.0,0.0,,,9.0,,0,0,0,3,stable,commercial,False
maklon kosmetik halal,0,0,0,,5,11,-6,0.0,0.0,,15.8,15.0,0.8,0,0,0,24,stable,commercial,False
maklon kosmetik halal dan bpom,0,0,0,,14,1,13,0.0,0.0,,30.9,28.0,2.9,0,0,0,169,stable,commercial,False
maklon kosmetik jawa tengah,0,0,0,,0,1,-1,0.0,0.0,,,49.0,,0,0,0,1,stable,commercial,False
maklon kosmetik makassar,3,3,0,0.0,27,51,-24,11.11,5.88,5.23,15.7,12.8,2.9,2,1,6,107,growing,commercial,False
maklon kosmetik murah,0,0,0,,2,5,-3,0.0,0.0,,34.5,16.2,18.3,0,0,0,7,stable,pricing,False
maklon kosmetik semarang,0,0,0,,0,1,-1,0.0,0.0,,,49.0,,0,0,0,1,stable,commercial,False
maklon kosmetik tangerang,0,0,0,,78,100,-22,0.0,0.0,,17.9,17.1,0.8,0,0,0,196,stable,commercial,False
maklon krim kaki,0,0,0,,56,60,-4,0.0,0.0,,11.1,7.9,3.2,0,0,0,318,stable,commercial,False
maklon krim ruam popok,0,0,0,,33,21,12,0.0,0.0,,15.6,15.5,0.1,0,0,0,91,stable,commercial,False
maklon lipstik,0,0,0,,130,31,99,0.0,0.0,,10.0,7.1,2.9,0,0,0,161,stable,commercial,False
maklon minyak kayu putih,0,0,0,,1,0,1,0.0,0.0,,63.0,,,0,0,0,1,stable,commercial,False
maklon parfum,1,7,-6,-85.7,372,294,78,0.27,2.38,-2.11,34.1,33.9,0.2,1,0,12,980,growing,commercial,False
maklon parfum indonesia,0,0,0,,6,5,1,0.0,0.0,,29.0,16.4,12.6,0,0,0,12,stable,commercial,False
maklon parfum jawa timur,3,3,0,0.0,34,55,-21,8.82,5.45,3.37,6.9,5.1,1.9,2,1,8,177,growing,commercial,False
maklon parfum moq rendah,6,10,-4,-40.0,139,155,-16,4.32,6.45,-2.14,8.2,7.1,1.1,3,1,16,296,growing,pricing,False
maklon parfum sidoarjo,0,0,0,,17,55,-38,0.0,0.0,,7.0,6.4,0.6,0,0,0,74,stable,commercial,False
maklon parfum surabaya,29,21,8,38.1,681,575,106,4.26,3.65,0.61,8.6,7.4,1.2,6,13,62,1759,declining,commercial,False
maklon parfum tangerang,0,2,-2,-100.0,23,95,-72,1.6,2.11,-0.51,9.4,8.4,1.0,0,0,2,125,stable,commercial,False
maklon parfum terbaik di indonesia,0,0,0,,45,47,-2,0.0,0.0,,6.6,6.4,0.2,0,0,0,93,stable,commercial,False
maklon pelembap,0,0,0,,14,15,-1,0.0,0.0,,19.1,14.3,4.8,0,0,0,200,stable,commercial,False
maklon pembersih kewanitaan,0,0,0,,0,3,-3,0.0,0.0,,,16.3,,0,0,0,32,stable,commercial,False
maklon perawatan kulit untuk ibu hamil,0,0,0,,47,125,-78,0.0,0.0,,9.7,7.5,2.2,0,0,0,352,stable,commercial,False
maklon perawatan pria,0,0,0,,8,9,-1,0.0,0.0,,16.1,15.3,0.8,0,0,0,17,stable,commercial,False
maklon perfume,0,0,0,,0,1,-1,0.0,0.0,,,16.0,,0,0,0,3,stable,commercial,False
maklon pkrt,14,23,-9,-39.1,132,210,-78,10.61,10.95,-0.35,8.0,6.5,1.5,5,5,53,512,stable,commercial,False
maklon produk herbal,0,0,0,,0,2,-2,0.0,0.0,,,10.0,,0,0,0,2,stable,commercial,False
maklon sabun batang,1,1,0,0.0,17,37,-20,5.88,2.7,3.18,23.4,22.0,1.3,0,0,2,54,stable,commercial,False
maklon sabun herbal,0,0,0,,18,3,15,0.0,0.0,,33.8,11.0,22.8,0,0,0,21,stable,commercial,False
maklon sabun mandi,0,1,-1,-100.0,0,27,-27,0.0,3.7,,,18.4,,0,0,1,27,stable,commercial,False
maklon sabun mandi cair,0,0,0,,0,4,-4,0.0,0.0,,,11.0,,0,0,0,4,stable,commercial,False
maklon sabun transparan,0,0,0,,9,15,-6,0.0,0.0,,28.4,23.7,4.7,0,0,0,31,stable,commercial,False
maklon sampo,0,0,0,,35,54,-19,0.0,0.0,,21.4,19.5,1.9,0,0,0,145,stable,commercial,False
maklon skincare bandung,1,2,-1,-50.0,208,262,-54,0.48,0.76,-0.28,13.5,11.3,2.2,0,1,3,495,declining,commercial,False
maklon skincare bpom,0,0,0,,13,2,11,0.0,0.0,,30.2,16.0,14.2,0,0,0,17,stable,commercial,False
maklon skincare herbal terbaik,0,0,0,,0,5,-5,0.0,0.0,,,25.8,,0,0,0,7,stable,commercial,False
maklon skincare moq rendah,1,0,1,100,4,2,2,25.0,0.0,,29.5,14.0,15.5,0,0,1,12,stable,pricing,False
maklon skincare organik natural,0,0,0,,5,1,4,0.0,0.0,,38.8,37.0,1.8,0,0,0,110,stable,commercial,False
maklon skincare sidoarjo,0,1,-1,-100.0,108,54,54,0.56,1.85,-1.29,34.7,14.1,20.6,0,0,1,177,stable,commercial,False
maklon skincare terbaik di indonesia,6,1,5,500.0,102,76,26,5.88,1.32,4.57,4.8,4.1,0.7,4,1,8,206,growing,commercial,False
maklon tangerang,0,1,-1,-100.0,17,27,-10,2.27,3.7,-1.43,20.0,16.0,4.0,0,0,1,44,stable,commercial,False
maklon termurah,0,0,0,,0,1,-1,0.0,0.0,,,10.0,,0,0,0,1,stable,pricing,False
maklona,0,0,0,,0,1,-1,0.0,0.0,,,9.0,,0,0,0,2,stable,commercial,False
makloon,0,0,0,,0,2,-2,0.0,0.0,,,9.5,,0,0,0,2,stable,other,False
makloon parfum,0,0,0,,4,1,3,0.0,0.0,,34.0,20.0,14.0,0,0,0,5,stable,other,False
maksud inspired perfume,0,0,0,,0,1,-1,0.0,0.0,,,1.0,,0,0,0,1,stable,other,False
mamakalon,0,0,0,,0,1,-1,0.0,0.0,,,11.0,,0,0,0,1,stable,other,False
manajemen bisnis kosmetik,0,0,0,,0,1,-1,0.0,0.0,,,25.0,,0,0,0,1,stable,commercial,False
manfaat astaxanthin untuk rambut,0,0,0,,1,0,1,0.0,0.0,,59.0,,,0,0,0,2,stable,informational,False
manfaat minyak ginseng untuk rambut,0,0,0,,3,7,-4,0.0,0.0,,9.0,6.0,3.0,0,0,0,10,stable,informational,False
manfaat minyak rambut ginseng,0,0,0,,0,6,-6,0.0,0.0,,,5.7,,0,0,0,6,stable,informational,False
manfaat moisturizer panthenol,0,0,0,,1,1,0,0.0,0.0,,16.0,14.0,2.0,0,0,0,2,stable,informational,False
manfaat panthenol untuk kulit,0,0,0,,0,6,-6,0.0,0.0,,,12.0,,0,0,0,9,stable,informational,False
manfaat panthenol untuk wajah,0,0,0,,17,23,-6,0.49,0.0,,25.7,23.6,2.1,0,0,1,203,stable,informational,False
manfaat peeling ketiak,0,0,0,,0,7,-7,0.0,0.0,,,3.0,,0,0,0,7,stable,informational,False
manufaktur surabaya,0,0,0,,0,1,-1,0.0,0.0,,,1.0,,0,0,0,1,stable,local,False
marina,0,0,0,,0,1,-1,0.0,0.0,,,2.0,,0,0,0,1,stable,other,False
marketlab,0,0,0,,7,0,7,0.0,0.0,,50.4,,,0,0,0,7,stable,other,False
masukkan keranjang di shopee artinya,0,0,0,,0,5,-5,0.0,0.0,,,2.2,,0,0,0,5,stable,other,False
membuat video viral,0,0,0,,6,0,6,0.0,0.0,,57.5,,,0,0,0,6,stable,other,False
memutihkan ketiak dengan cepat,0,0,0,,0,1,-1,0.0,0.0,,,43.0,,0,0,0,3,stable,other,False
memutihkan ketiak secara alami,0,0,0,,0,1,-1,0.0,0.0,,,10.0,,0,0,0,1,stable,informational,False
men basic skincare,0,0,0,,0,1,-1,0.0,0.0,,,12.0,,0,0,0,1,stable,other,False
menambahkan keranjang di instagram,4,13,-9,-69.2,55,60,-5,7.27,21.67,-14.39,1.9,1.2,0.7,0,2,21,141,declining,other,False
menambahkan keranjang di reels,0,0,0,,0,3,-3,0.0,0.0,,,1.0,,0,0,0,174,stable,other,False
merek shampo di indonesia,0,0,0,,0,1,-1,0.0,0.0,,,3.0,,0,0,0,1,stable,local,False
merk hb dosting bpom,0,0,0,,0,3,-3,0.0,0.0,,,1.0,,0,0,0,3,stable,commercial,False
merk kosmetik terbaik,0,0,0,,1,0,1,0.0,0.0,,54.0,,,0,0,0,1,stable,other,False
merk kosmetik terbaik di indonesia,0,0,0,,1,0,1,0.0,0.0,,78.0,,,0,0,0,1,stable,local,False
merk make up,0,0,0,,0,1,-1,0.0,0.0,,,3.0,,0,0,0,1,stable,other,False
meta business suite,0,0,0,,0,2,-2,0.0,0.0,,,4.5,,0,0,0,2,stable,other,False
minyak wangi alkohol,0,0,0,,4,0,4,0.0,0.0,,63.5,,,0,0,0,4,stable,other,False
modal bisnis parfum brand sendiri,0,0,0,,7,3,4,0.0,0.0,,11.9,11.7,0.2,0,0,0,12,stable,pricing,False
modal usaha kosmetik kecil kecilan,0,0,0,,1,0,1,0.0,0.0,,76.0,,,0,0,0,1,stable,pricing,False
modal usaha parfum brand sendiri,0,0,0,,1,1,0,0.0,0.0,,12.0,7.0,5.0,0,0,0,3,stable,pricing,False
modal usaha toko kosmetik,0,0,0,,0,1,-1,0.0,0.0,,,1.0,,0,0,0,1,stable,pricing,False
moell face cream,0,0,0,,0,1,-1,0.0,0.0,,,3.0,,0,0,0,1,stable,other,False
moida indonesia,0,0,0,,0,1,-1,0.0,0.0,,,2.0,,0,0,0,1,stable,local,False
mois,0,0,0,,0,1,-1,0.0,0.0,,,2.0,,0,0,0,1,stable,other,False
moist gel,0,0,0,,0,1,-1,0.0,0.0,,,3.0,,0,0,0,1,stable,other,False
moisturizer acnaway,0,0,0,,0,1,-1,0.0,0.0,,,2.0,,0,0,0,1,stable,other,False
moisturizer cyeecare,0,0,0,,0,1,-1,0.0,0.0,,,3.0,,0,0,0,1,stable,other,False
moisturizer gel,0,0,0,,7,1,6,0.0,0.0,,6.7,3.0,3.7,0,0,0,8,stable,other,False
moisturizer vs cream,0,0,0,,0,1,-1,0.0,0.0,,,12.0,,0,0,0,1,stable,comparison,False
moq 2000,0,0,0,,0,1,-1,0.0,0.0,,,12.0,,0,0,0,1,stable,commercial,False
moq 500,0,0,0,,0,1,-1,0.0,0.0,,,1.0,,0,0,0,5,stable,commercial,False
nad skincare,0,0,0,,24,3,21,0.0,0.0,,7.3,1.0,6.3,0,0,0,31,stable,other,False
nad+ kosmetik,0,0,0,,0,1,-1,0.0,0.0,,,14.0,,0,0,0,1,stable,other,False
nadh skin serum,0,0,0,,0,1,-1,0.0,0.0,,,17.0,,0,0,0,1,stable,other,False
nama brand kosmetik,0,0,0,,1,0,1,0.0,0.0,,55.0,,,0,0,0,1,stable,commercial,False
natural skincare bali,0,0,0,,0,1,-1,0.0,0.0,,,20.0,,0,0,0,1,stable,local,False
nayue kosmetik indonesia,0,0,0,,0,2,-2,0.0,0.0,,,4.5,,0,0,0,2,stable,local,False
new fragrances 2026 for her,0,0,0,,0,1,-1,0.0,0.0,,,3.0,,0,0,0,1,stable,other,False
new fragrances coming soon 2026,0,0,0,,0,1,-1,0.0,0.0,,,1.0,,0,0,0,1,stable,other,False
obao personal care mencerahkan ketiak,0,0,0,,7,4,3,0.0,0.0,,11.9,9.8,2.1,0,0,0,11,stable,other,False
obat pemutih ketiak,0,0,0,,0,3,-3,0.0,0.0,,,1.0,,0,0,0,4,stable,other,False
odm white label,0,0,0,,1,19,-18,0.0,0.0,,7.0,5.3,1.7,0,0,0,25,stable,commercial,False
oem dan odm,0,0,0,,1,0,1,0.0,0.0,,68.0,,,0,0,0,1,stable,commercial,False
oem dan odm adalah,0,0,0,,1,0,1,0.0,0.0,,55.0,,,0,0,0,1,stable,commercial,False
oem odm,0,0,0,,3,0,3,0.0,0.0,,58.0,,,0,0,0,3,stable,commercial,False
oem parfum,0,0,0,,0,1,-1,0.0,0.0,,,4.0,,0,0,0,1,stable,commercial,False
oem skincare indonesia,0,0,0,,1,0,1,0.0,0.0,,68.0,,,0,0,0,1,stable,commercial,False
oil based parfum,0,0,0,,0,1,-1,0.0,0.0,,,1.0,,0,0,0,2,stable,other,False
optimasi tiktok,0,0,0,,0,1,-1,0.0,0.0,,,30.0,,0,0,0,5,stable,other,False
opto lumbung sejahtera,0,0,0,,1,0,1,0.0,0.0,,67.0,,,0,0,0,1,stable,other,False
owner morlab,0,0,0,,1,0,1,0.0,0.0,,52.0,,,0,0,0,1,stable,other,False
pabrik botol parfum kaca jabodetabek,0,0,0,,0,1,-1,0.0,0.0,,,33.0,,0,0,0,1,stable,commercial,False
pabrik di malang jawa timur,0,0,0,,0,1,-1,0.0,0.0,,,2.0,,0,0,0,1,stable,commercial,False
pabrik fallin beauty,0,0,0,,1,1,0,0.0,0.0,,78.0,9.0,69.0,0,0,0,2,stable,commercial,False
pabrik kemasan parfum,0,0,0,,0,1,-1,0.0,0.0,,,11.0,,0,0,0,2,stable,commercial,False
pabrik kosmetik di bali,0,0,0,,21,9,12,0.0,0.0,,19.2,16.3,2.9,0,0,0,31,stable,commercial,False
pabrik kosmetik di bandung,0,0,0,,0,2,-2,0.0,0.0,,,49.0,,0,0,0,2,stable,commercial,False
pabrik kosmetik di sidoarjo,0,0,0,,0,14,-14,0.0,0.0,,,9.0,,0,0,0,14,stable,commercial,False
pabrik kosmetik di tangerang,0,0,0,,12,74,-62,0.0,0.0,,23.7,15.1,8.6,0,0,0,89,stable,commercial,False
pabrik kosmetik jakarta,0,0,0,,5,14,-9,0.0,0.0,,33.8,17.4,16.4,0,0,0,21,stable,commercial,False
pabrik kosmetik mewah,0,0,0,,6,14,-8,0.0,0.0,,20.0,8.6,11.4,0,0,0,30,stable,commercial,False
pabrik kosmetik rungkut,0,0,0,,0,2,-2,0.0,0.0,,,11.0,,0,0,0,2,stable,commercial,False
pabrik kosmetik sidoarjo,1,3,-2,-66.7,36,155,-119,2.78,1.94,0.84,10.1,9.3,0.8,0,1,4,200,declining,commercial,False
pabrik kosmetik surabaya,2,1,1,100.0,401,243,158,0.5,0.41,0.09,14.2,12.5,1.8,1,0,3,749,growing,commercial,False
pabrik kosmetik tangerang,0,0,0,,10,140,-130,0.0,0.0,,28.6,6.4,22.2,0,0,0,160,stable,commercial,False
pabrik lipstik,0,0,0,,13,4,9,0.0,0.0,,10.6,4.2,6.4,0,0,0,17,stable,commercial,False
pabrik make up,0,0,0,,1,2,-1,0.0,0.0,,11.0,1.0,10.0,0,0,0,3,stable,commercial,False
pabrik maklon herbal,0,0,0,,0,1,-1,0.0,0.0,,,13.0,,0,0,0,1,stable,commercial,False
pabrik maklon kosmetik terbaik di sidoarjo - mount hermon laboratories kabupaten sidoarjo,0,0,0,,0,1,-1,0.0,0.0,,,2.0,,0,0,0,1,stable,commercial,False
pabrik maklon makanan,0,0,0,,0,1,-1,0.0,0.0,,,1.0,,0,0,0,1,stable,commercial,False
pabrik manufaktur di surabaya,0,0,0,,4,0,4,0.0,0.0,,65.2,,,0,0,0,4,stable,commercial,False
pabrik parfum,4,7,-3,-42.9,369,266,103,1.08,2.63,-1.55,12.6,8.7,3.9,0,1,13,748,declining,commercial,False
pabrik parfum jakarta,2,2,0,0.0,86,78,8,2.33,2.56,-0.24,7.4,6.2,1.2,0,2,5,236,declining,commercial,False
pabrik parfum surabaya,4,2,2,100.0,190,250,-60,2.11,0.8,1.31,10.9,6.9,3.9,2,1,7,612,growing,commercial,False
pabrik parfum surabaya pt maklon kosmetik indonesia,0,1,-1,-100.0,71,89,-18,0.51,1.12,-0.62,8.2,7.9,0.3,0,0,1,197,stable,commercial,False
pabrik parfum tangerang,0,0,0,,1,2,-1,0.0,0.0,,11.0,6.5,4.5,0,0,0,3,stable,commercial,False
pabrik parfume,0,0,0,,8,11,-3,0.0,0.0,,10.5,6.9,3.6,0,0,0,27,stable,commercial,False
pabrik pembuatan skincare,0,0,0,,38,21,17,0.0,0.0,,10.3,4.2,6.0,0,0,0,59,stable,commercial,False
pabrik pt,0,0,0,,1,0,1,0.0,0.0,,141.0,,,0,0,0,1,stable,commercial,False
pabrik skincare,1,2,-1,-50.0,488,428,60,0.2,0.47,-0.26,14.9,10.6,4.3,0,0,3,918,stable,commercial,False
pabrik skincare bandung,0,0,0,,0,2,-2,0.0,0.0,,,21.5,,0,0,0,3,stable,commercial,False
pabrik skincare di indonesia,0,0,0,,65,58,7,0.0,0.0,,10.3,6.4,4.0,0,0,0,128,stable,commercial,False
pabrik skincare tangerang,0,0,0,,0,15,-15,0.0,0.0,,,4.2,,0,0,0,25,stable,commercial,False
pabrik skincare terbaik di indonesia,0,0,0,,0,12,-12,0.0,0.0,,,3.6,,0,0,0,21,stable,commercial,False
packaging parfum,0,0,0,,0,1,-1,0.0,0.0,,,3.0,,0,0,0,1,stable,other,False
packaging parfum mewah,0,0,0,,9,1,8,0.0,0.0,,8.2,4.0,4.2,0,0,0,10,stable,other,False
packing box,0,0,0,,0,1,-1,0.0,0.0,,,4.0,,0,0,0,1,stable,other,False
pakai hb apa biar cepat putih,0,0,0,,0,1,-1,0.0,0.0,,,2.0,,0,0,0,1,stable,informational,False
pakai hb dosting berapa kali sehari,0,0,0,,0,1,-1,0.0,0.0,,,3.0,,0,0,0,1,stable,informational,False
paket usaha skincare,0,0,0,,0,1,-1,0.0,0.0,,,1.0,,0,0,0,1,stable,other,False
panthenol and tretinoin,0,0,0,,0,1,-1,0.0,0.0,,,11.0,,0,0,0,1,stable,other,False
panthenol apa,0,0,0,,0,7,-7,0.0,0.0,,,1.0,,0,0,0,7,stable,informational,False
panthenol dan niacinamide,0,0,0,,1,0,1,0.0,0.0,,59.0,,,0,0,0,1,stable,other,False
panthenol fungsi,0,0,0,,5,6,-1,0.0,0.0,,65.4,57.7,7.7,0,0,0,16,stable,other,False
panthenol setelah eksfoliasi,0,0,0,,1,3,-2,0.0,0.0,,8.0,7.3,0.7,0,0,0,18,stable,other,False
panthenol untuk,0,0,0,,0,1,-1,0.0,0.0,,,17.0,,0,0,0,1,stable,other,False
panthenol untuk kulit kering,0,0,0,,38,14,24,0.0,0.0,,9.0,3.9,5.1,0,0,0,60,stable,other,False
parfu.,0,0,0,,0,1,-1,0.0,0.0,,,1.0,,0,0,0,1,stable,other,False
parfum,0,0,0,,4,47,-43,0.0,0.0,,2.2,1.3,1.0,0,0,0,51,stable,other,False
parfum 2026,0,0,0,,8,7,1,0.0,0.0,,10.8,1.6,9.2,0,0,0,27,stable,other,False
parfum 26,0,0,0,,0,1,-1,0.0,0.0,,,10.0,,0,0,0,1,stable,other,False
parfum alkohol,0,0,0,,12,16,-4,0.0,0.0,,37.3,8.6,28.7,0,0,0,30,stable,other,False
parfum anak anak,0,0,0,,0,1,-1,0.0,0.0,,,3.0,,0,0,0,1,stable,other,False
parfum arab best seller,0,0,0,,0,1,-1,0.0,0.0,,,1.0,,0,0,0,1,stable,other,False
parfum arab wanita,0,0,0,,0,1,-1,0.0,0.0,,,1.0,,0,0,0,1,stable,other,False
parfum di indonesia,0,0,0,,0,1,-1,0.0,0.0,,,1.0,,0,0,0,1,stable,local,False
parfum inspired adalah,0,0,0,,275,34,241,0.0,0.0,,7.0,5.4,1.6,0,0,0,309,stable,other,False
parfum inspired artinya,0,0,0,,202,228,-26,0.0,0.0,,6.7,6.0,0.7,0,0,0,499,stable,other,False
parfum lara arab harga,0,0,0,,0,1,-1,0.0,0.0,,,4.0,,0,0,0,1,stable,pricing,False
parfum manufaktur,0,0,0,,0,1,-1,0.0,0.0,,,12.0,,0,0,0,1,stable,other,False
parfum merek sendiri,0,0,0,,23,2,21,0.0,0.0,,57.9,20.0,37.9,0,0,0,36,stable,other,False
parfum oil,0,0,0,,0,2,-2,0.0,0.0,,,3.5,,0,0,0,6,stable,other,False
parfum oil based,0,0,0,,3,13,-10,0.0,0.0,,11.3,4.3,7.0,0,0,0,26,stable,other,False
parfum rose noir arab,0,0,0,,0,1,-1,0.0,0.0,,,3.0,,0,0,0,1,stable,other,False
parfum tahan lama edp atau edt,0,0,0,,1,0,1,0.0,0.0,,59.0,,,0,0,0,1,stable,comparison,False
parfum terbaru,0,0,0,,0,2,-2,0.0,0.0,,,1.0,,0,0,0,2,stable,other,False
parfum terbaru 2026,0,0,0,,12,4,8,0.0,0.0,,9.6,3.8,5.8,0,0,0,16,stable,other,False
parfum timteng,0,0,0,,0,1,-1,0.0,0.0,,,17.0,,0,0,0,1,stable,other,False
parfum trend 2026,1,0,1,100,75,33,42,1.33,0.0,,8.5,2.1,6.4,0,1,1,120,declining,informational,False
parfum vibes,0,0,0,,0,1,-1,0.0,0.0,,,3.0,,0,0,0,2,stable,other,False
parfum yang ada alkoholnya,0,0,0,,0,1,-1,0.0,0.0,,,1.0,,0,0,0,1,stable,other,False
parfum yang lagi trend,0,0,0,,0,1,-1,0.0,0.0,,,1.0,,0,0,0,1,stable,informational,False
parfum.,0,0,0,,0,1,-1,0.0,0.0,,,1.0,,0,0,0,1,stable,other,False
parfume,0,0,0,,1,2,-1,0.0,0.0,,7.0,1.0,6.0,0,0,0,3,stable,other,False
parfume balm,0,0,0,,2,4,-2,0.0,0.0,,2.0,1.0,1.0,0,0,0,23,stable,other,False
parfume y,0,0,0,,0,1,-1,0.0,0.0,,,2.0,,0,0,0,1,stable,other,False
pasar perawatan diri,0,0,0,,0,1,-1,0.0,0.0,,,26.0,,0,0,0,6,stable,other,False
paula's choice ingrown hair,0,0,0,,0,1,-1,0.0,0.0,,,5.0,,0,0,0,1,stable,other,False
peeling ketiak,0,0,0,,0,3,-3,0.0,0.0,,,23.3,,0,0,0,3,stable,other,False
peeling ketiak adalah,0,0,0,,0,1,-1,0.0,0.0,,,3.0,,0,0,0,1,stable,other,False
peeling ketiak untuk apa,0,0,0,,0,1,-1,0.0,0.0,,,1.0,,0,0,0,1,stable,informational,False
pelembab parfum,0,0,0,,0,1,-1,0.0,0.0,,,1.0,,0,0,0,10,stable,other,False
pelembab untuk parfum,0,0,0,,0,1,-1,0.0,0.0,,,1.0,,0,0,0,16,stable,other,False
pemutih ketiak,0,0,0,,1,5,-4,0.0,0.0,,35.0,34.2,0.8,0,0,0,20,stable,other,False
pemutih ketiak ampuh,0,0,0,,0,1,-1,0.0,0.0,,,1.0,,0,0,0,1,stable,other,False
pemutih ketiak yang ampuh,0,0,0,,0,13,-13,0.0,0.0,,,1.0,,0,0,0,13,stable,other,False
pencerah ketiak paling ampuh,0,0,0,,0,1,-1,0.0,0.0,,,1.0,,0,0,0,1,stable,other,False
pengencang,0,0,0,,0,1,-1,0.0,0.0,,,5.0,,0,0,0,1,stable,other,False
perawatan tubuh paling efektif dan terpercaya 2025 or 2026,0,0,0,,0,1,-1,0.0,0.0,,,8.0,,0,0,0,1,stable,other,False
perbedaan affiliate dan kol,0,0,0,,22,41,-19,0.0,0.0,,11.1,10.4,0.7,0,0,0,63,stable,comparison,False
perbedaan alkohol food grade dan non food grade,0,0,0,,0,1,-1,0.0,0.0,,,8.0,,0,0,0,1,stable,comparison,False
perbedaan cream dan gel,0,0,0,,29,4,25,0.0,0.0,,10.4,9.0,1.4,0,0,0,57,stable,comparison,False
perbedaan edt dan edp parfum,0,0,0,,1,3,-2,0.0,0.0,,40.0,1.0,39.0,0,0,0,47,stable,comparison,False
perbedaan hb booster dan hb dosting,0,0,0,,8,5,3,0.0,0.0,,1.2,1.0,0.2,0,0,0,13,stable,comparison,False
perbedaan hb dosting dan body lotion,0,0,0,,0,11,-11,0.0,0.0,,,5.2,,0,0,0,11,stable,comparison,False
perbedaan hb dosting noera kuning dan ungu,0,0,0,,0,2,-2,0.0,0.0,,,3.0,,0,0,0,2,stable,comparison,False
perbedaan kol dan affiliate,0,0,0,,37,59,-22,0.42,0.0,,11.3,4.6,6.7,0,0,1,238,stable,comparison,False
perbedaan oem dan odm,0,0,0,,4,0,4,0.0,0.0,,50.8,,,0,0,0,4,stable,comparison,False
perbedaan parfum edt dan edp,0,0,0,,10,1,9,0.0,0.0,,20.0,1.0,19.0,0,0,0,46,stable,comparison,False
perbedaan verile acne gel dan blemish cream,0,0,0,,0,1,-1,0.0,0.0,,,3.0,,0,0,0,1,stable,comparison,False
perfume balm,0,0,0,,2,13,-11,1.23,0.0,,2.5,1.0,1.5,0,0,1,81,stable,other,False
perfume filling factory,0,0,0,,0,2,-2,0.0,0.0,,,7.5,,0,0,0,2,stable,other,False
perfume madawi,0,0,0,,0,1,-1,0.0,0.0,,,4.0,,0,0,0,1,stable,other,False
perkembangan industri kecantikan di indonesia,0,0,0,,0,8,-8,0.0,0.0,,,2.4,,0,0,0,11,stable,local,False
perkembangan industri kosmetik di indonesia,0,0,0,,1,7,-6,0.0,0.0,,14.0,5.4,8.6,0,0,0,26,stable,local,False
perkiraan modal,0,0,0,,0,1,-1,0.0,0.0,,,5.0,,0,0,0,1,stable,pricing,False
personal banding,0,0,0,,1,8,-7,0.0,0.0,,11.0,7.4,3.6,0,0,0,9,stable,comparison,False
personal lab,0,0,0,,0,1,-1,0.0,0.0,,,2.0,,0,0,0,1,stable,other,False
pertumbuhan industri kosmetik di indonesia,0,1,-1,-100.0,3,25,-22,1.82,4.0,-2.18,9.3,3.9,5.4,0,0,1,55,stable,local,False
pertumbuhan industri skincare global 2020-2025,0,0,0,,0,8,-8,0.0,0.0,,,5.1,,0,0,0,8,stable,other,False
perusahaan beauty di indonesia,0,0,0,,3,6,-3,0.0,0.0,,10.3,7.5,2.8,0,0,0,9,stable,local,False
perusahaan kecantikan,0,0,0,,4,5,-1,0.0,0.0,,26.0,12.4,13.6,0,0,0,10,stable,other,False
perusahaan kecantikan di indonesia,0,0,0,,0,15,-15,0.0,0.0,,,5.4,,0,0,0,17,stable,local,False
perusahaan kosmetik di bandung,0,0,0,,0,1,-1,0.0,0.0,,,10.0,,0,0,0,1,stable,local,False
perusahaan kosmetik di indonesia,0,0,0,,18,16,2,0.0,0.0,,27.1,3.5,23.6,0,0,0,34,stable,local,False
perusahaan kosmetik di surabaya,2,0,2,100,110,91,19,1.82,0.0,,16.7,11.3,5.4,0,0,4,278,stable,local,False
perusahaan kosmetik indonesia,0,0,0,,0,4,-4,0.0,0.0,,,4.5,,0,0,0,4,stable,local,False
perusahaan kosmetik terbesar di indonesia,0,1,-1,-100.0,72,80,-8,0.65,1.25,-0.6,13.4,10.8,2.6,0,0,1,153,stable,local,False
perusahaan lainnya,0,0,0,,1,6,-5,0.0,0.0,,6.0,3.0,3.0,0,0,0,7,stable,other,False
perusahaan maklon kosmetik terbesar di indonesia,0,1,-1,-100.0,0,1,-1,0.0,100.0,,,10.0,,0,0,1,4,stable,commercial,False
perusahaan manufaktur,0,0,0,,1,0,1,0.0,0.0,,61.0,,,0,0,0,1,stable,other,False
perusahaan manufaktur di surabaya,0,0,0,,0,1,-1,0.0,0.0,,,41.0,,0,0,0,5,stable,local,False
perusahaan oem,0,0,0,,0,1,-1,0.0,0.0,,,7.0,,0,0,0,1,stable,commercial,False
perusahaan skincare,0,0,0,,41,31,10,0.0,0.0,,12.8,5.9,6.9,0,0,0,75,stable,other,False
perusahaan skincare di indonesia,0,0,0,,58,129,-71,0.5,0.0,,12.2,11.7,0.5,0,0,1,200,stable,local,False
pillars cosmetiklon indonesia,0,0,0,,1,0,1,0.0,0.0,,52.0,,,0,0,0,1,stable,local,False
pink arab perfume,0,0,0,,0,1,-1,0.0,0.0,,,4.0,,0,0,0,1,stable,other,False
ponds biome gel,0,0,0,,0,1,-1,0.0,0.0,,,3.0,,0,0,0,1,stable,other,False
ponds gel,0,0,0,,0,1,-1,0.0,0.0,,,2.0,,0,0,0,1,stable,other,False
ponds ultra light moisturizer,0,0,0,,0,1,-1,0.0,0.0,,,4.0,,0,0,0,1,stable,other,False
private label kosmetik,0,0,0,,5,1,4,0.0,0.0,,25.4,1.0,24.4,0,0,0,18,stable,commercial,False
private label skincare,0,0,0,,1,0,1,0.0,0.0,,75.0,,,0,0,0,1,stable,commercial,False
produk best seller indonesia 2026,0,0,0,,0,4,-4,0.0,0.0,,,16.8,,0,0,0,4,stable,local,False
produk memutihkan ketiak,0,0,0,,0,1,-1,0.0,0.0,,,1.0,,0,0,0,7,stable,other,False
produk skincare terjangkau efektif indonesia 2025 or 2026,0,0,0,,0,2,-2,0.0,0.0,,,15.0,,0,0,0,2,stable,local,False
produk styling rambut terhidrasi,0,0,0,,0,1,-1,0.0,0.0,,,30.0,,0,0,0,1,stable,other,False
produk yang mengandung glycerin,0,0,0,,5,6,-1,0.0,0.0,,32.8,31.7,1.1,0,0,0,11,stable,other,False
produksi kosmetik,0,0,0,,1,1,0,0.0,0.0,,64.0,9.0,55.0,0,0,0,10,stable,commercial,False
produkviral,0,0,0,,0,1,-1,0.0,0.0,,,10.0,,0,0,0,1,stable,other,False
produse de skin care,0,0,0,,0,1,-1,0.0,0.0,,,9.0,,0,0,0,1,stable,other,False
produsen parfum,0,0,0,,2,2,0,0.0,0.0,,1.5,1.0,0.5,0,0,0,5,stable,other,False
produsen skincare,0,0,0,,68,40,28,0.0,0.0,,29.8,13.7,16.0,0,0,0,130,stable,other,False
psrfu,0,0,0,,0,1,-1,0.0,0.0,,,1.0,,0,0,0,1,stable,other,False
pt akasha wira,0,0,0,,0,2,-2,0.0,0.0,,,3.0,,0,0,0,2,stable,other,False
pt arina multi,0,0,0,,0,1,-1,0.0,0.0,,,3.0,,0,0,0,1,stable,other,False
pt arina multikarya medaeng,0,0,0,,0,1,-1,0.0,0.0,,,3.0,,0,0,0,1,stable,other,False
pt arina multikarya semarang,0,0,0,,0,1,-1,0.0,0.0,,,4.0,,0,0,0,1,stable,local,False
pt arina multikarya surabaya,0,0,0,,0,2,-2,0.0,0.0,,,4.5,,0,0,0,2,stable,local,False
pt astoria prima,0,0,0,,0,1,-1,0.0,0.0,,,5.0,,0,0,0,1,stable,other,False
pt beauty,0,0,0,,0,1,-1,0.0,0.0,,,8.0,,0,0,0,1,stable,other,False
pt beautymax essential indonesia,0,0,0,,0,1,-1,0.0,0.0,,,10.0,,0,0,0,1,stable,local,False
pt blackpool kosmetik indonesia,0,0,0,,0,1,-1,0.0,0.0,,,7.0,,0,0,0,1,stable,local,False
pt blp,0,0,0,,0,1,-1,0.0,0.0,,,3.0,,0,0,0,1,stable,other,False
pt capung indah abadi,0,0,0,,0,1,-1,0.0,0.0,,,3.0,,0,0,0,1,stable,other,False
pt cedefindo,0,0,0,,0,1,-1,0.0,0.0,,,3.0,,0,0,0,1,stable,other,False
pt cipta laba surabaya,0,0,0,,0,1,-1,0.0,0.0,,,8.0,,0,0,0,1,stable,local,False
pt continental cosmetic,0,0,0,,0,1,-1,0.0,0.0,,,4.0,,0,0,0,1,stable,other,False
pt cool betty indonesia,0,0,0,,0,1,-1,0.0,0.0,,,2.0,,0,0,0,1,stable,local,False
pt cosmax indonesia,0,0,0,,0,2,-2,0.0,0.0,,,4.5,,0,0,0,2,stable,local,False
pt cosmetic mirror indonesia,0,0,0,,0,2,-2,0.0,0.0,,,4.5,,0,0,0,2,stable,local,False
pt credo indonesia,0,0,0,,1,0,1,0.0,0.0,,56.0,,,0,0,0,1,stable,local,False
pt david bintang jaya,0,0,0,,2,0,2,0.0,0.0,,52.0,,,0,0,0,2,stable,other,False
pt dewi buana mulia,0,0,0,,3,0,3,0.0,0.0,,70.3,,,0,0,0,3,stable,other,False
pt dream plastic indonesia,0,0,0,,1,0,1,0.0,0.0,,59.0,,,0,0,0,2,stable,local,False
pt dua naga,0,0,0,,0,1,-1,0.0,0.0,,,4.0,,0,0,0,1,stable,other,False
pt dua naga kosmetindo,0,0,0,,0,3,-3,0.0,0.0,,,3.0,,0,0,0,3,stable,other,False
pt enam sembilan farma,0,0,0,,1,0,1,0.0,0.0,,56.0,,,0,0,0,1,stable,other,False
pt enerel kosmetika biotech,0,0,0,,0,1,-1,0.0,0.0,,,4.0,,0,0,0,1,stable,other,False
pt essence cantika indonesia foto,0,0,0,,0,1,-1,0.0,0.0,,,4.0,,0,0,0,1,stable,local,False
pt exacom abadi sentosa,0,0,0,,0,1,-1,0.0,0.0,,,2.0,,0,0,0,1,stable,other,False
pt eyecos kosmetik indonesia,0,0,0,,0,1,-1,0.0,0.0,,,2.0,,0,0,0,1,stable,local,False
pt fcl,0,0,0,,0,1,-1,0.0,0.0,,,4.0,,0,0,0,1,stable,other,False
pt garland cantik indonesia,0,0,0,,1,0,1,0.0,0.0,,53.0,,,0,0,0,1,stable,local,False
pt gizi indonesia,0,0,0,,0,1,-1,0.0,0.0,,,4.0,,0,0,0,1,stable,local,False
pt hebe beauty indonesia,0,0,0,,0,1,-1,0.0,0.0,,,3.0,,0,0,0,1,stable,local,False
pt honey lady utama,0,0,0,,0,1,-1,0.0,0.0,,,3.0,,0,0,0,1,stable,other,False
pt immortal,0,0,0,,0,1,-1,0.0,0.0,,,3.0,,0,0,0,1,stable,other,False
pt immortal cosmedika indonesia produksi apa,0,0,0,,0,1,-1,0.0,0.0,,,3.0,,0,0,0,1,stable,commercial,False
pt jampalan baru,0,0,0,,1,0,1,0.0,0.0,,64.0,,,0,0,0,1,stable,other,False
pt joshua kuningan,0,0,0,,0,1,-1,0.0,0.0,,,2.0,,0,0,0,1,stable,other,False
pt joya hougan lestari,0,0,0,,0,1,-1,0.0,0.0,,,3.0,,0,0,0,1,stable,other,False
pt karya,0,0,0,,1,0,1,0.0,0.0,,142.0,,,0,0,0,1,stable,other,False
pt karya impian laboratoris,19,10,9,90.0,382,400,-18,4.97,2.5,2.47,22.7,10.5,12.3,5,10,150,2146,declining,brand,True
pt karya impian laboratoris (dreamlab) - pabrik pasuruan,0,0,0,,0,84,-84,0.0,0.0,,,3.7,,0,0,0,93,stable,brand,True
pt kecantikan di indonesia,0,0,0,,4,10,-6,0.0,0.0,,11.2,9.6,1.7,0,0,0,14,stable,local,False
pt kosmetik di tangerang,0,0,0,,0,4,-4,0.0,0.0,,,13.8,,0,0,0,5,stable,local,False
pt kosmetik tangerang,0,0,0,,0,1,-1,0.0,0.0,,,12.0,,0,0,0,1,stable,local,False
pt kosmetik terbesar di indonesia,0,0,0,,15,20,-5,0.0,0.0,,12.5,12.0,0.5,0,0,0,35,stable,local,False
pt kosmetika global indonesia,0,0,0,,0,1,-1,0.0,0.0,,,2.0,,0,0,0,2,stable,local,False
pt kosmetika indonesia,0,0,0,,0,1,-1,0.0,0.0,,,2.0,,0,0,0,1,stable,local,False
pt kreasi cantik alami,0,0,0,,0,2,-2,0.0,0.0,,,4.0,,0,0,0,2,stable,other,False
pt kurnia cipta moda gemilang,0,0,0,,0,1,-1,0.0,0.0,,,2.0,,0,0,0,1,stable,other,False
pt kurnia ciptamoda,0,0,0,,0,1,-1,0.0,0.0,,,5.0,,0,0,0,1,stable,other,False
pt l essential,0,0,0,,1,0,1,0.0,0.0,,56.0,,,0,0,0,1,stable,other,False
pt lambang utama,0,0,0,,0,1,-1,0.0,0.0,,,5.0,,0,0,0,1,stable,other,False
pt larassanti makmur sejahtera,0,0,0,,0,1,-1,0.0,0.0,,,3.0,,0,0,0,1,stable,other,False
pt make up,0,0,0,,0,1,-1,0.0,0.0,,,1.0,,0,0,0,1,stable,other,False
pt maklon kosmetik,0,0,0,,7,1,6,0.0,0.0,,29.7,26.0,3.7,0,0,0,11,stable,commercial,False
pt mash moshem indonesia tulungagung,0,0,0,,0,1,-1,0.0,0.0,,,2.0,,0,0,0,1,stable,local,False
pt masumi beauty indonesia,0,0,0,,2,0,2,0.0,0.0,,53.0,,,0,0,0,2,stable,local,False
pt mitra harapan mandiri,0,0,0,,2,0,2,0.0,0.0,,56.0,,,0,0,0,2,stable,informational,False
pt mkb,0,0,0,,1,0,1,0.0,0.0,,55.0,,,0,0,0,1,stable,other,False
pt nayue kosmetik indonesia,0,0,0,,0,4,-4,0.0,0.0,,,5.0,,0,0,0,4,stable,local,False
pt pesona bintang utama,0,0,0,,3,0,3,0.0,0.0,,51.3,,,0,0,0,3,stable,other,False
pt pillars,0,0,0,,1,0,1,0.0,0.0,,74.0,,,0,0,0,1,stable,other,False
pt sanford batam,0,0,0,,0,1,-1,0.0,0.0,,,6.0,,0,0,0,1,stable,other,False
pt sant group indonesia,0,0,0,,0,1,-1,0.0,0.0,,,2.0,,0,0,0,1,stable,local,False
pt sea makeup beauty,0,0,0,,0,1,-1,0.0,0.0,,,3.0,,0,0,0,1,stable,other,False
pt sempurna medilab indonesia,0,0,0,,2,0,2,0.0,0.0,,58.0,,,0,0,0,2,stable,local,False
pt sephora,0,0,0,,0,1,-1,0.0,0.0,,,3.0,,0,0,0,1,stable,other,False
pt shangyang,0,0,0,,0,1,-1,0.0,0.0,,,2.0,,0,0,0,1,stable,other,False
pt shangyang technology,0,0,0,,0,1,-1,0.0,0.0,,,5.0,,0,0,0,1,stable,other,False
pt shuang hor,0,0,0,,0,2,-2,0.0,0.0,,,3.0,,0,0,0,2,stable,other,False
pt skinberries group industri,0,0,0,,0,2,-2,0.0,0.0,,,6.0,,0,0,0,2,stable,other,False
pt skincare,0,0,0,,6,30,-24,0.0,0.0,,15.5,4.8,10.7,0,0,0,37,stable,other,False
pt skincare di indonesia,0,0,0,,47,33,14,0.0,0.0,,9.9,8.6,1.3,0,0,0,94,stable,local,False
pt skincare indonesia,0,0,0,,3,13,-10,0.0,0.0,,9.7,5.7,4.0,0,0,0,20,stable,local,False
pt skincare terbesar di indonesia,0,0,0,,0,9,-9,0.0,0.0,,,8.8,,0,0,0,9,stable,local,False
pt skintific,0,0,0,,0,2,-2,0.0,0.0,,,3.0,,0,0,0,2,stable,other,False
pt social bella indonesia,0,0,0,,0,1,-1,0.0,0.0,,,3.0,,0,0,0,1,stable,local,False
pt tecno glow innovation,0,0,0,,1,0,1,0.0,0.0,,54.0,,,0,0,0,1,stable,other,False
pt tengyu kosmetik internasional,0,0,0,,0,1,-1,0.0,0.0,,,4.0,,0,0,0,1,stable,other,False
pt unza vitalis,0,0,0,,0,1,-1,0.0,0.0,,,3.0,,0,0,0,1,stable,other,False
pt victoria care indonesia,0,0,0,,0,1,-1,0.0,0.0,,,2.0,,0,0,0,1,stable,local,False
pt young tree,0,0,0,,0,1,-1,0.0,0.0,,,3.0,,0,0,0,1,stable,other,False
pt young tree industries,0,0,0,,0,1,-1,0.0,0.0,,,3.0,,0,0,0,1,stable,other,False
pt. obo cosmetic indonesia,0,0,0,,0,1,-1,0.0,0.0,,,4.0,,0,0,0,1,stable,local,False
pt. obo cosmetic indonesia foto,0,0,0,,0,1,-1,0.0,0.0,,,2.0,,0,0,0,1,stable,local,False
pt. regenesis indonesia,0,0,0,,0,1,-1,0.0,0.0,,,5.0,,0,0,0,1,stable,local,False
pt. sociolla,0,0,0,,0,1,-1,0.0,0.0,,,3.0,,0,0,0,1,stable,other,False
puputan pharma mangala,0,0,0,,2,0,2,0.0,0.0,,61.5,,,0,0,0,2,stable,other,False
qol marketing adalah,0,0,0,,0,1,-1,0.0,0.0,,,2.0,,0,0,0,1,stable,other,False
rebranding cosmetics,0,0,0,,0,1,-1,0.0,0.0,,,3.0,,0,0,0,1,stable,commercial,False
rekomendasi,0,0,0,,0,1,-1,0.0,0.0,,,17.0,,0,0,0,1,stable,other,False
rekomendasi hb dosting,0,0,0,,0,4,-4,0.0,0.0,,,1.0,,0,0,0,4,stable,other,False
rekomendasi hb dosting bpom,0,0,0,,1,4,-3,0.0,0.0,,3.0,1.8,1.2,0,0,0,5,stable,commercial,False
rekomendasi hb dosting pemutih badan bpom,0,0,0,,0,4,-4,0.0,0.0,,,1.0,,0,0,0,4,stable,commercial,False
rekomendasi parfum arab tahan lama,0,0,0,,0,1,-1,0.0,0.0,,,3.0,,0,0,0,1,stable,other,False
rekomendasi skincare terbaik indonesia 2026,0,0,0,,0,4,-4,0.0,0.0,,,17.5,,0,0,0,9,stable,local,False
rekomendasi sunscreen lokal,0,0,0,,4,2,2,0.0,0.0,,15.8,15.5,0.2,0,0,0,16,stable,other,False
resale,0,0,0,,0,1,-1,0.0,0.0,,,3.0,,0,0,0,1,stable,other,False
retail kosmetik,0,0,0,,0,1,-1,0.0,0.0,,,19.0,,0,0,0,1,stable,other,False
roll on,0,0,0,,3,0,3,0.0,0.0,,57.0,,,0,0,0,3,stable,other,False
royal pesona indonesia,0,0,0,,0,1,-1,0.0,0.0,,,2.0,,0,0,0,1,stable,local,False
salep astaxanthin,0,0,0,,0,1,-1,0.0,0.0,,,15.0,,0,0,0,1,stable,other,False
sampo untuk psoriasis,0,0,0,,0,2,-2,0.0,0.0,,,23.5,,0,0,0,3,stable,other,False
scent parfum,0,0,0,,0,1,-1,0.0,0.0,,,1.0,,0,0,0,1,stable,other,False
sensatia botanicals,0,0,0,,0,1,-1,0.0,0.0,,,4.0,,0,0,0,1,stable,other,False
serum penghidrasi terbaik 2025 2026,0,0,0,,0,5,-5,0.0,0.0,,,6.2,,0,0,0,5,stable,other,False
shampoo psoriasis indonesia,0,0,0,,0,1,-1,0.0,0.0,,,20.0,,0,0,0,1,stable,local,False
singkatan hb dosting,0,0,0,,2,7,-5,0.0,0.0,,2.5,1.1,1.4,0,0,0,9,stable,other,False
sistem maklon,0,0,0,,0,2,-2,0.0,0.0,,,16.5,,0,0,0,2,stable,commercial,False
skin care basic pria,0,0,0,,0,1,-1,0.0,0.0,,,48.0,,0,0,0,1,stable,other,False
skin care brand,0,0,0,,2,0,2,0.0,0.0,,52.0,,,0,0,0,2,stable,commercial,False
skin care factory,0,0,0,,0,3,-3,0.0,0.0,,,10.0,,0,0,0,3,stable,other,False
skin care manufacturer,0,0,0,,1,0,1,0.0,0.0,,73.0,,,0,0,0,1,stable,other,False
skin lab,0,0,0,,0,1,-1,0.0,0.0,,,1.0,,0,0,0,2,stable,other,False
skin labs,0,0,0,,0,2,-2,0.0,0.0,,,1.0,,0,0,0,2,stable,other,False
skin manufacturing,0,0,0,,6,0,6,0.0,0.0,,68.2,,,0,0,0,6,stable,other,False
skincare,1,0,1,100,6,2,4,16.67,0.0,,2.3,2.0,0.3,1,0,1,10,growing,other,False
skincare affiliate,0,0,0,,14,52,-38,0.0,0.0,,21.1,12.0,9.1,0,0,0,88,stable,other,False
skincare affiliate adalah,0,0,0,,30,29,1,0.0,0.0,,15.6,12.2,3.5,0,0,0,106,stable,other,False
skincare affiliate indonesia,0,0,0,,9,18,-9,0.0,0.0,,15.9,13.4,2.5,0,0,0,105,stable,local,False
skincare affiliate marketing,0,0,0,,0,1,-1,0.0,0.0,,,1.0,,0,0,0,6,stable,other,False
skincare basic cowo,0,0,0,,0,1,-1,0.0,0.0,,,20.0,,0,0,0,1,stable,other,False
skincare basic untuk pria,0,0,0,,0,3,-3,0.0,0.0,,,19.0,,0,0,0,4,stable,other,False
skincare brand popularity rankings 2026,0,0,0,,0,1,-1,0.0,0.0,,,10.0,,0,0,0,1,stable,commercial,False
skincare brand sales rankings 2026,0,0,0,,0,1,-1,0.0,0.0,,,8.0,,0,0,0,1,stable,commercial,False
skincare copywriting,0,0,0,,0,1,-1,0.0,0.0,,,8.0,,0,0,0,1,stable,other,False
skincare glycerin,0,0,0,,0,1,-1,0.0,0.0,,,19.0,,0,0,0,4,stable,other,False
skincare iklan,0,0,0,,0,4,-4,0.0,0.0,,,5.2,,0,0,0,5,stable,other,False
skincare lab,0,0,0,,10,1,9,0.0,0.0,,46.0,6.0,40.0,0,0,0,22,stable,other,False
skincare lokal indonesia paling bagus 2026,0,0,0,,0,19,-19,0.0,0.0,,,17.7,,0,0,0,19,stable,local,False
skincare lokal indonesia terbaik 2026,0,0,0,,0,50,-50,0.0,0.0,,,7.7,,0,0,0,50,stable,local,False
skincare mahal di indonesia,0,0,0,,1,0,1,0.0,0.0,,55.0,,,0,0,0,1,stable,local,False
skincare murah indonesia 2026,0,0,0,,0,1,-1,0.0,0.0,,,15.0,,0,0,0,1,stable,pricing,False
skincare products indonesia 2026,0,0,0,,0,3,-3,0.0,0.0,,,16.0,,0,0,0,3,stable,local,False
skincare rekomendasi indonesia 2026,0,0,0,,0,3,-3,0.0,0.0,,,16.0,,0,0,0,3,stable,local,False
skincare terbaik di indonesia 2026,0,0,0,,13,8,5,0.0,0.0,,6.9,6.5,0.4,0,0,0,23,stable,local,False
skincare terbaik di indonesia.,0,0,0,,0,1,-1,0.0,0.0,,,17.0,,0,0,0,1,stable,local,False
skincare terbaik indonesia 2026,0,0,0,,0,35,-35,0.0,0.0,,,11.3,,0,0,0,52,stable,local,False
skinlab,0,0,0,,1,0,1,0.0,0.0,,57.0,,,0,0,0,1,stable,other,False
skinlan,0,0,0,,0,1,-1,0.0,0.0,,,11.0,,0,0,0,1,stable,other,False
skintific gel,0,0,0,,0,1,-1,0.0,0.0,,,2.0,,0,0,0,1,stable,other,False
skintific gel moisturizer,0,0,0,,0,1,-1,0.0,0.0,,,3.0,,0,0,0,1,stable,other,False
skintific moisturizer gel,0,0,0,,0,1,-1,0.0,0.0,,,3.0,,0,0,0,1,stable,other,False
smart beauty,0,0,0,,0,1,-1,0.0,0.0,,,1.0,,0,0,0,1,stable,other,False
sociolla company,0,0,0,,0,1,-1,0.0,0.0,,,4.0,,0,0,0,1,stable,other,False
software bisnis skincare,0,0,0,,6,0,6,0.0,0.0,,54.5,,,0,0,0,6,stable,commercial,False
solid skincare,0,0,0,,0,1,-1,0.0,0.0,,,6.0,,0,0,0,2,stable,other,False
solusi perlindungan kulit terpercaya untuk penggunaan sehari-hari 2025 or 2026,0,0,0,,0,13,-13,0.0,0.0,,,8.2,,0,0,0,13,stable,other,False
sow adalah,0,0,0,,0,1,-1,0.0,0.0,,,3.0,,0,0,0,1,stable,other,False
sow dalam konten adalah,0,0,0,,0,1,-1,0.0,0.0,,,3.0,,0,0,0,1,stable,other,False
start a skincare brand,0,0,0,,1,0,1,0.0,0.0,,56.0,,,0,0,0,1,stable,commercial,False
state of beauty 2025,0,0,0,,1,2,-1,0.0,0.0,,10.0,4.5,5.5,0,0,0,8,stable,other,False
strategi harga industri skincare,0,0,0,,0,6,-6,0.0,0.0,,,10.0,,0,0,0,6,stable,pricing,False
strategi harga industri skincare global,0,0,0,,0,1,-1,0.0,0.0,,,10.0,,0,0,0,1,stable,pricing,False
struktur industri skincare global,0,0,0,,0,57,-57,0.0,0.0,,,11.4,,0,0,0,57,stable,other,False
struktur industri skincare global 2025,0,0,0,,0,33,-33,0.0,0.0,,,2.8,,0,0,0,33,stable,other,False
studio dream lab surabaya,0,0,0,,1,1,0,0.0,0.0,,12.0,2.0,10.0,0,0,0,34,stable,brand,True
sunscreen lokal yang bagus,0,0,0,,2,4,-2,0.0,0.0,,13.0,10.0,3.0,0,0,0,45,stable,other,False
sunscreen spf 30 rekomendasi,0,0,0,,0,1,-1,0.0,0.0,,,1.0,,0,0,0,1,stable,other,False
sunscreen terbaik indonesia,0,0,0,,2,2,0,0.0,0.0,,22.0,20.5,1.5,0,0,0,4,stable,local,False
sunscreen yang ada tone up nya,0,0,0,,0,1,-1,0.0,0.0,,,1.0,,0,0,0,1,stable,other,False
supplier kosmetik,0,0,0,,1,1,0,0.0,0.0,,2.0,1.0,1.0,0,0,0,2,stable,commercial,False
supplier skincare,0,0,0,,0,3,-3,0.0,0.0,,,1.0,,0,0,0,3,stable,commercial,False
syarat keranjang di instagram,6,17,-11,-64.7,107,141,-34,5.61,12.06,-6.45,2.3,1.4,0.9,0,1,34,362,declining,informational,False
syarat keranjang kuning instagram,3,3,0,0.0,46,18,28,6.52,16.67,-10.15,2.9,2.3,0.5,0,3,11,118,declining,informational,False
syarat keranjang putih instagram,1,3,-2,-66.7,46,65,-19,2.17,4.62,-2.44,3.5,2.0,1.6,0,0,4,111,stable,informational,False
syarat maklon kosmetik,0,0,0,,3,7,-4,0.0,0.0,,21.7,21.4,0.2,0,0,0,15,stable,commercial,False
tamburins lale balm,0,0,0,,0,1,-1,0.0,0.0,,,1.0,,0,0,0,1,stable,other,False
target pasar skincare,0,0,0,,22,27,-5,0.0,0.0,,26.1,17.9,8.2,0,0,0,105,stable,other,False
target skincare,0,0,0,,0,1,-1,0.0,0.0,,,1.0,,0,0,0,1,stable,other,False
tautan produk di instagram tidak muncul,0,1,-1,-100.0,0,21,-21,0.0,4.76,,,1.4,,0,0,1,21,stable,other,False
tautkan produk di instagram tidak muncul,1,2,-1,-50.0,18,21,-3,5.56,9.52,-3.97,6.4,3.9,2.5,0,0,3,39,stable,other,False
tautkan reels instagram,0,0,0,,0,2,-2,0.0,0.0,,,8.5,,0,0,0,6,stable,other,False
teamlon,0,0,0,,0,1,-1,0.0,0.0,,,5.0,,0,0,0,1,stable,other,False
testi hb dosting,0,0,0,,0,1,-1,0.0,0.0,,,1.0,,0,0,0,1,stable,other,False
tidak bisa menghubungkan shopee affiliate ke instagram,0,0,0,,0,10,-10,0.0,0.0,,,1.0,,0,0,0,10,stable,other,False
tiktok khusus pelanggan gratis,0,0,0,,2,1,1,0.0,0.0,,10.5,5.0,5.5,0,0,0,32,stable,other,False
timephoria pt apa,0,0,0,,0,1,-1,0.0,0.0,,,3.0,,0,0,0,1,stable,informational,False
tips jualan parfum,0,0,0,,0,2,-2,0.0,0.0,,,24.5,,0,0,0,3,stable,informational,False
toko kosmetik rumahan,0,0,0,,1,0,1,0.0,0.0,,55.0,,,0,0,0,1,stable,other,False
tomorrowland perfume,0,0,0,,0,1,-1,0.0,0.0,,,7.0,,0,0,0,1,stable,other,False
toner apel,0,0,0,,0,2,-2,0.0,0.0,,,24.5,,0,0,0,2,stable,other,False
top brand body lotion indonesia 2026,0,0,0,,0,1,-1,0.0,0.0,,,19.0,,0,0,0,1,stable,commercial,False
top brand skincare 2026,0,0,0,,2,1,1,0.0,0.0,,21.0,19.0,2.0,0,0,0,3,stable,commercial,False
top skincare brands indonesia 2026,0,0,0,,1,2,-1,0.0,0.0,,7.0,3.5,3.5,0,0,0,3,stable,commercial,False
tren beauty indonesia paling viral 2026,0,0,0,,0,4,-4,0.0,0.0,,,38.8,,0,0,0,4,stable,local,False
tren bisnis kecantikan,0,0,0,,21,27,-6,0.0,0.0,,30.2,24.7,5.5,0,0,0,120,stable,commercial,False
tren body,0,0,0,,0,1,-1,0.0,0.0,,,12.0,,0,0,0,1,stable,informational,False
tren industri skincare global 2023-2026,0,0,0,,0,7,-7,0.0,0.0,,,8.9,,0,0,0,7,stable,informational,False
tren industri skincare global 2025,0,0,0,,0,33,-33,0.0,0.0,,,6.4,,0,0,0,33,stable,informational,False
tren kecantikan indonesia 2026,0,0,0,,3,4,-1,0.0,0.0,,14.0,10.0,4.0,0,0,0,7,stable,local,False
tren parfum 2026,1,0,1,100,91,75,16,1.1,0.0,,7.4,5.2,2.2,0,0,1,171,stable,informational,False
tren parfum 2026 indonesia,0,0,0,,12,19,-7,0.0,0.0,,6.2,5.3,0.9,0,0,0,31,stable,local,False
tren produk 2026,0,0,0,,0,2,-2,0.0,0.0,,,14.5,,0,0,0,2,stable,informational,False
tren produk global 2026 analisis pasar,0,0,0,,0,1,-1,0.0,0.0,,,8.0,,0,0,0,1,stable,informational,False
tren produk kekinian 2026 analisis pasar,0,0,0,,0,4,-4,0.0,0.0,,,9.2,,0,0,0,4,stable,informational,False
tren produk populer 2026 analisis pasar,0,0,0,,0,3,-3,0.0,0.0,,,9.3,,0,0,0,3,stable,informational,False
tren skincare indonesia 2026,0,0,0,,2,2,0,0.0,0.0,,14.0,10.0,4.0,0,0,0,4,stable,local,False
tren skincare terbaru,0,0,0,,3,2,1,0.0,0.0,,13.7,13.5,0.2,0,0,0,8,stable,informational,False
trend aroma,0,0,0,,0,1,-1,0.0,0.0,,,2.0,,0,0,0,1,stable,informational,False
trend parfum 2026,0,0,0,,15,11,4,0.0,0.0,,8.5,7.7,0.7,0,0,0,35,stable,informational,False
tugas affiliate skincare,0,0,0,,20,11,9,0.0,0.0,,29.6,21.6,8.0,0,0,0,44,stable,other,False
ulasan pt implora sukses abadi,0,0,0,,0,1,-1,0.0,0.0,,,2.0,,0,0,0,1,stable,other,False
urutan pakai hb dosting,0,0,0,,0,3,-3,0.0,0.0,,,1.0,,0,0,0,3,stable,other,False
usaha parfum,0,0,0,,0,1,-1,0.0,0.0,,,1.0,,0,0,0,1,stable,other,False
usaha skincare pemula,0,0,0,,0,1,-1,0.0,0.0,,,1.0,,0,0,0,1,stable,other,False
viral perfume 2026,0,0,0,,0,1,-1,0.0,0.0,,,11.0,,0,0,0,1,stable,other,False
viva glowing white moisturizer gel,0,0,0,,0,1,-1,0.0,0.0,,,3.0,,0,0,0,1,stable,other,False
wangi parfum,0,0,0,,0,1,-1,0.0,0.0,,,1.0,,0,0,0,1,stable,other,False
waterless skincare,0,1,-1,-100.0,1,3,-2,25.0,33.33,-8.33,10.0,7.0,3.0,0,0,1,4,stable,other,False
white label halal,0,0,0,,0,1,-1,0.0,0.0,,,8.0,,0,0,0,1,stable,commercial,False
white label kosmetik,0,1,-1,-100.0,4,1,3,20.0,100.0,-80.0,10.8,10.0,0.8,0,0,1,5,stable,other,False
ya,0,1,-1,-100.0,17,15,2,3.12,6.67,-3.54,4.8,2.9,1.9,0,0,1,32,stable,other,False
ya bantu carikan,0,0,0,,0,1,-1,0.0,0.0,,,6.0,,0,0,0,1,stable,other,False
yaa,0,0,0,,0,2,-2,0.0,0.0,,,3.5,,0,0,0,2,stable,other,False
yang,0,0,0,,0,1,-1,0.0,0.0,,,3.0,,0,0,0,1,stable,other,False
yang harus dilakukan untuk membuat iklan tiktok yang berkualitas,0,0,0,,0,1,-1,0.0,0.0,,,45.0,,0,0,0,5,stable,other,False
yes please,0,0,0,,0,1,-1,0.0,0.0,,,2.0,,0,0,0,1,stable,other,False
