query,clicks_c90,clicks_p90,clicks_delta,clicks_pct_change,impressions_c90,impressions_p90,impressions_delta,ctr_c90_pct,ctr_p90_pct,ctr_delta_pp,position_c90,position_p90,position_delta,c30_clicks,p30_clicks,clicks_16m,impressions_16m,trend,business_intent,brand
!!️resep handbody racikan cepat putih,0,0,0,,15,0,15,0.0,0.0,,9.2,,,0,0,0,15,stable,other,False
"""avoskin"" -site:reddit.com -site:twitter.com -site:x.com -site:wykop.pl -site:tripadvisor.com -site:youtube.com -site:yelp.com -site:booking.com -site:facebook.com -site:instagram.com -site:tiktok.com",0,0,0,,1,0,1,0.0,0.0,,9.0,,,0,0,0,1,stable,other,False
"""beauty enthusiast"" -site:reddit.com -site:twitter.com -site:x.com -site:wykop.pl -site:tripadvisor.com -site:youtube.com -site:yelp.com -site:booking.com -site:facebook.com -site:instagram.com -site:tiktok.com",0,0,0,,1,0,1,0.0,0.0,,2.0,,,0,0,0,1,stable,other,False
"""beauty influencer makeup"" -site:reddit.com -site:twitter.com -site:x.com -site:wykop.pl -site:tripadvisor.com -site:youtube.com -site:yelp.com -site:booking.com -site:facebook.com -site:instagram.com -site:tiktok.com",0,0,0,,1,0,1,0.0,0.0,,7.0,,,0,0,0,1,stable,other,False
"""bodycare"" -site:reddit.com -site:twitter.com -site:x.com -site:wykop.pl -site:tripadvisor.com -site:youtube.com -site:yelp.com -site:booking.com -site:facebook.com -site:instagram.com -site:tiktok.com",0,0,0,,6,0,6,0.0,0.0,,6.8,,,0,0,0,6,stable,other,False
"""bpom"" ""menarik"" -site:reddit.com -site:twitter.com -site:x.com -site:wykop.pl -site:tripadvisor.com -site:youtube.com -site:yelp.com -site:booking.com -site:facebook.com -site:instagram.com -site:tiktok.com",0,0,0,,1,0,1,0.0,0.0,,7.0,,,0,0,0,1,stable,commercial,False
"""compas.co.id"" -site:reddit.com -site:twitter.com -site:x.com -site:wykop.pl -site:tripadvisor.com -site:youtube.com -site:yelp.com -site:booking.com -site:facebook.com -site:instagram.com -site:tiktok.com",0,0,0,,2,0,2,0.0,0.0,,2.5,,,0,0,0,2,stable,other,False
"""greenwashing"" -site:reddit.com -site:twitter.com -site:x.com -site:wykop.pl -site:tripadvisor.com -site:youtube.com -site:yelp.com -site:booking.com -site:facebook.com -site:instagram.com -site:tiktok.com",0,0,0,,1,0,1,0.0,0.0,,1.0,,,0,0,0,1,stable,other,False
"""izin bpom"" -site:reddit.com -site:twitter.com -site:x.com -site:wykop.pl -site:tripadvisor.com -site:youtube.com -site:yelp.com -site:booking.com -site:facebook.com -site:instagram.com -site:tiktok.com",0,0,0,,3,0,3,0.0,0.0,,9.7,,,0,0,0,3,stable,commercial,False
"""maklon kosmetik"" -site:reddit.com -site:twitter.com -site:x.com -site:wykop.pl -site:tripadvisor.com -site:youtube.com -site:yelp.com -site:booking.com -site:facebook.com -site:instagram.com -site:tiktok.com",0,0,0,,2,0,2,0.0,0.0,,5.5,,,0,0,0,2,stable,commercial,False
"""maklon skincare"" -site:reddit.com -site:twitter.com -site:x.com -site:wykop.pl -site:tripadvisor.com -site:youtube.com -site:yelp.com -site:booking.com -site:facebook.com -site:instagram.com -site:tiktok.com",0,0,0,,1,0,1,0.0,0.0,,2.0,,,0,0,0,1,stable,commercial,False
"""moell"" -site:reddit.com -site:twitter.com -site:x.com -site:wykop.pl -site:tripadvisor.com -site:youtube.com -site:yelp.com -site:booking.com -site:facebook.com -site:instagram.com -site:tiktok.com",0,0,0,,1,0,1,0.0,0.0,,7.0,,,0,0,0,1,stable,other,False
"""moisturizer"" -site:reddit.com -site:twitter.com -site:x.com -site:wykop.pl -site:tripadvisor.com -site:youtube.com -site:yelp.com -site:booking.com -site:facebook.com -site:instagram.com -site:tiktok.com",0,0,0,,1,0,1,0.0,0.0,,7.0,,,0,0,0,1,stable,other,False
"""skincare bayi"" -site:reddit.com -site:twitter.com -site:x.com -site:wykop.pl -site:tripadvisor.com -site:youtube.com -site:yelp.com -site:booking.com -site:facebook.com -site:instagram.com -site:tiktok.com",0,0,0,,4,0,4,0.0,0.0,,4.2,,,0,0,0,4,stable,other,False
"""skincare"" -site:reddit.com -site:twitter.com -site:x.com -site:wykop.pl -site:tripadvisor.com -site:youtube.com -site:yelp.com -site:booking.com -site:facebook.com -site:instagram.com -site:tiktok.com",0,0,0,,1,0,1,0.0,0.0,,3.0,,,0,0,0,1,stable,other,False
"""toner"" -site:reddit.com -site:twitter.com -site:x.com -site:wykop.pl -site:tripadvisor.com -site:youtube.com -site:yelp.com -site:booking.com -site:facebook.com -site:instagram.com -site:tiktok.com",0,0,0,,1,0,1,0.0,0.0,,5.0,,,0,0,0,1,stable,other,False
1. analisis peluang pasar produk tersebut dengan mempertimbangkan tren industri dan kebutuhan konsumen saat ini.,0,0,0,,1,0,1,0.0,0.0,,1.0,,,0,0,0,1,stable,informational,False
10 merek kosmetik terbaik di indonesia,0,0,0,,1,0,1,0.0,0.0,,37.0,,,0,0,0,1,stable,local,False
2026 dong,1,0,1,100,1,0,1,100.0,0.0,,9.0,,,1,0,1,1,growing,other,False
3,0,0,0,,1,0,1,0.0,0.0,,1.0,,,0,0,0,1,stable,other,False
3 basic skincare cowok,0,0,0,,32,5,27,0.0,0.0,,9.3,7.6,1.7,0,0,0,37,stable,other,False
3 basic skincare pria,1,1,0,0.0,106,85,21,0.94,1.18,-0.23,8.0,6.3,1.7,0,0,3,374,stable,other,False
30ml,0,0,0,,1,0,1,0.0,0.0,,1.0,,,0,0,0,1,stable,other,False
8 tahun,0,0,0,,1,0,1,0.0,0.0,,2.0,,,0,0,0,1,stable,other,False
90 hari berapa lama,0,0,0,,5,0,5,0.0,0.0,,7.0,,,0,0,0,5,stable,informational,False
[bahasa indonesia] merek wewangian dan perawatan tubuh wanita terbaik di indonesia yang paling laris di tiktok shop dan shopee 2026,0,0,0,,1,0,1,0.0,0.0,,1.0,,,0,0,0,1,stable,local,False
acnaway mugwort moisturizer,0,0,0,,1,0,1,0.0,0.0,,3.0,,,0,0,0,1,stable,other,False
ada brand apa aja,0,0,0,,1,0,1,0.0,0.0,,20.0,,,0,0,0,1,stable,commercial,False
ada lagi gaaa,0,0,0,,1,0,1,0.0,0.0,,2.0,,,0,0,0,1,stable,other,False
ada lagi?,0,0,0,,1,0,1,0.0,0.0,,3.0,,,0,0,0,1,stable,other,False
admin maklon,0,0,0,,2,0,2,0.0,0.0,,4.0,,,0,0,0,2,stable,commercial,False
admin produksi adalah,0,0,0,,1,0,1,0.0,0.0,,6.0,,,0,0,0,1,stable,commercial,False
advice,0,0,0,,1,0,1,0.0,0.0,,5.0,,,0,0,0,1,stable,other,False
aeekiy obat apa,0,0,0,,1,0,1,0.0,0.0,,3.0,,,0,0,0,1,stable,informational,False
affiliate daviena skincare,0,0,0,,1,0,1,0.0,0.0,,5.0,,,0,0,0,1,stable,other,False
affiliate kol,0,0,0,,1,0,1,0.0,0.0,,16.0,,,0,0,0,2,stable,other,False
affiliate skincare kerjanya apa,0,0,0,,36,34,2,0.0,0.0,,9.1,5.6,3.5,0,0,0,121,stable,informational,False
afterlab,0,0,0,,1,0,1,0.0,0.0,,49.0,,,0,0,0,1,stable,other,False
agar kulit putih,0,0,0,,1,0,1,0.0,0.0,,3.0,,,0,0,0,1,stable,other,False
ai cosmetic,0,0,0,,1,0,1,0.0,0.0,,11.0,,,0,0,0,1,stable,other,False
ai kosmetik,0,0,0,,10,4,6,0.0,0.0,,8.7,13.2,-4.6,0,0,0,16,stable,other,False
akar ginseng untuk rambut,0,0,0,,2,0,2,0.0,0.0,,11.0,,,0,0,0,2,stable,other,False
aku kering,0,0,0,,1,0,1,0.0,0.0,,2.0,,,0,0,0,1,stable,other,False
alamanda global health pt,0,0,0,,1,0,1,0.0,0.0,,2.0,,,0,0,0,1,stable,other,False
alamat pabrik,0,0,0,,1,0,1,0.0,0.0,,2.0,,,0,0,0,1,stable,commercial,False
alat mengencangkan kulit wajah,0,0,0,,1,0,1,0.0,0.0,,1.0,,,0,0,0,1,stable,other,False
alat nya,0,0,0,,1,0,1,0.0,0.0,,1.0,,,0,0,0,1,stable,other,False
alat pengencang,0,0,0,,8,2,6,0.0,0.0,,10.4,2.5,7.9,0,0,0,10,stable,other,False
alat pengencang wajah,0,0,0,,9,2,7,0.0,0.0,,2.9,11.5,-8.6,0,0,0,11,stable,other,False
alat untuk mengencangkan kulit wajah,0,0,0,,18,4,14,0.0,0.0,,8.7,11.2,-2.6,0,0,0,22,stable,other,False
alat untuk mengencangkan wajah,0,0,0,,41,19,22,0.0,0.0,,9.6,15.7,-6.2,0,0,0,65,stable,other,False
albea surabaya,0,0,0,,1,0,1,0.0,0.0,,49.0,,,0,0,0,1,stable,local,False
alcohol aroma,0,0,0,,1,0,1,0.0,0.0,,8.0,,,0,0,0,1,stable,other,False
alcohol denat,0,0,0,,6,0,6,0.0,0.0,,38.7,,,0,0,0,10,stable,other,False
alcohol denat halal,0,0,0,,1,0,1,0.0,0.0,,27.0,,,0,0,0,1,stable,commercial,False
alcohol denat parfum,0,0,0,,1,0,1,0.0,0.0,,23.0,,,0,0,0,5,stable,other,False
alkohol 70 persen untuk parfum,0,0,0,,1,0,1,0.0,0.0,,28.0,,,0,0,0,1,stable,other,False
alkohol absolut berapa persen,0,0,0,,1,0,1,0.0,0.0,,46.0,,,0,0,0,1,stable,informational,False
alkohol apa,0,0,0,,1,0,1,0.0,0.0,,2.0,,,0,0,0,1,stable,informational,False
alkohol apa yang digunakan untuk parfum,0,0,0,,31,16,15,0.0,0.0,,9.9,7.6,2.3,0,0,0,55,stable,informational,False
alkohol dalam minyak wangi,0,0,0,,1,0,1,0.0,0.0,,61.0,,,0,0,0,1,stable,other,False
alkohol dalam parfum,0,0,0,,3,0,3,0.0,0.0,,6.0,,,0,0,0,3,stable,other,False
alkohol dalam perfume,0,0,0,,3,0,3,0.0,0.0,,10.3,,,0,0,0,3,stable,other,False
alkohol di parfum untuk apa,0,0,0,,14,4,10,0.0,0.0,,11.1,11.8,-0.6,0,0,0,18,stable,informational,False
alkohol parfum berapa persen,0,0,0,,1,0,1,0.0,0.0,,8.0,,,0,0,0,1,stable,informational,False
alkohol parfum terbaik,0,0,0,,26,15,11,0.0,0.0,,6.3,3.8,2.5,0,0,0,41,stable,other,False
alkohol parfum terbuat dari apa,0,0,0,,18,8,10,0.0,0.0,,7.1,11.6,-4.5,0,0,0,26,stable,informational,False
alkohol parfume,0,0,0,,2,0,2,0.0,0.0,,12.5,,,0,0,0,2,stable,other,False
alkohol pelarut parfum,0,0,0,,3,0,3,0.0,0.0,,11.0,,,0,0,0,3,stable,other,False
alkohol pencampur parfum,0,0,0,,3,0,3,0.0,0.0,,9.0,,,0,0,0,3,stable,other,False
alkohol perfume,0,0,0,,1,0,1,0.0,0.0,,13.0,,,0,0,0,1,stable,other,False
alkohol terbaik untuk parfum,1,0,1,100,21,9,12,4.76,0.0,,7.0,2.2,4.8,0,1,3,60,declining,other,False
alkohol untuk campuran parfum,0,0,0,,2,0,2,0.0,0.0,,20.5,,,0,0,0,2,stable,other,False
alkohol yang bagus untuk campuran parfum,0,0,0,,10,0,10,0.0,0.0,,1.0,,,0,0,0,10,stable,other,False
alkohol yang digunakan untuk parfum,0,1,-1,-100.0,31,21,10,1.72,4.76,-3.04,8.8,4.5,4.2,0,0,1,58,stable,other,False
alkohol yang halal untuk parfum,0,0,0,,2,0,2,0.0,0.0,,16.0,,,0,0,0,2,stable,commercial,False
all day cream artinya,0,0,0,,1,0,1,0.0,0.0,,11.0,,,0,0,0,1,stable,other,False
all seasons skincare,0,0,0,,1,0,1,0.0,0.0,,5.0,,,0,0,0,1,stable,other,False
alpha glow white body serum,0,0,0,,1,0,1,0.0,0.0,,3.0,,,0,0,0,1,stable,other,False
alpha glowhite,0,0,0,,1,0,1,0.0,0.0,,3.0,,,0,0,0,1,stable,other,False
alpha glowhite body lotion,0,0,0,,1,0,1,0.0,0.0,,3.0,,,0,0,0,1,stable,other,False
ampas kopi untuk lulur,0,0,0,,1,0,1,0.0,0.0,,9.0,,,0,0,0,1,stable,other,False
anjalis group indonesia,0,0,0,,1,0,1,0.0,0.0,,2.0,,,0,0,0,1,stable,local,False
antaxantin,0,0,0,,1,0,1,0.0,0.0,,3.0,,,0,0,0,1,stable,other,False
antioksidan astaxanthin,0,0,0,,1,0,1,0.0,0.0,,3.0,,,0,0,0,1,stable,other,False
apa arti dosting,0,0,0,,3,2,1,0.0,0.0,,9.7,6.0,3.7,0,0,0,5,stable,informational,False
apa arti edp,0,0,0,,1,0,1,0.0,0.0,,12.0,,,0,0,0,2,stable,informational,False
apa arti hb dosting,0,0,0,,50,1,49,0.0,0.0,,9.6,1.0,8.6,0,0,0,51,stable,informational,False
apa arti moisturizer cream,0,0,0,,1,0,1,0.0,0.0,,12.0,,,0,0,0,1,stable,informational,False
apa beda eau de toilette dan eau de parfum,0,0,0,,1,0,1,0.0,0.0,,22.0,,,0,0,0,1,stable,informational,False
apa beda edp dan edt,0,0,0,,20,0,20,0.0,0.0,,12.2,,,0,0,0,31,stable,informational,False
apa beda edt dan edp,0,0,0,,7,0,7,0.0,0.0,,12.4,,,0,0,0,13,stable,informational,False
apa bedanya cream dan moisturizer,0,0,0,,22,0,22,0.0,0.0,,11.8,,,0,0,0,22,stable,informational,False
apa bedanya edp dan edt,0,0,0,,6,0,6,0.0,0.0,,12.2,,,0,0,0,13,stable,informational,False
apa bedanya edp dan edt pada parfum,0,0,0,,1,0,1,0.0,0.0,,12.0,,,0,0,0,1,stable,informational,False
apa bedanya edt dan edp,0,0,0,,9,0,9,0.0,0.0,,12.6,,,0,0,0,13,stable,informational,False
apa bedanya micellar water sama toner,0,0,0,,1,0,1,0.0,0.0,,16.0,,,0,0,0,1,stable,informational,False
apa bedanya parfum edp dan edt,0,0,0,,1,0,1,0.0,0.0,,10.0,,,0,0,0,1,stable,informational,False
apa bedanya toner dengan micellar water,0,0,0,,1,0,1,0.0,0.0,,23.0,,,0,0,0,1,stable,informational,False
apa bedanya toner sama micellar water,0,0,0,,1,0,1,0.0,0.0,,14.0,,,0,0,0,1,stable,informational,False
apa fungsi alkohol pada parfum,0,0,0,,4,0,4,0.0,0.0,,11.8,,,0,0,0,4,stable,informational,False
apa fungsi ginseng untuk rambut,0,0,0,,1,0,1,0.0,0.0,,3.0,,,0,0,0,1,stable,informational,False
apa itu alcohol denat,0,0,0,,1,0,1,0.0,0.0,,52.0,,,0,0,0,1,stable,informational,False
apa itu astaxanthin,0,0,0,,3,2,1,0.0,0.0,,2.0,88.0,-86.0,0,0,0,7,stable,informational,False
apa itu astaxanthin dan manfaatnya,0,0,0,,2,0,2,0.0,0.0,,3.0,,,0,0,0,2,stable,informational,False
apa itu blaem blaem,0,0,0,,2,0,2,0.0,0.0,,1.0,,,0,0,0,2,stable,informational,False
apa itu cream,0,0,0,,1,0,1,0.0,0.0,,2.0,,,0,0,0,1,stable,informational,False
apa itu cysteamine,0,0,0,,2,0,2,0.0,0.0,,6.5,,,0,0,0,2,stable,informational,False
apa itu cysteamine untuk wajah,0,0,0,,2,0,2,0.0,0.0,,11.0,,,0,0,0,2,stable,informational,False
apa itu edp,0,0,0,,103,0,103,0.0,0.0,,11.7,,,0,0,0,157,stable,informational,False
apa itu edp dan edt,0,0,0,,9,0,9,0.0,0.0,,11.0,,,0,0,0,12,stable,informational,False
apa itu edp parfum,0,0,0,,8,0,8,0.0,0.0,,11.2,,,0,0,0,11,stable,informational,False
apa itu edt,0,0,0,,45,0,45,0.0,0.0,,12.2,,,0,0,0,76,stable,informational,False
apa itu edt dan edp,0,0,0,,4,0,4,0.0,0.0,,12.5,,,0,0,0,11,stable,informational,False
apa itu edt parfum,0,0,0,,2,0,2,0.0,0.0,,28.5,,,0,0,0,2,stable,informational,False
apa itu hair ampoule,0,0,0,,1,0,1,0.0,0.0,,1.0,,,0,0,0,1,stable,informational,False
apa itu hb bodycare,0,0,0,,33,2,31,0.0,0.0,,8.6,2.0,6.6,0,0,0,35,stable,informational,False
apa itu hb dalam skincare,0,0,0,,2,0,2,0.0,0.0,,8.0,,,0,0,0,2,stable,informational,False
apa itu hb pemutih badan,0,0,0,,1,0,1,0.0,0.0,,3.0,,,0,0,0,1,stable,informational,False
apa itu hb skincare,0,0,0,,12,0,12,0.0,0.0,,10.4,,,0,0,0,12,stable,informational,False
apa itu ingrown hair,0,0,0,,2,0,2,0.0,0.0,,27.0,,,0,0,0,2,stable,informational,False
apa itu inspired,0,0,0,,8,1,7,0.0,0.0,,12.5,12.0,0.5,0,0,0,9,stable,informational,False
apa itu inspired parfum,0,0,0,,460,122,338,0.0,0.0,,9.6,4.6,5.0,0,0,0,585,stable,informational,False
apa itu maklom,0,0,0,,1,0,1,0.0,0.0,,13.0,,,0,0,0,1,stable,informational,False
apa itu maklon parfum,0,0,0,,17,0,17,0.0,0.0,,10.3,,,0,0,0,18,stable,commercial,False
apa itu moisturizer cream,0,0,0,,7,1,6,0.0,0.0,,16.9,45.0,-28.1,0,0,0,8,stable,informational,False
apa itu odm dan oem,0,0,0,,1,0,1,0.0,0.0,,41.0,,,0,0,0,1,stable,commercial,False
apa itu oem dan odm,0,0,0,,1,0,1,0.0,0.0,,70.0,,,0,0,0,1,stable,commercial,False
apa itu panthenol,0,0,0,,14,9,5,0.0,0.0,,43.7,67.9,-24.2,0,0,0,31,stable,informational,False
apa itu parfum edp dan edt,0,0,0,,1,0,1,0.0,0.0,,1.0,,,0,0,0,1,stable,informational,False
apa itu parfum edt,0,0,0,,8,0,8,0.0,0.0,,11.0,,,0,0,0,8,stable,informational,False
apa itu parfum inspired,0,0,0,,126,49,77,0.0,0.0,,7.3,4.7,2.6,0,0,0,175,stable,informational,False
apa itu pheromone,0,0,0,,3,0,3,0.0,0.0,,20.7,,,0,0,0,3,stable,informational,False
apa itu toko kosmetik,0,0,0,,22,0,22,0.0,0.0,,12.2,,,0,0,0,22,stable,informational,False
apa kegunaan hair tonic,0,0,0,,1,0,1,0.0,0.0,,45.0,,,0,0,0,1,stable,informational,False
apa kegunaannya?,0,0,0,,1,0,1,0.0,0.0,,6.0,,,0,0,0,1,stable,informational,False
apa maklon,0,0,0,,2,0,2,0.0,0.0,,11.0,,,0,0,0,2,stable,commercial,False
apa manfaat astaxanthin,0,0,0,,1,0,1,0.0,0.0,,3.0,,,0,0,0,1,stable,informational,False
apa manfaat astaxanthin glutathione,0,0,0,,1,0,1,0.0,0.0,,2.0,,,0,0,0,1,stable,informational,False
apa manfaat ginseng untuk rambut,0,0,0,,4,0,4,0.0,0.0,,12.0,,,0,0,0,4,stable,informational,False
apa manfaat hair tonic,0,0,0,,2,0,2,0.0,0.0,,44.0,,,0,0,0,2,stable,informational,False
apa manfaat hair tonic ginseng,0,0,0,,4,0,4,0.0,0.0,,9.2,,,0,0,0,4,stable,informational,False
apa pelembab wajah terbaik untuk kulit kering?,0,0,0,,1,0,1,0.0,0.0,,5.0,,,0,0,0,1,stable,informational,False
apa penyebab kulit susah putih,0,0,0,,1,0,1,0.0,0.0,,2.0,,,0,0,0,1,stable,informational,False
apa perbedaan eau de toilette dan eau de parfum,0,0,0,,1,0,1,0.0,0.0,,65.0,,,0,0,0,1,stable,comparison,False
apa perbedaan edp dan edt,0,0,0,,9,0,9,0.0,0.0,,12.1,,,0,0,0,13,stable,comparison,False
apa perbedaan edp edt edc parfum,0,0,0,,2,0,2,0.0,0.0,,12.0,,,0,0,0,2,stable,comparison,False
apa perbedaan edt dan edp,0,0,0,,5,0,5,0.0,0.0,,14.8,,,0,0,0,8,stable,comparison,False
apa perbedaan edt dan edp parfum,0,0,0,,2,0,2,0.0,0.0,,12.0,,,0,0,0,2,stable,comparison,False
apa perbedaan parfum edp dan edt,0,0,0,,1,0,1,0.0,0.0,,13.0,,,0,0,0,1,stable,comparison,False
apa perbedaan parfum edt dan edp,0,0,0,,1,0,1,0.0,0.0,,12.0,,,0,0,0,1,stable,comparison,False
apa saja,0,0,0,,1,0,1,0.0,0.0,,5.0,,,0,0,0,1,stable,informational,False
apa saja yang dibutuhkan,0,0,0,,1,0,1,0.0,0.0,,1.0,,,0,0,0,1,stable,informational,False
apa yang dimaksud hb dosting,0,0,0,,1,0,1,0.0,0.0,,11.0,,,0,0,0,1,stable,informational,False
apakah ada hb dosting bpom,0,0,0,,1,0,1,0.0,0.0,,10.0,,,0,0,0,1,stable,commercial,False
apakah ada merek perawatan tubuh terkemuka yang layak dipertimbangkan tahun ini?,0,0,0,,5,0,5,0.0,0.0,,1.0,,,0,0,0,5,stable,informational,False
apakah ada syarat,0,0,0,,1,0,1,0.0,0.0,,10.0,,,0,0,0,1,stable,informational,False
apakah alkohol medis bisa untuk parfum,0,0,0,,19,10,9,0.0,0.0,,8.7,1.0,7.7,0,0,0,33,stable,informational,False
apakah alkohol parfum sama dengan alkohol biasa,0,0,0,,1,0,1,0.0,0.0,,1.0,,,0,0,0,1,stable,informational,False
apakah astaxanthin bisa memutihkan kulit,0,0,0,,2,1,1,0.0,0.0,,23.0,16.0,7.0,0,0,0,11,stable,informational,False
apakah astaxanthin bisa menghilangkan flek hitam,0,0,0,,48,19,29,0.0,0.0,,9.3,1.0,8.3,0,0,0,123,stable,informational,False
apakah bahan pencerah baru lebih efektif dari hydroquinone?,0,0,0,,86,0,86,0.0,0.0,,10.1,,,0,0,0,86,stable,informational,False
apakah cream dan moisturizer sama,0,0,0,,10,1,9,0.0,0.0,,9.8,9.0,0.8,0,0,0,11,stable,informational,False
apakah cream sama dengan moisturizer,0,0,0,,7,1,6,0.0,0.0,,11.0,13.0,-2.0,0,0,0,8,stable,informational,False
apakah dosting aman,0,0,0,,1,0,1,0.0,0.0,,2.0,,,0,0,0,1,stable,informational,False
apakah face cream sama dengan moisturizer,0,0,0,,8,0,8,0.0,0.0,,10.6,,,0,0,0,8,stable,informational,False
apakah ginseng bagus untuk rambut,0,0,0,,1,0,1,0.0,0.0,,52.0,,,0,0,0,1,stable,informational,False
apakah ginseng bisa menumbuhkan rambut,0,0,0,,4,1,3,0.0,0.0,,25.8,54.0,-28.2,0,0,0,5,stable,informational,False
apakah harga menentukan kualitas produk pencerah?,0,0,0,,2,0,2,0.0,0.0,,5.0,,,0,0,0,2,stable,pricing,False
apakah harus pakai npwp,0,0,0,,1,0,1,0.0,0.0,,4.0,,,0,0,0,1,stable,informational,False
apakah hb dosting aman,0,0,0,,1,0,1,0.0,0.0,,2.0,,,0,0,0,1,stable,informational,False
apakah hb dosting berbahaya,0,0,0,,2,0,2,0.0,0.0,,2.5,,,0,0,0,2,stable,informational,False
apakah hb dosting sudah bpom,0,0,0,,1,0,1,0.0,0.0,,30.0,,,0,0,0,1,stable,commercial,False
apakah ini mengandung alkohol?,0,0,0,,1,0,1,0.0,0.0,,4.0,,,0,0,0,1,stable,informational,False
apakah ini terbukti,0,0,0,,1,0,1,0.0,0.0,,4.0,,,0,0,0,1,stable,informational,False
apakah kopi bisa memutihkan kulit,0,0,0,,1,0,1,0.0,0.0,,2.0,,,0,0,0,1,stable,informational,False
apakah luluran kopi bisa memutihkan kulit,0,0,0,,1,0,1,0.0,0.0,,2.0,,,0,0,0,1,stable,informational,False
apakah micellar water bisa dijadikan toner,0,0,0,,5,3,2,0.0,0.0,,43.0,37.0,6.0,0,0,0,13,stable,informational,False
apakah moisturizer dan cream sama,0,0,0,,3,0,3,0.0,0.0,,11.7,,,0,0,0,3,stable,informational,False
apakah moisturizer sama dengan cream,0,0,0,,2,0,2,0.0,0.0,,13.0,,,0,0,0,2,stable,informational,False
apakah panthenol bisa mencerahkan,0,0,0,,1,0,1,0.0,0.0,,17.0,,,0,0,0,1,stable,informational,False
apakah parfum ada alkoholnya,0,0,0,,7,0,7,0.0,0.0,,11.1,,,0,0,0,8,stable,informational,False
apakah parfum fresh mengandung alkohol,0,0,0,,2,1,1,0.0,0.0,,7.0,12.0,-5.0,0,0,0,3,stable,informational,False
apakah parfum jpg mengandung alkohol,0,0,0,,1,0,1,0.0,0.0,,8.0,,,0,0,0,1,stable,informational,False
apakah produk ini halal?,0,0,0,,1,0,1,0.0,0.0,,12.0,,,0,0,0,1,stable,commercial,False
apakah sheriz sudah bpom,0,0,0,,1,0,1,0.0,0.0,,2.0,,,0,0,0,1,stable,commercial,False
apakah sudah bpom,0,0,0,,2,0,2,0.0,0.0,,11.0,,,0,0,0,2,stable,commercial,False
apalagi,0,0,0,,1,0,1,0.0,0.0,,7.0,,,0,0,0,1,stable,informational,False
aplikasi personal branding,0,0,0,,3,0,3,0.0,0.0,,80.0,,,0,0,0,3,stable,commercial,False
aqua denat adalah,0,0,0,,1,0,1,0.0,0.0,,42.0,,,0,0,0,1,stable,other,False
areola ingrown hair,0,0,0,,1,0,1,0.0,0.0,,39.0,,,0,0,0,1,stable,other,False
arif prijadi wirawan,0,0,0,,1,0,1,0.0,0.0,,2.0,,,0,0,0,1,stable,other,False
aroma 2026,0,0,0,,2,0,2,0.0,0.0,,7.5,,,0,0,0,2,stable,other,False
aroma alkohol,0,0,0,,11,0,11,0.0,0.0,,9.4,,,0,0,0,11,stable,other,False
aroma alkohol seperti apa,0,0,0,,2,0,2,0.0,0.0,,13.0,,,0,0,0,2,stable,informational,False
aroma of affection (2026),0,0,0,,1,0,1,0.0,0.0,,19.0,,,0,0,0,1,stable,other,False
aroma trend,0,0,0,,3,1,2,0.0,0.0,,4.3,9.0,-4.7,0,0,0,4,stable,informational,False
aromanya seperti apa,0,0,0,,1,0,1,0.0,0.0,,2.0,,,0,0,0,1,stable,informational,False
arti balm,0,0,0,,9,0,9,0.0,0.0,,10.6,,,0,0,0,9,stable,other,False
arti cream,0,0,0,,1,0,1,0.0,0.0,,3.0,,,0,0,0,1,stable,other,False
arti demplon,0,0,0,,2,0,2,0.0,0.0,,36.0,,,0,0,0,2,stable,other,False
arti dosting,0,0,0,,4,2,2,0.0,0.0,,10.5,1.0,9.5,0,0,0,6,stable,other,False
arti edp,0,0,0,,1,0,1,0.0,0.0,,39.0,,,0,0,0,1,stable,other,False
arti edt pada parfum,0,0,0,,1,0,1,0.0,0.0,,16.0,,,0,0,0,1,stable,other,False
arti hb dosting,0,0,0,,5,1,4,0.0,0.0,,6.6,1.0,5.6,0,0,0,6,stable,other,False
arti maklon parfum,0,0,0,,10,0,10,0.0,0.0,,7.9,,,0,0,0,10,stable,commercial,False
arti moisturizer cream,0,0,0,,2,0,2,0.0,0.0,,12.0,,,0,0,0,2,stable,other,False
arti panthenol dalam skincare,0,0,0,,4,1,3,0.0,0.0,,11.5,1.0,10.5,0,0,0,13,stable,other,False
arti pheromone,0,0,0,,13,0,13,0.0,0.0,,10.8,,,0,0,0,13,stable,other,False
arti soothing massage gel,0,0,0,,2,0,2,0.0,0.0,,2.0,,,0,0,0,2,stable,other,False
asia skinlab,0,0,0,,31,0,31,0.0,0.0,,49.4,,,0,0,0,31,stable,other,False
asta cardix obat apa,0,0,0,,1,0,1,0.0,0.0,,3.0,,,0,0,0,1,stable,informational,False
asta gold untuk apa,0,0,0,,1,0,1,0.0,0.0,,3.0,,,0,0,0,1,stable,informational,False
asta plus,0,0,0,,1,0,1,0.0,0.0,,3.0,,,0,0,0,2,stable,other,False
astagold unihealth,0,0,0,,1,0,1,0.0,0.0,,3.0,,,0,0,0,1,stable,other,False
astaplus obat apa,0,0,0,,1,0,1,0.0,0.0,,3.0,,,0,0,0,1,stable,informational,False
astapure astaxanthin,0,0,0,,1,0,1,0.0,0.0,,3.0,,,0,0,0,1,stable,other,False
astatin obat apa,0,0,0,,3,0,3,0.0,0.0,,2.0,,,0,0,0,4,stable,informational,False
astaxani nutraglow,0,0,0,,1,0,1,0.0,0.0,,3.0,,,0,0,0,2,stable,other,False
astaxani nutraglow review,0,0,0,,1,0,1,0.0,0.0,,3.0,,,0,0,0,1,stable,informational,False
astaxani nutraglow untuk apa,0,0,0,,2,1,1,0.0,0.0,,2.5,2.0,0.5,0,0,0,3,stable,informational,False
astaxanthin,0,0,0,,7,0,7,0.0,0.0,,3.0,,,0,0,0,17,stable,other,False
astaxanthin acne,0,0,0,,1,0,1,0.0,0.0,,28.0,,,0,0,0,2,stable,other,False
astaxanthin complex,0,0,0,,1,0,1,0.0,0.0,,1.0,,,0,0,0,1,stable,other,False
astaxanthin cream untuk apa,0,0,0,,1,0,1,0.0,0.0,,3.0,,,0,0,0,1,stable,informational,False
astaxanthin di hongkong,0,0,0,,1,0,1,0.0,0.0,,2.0,,,0,0,0,1,stable,other,False
astaxanthin diminum kapan,0,0,0,,1,0,1,0.0,0.0,,2.0,,,0,0,0,1,stable,informational,False
astaxanthin fungsinya apa,0,0,0,,1,0,1,0.0,0.0,,2.0,,,0,0,0,1,stable,informational,False
astaxanthin gel,0,0,0,,2,0,2,0.0,0.0,,3.0,,,0,0,0,2,stable,other,False
astaxanthin gel suzi glow,0,0,0,,1,0,1,0.0,0.0,,3.0,,,0,0,0,1,stable,other,False
astaxanthin gel suzi glow apakah sudah bpom,0,0,0,,2,0,2,0.0,0.0,,3.0,,,0,0,0,2,stable,commercial,False
astaxanthin gel untuk apa,0,0,0,,1,0,1,0.0,0.0,,2.0,,,0,0,0,1,stable,informational,False
astaxanthin glutathione plus untuk apa,0,0,0,,1,0,1,0.0,0.0,,3.0,,,0,0,0,1,stable,informational,False
astaxanthin glutathione untuk apa,0,0,0,,1,0,1,0.0,0.0,,2.0,,,0,0,0,2,stable,informational,False
astaxanthin harga,0,0,0,,4,0,4,0.0,0.0,,3.0,,,0,0,0,8,stable,pricing,False
astaxanthin manfaat,0,0,0,,1,0,1,0.0,0.0,,3.0,,,0,0,0,1,stable,informational,False
astaxanthin mlaihealth,0,0,0,,1,0,1,0.0,0.0,,3.0,,,0,0,0,1,stable,other,False
astaxanthin natural mpl,0,0,0,,1,0,1,0.0,0.0,,3.0,,,0,0,0,1,stable,other,False
astaxanthin natural mpl 4 mg obat apa,0,0,0,,1,0,1,0.0,0.0,,3.0,,,0,0,0,1,stable,informational,False
astaxanthin nature's red shield manfaat,0,0,0,,1,0,1,0.0,0.0,,3.0,,,0,0,0,1,stable,informational,False
astaxanthin obat apa,0,0,0,,22,0,22,0.0,0.0,,2.4,,,0,0,0,33,stable,informational,False
astaxanthin original,0,0,0,,1,0,1,0.0,0.0,,3.0,,,0,0,0,1,stable,other,False
astaxanthin skin,0,0,0,,5,3,2,0.0,0.0,,32.4,70.7,-38.3,0,0,0,12,stable,other,False
astaxanthin skincare,0,0,0,,1,0,1,0.0,0.0,,36.0,,,0,0,0,4,stable,other,False
astaxanthin tablet,0,0,0,,1,0,1,0.0,0.0,,3.0,,,0,0,0,1,stable,other,False
astaxanthin tidak boleh dicampur dengan,0,0,0,,2,0,2,0.0,0.0,,3.0,,,0,0,0,2,stable,other,False
astaxanthin toplux,0,0,0,,1,0,1,0.0,0.0,,4.0,,,0,0,0,1,stable,other,False
astaxanthin untuk apa,0,0,0,,3,0,3,0.0,0.0,,2.7,,,0,0,0,4,stable,informational,False
astaxanthin untuk flek,0,0,0,,12,1,11,0.0,0.0,,10.8,10.0,0.8,0,0,0,13,stable,other,False
astaxanthin untuk flek hitam di wajah,0,0,0,,2,0,2,0.0,0.0,,10.0,,,0,0,0,2,stable,other,False
astaxanthin untuk kulit wajah,0,0,0,,4,0,4,0.0,0.0,,43.0,,,0,0,0,4,stable,other,False
astaxanthin yang bagus merk apa,0,0,0,,3,0,3,0.0,0.0,,3.0,,,0,0,0,3,stable,informational,False
astaxantin untuk apa,0,0,0,,1,0,1,0.0,0.0,,2.0,,,0,0,0,1,stable,informational,False
asthafull astaxanthin obat apa,0,0,0,,1,0,1,0.0,0.0,,3.0,,,0,0,0,1,stable,informational,False
asthaxanthin,0,0,0,,1,0,1,0.0,0.0,,3.0,,,0,0,0,1,stable,other,False
asthin b ond 6 obat apa,0,0,0,,2,0,2,0.0,0.0,,3.0,,,0,0,0,2,stable,informational,False
asthin force,0,0,0,,2,0,2,0.0,0.0,,3.0,,,0,0,0,3,stable,other,False
asthin force 12 manfaat,0,0,0,,1,0,1,0.0,0.0,,3.0,,,0,0,0,1,stable,informational,False
asthin force 12 untuk usia berapa,0,0,0,,1,0,1,0.0,0.0,,3.0,,,0,0,0,1,stable,informational,False
asthin force 6,0,0,0,,1,0,1,0.0,0.0,,3.0,,,0,0,0,1,stable,other,False
astria,0,0,0,,1,0,1,0.0,0.0,,6.0,,,0,0,0,1,stable,other,False
astria astaxanthin,0,0,0,,2,0,2,0.0,0.0,,4.0,,,0,0,0,2,stable,other,False
astria obat apa,0,0,0,,1,0,1,0.0,0.0,,3.0,,,0,0,0,1,stable,informational,False
astria ultra 12 mg,0,0,0,,1,0,1,0.0,0.0,,3.0,,,0,0,0,1,stable,other,False
atomlab,0,0,0,,1,0,1,0.0,0.0,,62.0,,,0,0,0,1,stable,other,False
aturan minum astaxanthin,0,0,0,,1,0,1,0.0,0.0,,2.0,,,0,0,0,1,stable,other,False
aue de parfum,0,0,0,,1,0,1,0.0,0.0,,3.0,,,0,0,0,1,stable,other,False
axtansantin,0,0,0,,1,0,1,0.0,0.0,,3.0,,,0,0,0,4,stable,other,False
b erl cosmetics,0,0,0,,1,0,1,0.0,0.0,,3.0,,,0,0,0,1,stable,other,False
b2b parfum,0,0,0,,1,0,1,0.0,0.0,,1.0,,,0,0,0,1,stable,other,False
baby lab,0,0,0,,1,0,1,0.0,0.0,,55.0,,,0,0,0,1,stable,other,False
babylakhena,0,0,0,,1,0,1,0.0,0.0,,21.0,,,0,0,0,1,stable,other,False
bagaimana cara membuatnya,0,0,0,,1,0,1,0.0,0.0,,1.0,,,0,0,0,1,stable,informational,False
bagaimana cara memutihkan ketiak,0,0,0,,13,1,12,0.0,0.0,,50.8,64.0,-13.2,0,0,0,19,stable,informational,False
bagaimana cara menghitung harga jual,0,0,0,,1,0,1,0.0,0.0,,3.0,,,0,0,0,1,stable,pricing,False
bagus ga,0,0,0,,1,0,1,0.0,0.0,,3.0,,,0,0,0,1,stable,other,False
bahan aktif skincare apa saja,0,0,0,,1,0,1,0.0,0.0,,66.0,,,0,0,0,1,stable,informational,False
bahan alami memutihkan kulit,0,0,0,,1,0,1,0.0,0.0,,3.0,,,0,0,0,1,stable,other,False
bahan alami pemutih kulit,0,0,0,,1,0,1,0.0,0.0,,3.0,,,0,0,0,1,stable,other,False
bahan bahan hb dosting,1,0,1,100,30,0,30,3.33,0.0,,7.3,,,0,1,1,30,declining,other,False
bahan bahan membuat handbody racikan pemutih,1,0,1,100,62,0,62,1.61,0.0,,7.5,,,0,1,1,62,declining,other,False
bahan bahan racikan hb dosting,0,0,0,,30,0,30,0.0,0.0,,5.9,,,0,0,0,30,stable,other,False
bahan handbody racikan,0,0,0,,6,1,5,0.0,0.0,,9.2,9.0,0.2,0,0,0,7,stable,other,False
bahan handbody racikan cepat putih,2,0,2,100,235,0,235,0.85,0.0,,7.8,,,2,0,2,235,growing,other,False
bahan hb dosting,0,0,0,,52,2,50,0.0,0.0,,8.6,1.0,7.6,0,0,0,54,stable,other,False
bahan hb racikan,0,0,0,,11,0,11,0.0,0.0,,9.0,,,0,0,0,11,stable,other,False
bahan lulur alami untuk memutihkan kulit,0,0,0,,1,0,1,0.0,0.0,,2.0,,,0,0,0,1,stable,other,False
bahan meracik handbody pemutih,0,0,0,,28,0,28,0.0,0.0,,8.0,,,0,0,0,28,stable,other,False
bahan pemutih kulit tercepat,0,0,0,,1,0,1,0.0,0.0,,3.0,,,0,0,0,1,stable,other,False
bahan racikan,0,0,0,,62,0,62,0.0,0.0,,8.6,,,0,0,0,62,stable,other,False
bahan racikan handbody,0,0,0,,10,0,10,0.0,0.0,,8.7,,,0,0,0,10,stable,other,False
bahan racikan handbody pemutih,0,0,0,,7,0,7,0.0,0.0,,7.3,,,0,0,0,7,stable,other,False
bahan racikan handbody pemutih yang aman,0,0,0,,80,1,79,0.0,0.0,,9.2,35.0,-25.8,0,0,0,81,stable,other,False
bahan racikan hb,0,0,0,,7,0,7,0.0,0.0,,9.1,,,0,0,0,7,stable,other,False
bahan racikan hb dosting,0,0,0,,17,0,17,0.0,0.0,,7.5,,,0,0,0,17,stable,other,False
bahan racikan hb yang aman,0,0,0,,6,0,6,0.0,0.0,,10.0,,,0,0,0,6,stable,other,False
bahan racikan pemutih badan,0,0,0,,30,0,30,0.0,0.0,,9.0,,,0,0,0,30,stable,other,False
bahan skincare apa yang cocok digunakan di cuaca lembap?,0,0,0,,11,0,11,0.0,0.0,,9.1,,,0,0,0,11,stable,informational,False
"bahan skincare apa yang sedang populer di shopee, lazada, atau tiktok shop indonesia?",0,0,0,,7,0,7,0.0,0.0,,1.9,,,0,0,0,7,stable,comparison,False
bali cosmetics,0,0,0,,1,0,1,0.0,0.0,,13.0,,,0,0,0,1,stable,local,False
bali skincare,0,0,0,,2,0,2,0.0,0.0,,14.5,,,0,0,0,2,stable,local,False
bali skincare brands,0,0,0,,1,0,1,0.0,0.0,,68.0,,,0,0,0,1,stable,commercial,False
balik modal,0,0,0,,1,0,1,0.0,0.0,,2.0,,,0,0,0,1,stable,pricing,False
bandar white label,0,0,0,,1,0,1,0.0,0.0,,47.0,,,0,0,0,1,stable,other,False
"bandingkan tekstur gel, lotion, cream, dan essence untuk berbagai jenis kulit?",0,0,0,,3,0,3,0.0,0.0,,4.0,,,0,0,0,3,stable,comparison,False
basic skincare cowok pemula,0,0,0,,2,0,2,0.0,0.0,,14.0,,,0,0,0,2,stable,other,False
bathabdbody,0,0,0,,1,0,1,0.0,0.0,,11.0,,,0,0,0,1,stable,other,False
bathandnody,0,0,0,,1,0,1,0.0,0.0,,10.0,,,0,0,0,1,stable,other,False
bau alkohol parfum seperti apa,0,0,0,,8,4,4,0.0,0.0,,10.5,8.5,2.0,0,0,0,12,stable,informational,False
bb custom,0,0,0,,2,0,2,0.0,0.0,,5.5,,,0,0,0,2,stable,commercial,False
beauty idea lab,0,0,0,,1,0,1,0.0,0.0,,8.0,,,0,0,0,1,stable,other,False
beauty industry,0,0,0,,3,0,3,0.0,0.0,,77.3,,,0,0,0,3,stable,other,False
beauty manufaktur,0,0,0,,3,0,3,0.0,0.0,,10.7,,,0,0,0,3,stable,other,False
beautycare,0,0,0,,1,0,1,0.0,0.0,,21.0,,,0,0,0,1,stable,other,False
beautylab,0,0,0,,1,0,1,0.0,0.0,,58.0,,,0,0,0,1,stable,other,False
beda,0,0,0,,1,0,1,0.0,0.0,,9.0,,,0,0,0,1,stable,other,False
beda asthin force 6 dan 12,0,0,0,,1,0,1,0.0,0.0,,3.0,,,0,0,0,1,stable,other,False
beda cream dan moisturizer,0,0,0,,1,0,1,0.0,0.0,,1.0,,,0,0,0,1,stable,other,False
beda eau de parfum dan eau de toilette,0,0,0,,1,0,1,0.0,0.0,,50.0,,,0,0,0,1,stable,other,False
beda eau de parfum dengan eau de toilette,0,0,0,,1,0,1,0.0,0.0,,16.0,,,0,0,0,1,stable,other,False
beda eau de toilette dan eau de parfum,0,0,0,,1,0,1,0.0,0.0,,39.0,,,0,0,0,1,stable,other,False
beda eau de toilette dengan eau de parfum,0,0,0,,1,0,1,0.0,0.0,,19.0,,,0,0,0,1,stable,other,False
beda edp dan edt,0,0,0,,33,1,32,0.0,0.0,,14.6,1.0,13.6,0,0,0,133,stable,other,False
beda edp sama edt,0,0,0,,1,0,1,0.0,0.0,,13.0,,,0,0,0,1,stable,other,False
beda edt dan edp,0,0,0,,44,0,44,0.0,0.0,,14.6,,,0,0,0,71,stable,other,False
beda edt dan edp pada parfum,0,0,0,,1,0,1,0.0,0.0,,11.0,,,0,0,0,1,stable,other,False
beda edt dan edp parfum,0,0,0,,12,0,12,0.0,0.0,,20.4,,,0,0,0,17,stable,other,False
beda edt edp,0,0,0,,2,0,2,0.0,0.0,,12.0,,,0,0,0,3,stable,other,False
beda gel dan cream,0,0,0,,35,4,31,0.0,0.0,,9.1,8.8,0.4,0,0,0,47,stable,other,False
beda moisturizer dan cream,0,0,0,,11,10,1,0.0,0.0,,13.0,17.0,-4.0,0,0,0,25,stable,other,False
beda nya edp dan edt,0,0,0,,1,0,1,0.0,0.0,,13.0,,,0,0,0,1,stable,other,False
beda parfum edp dan edt,0,0,0,,3,0,3,0.0,0.0,,21.3,,,0,0,0,3,stable,other,False
beda parfum edt dan edp,0,0,0,,14,0,14,0.0,0.0,,19.8,,,0,0,0,15,stable,other,False
beda vitacid gel dan cream,0,0,0,,1,0,1,0.0,0.0,,3.0,,,0,0,0,1,stable,other,False
bedanya cream dan moisturizer,0,0,0,,9,0,9,0.0,0.0,,10.0,,,0,0,0,9,stable,other,False
bedanya eau de toilette dan eau de parfum,0,0,0,,3,0,3,0.0,0.0,,37.7,,,0,0,0,3,stable,other,False
bedanya edp dan edt,0,0,0,,35,0,35,0.0,0.0,,10.9,,,0,0,0,84,stable,other,False
bedanya edp sama edt,0,0,0,,4,0,4,0.0,0.0,,11.8,,,0,0,0,4,stable,other,False
bedanya edt dan edp,0,0,0,,36,0,36,0.0,0.0,,13.1,,,0,0,0,68,stable,other,False
bedanya edt sama edp,0,0,0,,1,0,1,0.0,0.0,,11.0,,,0,0,0,1,stable,other,False
bedanya micellar water dan toner,0,0,0,,3,2,1,0.0,0.0,,27.0,34.5,-7.5,0,0,0,8,stable,other,False
bedanya parfum edp dan edt,0,0,0,,2,0,2,0.0,0.0,,30.0,,,0,0,0,2,stable,other,False
bedanya parfum edt dan edp,0,0,0,,2,0,2,0.0,0.0,,14.0,,,0,0,0,3,stable,other,False
bedanya toner sama micellar water,0,0,0,,4,2,2,0.0,0.0,,24.8,30.5,-5.8,0,0,0,9,stable,other,False
bekasi,0,0,0,,1,0,1,0.0,0.0,,10.0,,,0,0,0,1,stable,local,False
belia cosmetic,0,0,0,,1,0,1,0.0,0.0,,2.0,,,0,0,0,1,stable,other,False
belum tau,0,0,0,,1,0,1,0.0,0.0,,11.0,,,0,0,0,1,stable,other,False
bentuk vitamin c,0,0,0,,1,0,1,0.0,0.0,,52.0,,,0,0,0,1,stable,other,False
berapa biaya maklon parfum,0,0,0,,4,0,4,0.0,0.0,,13.2,,,0,0,0,4,stable,pricing,False
berapa harga parfum mykonos inception,0,0,0,,1,0,1,0.0,0.0,,5.0,,,0,0,0,1,stable,pricing,False
berapa harga pasaran nya,0,0,0,,1,0,1,0.0,0.0,,7.0,,,0,0,0,1,stable,pricing,False
berapa lama biasanya terlihat hasil perbaikan warna kulit ketiak?,0,0,0,,2,0,2,0.0,0.0,,3.0,,,0,0,0,2,stable,informational,False
berapa lama hb dosting bekerja,0,0,0,,5,0,5,0.0,0.0,,10.4,,,0,0,0,5,stable,informational,False
berapa modal awal?,0,0,0,,1,0,1,0.0,0.0,,4.0,,,0,0,0,1,stable,pricing,False
berapa persen niacinamide untuk wajah,0,0,0,,1,0,1,0.0,0.0,,51.0,,,0,0,0,1,stable,informational,False
berikan lagi yang lain,0,0,0,,1,0,1,0.0,0.0,,3.0,,,0,0,0,1,stable,other,False
berikan yang lain,0,0,0,,1,0,1,0.0,0.0,,3.0,,,0,0,0,1,stable,other,False
berl official,0,0,0,,1,0,1,0.0,0.0,,2.0,,,0,0,0,1,stable,other,False
best anti aging device for home use,0,0,0,,1,0,1,0.0,0.0,,12.0,,,0,0,0,1,stable,other,False
best programmable deodorant,0,0,0,,1,0,1,0.0,0.0,,1.0,,,0,0,0,1,stable,other,False
best seller parfum wanita,0,0,0,,1,0,1,0.0,0.0,,3.0,,,0,0,0,1,stable,other,False
best sunscreen for small business,0,0,0,,1,0,1,0.0,0.0,,1.0,,,0,0,0,1,stable,other,False
best sunscreen indonesia,0,0,0,,4,2,2,0.0,0.0,,41.0,34.0,7.0,0,0,0,6,stable,local,False
best vitamin c,0,0,0,,1,0,1,0.0,0.0,,43.0,,,0,0,0,1,stable,other,False
biaya berapa ?,0,0,0,,1,0,1,0.0,0.0,,1.0,,,0,0,0,1,stable,pricing,False
biaya maklon,1,0,1,100,2,0,2,50.0,0.0,,20.5,,,1,0,1,2,growing,pricing,False
biaya maklon kosmetik,0,0,0,,29,0,29,0.0,0.0,,21.0,,,0,0,0,273,stable,pricing,False
biaya maklon skincare,0,0,0,,30,0,30,0.0,0.0,,15.8,,,0,0,0,30,stable,pricing,False
biaya y,0,0,0,,1,0,1,0.0,0.0,,3.0,,,0,0,0,1,stable,pricing,False
bibit pemutih hijau,0,0,0,,1,0,1,0.0,0.0,,3.0,,,0,0,0,1,stable,other,False
billiondollarlab,0,0,0,,1,0,1,0.0,0.0,,29.0,,,0,0,0,1,stable,other,False
bio medika kebon jeruk,0,0,0,,1,0,1,0.0,0.0,,2.0,,,0,0,0,1,stable,other,False
biolife medilab,0,0,0,,1,0,1,0.0,0.0,,68.0,,,0,0,0,1,stable,other,False
bisnis aksesoris,0,0,0,,1,0,1,0.0,0.0,,1.0,,,0,0,0,1,stable,commercial,False
bisnis kecantikan,0,0,0,,2,0,2,0.0,0.0,,51.5,,,0,0,0,3,stable,commercial,False
bisnis kecantikan apa saja,0,0,0,,2,0,2,0.0,0.0,,12.0,,,0,0,0,2,stable,commercial,False
bisnis kosmetik di indonesia,0,0,0,,4,0,4,0.0,0.0,,19.5,,,0,0,0,4,stable,commercial,False
bisnis kosmetik modal berapa,0,0,0,,1,0,1,0.0,0.0,,3.0,,,0,0,0,1,stable,pricing,False
bisnis kosmetik online,0,0,0,,14,0,14,0.0,0.0,,43.6,,,0,0,0,16,stable,commercial,False
bisnis kosmetik yang menjanjikan,0,0,0,,9,0,9,0.0,0.0,,5.6,,,0,0,0,9,stable,commercial,False
bisnis maklon,0,0,0,,2,1,1,0.0,0.0,,3.5,13.0,-9.5,0,0,0,3,stable,commercial,False
bisnis parfum apakah menjanjikan,0,0,0,,1,0,1,0.0,0.0,,4.0,,,0,0,0,1,stable,commercial,False
bisnis parfum brand sendiri,0,0,0,,4,2,2,5.0,0.0,,44.2,61.0,-16.8,0,0,1,20,stable,commercial,False
bisnis pomade,0,0,0,,4,0,4,0.0,0.0,,48.8,,,0,0,0,4,stable,commercial,False
bisnis skincare,0,0,0,,10,1,9,0.0,0.0,,39.1,72.0,-32.9,0,0,0,12,stable,commercial,False
bisnis toko kosmetik,0,0,0,,1,0,1,0.0,0.0,,37.0,,,0,0,0,1,stable,commercial,False
bisnismen,0,0,0,,1,0,1,0.0,0.0,,26.0,,,0,0,0,1,stable,commercial,False
bitty skin apakah sudah bpom,0,0,0,,1,0,1,0.0,0.0,,3.0,,,0,0,0,1,stable,commercial,False
bl campuran handbody,0,0,0,,1,0,1,0.0,0.0,,3.0,,,0,0,0,1,stable,other,False
blaem blaem artinya,0,0,0,,3,0,3,0.0,0.0,,1.0,,,0,0,0,3,stable,other,False
blendlab,0,0,0,,1,0,1,0.0,0.0,,49.0,,,0,0,0,1,stable,other,False
body care untuk mencerahkan kulit,0,0,0,,1,0,1,0.0,0.0,,3.0,,,0,0,0,1,stable,other,False
body care whitening,0,0,0,,1,0,1,0.0,0.0,,7.0,,,0,0,0,1,stable,other,False
body cleansing,0,0,0,,1,0,1,0.0,0.0,,7.0,,,0,0,0,1,stable,other,False
body lotion diy,0,0,0,,1,0,1,0.0,0.0,,3.0,,,0,0,0,1,stable,other,False
body lotion dosting,0,0,0,,1,0,1,0.0,0.0,,3.0,,,0,0,0,1,stable,other,False
body lotion terbaik untuk memutihkan kulit,0,0,0,,1,0,1,0.0,0.0,,3.0,,,0,0,0,1,stable,other,False
body lotion yang mengandung vitamin c niacinamide glutathione dan retinol,0,0,0,,1,0,1,0.0,0.0,,3.0,,,0,0,0,1,stable,other,False
body serum alpha,0,0,0,,1,0,1,0.0,0.0,,2.0,,,0,0,0,1,stable,other,False
body serum yang bagus untuk memutihkan kulit,0,0,0,,1,0,1,0.0,0.0,,3.0,,,0,0,0,1,stable,other,False
body whitening super,0,0,0,,1,0,1,0.0,0.0,,3.0,,,0,0,0,1,stable,other,False
bodycare pemula,0,0,0,,2,0,2,0.0,0.0,,14.0,,,0,0,0,2,stable,other,False
bodylab,0,0,0,,2,0,2,0.0,0.0,,45.0,,,0,0,0,2,stable,other,False
bomboulab,0,0,0,,1,0,1,0.0,0.0,,21.0,,,0,0,0,1,stable,other,False
brand hb,0,0,0,,10,7,3,0.0,0.0,,6.0,6.6,-0.6,0,0,0,17,stable,commercial,False
brand kecantikan,0,0,0,,4,0,4,0.0,0.0,,61.5,,,0,0,0,4,stable,commercial,False
brand kosmetik indonesia,0,0,0,,2,1,1,0.0,0.0,,13.0,3.0,10.0,0,0,0,3,stable,commercial,False
brand lokal medan,0,0,0,,1,0,1,0.0,0.0,,59.0,,,0,0,0,1,stable,commercial,False
brand odm di indonesia,0,0,0,,1,0,1,0.0,0.0,,24.0,,,0,0,0,1,stable,commercial,False
brand oem di indonesia,0,0,0,,1,0,1,0.0,0.0,,6.0,,,0,0,0,1,stable,commercial,False
brand sendiri,0,0,0,,1,0,1,0.0,0.0,,1.0,,,0,0,0,1,stable,commercial,False
brand skincare,0,0,0,,1,0,1,0.0,0.0,,46.0,,,0,0,0,1,stable,commercial,False
brand skincare terlaris di indonesia,0,0,0,,1,0,1,0.0,0.0,,11.0,,,0,0,0,1,stable,commercial,False
brand sunscreen,0,0,0,,1,0,1,0.0,0.0,,16.0,,,0,0,0,1,stable,commercial,False
brand sunscreen terbaik,0,0,0,,1,0,1,0.0,0.0,,14.0,,,0,0,0,1,stable,commercial,False
brand yang lagi viral,0,0,0,,1,0,1,0.0,0.0,,1.0,,,0,0,0,1,stable,commercial,False
brightening,0,0,0,,1,0,1,0.0,0.0,,3.0,,,0,0,0,1,stable,other,False
brightening moisture gel skintific,0,0,0,,1,0,1,0.0,0.0,,3.0,,,0,0,0,1,stable,other,False
briskin body care,0,0,0,,1,0,1,0.0,0.0,,2.0,,,0,0,0,1,stable,other,False
buat anak smk,0,0,0,,1,0,1,0.0,0.0,,3.0,,,0,0,0,1,stable,other,False
buat brand kosmetik sendiri,0,0,0,,5,3,2,0.0,0.0,,49.4,16.0,33.4,0,0,0,104,stable,commercial,False
buat parfum,0,0,0,,3,0,3,0.0,0.0,,35.0,,,0,0,0,3,stable,other,False
buat parfum bpom,0,0,0,,5,0,5,0.0,0.0,,55.6,,,0,0,0,5,stable,commercial,False
buat parfum sendiri berhasil,0,0,0,,8,0,8,0.0,0.0,,9.8,,,0,0,0,8,stable,other,False
budget 5 juta,0,0,0,,1,0,1,0.0,0.0,,12.0,,,0,0,0,1,stable,other,False
building dream,0,0,0,,1,0,1,0.0,0.0,,2.0,,,0,0,0,1,stable,other,False
buka toko kosmetik,0,0,0,,10,4,6,0.0,0.0,,10.1,35.8,-25.6,0,0,0,14,stable,other,False
buka toko kosmetik modal berapa,0,0,0,,1,0,1,0.0,0.0,,3.0,,,0,0,0,1,stable,pricing,False
bulu tumbuh ke dalam,0,0,0,,1,0,1,0.0,0.0,,62.0,,,0,0,0,1,stable,other,False
cair seperti air,0,0,0,,1,0,1,0.0,0.0,,1.0,,,0,0,0,1,stable,other,False
calendula soothing gel,0,0,0,,1,0,1,0.0,0.0,,3.0,,,0,0,0,1,stable,other,False
calendula soothing gel untuk apa,0,0,0,,1,0,1,0.0,0.0,,3.0,,,0,0,0,1,stable,informational,False
campaign tiktok shop,0,0,0,,12,5,7,0.0,0.0,,10.4,10.6,-0.2,0,0,0,17,stable,other,False
campuran alkohol untuk parfum,0,0,0,,2,1,1,0.0,0.0,,35.0,49.0,-14.0,0,0,0,3,stable,other,False
campuran body lotion untuk memutihkan kulit,0,0,0,,6,0,6,0.0,0.0,,23.0,,,0,0,0,6,stable,other,False
campuran handbody agar cepat putih,0,0,0,,7,0,7,0.0,0.0,,8.3,,,0,0,0,7,stable,other,False
campuran handbody bikin putih,0,0,0,,6,0,6,0.0,0.0,,8.8,,,0,0,0,6,stable,other,False
campuran handbody pemutih,0,0,0,,1,0,1,0.0,0.0,,20.0,,,0,0,0,1,stable,other,False
campuran handbody racikan,0,0,0,,2,0,2,0.0,0.0,,20.0,,,0,0,0,2,stable,other,False
campuran handbody racikan yang aman,0,0,0,,1,0,1,0.0,0.0,,3.0,,,0,0,0,1,stable,other,False
campuran handbody untuk memutihkan kulit,1,0,1,100,7,0,7,14.29,0.0,,7.7,,,1,0,1,7,growing,other,False
campuran hb cepat putih,0,0,0,,1,0,1,0.0,0.0,,4.0,,,0,0,0,1,stable,other,False
campuran hb racikan,0,0,0,,1,0,1,0.0,0.0,,3.0,,,0,0,0,1,stable,other,False
campuran hb racikan paling ampuh,0,0,0,,1,0,1,0.0,0.0,,11.0,,,0,0,0,1,stable,other,False
campuran hb racikan pemutih,0,0,0,,1,0,1,0.0,0.0,,7.0,,,0,0,0,1,stable,other,False
campuran minyak wangi,0,0,0,,1,0,1,0.0,0.0,,3.0,,,0,0,0,1,stable,other,False
campuran parfum selain alkohol,0,0,0,,1,0,1,0.0,0.0,,1.0,,,0,0,0,1,stable,other,False
campuran racikan handbody pemutih,0,0,0,,6,0,6,0.0,0.0,,9.8,,,0,0,0,6,stable,other,False
candylab,0,0,0,,1,0,1,0.0,0.0,,54.0,,,0,0,0,1,stable,other,False
cara agar instagram ada keranjang kuning,0,0,0,,24,0,24,0.0,0.0,,5.2,,,0,0,0,24,stable,informational,False
cara agar ketiak putih,0,0,0,,12,1,11,0.0,0.0,,50.0,87.0,-37.0,0,0,0,15,stable,informational,False
cara aktifkan keranjang di ig,0,1,-1,-100.0,17,8,9,4.0,12.5,-8.5,5.1,3.8,1.4,0,0,1,25,stable,informational,False
cara aktifkan tautan produk,0,0,0,,8,0,8,0.0,0.0,,7.6,,,0,0,0,8,stable,informational,False
cara belanja di ig,0,0,0,,1,0,1,0.0,0.0,,13.0,,,0,0,0,1,stable,informational,False
cara bikin body lotion sendiri,0,0,0,,1,0,1,0.0,0.0,,3.0,,,0,0,0,1,stable,informational,False
cara bikin brand parfum sendiri,0,0,0,,2,0,2,0.0,0.0,,11.0,,,0,0,0,2,stable,commercial,False
cara bikin handbody racikan pemutih,0,0,0,,34,0,34,0.0,0.0,,7.5,,,0,0,0,34,stable,informational,False
cara bikin handbody racikan sendiri,0,0,0,,1,0,1,0.0,0.0,,9.0,,,0,0,0,1,stable,informational,False
cara bikin hb,0,0,0,,12,0,12,0.0,0.0,,9.1,,,0,0,0,12,stable,informational,False
cara bikin hb dosting sendiri,1,0,1,100,77,10,67,1.3,0.0,,6.1,5.6,0.5,1,0,1,87,growing,informational,False
cara bikin hb racikan,0,0,0,,71,0,71,0.0,0.0,,8.0,,,0,0,0,71,stable,informational,False
cara bikin hb racikan pemutih badan,0,0,0,,79,2,77,0.0,0.0,,7.7,1.0,6.7,0,0,0,81,stable,informational,False
cara bikin hb sendiri,0,0,0,,1,0,1,0.0,0.0,,9.0,,,0,0,0,1,stable,informational,False
cara bikin lulur kopi,0,0,0,,1,0,1,0.0,0.0,,47.0,,,0,0,0,1,stable,informational,False
cara bikin racikan handbody pemutih,1,0,1,100,90,2,88,1.11,0.0,,8.2,1.0,7.2,1,0,1,92,growing,informational,False
cara bisnis parfum brand sendiri,0,0,0,,8,3,5,0.0,0.0,,37.4,37.0,0.4,0,0,0,25,stable,commercial,False
cara bisnis skincare,0,0,0,,1,0,1,0.0,0.0,,49.0,,,0,0,0,1,stable,commercial,False
cara buat body lotion sendiri,0,0,0,,2,0,2,0.0,0.0,,3.0,,,0,0,0,2,stable,informational,False
cara buat brand parfum sendiri,0,0,0,,3,0,3,0.0,0.0,,5.0,,,0,0,0,3,stable,commercial,False
cara buat handbody,0,0,0,,2,0,2,0.0,0.0,,7.0,,,0,0,0,2,stable,informational,False
cara buat handbody racikan pemutih badan,0,0,0,,21,0,21,0.0,0.0,,6.3,,,0,0,0,21,stable,informational,False
cara buat hb,0,0,0,,4,0,4,0.0,0.0,,10.0,,,0,0,0,4,stable,informational,False
cara buat hb dosting,2,1,1,100.0,73,2,71,2.74,50.0,-47.26,4.3,5.0,-0.7,1,1,3,75,stable,informational,False
cara buat hb dosting sendiri,0,0,0,,205,23,182,0.0,0.0,,5.9,5.5,0.4,0,0,0,228,stable,informational,False
cara buat hb racikan,0,0,0,,43,2,41,0.0,0.0,,8.5,6.0,2.5,0,0,0,45,stable,informational,False
cara buat hb racikan pemutih,0,0,0,,43,0,43,0.0,0.0,,8.6,,,0,0,0,43,stable,informational,False
cara buat keranjang jualan sendiri,0,0,0,,3,1,2,0.0,0.0,,8.3,6.0,2.3,0,0,0,4,stable,informational,False
cara buat keranjang kuning di instagram,2,2,0,0.0,51,34,17,3.92,5.88,-1.96,3.1,3.0,0.1,0,2,4,90,declining,informational,False
cara buat link produk di instagram,0,0,0,,4,0,4,0.0,0.0,,1.0,,,0,0,0,4,stable,informational,False
cara buat lotion pemutih sendiri,0,0,0,,7,0,7,0.0,0.0,,7.3,,,0,0,0,7,stable,informational,False
cara buat lulur alami,0,0,0,,1,0,1,0.0,0.0,,3.0,,,0,0,0,1,stable,informational,False
cara buat lulur pakai kopi dan handbody,0,0,0,,5,0,5,0.0,0.0,,9.0,,,0,0,0,5,stable,informational,False
cara buat racikan handbody pemutih,0,0,0,,46,5,41,0.0,0.0,,8.1,6.8,1.3,0,0,0,51,stable,informational,False
cara buka toko kosmetik lengkap,0,0,0,,1,0,1,0.0,0.0,,10.0,,,0,0,0,1,stable,informational,False
cara cek keranjang di instagram,0,0,0,,9,0,9,0.0,0.0,,7.1,,,0,0,0,9,stable,informational,False
cara cepat memutihkan ketiak,0,0,0,,2,0,2,0.0,0.0,,27.0,,,0,0,0,7,stable,informational,False
cara gabung shannen,0,0,0,,1,0,1,0.0,0.0,,41.0,,,0,0,0,1,stable,informational,False
cara hitung penjualan,0,0,0,,1,0,1,0.0,0.0,,3.0,,,0,0,0,1,stable,informational,False
cara ikut campaign di tiktok shop,0,0,0,,1,0,1,0.0,0.0,,9.0,,,0,0,0,1,stable,informational,False
cara jadi owner parfum,0,0,0,,21,15,6,0.0,0.0,,9.8,10.1,-0.3,0,0,0,41,stable,informational,False
cara jualan parfum brand sendiri,0,0,0,,1,0,1,0.0,0.0,,9.0,,,0,0,0,1,stable,commercial,False
cara kerja cysteamine,0,0,0,,16,0,16,0.0,0.0,,8.3,,,0,0,0,16,stable,informational,False
cara maklon kosmetik,0,0,0,,4,0,4,0.0,0.0,,46.8,,,0,0,0,79,stable,commercial,False
cara maklon parfum,0,0,0,,7,0,7,0.0,0.0,,9.6,,,0,0,0,7,stable,commercial,False
cara masukin keranjang di instagram,6,5,1,20.0,121,96,25,4.96,5.21,-0.25,3.0,1.5,1.5,1,1,17,318,stable,informational,False
cara masukin keranjang kuning,0,0,0,,8,4,4,0.0,0.0,,9.2,5.8,3.5,0,0,0,12,stable,informational,False
cara masukin keranjang kuning di shopee,0,0,0,,2,1,1,0.0,0.0,,8.0,2.0,6.0,0,0,0,3,stable,informational,False
cara melihat keranjang di shopee,0,0,0,,1,0,1,0.0,0.0,,10.0,,,0,0,0,1,stable,informational,False
cara meluruskan rambut ikal secara alami,0,0,0,,1,0,1,0.0,0.0,,3.0,,,0,0,0,1,stable,informational,False
cara memakai body care yang benar,0,0,0,,1,0,1,0.0,0.0,,2.0,,,0,0,0,1,stable,informational,False
cara memakai handbody racikan agar cepat putih,0,0,0,,14,0,14,0.0,0.0,,9.0,,,0,0,0,14,stable,informational,False
cara memakai hb dosting yang benar,0,0,0,,4,0,4,0.0,0.0,,20.2,,,0,0,0,4,stable,informational,False
cara memasukkan keranjang di instagram,6,4,2,50.0,58,24,34,10.34,16.67,-6.32,2.1,1.2,0.9,0,1,10,82,declining,informational,False
cara membuat body care sendiri,0,0,0,,2,0,2,0.0,0.0,,10.5,,,0,0,0,2,stable,informational,False
cara membuat body lotion pemutih sendiri,0,0,0,,47,0,47,0.0,0.0,,8.6,,,0,0,0,47,stable,informational,False
cara membuat body mist,0,0,0,,1,0,1,0.0,0.0,,10.0,,,0,0,0,5,stable,informational,False
cara membuat brand kosmetik sendiri,0,0,0,,6,0,6,0.0,0.0,,51.7,,,0,0,0,6,stable,commercial,False
cara membuat brand skincare sendiri,0,0,0,,3,0,3,0.0,0.0,,47.3,,,0,0,0,3,stable,commercial,False
cara membuat handbody,0,0,0,,32,0,32,0.0,0.0,,7.8,,,0,0,0,32,stable,informational,False
cara membuat handbody pemutih,0,0,0,,9,0,9,0.0,0.0,,8.3,,,0,0,0,9,stable,informational,False
cara membuat handbody racikan,0,0,0,,37,1,36,0.0,0.0,,9.3,9.0,0.3,0,0,0,38,stable,informational,False
cara membuat handbody racikan dosis tinggi,1,0,1,100,480,0,480,0.21,0.0,,8.7,,,0,1,1,480,declining,informational,False
cara membuat handbody racikan makassar,0,0,0,,26,0,26,0.0,0.0,,7.5,,,0,0,0,26,stable,local,False
cara membuat handbody racikan putih permanen,2,0,2,100,301,0,301,0.66,0.0,,7.9,,,1,0,2,301,growing,informational,False
cara membuat handbody racikan sendiri,0,0,0,,135,2,133,0.0,0.0,,8.2,1.0,7.2,0,0,0,137,stable,informational,False
cara membuat handbody racikan sendiri agar cepat putih,6,0,6,100,1788,1,1787,0.34,0.0,,8.0,31.0,-23.0,3,2,6,1789,growing,informational,False
cara membuat hb,0,0,0,,6,1,5,0.0,0.0,,8.2,10.0,-1.8,0,0,0,7,stable,informational,False
cara membuat hb dosting,7,0,7,100,355,36,319,1.97,0.0,,5.7,6.0,-0.2,4,3,7,391,growing,informational,False
cara membuat hb pemutih,0,0,0,,52,3,49,0.0,0.0,,8.6,8.7,-0.1,0,0,0,55,stable,informational,False
cara membuat hb pemutih badan,0,0,0,,38,14,24,0.0,0.0,,9.3,2.4,6.9,0,0,0,52,stable,informational,False
cara membuat hb racikan,0,0,0,,13,0,13,0.0,0.0,,10.5,,,0,0,0,13,stable,informational,False
cara membuat hb racikan ampuh,0,0,0,,1,0,1,0.0,0.0,,9.0,,,0,0,0,1,stable,informational,False
cara membuat hb racikan dosting,0,0,0,,16,0,16,0.0,0.0,,7.4,,,0,0,0,16,stable,informational,False
cara membuat hb racikan pemutih aman,0,0,0,,86,0,86,0.0,0.0,,8.3,,,0,0,0,86,stable,informational,False
cara membuat hb racikan pemutih dosis tinggi,0,0,0,,35,0,35,0.0,0.0,,7.7,,,0,0,0,35,stable,informational,False
cara membuat hb racikan sendiri,0,0,0,,15,0,15,0.0,0.0,,7.3,,,0,0,0,15,stable,informational,False
cara membuat keranjang kuning di instagram,4,0,4,100,31,0,31,12.9,0.0,,2.6,,,0,1,4,70,declining,informational,False
cara membuat ketiak putih,0,0,0,,2,1,1,0.0,0.0,,59.5,72.0,-12.5,0,0,0,10,stable,informational,False
cara membuat konten viral,0,0,0,,4,0,4,0.0,0.0,,55.5,,,0,0,0,5,stable,informational,False
cara membuat link jualan di ig,0,0,0,,1,0,1,0.0,0.0,,1.0,,,0,0,0,1,stable,informational,False
cara membuat lotion,0,0,0,,1,0,1,0.0,0.0,,42.0,,,0,0,0,1,stable,informational,False
cara membuat lulur dari handbody,0,0,0,,1,0,1,0.0,0.0,,7.0,,,0,0,0,1,stable,informational,False
cara membuat lulur dari kopi,0,0,0,,2,0,2,0.0,0.0,,44.0,,,0,0,0,2,stable,informational,False
cara membuat lulur kopi,0,0,0,,3,1,2,0.0,0.0,,38.3,18.0,20.3,0,0,0,4,stable,informational,False
cara membuat lulur kopi untuk badan,0,0,0,,1,0,1,0.0,0.0,,47.0,,,0,0,0,1,stable,informational,False
cara membuat lulur kopi untuk memutihkan kulit,0,0,0,,1,0,1,0.0,0.0,,63.0,,,0,0,0,1,stable,informational,False
cara membuat lulur untuk kulit dari handbody,0,0,0,,9,0,9,0.0,0.0,,8.2,,,0,0,0,9,stable,informational,False
cara membuat masker organik,0,0,0,,1,0,1,0.0,0.0,,38.0,,,0,0,0,27,stable,informational,False
cara membuat produk kosmetik sendiri,0,0,0,,4,0,4,0.0,0.0,,65.0,,,0,0,0,8,stable,informational,False
cara membuat racikan,0,0,0,,5,0,5,0.0,0.0,,8.0,,,0,0,0,5,stable,informational,False
cara membuat racikan handbody,0,0,0,,41,0,41,0.0,0.0,,8.6,,,0,0,0,41,stable,informational,False
cara membuat racikan handbody pemutih yang aman,0,0,0,,61,9,52,0.0,0.0,,8.5,4.1,4.4,0,0,0,70,stable,informational,False
cara membuat racikan hb dosting,0,0,0,,43,0,43,0.0,0.0,,6.8,,,0,0,0,43,stable,informational,False
cara memulai bisnis parfum brand sendiri,0,0,0,,1,0,1,0.0,0.0,,3.0,,,0,0,0,1,stable,commercial,False
cara memulai bisnis skincare,0,0,0,,3,0,3,0.0,0.0,,77.0,,,0,0,0,3,stable,commercial,False
cara memulai usaha skincare,0,0,0,,2,0,2,0.0,0.0,,71.0,,,0,0,0,2,stable,informational,False
cara memuluskan ketiak,0,0,0,,13,1,12,0.0,0.0,,39.3,75.0,-35.7,0,0,0,16,stable,informational,False
cara memunculkan keranjang kuning,0,0,0,,3,2,1,0.0,0.0,,8.0,4.0,4.0,0,0,0,5,stable,informational,False
cara memunculkan keranjang putih di instagram,3,1,2,200.0,40,13,27,7.5,7.69,-0.19,2.6,1.5,1.2,0,1,4,53,declining,informational,False
cara memutih kan ketiak,0,0,0,,1,0,1,0.0,0.0,,48.0,,,0,0,0,4,stable,informational,False
cara memutihkan badan secara alami,0,0,0,,1,0,1,0.0,0.0,,2.0,,,0,0,0,1,stable,informational,False
cara memutihkan badan secara alami dan cepat,0,0,0,,1,0,1,0.0,0.0,,3.0,,,0,0,0,1,stable,informational,False
cara memutihkan badan secara alami dan cepat dalam 1 minggu,0,0,0,,4,0,4,0.0,0.0,,3.0,,,0,0,0,4,stable,informational,False
cara memutihkan ketiak dan selangkangan,0,0,0,,1,0,1,0.0,0.0,,44.0,,,0,0,0,1,stable,informational,False
cara memutihkan ketiak secara alami dalam 1 minggu,0,0,0,,22,19,3,0.0,0.0,,21.3,27.4,-6.1,0,0,0,90,stable,informational,False
cara memutihkan kulit badan,0,0,0,,1,0,1,0.0,0.0,,2.0,,,0,0,0,1,stable,informational,False
cara memutihkan kulit badan secara alami dengan cepat dan permanen,0,0,0,,1,0,1,0.0,0.0,,3.0,,,0,0,0,1,stable,informational,False
cara menambahkan keranjang di postingan,0,0,0,,5,0,5,0.0,0.0,,11.0,,,0,0,0,5,stable,informational,False
cara menambahkan keranjang kuning di ig,3,2,1,50.0,40,21,19,7.5,9.52,-2.02,3.4,2.8,0.6,0,1,5,85,declining,informational,False
cara menambahkan keranjang kuning di reels instagram,2,0,2,100,10,0,10,20.0,0.0,,1.8,,,0,0,2,10,stable,informational,False
cara menambahkan keranjang kuning di video yang sudah upload,0,0,0,,6,3,3,0.0,0.0,,7.0,4.0,3.0,0,0,0,9,stable,informational,False
cara menambahkan keranjang shopee di instagram,2,3,-1,-33.3,54,42,12,3.7,7.14,-3.44,2.7,1.7,1.0,0,0,6,108,stable,informational,False
cara menambahkan link affiliate di reels instagram,0,0,0,,2,0,2,0.0,0.0,,21.5,,,0,0,0,2,stable,informational,False
cara menambahkan link produk di instagram,2,0,2,100,35,10,25,5.71,0.0,,6.9,4.8,2.1,0,2,2,46,declining,informational,False
cara menambahkan link shopee di instagram,0,0,0,,1,0,1,0.0,0.0,,3.0,,,0,0,0,1,stable,informational,False
cara menambahkan produk di ig,0,0,0,,1,0,1,0.0,0.0,,12.0,,,0,0,0,1,stable,informational,False
cara menambahkan produk di instagram,0,0,0,,8,6,2,0.0,0.0,,7.8,15.5,-7.8,0,0,0,14,stable,informational,False
cara menaruh keranjang kuning di tiktok,0,0,0,,1,0,1,0.0,0.0,,11.0,,,0,0,0,1,stable,informational,False
cara menautkan keranjang di ig,0,0,0,,24,0,24,0.0,0.0,,3.9,,,0,0,0,24,stable,informational,False
cara menautkan keranjang kuning affiliate pemula,0,0,0,,1,0,1,0.0,0.0,,12.0,,,0,0,0,1,stable,informational,False
cara menautkan link di reels instagram,0,0,0,,14,0,14,0.0,0.0,,9.4,,,0,0,0,14,stable,informational,False
cara menautkan link produk di instagram,0,0,0,,3,0,3,0.0,0.0,,3.3,,,0,0,0,3,stable,informational,False
cara menautkan link produk di reels instagram,0,0,0,,2,0,2,0.0,0.0,,6.5,,,0,0,0,2,stable,informational,False
cara mencerahkan ketiak,0,0,0,,15,9,6,0.0,0.0,,43.9,54.8,-10.9,0,0,0,35,stable,informational,False
cara mencerahkan kulit badan,0,0,0,,1,0,1,0.0,0.0,,3.0,,,0,0,0,1,stable,informational,False
cara mencerahkan kulit ketiak yang hitam,0,0,0,,1,0,1,0.0,0.0,,65.0,,,0,0,0,1,stable,informational,False
cara mengaktifkan keranjang putih di ig,0,0,0,,1,0,1,0.0,0.0,,6.0,,,0,0,0,1,stable,informational,False
cara mengatasi ingrown hair,0,0,0,,15,8,7,0.0,0.0,,33.9,39.1,-5.2,0,0,0,23,stable,informational,False
cara mengatasi rambut rontok dan mengembang,0,0,0,,1,0,1,0.0,0.0,,1.0,,,0,0,0,1,stable,informational,False
cara mengetahui parfum yang mengandung alkohol,0,0,0,,3,2,1,0.0,0.0,,9.3,10.0,-0.7,0,0,0,5,stable,informational,False
cara menggunakan astaxanthin untuk wajah,0,0,0,,1,0,1,0.0,0.0,,3.0,,,0,0,0,1,stable,informational,False
cara menggunakan ginseng untuk rambut,0,0,0,,1,0,1,0.0,0.0,,6.0,,,0,0,0,1,stable,informational,False
cara menggunakan minyak ginseng,0,0,0,,2,0,2,0.0,0.0,,8.0,,,0,0,0,2,stable,informational,False
cara menghilangkan ingrown hair,0,0,0,,7,0,7,0.0,0.0,,38.0,,,0,0,0,7,stable,informational,False
cara mengurus bpom,0,0,0,,1,0,1,0.0,0.0,,5.0,,,0,0,0,1,stable,commercial,False
cara menyematkan keranjang di instagram,6,2,4,200.0,72,33,39,8.33,6.06,2.27,2.7,1.2,1.5,0,1,10,147,declining,informational,False
cara menyematkan keranjang kuning di instagram,0,0,0,,1,0,1,0.0,0.0,,3.0,,,0,0,0,1,stable,informational,False
cara menyematkan reels di ig,0,0,0,,5,0,5,0.0,0.0,,5.8,,,0,0,0,6,stable,informational,False
cara meracik body lotion sendiri,0,0,0,,10,0,10,0.0,0.0,,9.4,,,0,0,0,10,stable,informational,False
cara meracik body lotion untuk memutihkan,0,0,0,,39,0,39,0.0,0.0,,8.1,,,0,0,0,39,stable,informational,False
cara meracik handbody,0,0,0,,76,16,60,0.0,0.0,,8.4,2.9,5.5,0,0,0,92,stable,informational,False
cara meracik handbody agar kulit cepat putih,0,0,0,,35,0,35,0.0,0.0,,6.4,,,0,0,0,35,stable,informational,False
cara meracik handbody citra untuk memutihkan kulit,0,0,0,,3,1,2,0.0,0.0,,9.0,10.0,-1.0,0,0,0,4,stable,informational,False
cara meracik handbody marina dengan air mawar,0,0,0,,1,0,1,0.0,0.0,,3.0,,,0,0,0,1,stable,informational,False
cara meracik handbody marina untuk memutihkan kulit,0,0,0,,1,0,1,0.0,0.0,,3.0,,,0,0,0,1,stable,informational,False
cara meracik handbody pemutih,0,0,0,,43,6,37,0.0,0.0,,7.4,10.0,-2.6,0,0,0,49,stable,informational,False
cara meracik handbody pemutih ampuh,0,0,0,,8,0,8,0.0,0.0,,7.9,,,0,0,0,8,stable,informational,False
cara meracik handbody pemutih yang aman,2,0,2,100,110,0,110,1.82,0.0,,8.1,,,1,1,2,110,stable,informational,False
cara meracik handbody untuk memutihkan kulit,1,0,1,100,15,0,15,6.67,0.0,,7.9,,,0,1,1,15,declining,informational,False
cara meracik hb,0,0,0,,81,3,78,0.0,0.0,,8.7,7.7,1.0,0,0,0,84,stable,informational,False
cara meracik hb agar cepat putih,0,0,0,,76,3,73,0.0,0.0,,8.3,11.3,-3.0,0,0,0,79,stable,informational,False
cara meracik hb dosting,1,0,1,100,181,12,169,0.55,0.0,,8.2,4.9,3.2,0,1,1,193,declining,informational,False
cara meracik hb dosting sendiri,3,0,3,100,238,0,238,1.26,0.0,,6.5,,,1,2,3,238,declining,informational,False
cara meracik hb dosting yg aman,0,0,0,,4,0,4,0.0,0.0,,5.0,,,0,0,0,4,stable,informational,False
cara meracik hb pemutih,0,0,0,,30,2,28,0.0,0.0,,7.5,1.0,6.5,0,0,0,32,stable,informational,False
cara meracik hb pemutih sendiri,0,0,0,,25,9,16,0.0,0.0,,8.4,5.8,2.6,0,0,0,34,stable,informational,False
cara meracik hb pemutih yang aman,0,0,0,,231,0,231,0.0,0.0,,7.8,,,0,0,0,231,stable,informational,False
cara meracik hb sendiri,1,0,1,100,88,17,71,1.14,0.0,,6.9,10.2,-3.2,1,0,1,105,growing,informational,False
cara meracik lotion pemutih badan permanen,1,0,1,100,9,0,9,11.11,0.0,,7.7,,,0,0,1,9,stable,informational,False
cara merawat badan agar putih,0,0,0,,1,0,1,0.0,0.0,,2.0,,,0,0,0,1,stable,informational,False
cara munculin tautan produk di instagram,0,0,0,,10,0,10,0.0,0.0,,9.9,,,0,0,0,10,stable,informational,False
cara mutihin ketiak,0,0,0,,12,2,10,0.0,0.0,,38.9,66.5,-27.6,0,0,0,16,stable,informational,False
cara nautin keranjang di ig,2,1,1,100.0,40,13,27,5.0,7.69,-2.69,3.4,2.1,1.3,0,1,3,53,declining,informational,False
cara nautin keranjang setelah di upload,0,0,0,,16,0,16,0.0,0.0,,7.9,,,0,0,0,16,stable,informational,False
cara pakai body scrub shinzui,0,0,0,,1,0,1,0.0,0.0,,2.0,,,0,0,0,1,stable,informational,False
cara pakai hb dosting,0,0,0,,2,0,2,0.0,0.0,,18.0,,,0,0,0,2,stable,informational,False
cara pakai hb dosting yang benar,0,0,0,,1,0,1,0.0,0.0,,2.0,,,0,0,0,1,stable,informational,False
cara pakai moisturizer body massage gel,0,0,0,,1,0,1,0.0,0.0,,2.0,,,0,0,0,1,stable,informational,False
cara paling efektif memutihkan ketiak wanita aman,0,0,0,,2,0,2,0.0,0.0,,18.5,,,0,0,0,2,stable,informational,False
cara pasang keranjang di instagram,3,3,0,0.0,33,31,2,9.09,9.68,-0.59,2.2,1.4,0.8,0,1,6,64,declining,informational,False
cara pemakaian hb dosting,0,0,0,,1,0,1,0.0,0.0,,23.0,,,0,0,0,1,stable,informational,False
cara pemakaian hb dosting untuk pemula,0,0,0,,1,0,1,0.0,0.0,,11.0,,,0,0,0,1,stable,informational,False
cara penggunaan hb dosting,0,0,0,,6,0,6,0.0,0.0,,7.3,,,0,0,0,6,stable,informational,False
cara putihin ketiak,0,0,0,,1,0,1,0.0,0.0,,18.0,,,0,0,0,2,stable,informational,False
cara racik hb dosting sendiri mencerahkan kulit,0,0,0,,6,0,6,0.0,0.0,,6.5,,,0,0,0,6,stable,informational,False
cara racikan handbody pemutih,0,0,0,,19,0,19,0.0,0.0,,9.0,,,0,0,0,19,stable,informational,False
cara rawat?,0,0,0,,1,0,1,0.0,0.0,,3.0,,,0,0,0,1,stable,informational,False
cara sematkan keranjang di instagram,4,2,2,100.0,29,19,10,13.79,10.53,3.27,1.9,1.9,0.0,0,1,6,48,declining,informational,False
cara sematkan keranjang kuning di postingan,0,0,0,,1,0,1,0.0,0.0,,12.0,,,0,0,0,1,stable,informational,False
cara tambahkan keranjang kuning,0,0,0,,3,0,3,0.0,0.0,,10.7,,,0,0,0,3,stable,informational,False
cara tautan keranjang kuning,0,0,0,,1,0,1,0.0,0.0,,6.0,,,0,0,0,1,stable,informational,False
cara usaha parfum brand sendiri,0,0,0,,4,1,3,0.0,0.0,,8.8,16.0,-7.2,0,0,0,6,stable,commercial,False
cara viral,0,0,0,,3,0,3,0.0,0.0,,61.0,,,0,0,0,3,stable,informational,False
careso,0,0,0,,2,0,2,0.0,0.0,,3.0,,,0,0,0,2,stable,other,False
cari alamatnya,0,0,0,,1,0,1,0.0,0.0,,1.0,,,0,0,0,1,stable,other,False
cari lagi yang lain,1,0,1,100,1,0,1,100.0,0.0,,4.0,,,0,1,1,1,declining,other,False
carikan,0,0,0,,1,0,1,0.0,0.0,,4.0,,,0,0,0,1,stable,other,False
carikan sumbernya,0,0,0,,1,0,1,0.0,0.0,,6.0,,,0,0,0,1,stable,other,False
cek resi sentral cargo,1,0,1,100,3,0,3,33.33,0.0,,10.3,,,0,0,1,3,stable,other,False
cekkeranjangkuning,0,0,0,,1,0,1,0.0,0.0,,8.0,,,0,0,0,1,stable,other,False
celeblon,0,0,0,,1,0,1,0.0,0.0,,44.0,,,0,0,0,1,stable,other,False
chat sekarang masukkan keranjang beli sekarang,0,0,0,,2,0,2,0.0,0.0,,11.0,,,0,0,0,2,stable,other,False
chemarome makassar,0,0,0,,1,0,1,0.0,0.0,,39.0,,,0,0,0,1,stable,local,False
cinta aroma parfum,0,0,0,,1,0,1,0.0,0.0,,18.0,,,0,0,0,1,stable,other,False
circle k berasal dari mana,0,0,0,,1,0,1,0.0,0.0,,2.0,,,0,0,0,1,stable,other,False
ciri ciri parfum beralkohol,0,0,0,,2,0,2,0.0,0.0,,40.5,,,0,0,0,2,stable,other,False
cistamin untuk flek hitam,0,0,0,,14,0,14,0.0,0.0,,11.5,,,0,0,0,14,stable,other,False
cisteamine untuk flek,0,0,0,,4,0,4,0.0,0.0,,10.5,,,0,0,0,4,stable,other,False
citra handbody,0,0,0,,1,0,1,0.0,0.0,,2.0,,,0,0,0,1,stable,other,False
citra mutiara,0,0,0,,1,0,1,0.0,0.0,,2.0,,,0,0,0,1,stable,other,False
citra uv body serum radiant fresh,0,0,0,,1,0,1,0.0,0.0,,3.0,,,0,0,0,1,stable,other,False
claim,0,0,0,,1,0,1,0.0,0.0,,2.0,,,0,0,0,1,stable,other,False
cleanical,0,0,0,,7,0,7,0.0,0.0,,3.6,,,0,0,0,7,stable,other,False
clembonplan,0,0,0,,1,0,1,0.0,0.0,,50.0,,,0,0,0,1,stable,other,False
clone me dupe apa,0,0,0,,1,0,1,0.0,0.0,,3.0,,,0,0,0,1,stable,informational,False
cobaaa,0,0,0,,1,0,1,0.0,0.0,,2.0,,,0,0,0,1,stable,other,False
colmistin astaxanthin manfaatnya,0,0,0,,1,0,1,0.0,0.0,,3.0,,,0,0,0,1,stable,informational,False
cologne edt edp parfum,0,0,0,,1,0,1,0.0,0.0,,12.0,,,0,0,0,1,stable,other,False
contoh brand,1,0,1,100,1,0,1,100.0,0.0,,6.0,,,0,0,1,1,stable,commercial,False
contoh cream gel moisturizer,0,0,0,,1,0,1,0.0,0.0,,9.0,,,0,0,0,1,stable,other,False
contoh gambar,0,0,0,,1,0,1,0.0,0.0,,5.0,,,0,0,0,1,stable,other,False
contoh hb dosting adalah,0,0,0,,16,0,16,0.0,0.0,,10.1,,,0,0,0,16,stable,other,False
contoh iklan produk kecantikan dalam bahasa inggris,0,0,0,,16,13,3,0.0,0.0,,22.4,11.5,11.0,0,0,0,45,stable,other,False
contoh kata-kata promosi salon kecantikan,0,0,0,,11,5,6,0.0,0.0,,36.6,37.4,-0.9,0,0,0,16,stable,other,False
contoh moisturizer gel,0,0,0,,1,0,1,0.0,0.0,,3.0,,,0,0,0,1,stable,other,False
contoh skincare hydroquinone,0,0,0,,2,0,2,0.0,0.0,,18.0,,,0,0,0,2,stable,other,False
contoh testimoni produk kecantikan,0,0,0,,1,0,1,0.0,0.0,,51.0,,,0,0,0,1,stable,other,False
contohnya di indonesia,0,0,0,,1,0,1,0.0,0.0,,2.0,,,0,0,0,1,stable,local,False
contohnya merk apa,0,0,0,,1,0,1,0.0,0.0,,8.0,,,0,0,0,1,stable,informational,False
cosmetiklab,0,0,0,,1,0,1,0.0,0.0,,30.0,,,0,0,0,1,stable,other,False
cream and gel,0,0,0,,1,0,1,0.0,0.0,,11.0,,,0,0,0,1,stable,other,False
cream artinya,0,0,0,,1,0,1,0.0,0.0,,35.0,,,0,0,0,1,stable,other,False
cream bath,0,0,0,,1,0,1,0.0,0.0,,3.0,,,0,0,0,1,stable,other,False
cream dan moisturizer apakah sama,0,0,0,,5,0,5,0.0,0.0,,9.4,,,0,0,0,5,stable,informational,False
cream gel,0,0,0,,1,0,1,0.0,0.0,,11.0,,,0,0,0,1,stable,other,False
cream gel cream,0,0,0,,1,0,1,0.0,0.0,,11.0,,,0,0,0,1,stable,other,False
cream gel moisturizer,0,0,0,,14,2,12,0.0,0.0,,4.0,5.5,-1.5,0,0,0,16,stable,other,False
cream gel power tx,0,0,0,,1,0,1,0.0,0.0,,5.0,,,0,0,0,1,stable,other,False
cream nature gel,0,0,0,,2,0,2,0.0,0.0,,2.0,,,0,0,0,2,stable,other,False
cream nature gel untuk apa,0,0,0,,1,0,1,0.0,0.0,,3.0,,,0,0,0,1,stable,informational,False
cream viral,0,0,0,,1,0,1,0.0,0.0,,3.0,,,0,0,0,1,stable,other,False
cream vs gel,0,0,0,,8,2,6,0.0,0.0,,6.4,9.5,-3.1,0,0,0,13,stable,comparison,False
cream vs gel moisturizer,0,0,0,,2,0,2,0.0,0.0,,8.0,,,0,0,0,2,stable,comparison,False
creambath paling bagus,0,0,0,,1,0,1,0.0,0.0,,3.0,,,0,0,0,1,stable,other,False
cremorlab,0,0,0,,1,0,1,0.0,0.0,,36.0,,,0,0,0,1,stable,other,False
criolab medellin,0,0,0,,1,0,1,0.0,0.0,,43.0,,,0,0,0,1,stable,other,False
curly hair,0,0,0,,1,0,1,0.0,0.0,,15.0,,,0,0,0,1,stable,other,False
custom body care,0,0,0,,1,0,1,0.0,0.0,,9.0,,,0,0,0,1,stable,commercial,False
custom body wash,0,0,0,,1,0,1,0.0,0.0,,4.0,,,0,0,0,1,stable,commercial,False
custom lip gloss,0,0,0,,2,0,2,0.0,0.0,,2.0,,,0,0,0,2,stable,commercial,False
custom parfum surabaya,0,0,0,,10,0,10,0.0,0.0,,8.5,,,0,0,0,11,stable,commercial,False
custom parfum terdekat,0,0,0,,1,0,1,0.0,0.0,,9.0,,,0,0,0,1,stable,commercial,False
cv arasy cosmetindo,0,0,0,,1,0,1,0.0,0.0,,5.0,,,0,0,0,1,stable,other,False
cv asia skinlab,0,0,0,,2,0,2,0.0,0.0,,53.0,,,0,0,0,2,stable,other,False
cystamine,0,0,0,,1,0,1,0.0,0.0,,9.0,,,0,0,0,1,stable,other,False
cystamine adalah,0,0,0,,2,0,2,0.0,0.0,,5.5,,,0,0,0,2,stable,other,False
cysteamin untuk flek,0,0,0,,11,0,11,0.0,0.0,,9.6,,,0,0,0,11,stable,other,False
cysteamine,0,0,0,,29,0,29,0.0,0.0,,20.0,,,0,0,0,41,stable,other,False
cysteamine adalah,0,0,0,,142,0,142,0.0,0.0,,11.7,,,0,0,0,150,stable,other,False
cysteamine capsules,0,0,0,,1,0,1,0.0,0.0,,20.0,,,0,0,0,1,stable,other,False
cysteamine cream,0,0,0,,1,0,1,0.0,0.0,,3.0,,,0,0,0,1,stable,other,False
cysteamine skincare,0,0,0,,2,0,2,0.0,0.0,,10.5,,,0,0,0,2,stable,other,False
cysteamine untuk apa,0,0,0,,12,0,12,0.0,0.0,,10.6,,,0,0,0,12,stable,informational,False
cysteamine untuk flek,0,0,0,,30,0,30,0.0,0.0,,10.9,,,0,0,0,30,stable,other,False
cysteamine untuk flek hitam,0,0,0,,5,0,5,0.0,0.0,,10.6,,,0,0,0,5,stable,other,False
cysteamine untuk jerawat,0,0,0,,7,0,7,0.0,0.0,,9.9,,,0,0,0,7,stable,other,False
cysteamine untuk wajah,0,0,0,,1,0,1,0.0,0.0,,33.0,,,0,0,0,1,stable,other,False
cysteamine vs hydroquinone,0,0,0,,6,0,6,0.0,0.0,,7.0,,,0,0,0,11,stable,comparison,False
cysteamine yang ampuh untuk flek,0,0,0,,5,0,5,0.0,0.0,,10.0,,,0,0,0,5,stable,other,False
cysteamine yang paling ampuh untuk flek,0,0,0,,2,0,2,0.0,0.0,,9.0,,,0,0,0,2,stable,other,False
daftar 100 perusahaan kosmetik terbesar di indonesia,0,0,0,,2,0,2,0.0,0.0,,15.0,,,0,0,0,2,stable,local,False
daftar perusahaan maklon kosmetik,0,2,-2,-100.0,38,32,6,2.78,6.25,-3.47,11.0,7.8,3.2,0,0,2,72,stable,commercial,False
dan skincare,0,0,0,,1,0,1,0.0,0.0,,4.0,,,0,0,0,1,stable,other,False
data industri kosmetik di indonesia,0,0,0,,2,0,2,0.0,0.0,,6.0,,,0,0,0,2,stable,local,False
data penjualan kosmetik di indonesia 5 tahun terakhir,0,0,0,,1,0,1,0.0,0.0,,5.0,,,0,0,0,1,stable,local,False
data penjualan skincare di indonesia,0,0,0,,23,19,4,0.0,0.0,,31.7,38.4,-6.6,0,0,0,53,stable,local,False
dear me beauty,0,0,0,,1,0,1,0.0,0.0,,3.0,,,0,0,0,1,stable,other,False
dear me beauty punya siapa,0,0,0,,1,0,1,0.0,0.0,,3.0,,,0,0,0,1,stable,informational,False
decasilabs,0,0,0,,1,0,1,0.0,0.0,,48.0,,,0,0,0,1,stable,other,False
decorative makeup,0,0,0,,13,0,13,0.0,0.0,,5.5,,,0,0,0,14,stable,other,False
deep h moisture gel hyaluronic acid,0,0,0,,1,0,1,0.0,0.0,,3.0,,,0,0,0,1,stable,other,False
demplon,0,0,0,,1,0,1,0.0,0.0,,50.0,,,0,0,0,1,stable,other,False
demplon artinya,0,0,0,,1,0,1,0.0,0.0,,47.0,,,0,0,0,1,stable,other,False
denatured alcohol adalah,0,0,0,,12,1,11,0.0,0.0,,15.0,13.0,2.0,0,0,0,13,stable,other,False
deodorant termasuk kategori apa,0,0,0,,3,0,3,0.0,0.0,,11.3,,,0,0,0,3,stable,informational,False
derma lab,0,0,0,,2,1,1,0.0,0.0,,2.5,7.0,-4.5,0,0,0,3,stable,other,False
dermalab,0,0,0,,2,0,2,0.0,0.0,,65.0,,,0,0,0,2,stable,other,False
dermalabs,0,0,0,,1,0,1,0.0,0.0,,44.0,,,0,0,0,1,stable,other,False
dermavous essensia utama,0,0,0,,1,0,1,0.0,0.0,,66.0,,,0,0,0,1,stable,other,False
dermilab,0,0,0,,3,0,3,0.0,0.0,,2.0,,,0,0,0,3,stable,other,False
deskripsi kan wanginya,0,0,0,,1,0,1,0.0,0.0,,3.0,,,0,0,0,1,stable,other,False
devina skincere,0,0,0,,1,0,1,0.0,0.0,,11.0,,,0,0,0,1,stable,other,False
di batam ada?,0,0,0,,1,0,1,0.0,0.0,,3.0,,,0,0,0,1,stable,other,False
di indonesia apa,0,0,0,,1,0,1,0.0,0.0,,9.0,,,0,0,0,1,stable,local,False
di keranjang atau keranjang,0,0,0,,1,0,1,0.0,0.0,,6.0,,,0,0,0,1,stable,comparison,False
di mananya,0,0,0,,1,0,1,0.0,0.0,,3.0,,,0,0,0,1,stable,other,False
di sore hari,0,0,0,,1,0,1,0.0,0.0,,4.0,,,0,0,0,1,stable,other,False
difference between toner and micellar water,0,0,0,,2,0,2,0.0,0.0,,68.5,,,0,0,0,2,stable,other,False
distributor kosmetik murah tangan pertama jakarta,0,0,0,,1,0,1,0.0,0.0,,4.0,,,0,0,0,1,stable,pricing,False
diurutkan,0,0,0,,1,0,1,0.0,0.0,,8.0,,,0,0,0,1,stable,other,False
dosis harian astaxanthin,0,0,0,,1,0,1,0.0,0.0,,2.0,,,0,0,0,1,stable,other,False
dosting,0,0,0,,2,1,1,0.0,0.0,,3.0,2.0,1.0,0,0,0,3,stable,other,False
dosting adalah,0,0,0,,152,125,27,0.0,0.0,,8.8,1.0,7.8,0,0,0,277,stable,other,False
dosting body lotion bpom,0,0,0,,3,0,3,0.0,0.0,,9.0,,,0,0,0,3,stable,commercial,False
dosting bpom,0,0,0,,2,0,2,0.0,0.0,,6.5,,,0,0,0,2,stable,commercial,False
dosting hb adalah,0,0,0,,2,0,2,0.0,0.0,,6.5,,,0,0,0,2,stable,other,False
dosting itu apa,0,0,0,,2,0,2,0.0,0.0,,3.0,,,0,0,0,2,stable,informational,False
dosting label,0,0,0,,3,0,3,0.0,0.0,,6.7,,,0,0,0,3,stable,other,False
dosting racikan,0,0,0,,1,0,1,0.0,0.0,,1.0,,,0,0,0,1,stable,other,False
dpe lab,0,0,0,,1,0,1,0.0,0.0,,28.0,,,0,0,0,1,stable,other,False
dpg,0,0,0,,1,0,1,0.0,0.0,,3.0,,,0,0,0,1,stable,other,False
dpg parfum,0,0,0,,1,0,1,0.0,0.0,,3.0,,,0,0,0,1,stable,other,False
dr soromer,0,0,0,,1,0,1,0.0,0.0,,4.0,,,0,0,0,1,stable,other,False
dream beauty lab,0,0,0,,1,0,1,0.0,0.0,,2.0,,,0,0,0,4,stable,other,False
dream lab,56,30,26,86.7,250,202,48,22.4,14.85,7.55,1.7,2.2,-0.4,12,26,188,1349,declining,brand,True
dream lab ai,0,0,0,,1,0,1,0.0,0.0,,3.0,,,0,0,0,2,stable,brand,True
dream labs,0,0,0,,2,0,2,0.0,0.0,,1.5,,,0,0,0,3,stable,brand,True
dream-lab,0,0,0,,1,0,1,0.0,0.0,,1.0,,,0,0,0,2,stable,other,False
dream.lab,0,0,0,,2,1,1,0.0,0.0,,3.0,2.0,1.0,0,0,0,9,stable,other,False
dreamasil,0,0,0,,2,0,2,0.0,0.0,,1.0,,,0,0,0,2,stable,other,False
dreamlab ai,0,0,0,,1,0,1,0.0,0.0,,30.0,,,0,0,0,1,stable,brand,True
dreamlab chile,0,0,0,,1,0,1,0.0,0.0,,4.0,,,0,0,0,1,stable,brand,True
dreamlab indonesia,4,0,4,100,12,0,12,33.33,0.0,,1.2,,,4,0,4,12,growing,brand,True
dreamlab official website,0,0,0,,12,0,12,0.0,0.0,,4.7,,,0,0,0,12,stable,brand,True
dreamlab skincare,0,0,0,,4,3,1,0.0,0.0,,12.5,11.3,1.2,0,0,0,27,stable,brand,True
dreamlab studio,0,0,0,,8,2,6,0.0,0.0,,5.8,1.0,4.8,0,0,0,10,stable,brand,True
dreamlab studios,0,0,0,,1,0,1,0.0,0.0,,12.0,,,0,0,0,1,stable,brand,True
dreamlabs,3,1,2,200.0,43,20,23,6.98,5.0,1.98,3.6,3.2,0.4,2,1,4,186,growing,brand,True
dreamlabs careers,0,0,0,,1,0,1,0.0,0.0,,2.0,,,0,0,0,1,stable,brand,True
dreamlap,1,0,1,100,2,0,2,50.0,0.0,,2.5,,,1,0,1,3,growing,other,False
dreamlav,0,0,0,,1,0,1,0.0,0.0,,1.0,,,0,0,0,34,stable,other,False
dreamline beauty private label,0,0,0,,1,0,1,0.0,0.0,,48.0,,,0,0,0,1,stable,commercial,False
dreamon,0,0,0,,1,0,1,0.0,0.0,,66.0,,,0,0,0,1,stable,other,False
dreams beauty,0,0,0,,1,0,1,0.0,0.0,,54.0,,,0,0,0,1,stable,other,False
dreamslab,0,0,0,,2,0,2,0.0,0.0,,2.0,,,0,0,0,5,stable,other,False
eau de parfum,0,0,0,,9,0,9,0.0,0.0,,3.0,,,0,0,0,9,stable,other,False
eau de parfum artinya,0,0,0,,2,0,2,0.0,0.0,,3.0,,,0,0,0,2,stable,other,False
econolab,0,0,0,,1,0,1,0.0,0.0,,62.0,,,0,0,0,1,stable,other,False
edp,0,0,0,,8,0,8,0.0,0.0,,18.0,,,0,0,0,9,stable,other,False
edp adalah,0,0,0,,27,0,27,2.5,0.0,,12.4,,,0,0,1,40,stable,other,False
edp adalah parfum,0,0,0,,7,0,7,0.0,0.0,,26.9,,,0,0,0,8,stable,other,False
edp artinya,0,0,0,,5,0,5,0.0,0.0,,13.2,,,0,0,0,5,stable,other,False
edp atau edt,0,0,0,,2,0,2,0.0,0.0,,18.5,,,0,0,0,4,stable,comparison,False
edp berapa persen,0,0,0,,17,0,17,0.0,0.0,,10.8,,,0,0,0,17,stable,informational,False
edp dan edt,0,0,0,,10,0,10,0.0,0.0,,18.3,,,0,0,0,49,stable,other,False
edp dan edt bedanya apa,0,0,0,,5,0,5,0.0,0.0,,11.2,,,0,0,0,8,stable,informational,False
edp edt,0,0,0,,4,0,4,0.0,0.0,,42.2,,,0,0,0,7,stable,other,False
edp edt parfum adalah,0,0,0,,2,0,2,0.0,0.0,,1.0,,,0,0,0,2,stable,other,False
edp edt perbedaan,0,0,0,,1,0,1,0.0,0.0,,11.0,,,0,0,0,6,stable,comparison,False
edp edt perfume,0,0,0,,1,0,1,0.0,0.0,,19.0,,,0,0,0,1,stable,other,False
edp itu apa,0,0,0,,110,0,110,0.0,0.0,,12.3,,,0,0,0,113,stable,informational,False
edp or edt,0,0,0,,2,0,2,0.0,0.0,,24.0,,,0,0,0,2,stable,other,False
edp parfum,0,0,0,,3,0,3,0.0,0.0,,29.3,,,0,0,0,5,stable,other,False
edp parfum adalah,0,0,0,,7,0,7,0.0,0.0,,24.0,,,0,0,0,10,stable,other,False
edp sama edt,0,0,0,,3,0,3,0.0,0.0,,12.7,,,0,0,0,3,stable,other,False
edp sama edt bagus mana,0,0,0,,1,0,1,0.0,0.0,,12.0,,,0,0,0,1,stable,other,False
edt,0,0,0,,32,0,32,0.0,0.0,,11.6,,,0,0,0,38,stable,other,False
edt adalah,0,0,0,,206,0,206,0.0,0.0,,11.3,,,0,0,0,354,stable,other,False
edt and edp,0,0,0,,1,0,1,0.0,0.0,,35.0,,,0,0,0,2,stable,other,False
edt artinya,0,0,0,,16,0,16,0.0,0.0,,13.2,,,0,0,0,17,stable,other,False
edt atau edp,0,0,0,,3,0,3,0.0,0.0,,18.0,,,0,0,0,4,stable,comparison,False
edt dan edp,0,0,0,,22,1,21,0.0,0.0,,16.1,1.0,15.1,0,0,0,27,stable,other,False
edt dan edp bedanya apa,0,0,0,,11,0,11,0.0,0.0,,12.4,,,0,0,0,30,stable,informational,False
edt edo,0,0,0,,1,0,1,0.0,0.0,,11.0,,,0,0,0,1,stable,other,False
edt edp,0,0,0,,24,0,24,0.0,0.0,,18.1,,,0,0,0,31,stable,other,False
edt edp extrait,0,0,0,,1,0,1,0.0,0.0,,3.0,,,0,0,0,1,stable,other,False
edt edp parfum,0,0,0,,3,0,3,0.0,0.0,,17.0,,,0,0,0,3,stable,other,False
edt itu apa,0,0,0,,7,0,7,0.0,0.0,,12.0,,,0,0,0,25,stable,informational,False
edt parfum,0,0,0,,3,0,3,0.0,0.0,,15.3,,,0,0,0,3,stable,other,False
edt parfum adalah,0,0,0,,7,0,7,0.0,0.0,,25.9,,,0,0,0,12,stable,other,False
edt parfüm,0,0,0,,1,0,1,0.0,0.0,,28.0,,,0,0,0,1,stable,other,False
edt perfume,0,0,0,,2,0,2,0.0,0.0,,25.5,,,0,0,0,4,stable,other,False
efek hb dosting,0,0,0,,1,0,1,0.0,0.0,,2.0,,,0,0,0,1,stable,other,False
efek memakai hb dosting,0,0,0,,1,0,1,0.0,0.0,,2.0,,,0,0,0,1,stable,other,False
efek pakai hb dosting,0,0,0,,1,0,1,0.0,0.0,,2.0,,,0,0,0,1,stable,other,False
efek samping cysteamine,1,0,1,100,10,0,10,10.0,0.0,,9.1,,,0,1,1,17,declining,other,False
efek samping hb dosting,0,0,0,,1,0,1,0.0,0.0,,3.0,,,0,0,0,1,stable,other,False
elation face care gel,0,0,0,,1,0,1,0.0,0.0,,3.0,,,0,0,0,1,stable,other,False
electrolab,0,0,0,,1,0,1,0.0,0.0,,53.0,,,0,0,0,1,stable,other,False
elsheskin punya siapa,0,0,0,,1,0,1,0.0,0.0,,2.0,,,0,0,0,1,stable,informational,False
email,0,0,0,,1,0,1,0.0,0.0,,1.0,,,0,0,0,1,stable,other,False
est edp,0,0,0,,1,0,1,0.0,0.0,,12.0,,,0,0,0,1,stable,other,False
estimasi,0,0,0,,1,0,1,0.0,0.0,,2.0,,,0,0,0,1,stable,other,False
etanol parfum,0,0,0,,5,2,3,0.0,0.0,,55.2,47.5,7.7,0,0,0,9,stable,other,False
etanol untuk parfum,0,0,0,,15,13,2,0.0,0.0,,39.5,31.8,7.7,0,0,0,32,stable,other,False
eterniskin,0,0,0,,1,0,1,0.0,0.0,,3.0,,,0,0,0,1,stable,other,False
ethanol itu apa,0,0,0,,1,0,1,0.0,0.0,,3.0,,,0,0,0,1,stable,informational,False
ethanol untuk parfum,0,0,0,,2,1,1,0.0,0.0,,7.0,1.0,6.0,0,0,0,3,stable,other,False
evaluate the personal care company lume on memutihkan ketiak,0,0,0,,1,0,1,0.0,0.0,,1.0,,,0,0,0,1,stable,other,False
exosome skincare 2026,0,0,0,,1,0,1,0.0,0.0,,1.0,,,0,0,0,1,stable,other,False
extra dosting adalah,0,0,0,,1,0,1,0.0,0.0,,3.0,,,0,0,0,1,stable,other,False
f2g,0,0,0,,1,0,1,0.0,0.0,,1.0,,,0,0,0,1,stable,other,False
face wash gentle adalah,0,0,0,,1,0,1,0.0,0.0,,50.0,,,0,0,0,1,stable,other,False
facetology gel moisturizer,0,0,0,,1,0,1,0.0,0.0,,4.0,,,0,0,0,1,stable,other,False
fairylab,0,0,0,,1,0,1,0.0,0.0,,43.0,,,0,0,0,1,stable,other,False
farelab,0,0,0,,1,0,1,0.0,0.0,,29.0,,,0,0,0,1,stable,other,False
farmaskin hb dosting,0,0,0,,1,0,1,0.0,0.0,,10.0,,,0,0,0,1,stable,other,False
fashion and beauty,0,0,0,,1,0,1,0.0,0.0,,3.0,,,0,0,0,1,stable,other,False
fastlab surabaya,0,0,0,,1,0,1,0.0,0.0,,43.0,,,0,0,0,1,stable,local,False
fee affiliate skincare,0,0,0,,2,1,1,0.0,0.0,,11.0,12.0,-1.0,0,0,0,12,stable,other,False
fifth love ginseng & polygonum,0,0,0,,1,0,1,0.0,0.0,,4.0,,,0,0,0,1,stable,other,False
finna huang,0,0,0,,1,0,1,0.0,0.0,,2.0,,,0,0,0,1,stable,other,False
fitur potong harga di tiktok,0,0,0,,1,0,1,0.0,0.0,,1.0,,,0,0,0,1,stable,pricing,False
flek hitam,0,0,0,,1,0,1,0.0,0.0,,1.0,,,0,0,0,1,stable,other,False
foot care company,0,0,0,,1,0,1,0.0,0.0,,2.0,,,0,0,0,1,stable,other,False
footlab,0,0,0,,3,0,3,0.0,0.0,,25.7,,,0,0,0,5,stable,other,False
footlab jakarta,0,0,0,,2,0,2,0.0,0.0,,64.0,,,0,0,0,2,stable,local,False
footlin cream,0,0,0,,1,0,1,0.0,0.0,,17.0,,,0,0,0,1,stable,other,False
formala,0,0,0,,1,0,1,0.0,0.0,,5.0,,,0,0,0,1,stable,other,False
formbodylab,0,0,0,,1,0,1,0.0,0.0,,39.0,,,0,0,0,1,stable,other,False
formula beauty products,0,0,0,,1,0,1,0.0,0.0,,12.0,,,0,0,0,1,stable,other,False
fragrance balm,0,0,0,,1,0,1,0.0,0.0,,3.0,,,0,0,0,4,stable,other,False
fragrance enthusiast artinya,0,0,0,,1,0,1,0.0,0.0,,11.0,,,0,0,0,1,stable,other,False
fragrance manufacturer,0,0,0,,1,0,1,0.0,0.0,,21.0,,,0,0,0,1,stable,other,False
franchise toko kosmetik,0,0,0,,1,0,1,0.0,0.0,,17.0,,,0,0,0,1,stable,other,False
free shipping tiktok,0,0,0,,1,0,1,0.0,0.0,,1.0,,,0,0,0,1,stable,other,False
fres & natural,0,0,0,,1,0,1,0.0,0.0,,2.0,,,0,0,0,1,stable,other,False
fungsi alkohol dalam minyak wangi,0,0,0,,7,6,1,0.0,0.0,,52.3,62.8,-10.5,0,0,0,22,stable,other,False
fungsi alkohol dalam parfum,0,0,0,,5,2,3,0.0,0.0,,12.8,15.5,-2.7,0,0,0,8,stable,other,False
fungsi alkohol di parfum,0,0,0,,17,2,15,0.0,0.0,,11.1,12.0,-0.9,0,0,0,19,stable,other,False
fungsi alkohol pada parfum,0,0,0,,35,7,28,0.0,0.0,,12.1,24.7,-12.6,0,0,0,49,stable,other,False
fungsi astaxanthin,0,0,0,,3,0,3,0.0,0.0,,3.0,,,0,0,0,3,stable,other,False
fungsi cysteamine,0,0,0,,6,0,6,0.0,0.0,,11.8,,,0,0,0,6,stable,other,False
fungsi dpg pada parfum,0,0,0,,1,0,1,0.0,0.0,,7.0,,,0,0,0,1,stable,other,False
fungsi ginseng untuk rambut,0,0,0,,2,1,1,0.0,0.0,,19.5,43.0,-23.5,0,0,0,3,stable,other,False
fungsi hair tonic ginseng,0,0,0,,9,8,1,0.0,0.0,,14.9,20.4,-5.5,0,0,0,17,stable,other,False
fungsi panthenol dalam skincare,0,0,0,,7,0,7,0.0,0.0,,31.1,,,0,0,0,7,stable,other,False
fungsi panthenol untuk wajah,0,0,0,,17,13,4,0.0,0.0,,26.7,34.3,-7.6,0,0,0,38,stable,other,False
gak,0,0,0,,1,0,1,0.0,0.0,,2.0,,,0,0,0,1,stable,other,False
gambar aksara kosmetik indonesia,0,0,0,,1,0,1,0.0,0.0,,2.0,,,0,0,0,1,stable,local,False
garuda jelajah nusantara,0,0,0,,1,0,1,0.0,0.0,,40.0,,,0,0,0,1,stable,other,False
gas,0,0,0,,1,0,1,0.0,0.0,,3.0,,,0,0,0,1,stable,other,False
gel and cream moisturizer,0,0,0,,1,0,1,0.0,0.0,,10.0,,,0,0,0,1,stable,other,False
gel artinya,0,0,0,,1,0,1,0.0,0.0,,49.0,,,0,0,0,1,stable,other,False
gel cream,0,0,0,,3,0,3,0.0,0.0,,9.0,,,0,0,0,3,stable,other,False
gel cream hybrid moisturizer,0,0,0,,1,0,1,0.0,0.0,,1.0,,,0,0,0,1,stable,other,False
gel cream moisturizer,0,0,0,,9,0,9,0.0,0.0,,10.6,,,0,0,0,9,stable,other,False
gel cream vs cream,0,0,0,,1,0,1,0.0,0.0,,7.0,,,0,0,0,1,stable,comparison,False
gel cream vs moisturizer,0,0,0,,3,0,3,0.0,0.0,,8.0,,,0,0,0,3,stable,comparison,False
gel moisturizer untuk apa,0,0,0,,3,0,3,0.0,0.0,,11.7,,,0,0,0,3,stable,informational,False
gel moisturizer vs cream,0,0,0,,1,0,1,0.0,0.0,,9.0,,,0,0,0,1,stable,comparison,False
gel or cream moisturizer,0,0,0,,3,0,3,0.0,0.0,,9.0,,,0,0,0,3,stable,other,False
gel ungu,0,0,0,,1,0,1,0.0,0.0,,2.0,,,0,0,0,1,stable,other,False
gel vs cream,0,0,0,,13,6,7,0.0,0.0,,6.8,9.8,-3.0,0,0,0,31,stable,comparison,False
gel vs cream moisturizer,0,0,0,,8,1,7,0.0,0.0,,8.0,11.0,-3.0,0,0,0,12,stable,comparison,False
gel vs gel cream,0,0,0,,1,0,1,0.0,0.0,,8.0,,,0,0,0,1,stable,comparison,False
gel-crème,0,0,0,,1,0,1,0.0,0.0,,10.0,,,0,0,0,1,stable,other,False
gen z,0,0,0,,1,0,1,0.0,0.0,,3.0,,,0,0,0,1,stable,other,False
gentle adalah,0,0,0,,1,0,1,0.0,0.0,,38.0,,,0,0,0,1,stable,other,False
gentle ingredients,0,0,0,,2,0,2,0.0,0.0,,9.0,,,0,0,0,2,stable,other,False
germolap,0,0,0,,1,0,1,0.0,0.0,,36.0,,,0,0,0,1,stable,other,False
gimana cara aktifkan nya,0,0,0,,1,0,1,0.0,0.0,,4.0,,,0,0,0,1,stable,informational,False
gingseng untuk rambut,0,0,0,,1,0,1,0.0,0.0,,34.0,,,0,0,0,1,stable,other,False
ginseng buat rambut,0,0,0,,1,0,1,0.0,0.0,,42.0,,,0,0,0,1,stable,other,False
ginseng buat rambut rontok,0,0,0,,1,0,1,0.0,0.0,,20.0,,,0,0,0,1,stable,other,False
ginseng for hair,0,0,0,,3,0,3,0.0,0.0,,35.3,,,0,0,0,3,stable,other,False
ginseng hair tonic,0,0,0,,5,0,5,0.0,0.0,,31.8,,,0,0,0,5,stable,other,False
ginseng rambut,0,0,0,,3,0,3,0.0,0.0,,29.0,,,0,0,0,3,stable,other,False
ginseng untuk rambut,0,0,0,,10,2,8,0.0,0.0,,38.5,34.0,4.5,0,0,0,12,stable,other,False
ginseng untuk rambut rontok,0,0,0,,3,2,1,0.0,0.0,,13.0,6.5,6.5,0,0,0,5,stable,other,False
glow cosmetic innovation,0,0,0,,1,0,1,0.0,0.0,,1.0,,,0,0,0,1,stable,other,False
glutawhite milky lotion harga,0,0,0,,1,0,1,0.0,0.0,,3.0,,,0,0,0,1,stable,pricing,False
gluxanthin - c harga,0,0,0,,1,0,1,0.0,0.0,,3.0,,,0,0,0,1,stable,pricing,False
glycerin cream untuk apa,0,0,0,,1,0,1,0.0,0.0,,39.0,,,0,0,0,1,stable,informational,False
glycerin kosmetik,0,0,0,,2,0,2,0.0,0.0,,6.5,,,0,0,0,2,stable,other,False
glycocare body lotion,0,0,0,,1,0,1,0.0,0.0,,7.0,,,0,0,0,1,stable,other,False
gourmand 2.0,0,0,0,,1,0,1,14.29,0.0,,1.0,,,0,0,1,7,stable,other,False
grafik pertumbuhan industri kosmetik di indonesia,0,1,-1,-100.0,10,9,1,6.45,11.11,-4.66,9.3,7.1,2.2,0,0,2,31,stable,local,False
green sm adalah,0,0,0,,1,0,1,0.0,0.0,,2.0,,,0,0,0,1,stable,other,False
grulab id,0,0,0,,1,0,1,0.0,0.0,,29.0,,,0,0,0,1,stable,other,False
guna alkohol di parfum,0,0,0,,10,0,10,0.0,0.0,,9.9,,,0,0,0,10,stable,other,False
guna astaxanthin,0,0,0,,1,0,1,0.0,0.0,,3.0,,,0,0,0,2,stable,other,False
gunanya minyak zaitun,0,0,0,,1,0,1,0.0,0.0,,2.0,,,0,0,0,1,stable,other,False
gunanya panthenol untuk wajah,0,0,0,,1,0,1,0.0,0.0,,12.0,,,0,0,0,2,stable,other,False
haematococcus pluvialis,0,0,0,,1,0,1,0.0,0.0,,2.0,,,0,0,0,1,stable,other,False
hair ingrown,0,0,0,,1,0,1,0.0,0.0,,24.0,,,0,0,0,1,stable,other,False
hair ingrowth,0,0,0,,1,0,1,0.0,0.0,,27.0,,,0,0,0,1,stable,other,False
hair tonic ginseng,0,1,-1,-100.0,19,6,13,4.0,16.67,-12.67,24.5,25.8,-1.4,0,0,1,25,stable,other,False
hair tonic ginseng manfaat,0,0,0,,1,0,1,0.0,0.0,,12.0,,,0,0,0,1,stable,informational,False
hair tonic ginseng untuk rambut rontok,0,0,0,,2,0,2,0.0,0.0,,16.0,,,0,0,0,2,stable,other,False
hairlab,0,0,0,,1,0,1,0.0,0.0,,45.0,,,0,0,0,1,stable,other,False
haizhen cosmetics indonesia foto,0,0,0,,1,0,1,0.0,0.0,,1.0,,,0,0,0,1,stable,local,False
halal deodorant,0,0,0,,1,0,1,0.0,0.0,,17.0,,,0,0,0,1,stable,commercial,False
haleyora powerindo jakarta,0,0,0,,1,0,1,0.0,0.0,,4.0,,,0,0,0,1,stable,local,False
hamamelis virginiana,0,0,0,,2,0,2,0.0,0.0,,50.5,,,0,0,0,4,stable,other,False
hanasui gentle retinol moisturizer gel,0,0,0,,1,0,1,0.0,0.0,,3.0,,,0,0,0,1,stable,other,False
hanasui moisturizer gel,0,0,0,,1,0,1,0.0,0.0,,3.0,,,0,0,0,1,stable,other,False
hanasui produk dari negara mana,0,0,0,,1,0,1,0.0,0.0,,3.0,,,0,0,0,1,stable,other,False
hand body marina biru,0,0,0,,1,0,1,0.0,0.0,,2.0,,,0,0,0,1,stable,other,False
hand body paling ampuh memutihkan kulit,0,0,0,,1,0,1,0.0,0.0,,3.0,,,0,0,0,1,stable,other,False
hand body pemutih,0,0,0,,1,0,1,0.0,0.0,,3.0,,,0,0,0,1,stable,other,False
hand body pemutih kulit,0,0,0,,2,0,2,0.0,0.0,,3.5,,,0,0,0,2,stable,other,False
hand body racikan,0,0,0,,1,0,1,0.0,0.0,,10.0,,,0,0,0,1,stable,other,False
hand body untuk memutihkan kulit,0,0,0,,3,0,3,0.0,0.0,,3.3,,,0,0,0,3,stable,other,False
hand body yang ampuh memutihkan kulit,0,0,0,,1,0,1,0.0,0.0,,3.0,,,0,0,0,1,stable,other,False
handbody alami,0,0,0,,13,1,12,0.0,0.0,,7.1,1.0,6.1,0,0,0,14,stable,other,False
handbody campur apa biar cepat putih,0,0,0,,2,0,2,0.0,0.0,,7.0,,,0,0,0,2,stable,informational,False
handbody citra,0,0,0,,1,0,1,0.0,0.0,,2.0,,,0,0,0,1,stable,other,False
handbody citra harga,0,0,0,,1,0,1,0.0,0.0,,3.0,,,0,0,0,1,stable,pricing,False
handbody dicampur apa biar cepat putih,0,0,0,,1,0,1,0.0,0.0,,3.0,,,0,0,0,1,stable,informational,False
handbody dosting,0,0,0,,3,0,3,0.0,0.0,,2.3,,,0,0,0,3,stable,other,False
handbody dosting apakah aman,0,0,0,,1,0,1,0.0,0.0,,2.0,,,0,0,0,1,stable,informational,False
handbody gel,0,0,0,,1,0,1,0.0,0.0,,3.0,,,0,0,0,1,stable,other,False
handbody hd,0,0,0,,1,0,1,0.0,0.0,,3.0,,,0,0,0,1,stable,other,False
handbody marina untuk memutihkan kulit,0,0,0,,1,0,1,0.0,0.0,,3.0,,,0,0,0,1,stable,other,False
handbody pemutih badan yang bagus dan aman,0,0,0,,1,0,1,0.0,0.0,,2.0,,,0,0,0,1,stable,other,False
handbody pemutih kulit,0,0,0,,1,0,1,0.0,0.0,,3.0,,,0,0,0,1,stable,other,False
handbody pemutih kulit permanen,0,0,0,,2,0,2,0.0,0.0,,3.0,,,0,0,0,2,stable,other,False
handbody racikan,0,0,0,,39,0,39,0.0,0.0,,9.6,,,0,0,0,39,stable,other,False
handbody racikan paling ampuh,0,0,0,,3,0,3,0.0,0.0,,5.3,,,0,0,0,3,stable,other,False
handbody racikan pemutih,0,0,0,,4,0,4,0.0,0.0,,9.0,,,0,0,0,4,stable,other,False
handbody racikan pemutih buatan sendiri,0,0,0,,48,0,48,0.0,0.0,,8.5,,,0,0,0,48,stable,other,False
handbody racikan sendiri,0,0,0,,209,0,209,0.0,0.0,,7.2,,,0,0,0,209,stable,other,False
handbody racikan sendiri untuk memutihkan kulit,0,0,0,,29,0,29,0.0,0.0,,7.2,,,0,0,0,29,stable,other,False
handbody racikan yang ampuh memutihkan,0,0,0,,1,0,1,0.0,0.0,,11.0,,,0,0,0,1,stable,other,False
handbody raja onta,0,0,0,,1,0,1,0.0,0.0,,3.0,,,0,0,0,1,stable,other,False
handbody terbaik untuk mencerahkan kulit,0,0,0,,1,0,1,0.0,0.0,,3.0,,,0,0,0,1,stable,other,False
handbody terbuat dari apa,0,0,0,,1,0,1,0.0,0.0,,3.0,,,0,0,0,1,stable,informational,False
handbody untuk memutihkan kulit,0,0,0,,1,0,1,0.0,0.0,,3.0,,,0,0,0,1,stable,other,False
handbody untuk memutihkan kulit dan melindungi dari sinar matahari,0,0,0,,2,0,2,0.0,0.0,,3.0,,,0,0,0,2,stable,other,False
handbody untuk memutihkan kulit dan melindungi dari sinar matahari untuk pria,0,0,0,,1,0,1,0.0,0.0,,3.0,,,0,0,0,1,stable,other,False
handbody untuk menghilangkan bekas luka dan memutihkan,1,0,1,100,1,0,1,100.0,0.0,,4.0,,,1,0,1,1,growing,other,False
handbody vaseline gluta hya,0,0,0,,1,0,1,0.0,0.0,,2.0,,,0,0,0,1,stable,other,False
handbody viral,0,0,0,,1,0,1,0.0,0.0,,3.0,,,0,0,0,4,stable,other,False
handbody yang ada tone up nya,0,0,0,,1,0,1,0.0,0.0,,3.0,,,0,0,0,1,stable,other,False
handbody yang bikin cepat putih,0,0,0,,1,0,1,0.0,0.0,,3.0,,,0,0,0,1,stable,other,False
handbody yang cepat memutihkan kulit,0,0,0,,1,0,1,0.0,0.0,,3.0,,,0,0,0,1,stable,other,False
handbody yang cepat memutihkan kulit dan menghilangkan bekas luka,0,0,0,,1,0,1,0.0,0.0,,3.0,,,0,0,0,1,stable,other,False
happy lab indonesia,0,0,0,,1,0,1,0.0,0.0,,49.0,,,0,0,0,1,stable,local,False
harga,0,0,0,,2,0,2,0.0,0.0,,19.5,,,0,0,0,2,stable,pricing,False
harga astaxanthin di apotik,0,0,0,,2,0,2,0.0,0.0,,3.5,,,0,0,0,3,stable,pricing,False
harga astaxanthin nutraglow,0,0,0,,1,0,1,0.0,0.0,,3.0,,,0,0,0,1,stable,pricing,False
harga gluxantin c,0,0,0,,1,0,1,0.0,0.0,,6.0,,,0,0,0,1,stable,pricing,False
harga huruf timbul galvanis per cm,0,0,0,,1,0,1,0.0,0.0,,4.0,,,0,0,0,1,stable,pricing,False
harga jasa maklon,0,0,0,,2,0,2,0.0,0.0,,11.0,,,0,0,0,29,stable,pricing,False
harga moisturizer gel viva,0,0,0,,1,0,1,0.0,0.0,,3.0,,,0,0,0,1,stable,pricing,False
harga moisturizer viva gel,0,0,0,,2,0,2,0.0,0.0,,3.0,,,0,0,0,2,stable,pricing,False
hazeline snow dan seger snow apakah sama,0,0,0,,1,0,1,0.0,0.0,,3.0,,,0,0,0,1,stable,informational,False
hb acil idang apakah sudah bpom,0,0,0,,1,0,1,0.0,0.0,,3.0,,,0,0,0,1,stable,commercial,False
hb adalah skincare,0,0,0,,2,0,2,0.0,0.0,,10.0,,,0,0,0,2,stable,other,False
hb arbutin whitening,0,0,0,,1,0,1,0.0,0.0,,2.0,,,0,0,0,1,stable,other,False
hb beauty skin,0,0,0,,1,0,1,0.0,0.0,,8.0,,,0,0,0,1,stable,other,False
hb body lotion adalah,0,0,0,,3,0,3,0.0,0.0,,2.7,,,0,0,0,3,stable,other,False
hb bodycare adalah,0,0,0,,13,1,12,0.0,0.0,,9.2,1.0,8.2,0,0,0,14,stable,other,False
hb booster,0,0,0,,1,0,1,0.0,0.0,,3.0,,,0,0,0,1,stable,other,False
hb booster adalah,0,0,0,,3,0,3,0.0,0.0,,2.3,,,0,0,0,3,stable,other,False
hb bpom,0,0,0,,1,0,1,0.0,0.0,,10.0,,,0,0,0,1,stable,commercial,False
hb dalam skincare adalah,0,0,0,,17,0,17,0.0,0.0,,9.1,,,0,0,0,17,stable,other,False
hb dosting aman,0,0,0,,1,0,1,0.0,0.0,,2.0,,,0,0,0,1,stable,other,False
hb dosting aman atau tidak,0,0,0,,1,0,1,0.0,0.0,,2.0,,,0,0,0,1,stable,comparison,False
hb dosting ampuh bpom,0,0,0,,1,0,1,0.0,0.0,,3.0,,,0,0,0,1,stable,commercial,False
hb dosting artinya,0,0,0,,26,0,26,0.0,0.0,,8.4,,,0,0,0,26,stable,other,False
hb dosting contohnya apa,0,0,0,,3,0,3,0.0,0.0,,10.3,,,0,0,0,3,stable,informational,False
hb dosting deviena,0,0,0,,1,0,1,0.0,0.0,,3.0,,,0,0,0,1,stable,other,False
hb dosting farmaskin,0,0,0,,1,0,1,0.0,0.0,,3.0,,,0,0,0,1,stable,other,False
hb dosting itu apa aja,0,0,0,,1,0,1,0.0,0.0,,11.0,,,0,0,0,1,stable,informational,False
hb dosting maydooza,0,0,0,,1,0,1,0.0,0.0,,3.0,,,0,0,0,1,stable,other,False
hb dosting racikan sendiri,1,0,1,100,43,0,43,2.33,0.0,,7.2,,,0,1,1,43,declining,other,False
hb dosting terbuat dari apa,0,0,0,,1,0,1,0.0,0.0,,11.0,,,0,0,0,1,stable,informational,False
hb dosting untuk apa,0,0,0,,1,0,1,0.0,0.0,,2.0,,,0,0,0,1,stable,informational,False
hb dosting yang aman dan bpom,0,0,0,,1,0,1,0.0,0.0,,1.0,,,0,0,0,1,stable,commercial,False
hb dosting yang ampuh,0,0,0,,1,0,1,0.0,0.0,,3.0,,,0,0,0,1,stable,other,False
hb dosting yang bagus,0,0,0,,3,1,2,0.0,0.0,,14.3,1.0,13.3,0,0,0,4,stable,other,False
hb dosting yang bagus dan aman,0,0,0,,8,6,2,0.0,0.0,,3.0,1.8,1.2,0,0,0,14,stable,other,False
hb dosting yang bagus merk apa,0,0,0,,2,0,2,0.0,0.0,,3.0,,,0,0,0,2,stable,informational,False
hb dosting yang cepat memutihkan,0,0,0,,1,0,1,0.0,0.0,,3.0,,,0,0,0,1,stable,other,False
hb farmasi adalah,0,0,0,,1,0,1,0.0,0.0,,3.0,,,0,0,0,1,stable,other,False
hb farmaskin apakah sudah bpom,0,0,0,,1,0,1,0.0,0.0,,3.0,,,0,0,0,1,stable,commercial,False
hb itu apa dalam skincare,0,0,0,,10,0,10,0.0,0.0,,10.0,,,0,0,0,10,stable,informational,False
hb kecantikan artinya,0,0,0,,3,0,3,0.0,0.0,,8.0,,,0,0,0,3,stable,other,False
hb kosmetik,0,0,0,,1,0,1,0.0,0.0,,10.0,,,0,0,0,1,stable,other,False
hb marina,0,0,0,,1,0,1,0.0,0.0,,2.0,,,0,0,0,1,stable,other,False
hb marina campur minyak zaitun,0,0,0,,1,0,1,0.0,0.0,,3.0,,,0,0,0,1,stable,other,False
hb pemutih racikan sendiri,0,0,0,,226,4,222,0.0,0.0,,8.2,10.2,-2.0,0,0,0,230,stable,other,False
hb pemutih yang ampuh,0,0,0,,1,0,1,0.0,0.0,,3.0,,,0,0,0,1,stable,other,False
hb putih,0,0,0,,1,0,1,0.0,0.0,,3.0,,,0,0,0,1,stable,other,False
hb racikan,0,0,0,,1,0,1,0.0,0.0,,6.0,,,0,0,0,1,stable,other,False
hb racikan ampuh mencerahkan cepat,0,0,0,,1,0,1,0.0,0.0,,7.0,,,0,0,0,1,stable,other,False
hb racikan mencerahkan kulit,0,0,0,,6,0,6,0.0,0.0,,8.3,,,0,0,0,6,stable,other,False
hb racikan sendiri,2,0,2,100,459,13,446,0.44,0.0,,9.2,11.2,-2.1,0,2,2,472,declining,other,False
hb racikan sendiri biar cepet cerah,0,0,0,,1,0,1,0.0,0.0,,7.0,,,0,0,0,1,stable,other,False
hb skincare,0,0,0,,2,0,2,0.0,0.0,,5.5,,,0,0,0,2,stable,other,False
hb skincare adalah,0,0,0,,17,0,17,0.0,0.0,,8.3,,,0,0,0,17,stable,other,False
hb ultimate,0,0,0,,1,0,1,0.0,0.0,,3.0,,,0,0,0,1,stable,other,False
hb whitening adalah,0,0,0,,1,0,1,0.0,0.0,,3.0,,,0,0,0,1,stable,other,False
hb whitening body lotion,0,0,0,,1,0,1,0.0,0.0,,3.0,,,0,0,0,1,stable,other,False
hb whitening super,0,0,0,,1,0,1,0.0,0.0,,3.0,,,0,0,0,1,stable,other,False
hb yang cepat memutihkan kulit,0,0,0,,1,0,1,0.0,0.0,,2.0,,,0,0,0,1,stable,other,False
headlab,0,0,0,,1,0,1,0.0,0.0,,49.0,,,0,0,0,1,stable,other,False
heni sagara,2,0,2,100,46,0,46,4.35,0.0,,2.0,,,0,2,2,46,declining,other,False
heni sagara biodata,0,0,0,,2,0,2,0.0,0.0,,2.0,,,0,0,0,2,stable,informational,False
heni sagara kasus,0,0,0,,4,0,4,0.0,0.0,,2.0,,,0,0,0,4,stable,other,False
heni sagara owner skincare apa,0,0,0,,1,0,1,0.0,0.0,,3.0,,,0,0,0,1,stable,informational,False
heni sagara siapa,0,0,0,,4,0,4,0.0,0.0,,3.0,,,0,0,0,4,stable,informational,False
henny sagara siapa,0,0,0,,1,0,1,0.0,0.0,,3.0,,,0,0,0,1,stable,informational,False
heny sagara,0,0,0,,1,0,1,0.0,0.0,,2.0,,,0,0,0,1,stable,other,False
hero ingredients,0,0,0,,6,0,6,0.0,0.0,,9.8,,,0,0,0,6,stable,other,False
hero ingredients artinya,0,0,0,,12,0,12,0.0,0.0,,10.9,,,0,0,0,12,stable,other,False
hexindo semarang,0,0,0,,1,0,1,0.0,0.0,,2.0,,,0,0,0,1,stable,local,False
hni moisturizing gel,0,0,0,,1,0,1,0.0,0.0,,2.0,,,0,0,0,1,stable,other,False
hpp parfum,0,0,0,,4,0,4,0.0,0.0,,10.2,,,0,0,0,4,stable,other,False
hydrofarm wirawan,0,0,0,,1,0,1,0.0,0.0,,2.0,,,0,0,0,1,stable,other,False
ici 2026,0,0,0,,6,0,6,0.0,0.0,,19.2,,,0,0,0,6,stable,other,False
ici 2026 dimana,0,0,0,,4,0,4,0.0,0.0,,10.8,,,0,0,0,4,stable,other,False
ici surabaya 2026,0,0,0,,2,0,2,0.0,0.0,,7.5,,,0,0,0,2,stable,local,False
ide bisnis parfum,0,0,0,,1,0,1,0.0,0.0,,8.0,,,0,0,0,1,stable,commercial,False
idx: bukk,0,0,0,,1,0,1,0.0,0.0,,3.0,,,0,0,0,1,stable,other,False
iklan kecantikan,0,1,-1,-100.0,61,47,14,0.46,2.13,-1.67,11.6,18.8,-7.2,0,0,1,217,stable,other,False
iklan klinik kecantikan,0,0,0,,10,8,2,0.0,0.0,,23.5,21.9,1.6,0,0,0,18,stable,other,False
iklan perawatan kulit,0,0,0,,30,14,16,0.0,0.0,,11.2,8.0,3.2,0,0,0,75,stable,other,False
iklan produk kecantikan dalam bahasa inggris,0,0,0,,2,0,2,0.0,0.0,,9.5,,,0,0,0,2,stable,other,False
iklan tentang kecantikan,0,0,0,,43,26,17,0.0,0.0,,9.6,16.6,-7.0,0,0,0,137,stable,other,False
iklan tentang makeup,0,0,0,,20,10,10,0.0,0.0,,6.8,10.8,-4.0,0,0,0,84,stable,other,False
iklan untuk kosmetik,0,0,0,,24,18,6,0.0,0.0,,10.2,26.7,-16.5,0,0,0,81,stable,other,False
iklan untuk makeup,0,0,0,,80,43,37,0.0,0.0,,7.3,8.2,-0.9,0,0,0,195,stable,other,False
iklan untuk produk kosmetik,0,0,0,,50,14,36,0.0,0.0,,8.3,20.5,-12.2,0,0,0,106,stable,other,False
im parfume,0,0,0,,1,0,1,0.0,0.0,,3.0,,,0,0,0,1,stable,other,False
impian,0,0,0,,1,0,1,0.0,0.0,,8.0,,,0,0,0,1,stable,other,False
implora ceramide skin barrier rich moisturizing gel,0,0,0,,1,0,1,0.0,0.0,,3.0,,,0,0,0,1,stable,other,False
industri kecantikan di indonesia,0,0,0,,2,0,2,0.0,0.0,,6.0,,,0,0,0,3,stable,local,False
industri kecantikan indonesia,0,0,0,,4,0,4,0.0,0.0,,5.2,,,0,0,0,4,stable,local,False
industri kosmetik,0,0,0,,31,11,20,0.0,0.0,,20.0,47.6,-27.6,0,0,0,71,stable,other,False
industri kosmetik di indonesia,0,0,0,,20,10,10,0.0,0.0,,22.5,33.8,-11.3,0,0,0,51,stable,local,False
industri skincare,0,0,0,,1,0,1,12.5,0.0,,21.0,,,0,0,1,8,stable,other,False
ingredients parfum,0,0,0,,1,0,1,0.0,0.0,,1.0,,,0,0,0,1,stable,other,False
ingrown,0,0,0,,8,0,8,0.0,0.0,,28.4,,,0,0,0,8,stable,other,False
ingrown hair,0,0,0,,24,11,13,0.0,0.0,,27.8,30.4,-2.7,0,0,0,35,stable,other,False
ingrown hair armpit,0,0,0,,3,0,3,0.0,0.0,,55.3,,,0,0,0,3,stable,other,False
ingrown hair di ketiak,0,0,0,,2,0,2,0.0,0.0,,31.5,,,0,0,0,2,stable,other,False
ingrown hair removal,0,0,0,,2,1,1,0.0,0.0,,35.0,78.0,-43.0,0,0,0,3,stable,other,False
ingrown hair salicylic acid,0,0,0,,1,0,1,0.0,0.0,,7.0,,,0,0,0,1,stable,other,False
ingrown hair treatment,0,0,0,,1,0,1,0.0,0.0,,41.0,,,0,0,0,1,stable,other,False
ini halal?,0,0,0,,1,0,1,0.0,0.0,,21.0,,,0,0,0,1,stable,commercial,False
ini sabun?,0,0,0,,1,0,1,0.0,0.0,,8.0,,,0,0,0,1,stable,other,False
inovasi skincare,0,0,0,,7,1,6,0.0,0.0,,35.0,42.0,-7.0,0,0,0,145,stable,other,False
inspire parfum,0,0,0,,1,0,1,0.0,0.0,,2.0,,,0,0,0,1,stable,other,False
inspired adalah,0,0,0,,5,2,3,0.0,0.0,,2.6,30.0,-27.4,0,0,0,9,stable,other,False
inspired artinya,0,0,0,,1,0,1,0.0,0.0,,2.0,,,0,0,0,2,stable,other,False
inspired parfum,0,0,0,,2,0,2,0.0,0.0,,7.5,,,0,0,0,3,stable,other,False
inspired parfum adalah,0,0,0,,302,33,269,0.0,0.0,,8.8,6.0,2.8,0,0,0,336,stable,other,False
inspired scent,0,0,0,,1,0,1,0.0,0.0,,5.0,,,0,0,0,1,stable,other,False
instagram keranjang kuning,1,1,0,0.0,21,19,2,4.76,5.26,-0.5,4.5,2.4,2.1,0,1,2,46,declining,other,False
instagram keranjang putih,0,0,0,,4,0,4,0.0,0.0,,9.8,,,0,0,0,4,stable,other,False
interxanthin obat apa,0,0,0,,2,0,2,0.0,0.0,,3.0,,,0,0,0,2,stable,informational,False
intimate moisturizing gel,0,0,0,,3,0,3,0.0,0.0,,3.0,,,0,0,0,3,stable,other,False
isododecane adalah,0,0,0,,1,0,1,0.0,0.0,,49.0,,,0,0,0,1,stable,other,False
itu gimana ya,0,0,0,,1,0,1,0.0,0.0,,1.0,,,0,0,0,1,stable,other,False
iya boleh,0,0,0,,1,0,1,0.0,0.0,,3.0,,,0,0,0,1,stable,other,False
iya keduanya,0,0,0,,1,0,1,0.0,0.0,,4.0,,,0,0,0,1,stable,other,False
iya saya ingin,0,0,0,,1,0,1,0.0,0.0,,5.0,,,0,0,0,1,stable,other,False
iyaa,0,0,0,,1,0,1,0.0,0.0,,4.0,,,0,0,0,1,stable,other,False
izin arminareka perdana dicabut,0,0,0,,1,0,1,0.0,0.0,,4.0,,,0,0,0,1,stable,other,False
izin edar kosmetik,0,0,0,,1,0,1,0.0,0.0,,38.0,,,0,0,0,1,stable,other,False
jafaron merah,0,0,0,,1,0,1,0.0,0.0,,3.0,,,0,0,0,1,stable,other,False
jaguar vision wangi apa,0,0,0,,1,0,1,0.0,0.0,,2.0,,,0,0,0,1,stable,informational,False
jasa maklon,0,0,0,,8,6,2,0.0,0.0,,4.1,4.8,-0.7,0,0,0,23,stable,commercial,False
jasa maklon acne spot cream,0,0,0,,9,0,9,0.0,0.0,,14.9,,,0,0,0,9,stable,commercial,False
jasa maklon bb cream,0,0,0,,4,0,4,0.0,0.0,,9.2,,,0,0,0,4,stable,commercial,False
jasa maklon bedak tabur,0,0,0,,1,0,1,0.0,0.0,,14.0,,,0,0,0,1,stable,commercial,False
jasa maklon blush on,0,0,0,,11,0,11,0.0,0.0,,21.2,,,0,0,0,11,stable,commercial,False
jasa maklon body butter,0,0,0,,9,0,9,0.0,0.0,,12.7,,,0,0,0,9,stable,commercial,False
jasa maklon body care,0,0,0,,12,0,12,0.0,0.0,,26.7,,,0,0,0,12,stable,commercial,False
jasa maklon body cream,0,0,0,,10,0,10,0.0,0.0,,36.8,,,0,0,0,10,stable,commercial,False
jasa maklon body lotion,0,0,0,,6,0,6,0.0,0.0,,14.3,,,0,0,0,6,stable,commercial,False
jasa maklon body mist,0,0,0,,22,0,22,0.0,0.0,,25.2,,,0,0,0,22,stable,commercial,False
jasa maklon body n kids care,0,0,0,,19,0,19,0.0,0.0,,36.3,,,0,0,0,19,stable,commercial,False
jasa maklon body scrub,0,0,0,,13,0,13,0.0,0.0,,16.7,,,0,0,0,13,stable,commercial,False
jasa maklon body serum,0,0,0,,9,0,9,0.0,0.0,,15.8,,,0,0,0,9,stable,commercial,False
jasa maklon body tonner,0,0,0,,11,0,11,0.0,0.0,,14.9,,,0,0,0,11,stable,commercial,False
jasa maklon body wash,0,0,0,,18,0,18,0.0,0.0,,27.3,,,0,0,0,18,stable,commercial,False
jasa maklon bodycare bpom,0,0,0,,15,0,15,0.0,0.0,,14.9,,,0,0,0,15,stable,commercial,False
jasa maklon cleansing balm,0,0,0,,9,0,9,0.0,0.0,,13.8,,,0,0,0,9,stable,commercial,False
jasa maklon cleansing lotion,0,0,0,,11,0,11,0.0,0.0,,17.2,,,0,0,0,11,stable,commercial,False
jasa maklon cleansing milk,0,0,0,,12,0,12,0.0,0.0,,14.8,,,0,0,0,12,stable,commercial,False
jasa maklon cleansing oil,0,0,0,,9,0,9,0.0,0.0,,8.4,,,0,0,0,9,stable,commercial,False
jasa maklon cologne,0,0,0,,11,0,11,0.0,0.0,,27.4,,,0,0,0,11,stable,commercial,False
jasa maklon conditioner,0,0,0,,4,0,4,0.0,0.0,,35.2,,,0,0,0,4,stable,commercial,False
jasa maklon cosmetic,0,0,0,,1,0,1,0.0,0.0,,35.0,,,0,0,0,1,stable,commercial,False
jasa maklon cushion,0,0,0,,2,0,2,0.0,0.0,,4.0,,,0,0,0,2,stable,commercial,False
jasa maklon deodorant,0,0,0,,7,0,7,0.0,0.0,,12.4,,,0,0,0,7,stable,commercial,False
jasa maklon dry shampoo,0,0,0,,15,0,15,0.0,0.0,,15.3,,,0,0,0,15,stable,commercial,False
jasa maklon essence,0,0,0,,1,0,1,0.0,0.0,,25.0,,,0,0,0,1,stable,commercial,False
jasa maklon exfoliator,0,0,0,,3,0,3,0.0,0.0,,7.0,,,0,0,0,3,stable,commercial,False
jasa maklon eye brow serum,0,0,0,,11,0,11,0.0,0.0,,18.8,,,0,0,0,11,stable,commercial,False
jasa maklon eye care,0,0,0,,1,0,1,0.0,0.0,,23.0,,,0,0,0,1,stable,commercial,False
jasa maklon eye cream,0,0,0,,7,0,7,0.0,0.0,,14.6,,,0,0,0,7,stable,commercial,False
jasa maklon eye lash serum,0,0,0,,4,0,4,0.0,0.0,,30.8,,,0,0,0,4,stable,commercial,False
jasa maklon face bronzer,0,0,0,,4,0,4,0.0,0.0,,17.2,,,0,0,0,4,stable,commercial,False
jasa maklon face care,0,0,0,,6,0,6,0.0,0.0,,25.8,,,0,0,0,6,stable,commercial,False
jasa maklon face concealer,0,0,0,,2,0,2,0.0,0.0,,23.5,,,0,0,0,2,stable,commercial,False
jasa maklon face contour,0,0,0,,5,0,5,0.0,0.0,,18.0,,,0,0,0,5,stable,commercial,False
jasa maklon face foundation,0,0,0,,10,0,10,0.0,0.0,,24.3,,,0,0,0,10,stable,commercial,False
jasa maklon face highlighter,0,0,0,,9,0,9,0.0,0.0,,12.4,,,0,0,0,9,stable,commercial,False
jasa maklon face mist,0,0,0,,1,0,1,0.0,0.0,,30.0,,,0,0,0,1,stable,commercial,False
jasa maklon face oil,0,0,0,,1,0,1,0.0,0.0,,18.0,,,0,0,0,1,stable,commercial,False
jasa maklon face primer,0,0,0,,11,0,11,0.0,0.0,,14.2,,,0,0,0,11,stable,commercial,False
jasa maklon face remover water-oil,0,0,0,,8,0,8,0.0,0.0,,9.9,,,0,0,0,8,stable,commercial,False
jasa maklon face toner,0,0,0,,8,0,8,0.0,0.0,,11.1,,,0,0,0,8,stable,commercial,False
jasa maklon facial wash,0,0,0,,15,0,15,0.0,0.0,,17.7,,,0,0,0,15,stable,commercial,False
jasa maklon foot cream,0,0,0,,18,0,18,0.0,0.0,,24.5,,,0,0,0,18,stable,commercial,False
jasa maklon foot mask,0,0,0,,16,0,16,0.0,0.0,,17.0,,,0,0,0,16,stable,commercial,False
jasa maklon hair care,0,0,0,,15,0,15,0.0,0.0,,33.1,,,0,0,0,15,stable,commercial,False
jasa maklon hair conditioner,0,0,0,,10,0,10,0.0,0.0,,26.4,,,0,0,0,10,stable,commercial,False
jasa maklon hair gel,0,0,0,,13,0,13,0.0,0.0,,26.2,,,0,0,0,13,stable,commercial,False
jasa maklon hair mask,0,0,0,,14,0,14,0.0,0.0,,19.6,,,0,0,0,14,stable,commercial,False
jasa maklon hair oil,0,0,0,,2,0,2,0.0,0.0,,35.0,,,0,0,0,2,stable,commercial,False
jasa maklon hair pomade,0,0,0,,6,0,6,0.0,0.0,,26.7,,,0,0,0,6,stable,commercial,False
jasa maklon hair removal,0,0,0,,4,0,4,0.0,0.0,,20.0,,,0,0,0,4,stable,commercial,False
jasa maklon hair serum,0,0,0,,12,0,12,0.0,0.0,,23.3,,,0,0,0,12,stable,commercial,False
jasa maklon hair shampoo,0,0,0,,9,0,9,0.0,0.0,,48.4,,,0,0,0,9,stable,commercial,False
jasa maklon hair spray,0,0,0,,9,0,9,0.0,0.0,,30.1,,,0,0,0,9,stable,commercial,False
jasa maklon hair styling cream,0,0,0,,7,0,7,0.0,0.0,,48.3,,,0,0,0,7,stable,commercial,False
jasa maklon hair tonic,0,0,0,,9,0,9,0.0,0.0,,9.6,,,0,0,0,9,stable,commercial,False
jasa maklon hair wax,0,0,0,,4,0,4,0.0,0.0,,38.8,,,0,0,0,4,stable,commercial,False
jasa maklon hand body cream,0,0,0,,5,0,5,0.0,0.0,,27.0,,,0,0,0,5,stable,commercial,False
jasa maklon hand sanitizer,0,0,0,,8,0,8,0.0,0.0,,12.9,,,0,0,0,8,stable,commercial,False
jasa maklon hand wash,0,0,0,,2,0,2,0.0,0.0,,40.5,,,0,0,0,2,stable,commercial,False
jasa maklon handbody,0,0,0,,7,0,7,0.0,0.0,,17.1,,,0,0,0,7,stable,commercial,False
jasa maklon heat protectant,0,0,0,,5,0,5,0.0,0.0,,11.0,,,0,0,0,5,stable,commercial,False
jasa maklon jabodetabek,0,0,0,,2,0,2,0.0,0.0,,34.5,,,0,0,0,2,stable,commercial,False
jasa maklon kosmetik,3,0,3,100,74,4,70,4.05,0.0,,18.8,49.8,-30.9,3,0,3,86,growing,commercial,False
jasa maklon kosmetik murah,0,0,0,,1,0,1,0.0,0.0,,30.0,,,0,0,0,1,stable,pricing,False
jasa maklon leave-on conditioner,0,0,0,,3,0,3,0.0,0.0,,30.3,,,0,0,0,3,stable,commercial,False
jasa maklon lip balm,0,0,0,,6,0,6,0.0,0.0,,64.3,,,0,0,0,6,stable,commercial,False
jasa maklon lip changing color,0,0,0,,1,0,1,0.0,0.0,,12.0,,,0,0,0,1,stable,commercial,False
jasa maklon lip cream,0,0,0,,9,0,9,0.0,0.0,,32.4,,,0,0,0,9,stable,commercial,False
jasa maklon lip gloss,0,0,0,,7,0,7,0.0,0.0,,34.1,,,0,0,0,7,stable,commercial,False
jasa maklon lip mask,0,0,0,,6,0,6,0.0,0.0,,35.8,,,0,0,0,6,stable,commercial,False
jasa maklon lip mousse,0,0,0,,7,0,7,0.0,0.0,,44.9,,,0,0,0,7,stable,commercial,False
jasa maklon lip oil,0,0,0,,4,0,4,0.0,0.0,,36.5,,,0,0,0,4,stable,commercial,False
jasa maklon lip scrub,0,0,0,,6,0,6,0.0,0.0,,16.0,,,0,0,0,6,stable,commercial,False
jasa maklon lip serum,0,0,0,,13,0,13,0.0,0.0,,36.5,,,0,0,0,13,stable,commercial,False
jasa maklon lip tint,0,0,0,,4,0,4,0.0,0.0,,18.5,,,0,0,0,4,stable,commercial,False
jasa maklon lip velvet,0,0,0,,1,0,1,0.0,0.0,,15.0,,,0,0,0,1,stable,commercial,False
jasa maklon lipstick,0,0,0,,9,0,9,0.0,0.0,,16.0,,,0,0,0,9,stable,commercial,False
jasa maklon loose powder,0,0,0,,3,0,3,0.0,0.0,,15.3,,,0,0,0,3,stable,commercial,False
jasa maklon make up,0,0,0,,12,0,12,0.0,0.0,,28.2,,,0,0,0,12,stable,commercial,False
jasa maklon masker,0,0,0,,2,0,2,0.0,0.0,,12.5,,,0,0,0,2,stable,commercial,False
jasa maklon micellar water,0,0,0,,6,0,6,0.0,0.0,,56.3,,,0,0,0,6,stable,commercial,False
jasa maklon moisturizer,0,0,0,,7,0,7,0.0,0.0,,27.0,,,0,0,0,7,stable,commercial,False
jasa maklon packaging kosmetik,0,0,0,,9,0,9,0.0,0.0,,31.2,,,0,0,0,49,stable,commercial,False
jasa maklon parfum,0,1,-1,-100.0,127,122,5,0.56,0.82,-0.25,34.8,13.3,21.4,0,0,2,354,stable,commercial,False
jasa maklon peeling serum,0,0,0,,1,0,1,0.0,0.0,,45.0,,,0,0,0,1,stable,commercial,False
jasa maklon sabun mandi,0,0,0,,2,0,2,0.0,0.0,,45.5,,,0,0,0,2,stable,commercial,False
jasa maklon scalp scrub,0,0,0,,12,0,12,0.0,0.0,,19.8,,,0,0,0,12,stable,commercial,False
jasa maklon serum,0,0,0,,9,0,9,0.0,0.0,,28.3,,,0,0,0,9,stable,commercial,False
jasa maklon shampoo,0,0,0,,1,0,1,0.0,0.0,,18.0,,,0,0,0,1,stable,commercial,False
jasa maklon skin care,0,0,0,,3,0,3,0.0,0.0,,25.0,,,0,0,0,3,stable,commercial,False
jasa maklon skincare,0,0,0,,96,35,61,0.0,0.0,,34.6,65.3,-30.8,0,0,0,145,stable,commercial,False
jasa maklon skincare jakarta,0,0,0,,2,0,2,0.0,0.0,,9.0,,,0,0,0,2,stable,commercial,False
jasa maklon skincare terbaik,0,0,0,,19,17,2,0.0,0.0,,16.0,42.2,-26.1,0,0,0,53,stable,commercial,False
jasa maklon solid perfume,0,0,0,,9,0,9,0.0,0.0,,42.9,,,0,0,0,9,stable,commercial,False
jasa maklon sunscreen,0,0,0,,18,0,18,0.0,0.0,,9.5,,,0,0,0,18,stable,commercial,False
jasa maklon tangerang,0,0,0,,36,26,10,0.0,0.0,,20.8,17.5,3.4,0,0,0,64,stable,commercial,False
jasa maklon tinted lip serum,0,0,0,,5,0,5,0.0,0.0,,40.0,,,0,0,0,5,stable,commercial,False
jawab dengan rinci,0,0,0,,1,0,1,0.0,0.0,,2.0,,,0,0,0,1,stable,local,False
jelaskan semuanya,0,0,0,,1,0,1,0.0,0.0,,7.0,,,0,0,0,1,stable,other,False
jenis alkohol untuk parfum,0,0,0,,92,46,46,0.48,0.0,,8.2,11.2,-3.0,0,0,1,208,stable,informational,False
jenis jenis parfum,0,0,0,,2,0,2,0.0,0.0,,3.0,,,0,0,0,3,stable,informational,False
jenis vitamin c,0,0,0,,7,1,6,0.0,0.0,,38.6,3.0,35.6,0,0,0,8,stable,informational,False
jenis vitamin c skincare,0,0,0,,3,0,3,0.0,0.0,,18.0,,,0,0,0,3,stable,informational,False
joylab parfum,0,0,0,,1,0,1,0.0,0.0,,20.0,,,0,0,0,1,stable,other,False
jualan produk,0,0,0,,1,0,1,0.0,0.0,,2.0,,,0,0,0,1,stable,other,False
kalau parfum,0,0,0,,1,0,1,0.0,0.0,,3.0,,,0,0,0,1,stable,other,False
kalau strawberry,0,0,0,,1,0,1,0.0,0.0,,3.0,,,0,0,0,1,stable,other,False
kalo gaada?,0,0,0,,1,0,1,0.0,0.0,,10.0,,,0,0,0,1,stable,other,False
kalo parfum,0,0,0,,1,0,1,0.0,0.0,,3.0,,,0,0,0,1,stable,other,False
kalo yang ini gimana,0,0,0,,1,0,1,0.0,0.0,,15.0,,,0,0,0,1,stable,other,False
kandungan alkohol dalam minyak wangi,0,0,0,,6,0,6,0.0,0.0,,70.5,,,0,0,0,6,stable,other,False
kandungan cysteamine,0,0,0,,6,0,6,0.0,0.0,,6.0,,,0,0,0,6,stable,other,False
kandungan cysteamine untuk apa,0,0,0,,27,0,27,0.0,0.0,,9.7,,,0,0,0,27,stable,informational,False
kandungan marina biru,0,0,0,,1,0,1,0.0,0.0,,3.0,,,0,0,0,1,stable,other,False
kandungan parfum dan alcohol yang ada dalam produk melto masing-masing adalah adalah … dan ….,0,0,0,,41,0,41,0.0,0.0,,11.2,,,0,0,0,41,stable,other,False
kapan waktu terbaik minum astaxanthin,0,0,0,,1,0,1,0.0,0.0,,2.0,,,0,0,0,1,stable,informational,False
karya impian laboratoris,11,11,0,0.0,85,72,13,12.94,15.28,-2.34,1.1,1.1,0.1,5,3,68,439,growing,brand,True
karya sehat medistra,0,0,0,,1,0,1,0.0,0.0,,48.0,,,0,0,0,1,stable,other,False
kasus heni sagara,0,0,0,,1,0,1,0.0,0.0,,2.0,,,0,0,0,1,stable,other,False
kata kata promosi cream wajah,0,0,0,,2,0,2,0.0,0.0,,30.5,,,0,0,0,2,stable,other,False
kata kata promosi klinik kecantikan,0,0,0,,2,0,2,0.0,0.0,,14.0,,,0,0,0,4,stable,other,False
kata kata promosi salon kecantikan,0,0,0,,3,0,3,0.0,0.0,,51.7,,,0,0,0,3,stable,other,False
kata kosmetik,0,0,0,,1,0,1,0.0,0.0,,13.0,,,0,0,0,2,stable,other,False
kata-kata hook skincare,0,0,0,,1,0,1,0.0,0.0,,34.0,,,0,0,0,2,stable,other,False
kata-kata promosi cream wajah,0,0,0,,1,0,1,0.0,0.0,,27.0,,,0,0,0,2,stable,other,False
kata-kata promosi lipstik,0,0,0,,1,0,1,0.0,0.0,,3.0,,,0,0,0,1,stable,other,False
kebutuhan astaxanthin per hari,0,0,0,,1,0,1,0.0,0.0,,2.0,,,0,0,0,1,stable,other,False
kecantikan,0,0,0,,1,0,1,0.0,0.0,,4.0,,,0,0,0,1,stable,other,False
keduanya,0,0,0,,2,0,2,0.0,0.0,,2.0,,,0,0,0,2,stable,other,False
keduluan artinya,0,0,0,,1,0,1,0.0,0.0,,31.0,,,0,0,0,1,stable,other,False
kegunaan alkohol di parfum,0,0,0,,8,6,2,0.0,0.0,,10.9,10.5,0.4,0,0,0,14,stable,other,False
kegunaan alkohol pada parfum,0,0,0,,8,0,8,0.0,0.0,,9.9,,,0,0,0,8,stable,other,False
kegunaan astaxanthin,0,0,0,,1,0,1,0.0,0.0,,2.0,,,0,0,0,3,stable,other,False
kegunaan cysteamine,0,0,0,,1,0,1,0.0,0.0,,12.0,,,0,0,0,1,stable,other,False
kegunaan ginseng untuk rambut,0,0,0,,1,0,1,0.0,0.0,,44.0,,,0,0,0,1,stable,other,False
kegunaan hair tonic,0,0,0,,2,0,2,0.0,0.0,,43.5,,,0,0,0,2,stable,other,False
kegunaan hair tonic ginseng,0,0,0,,5,4,1,0.0,0.0,,34.6,18.0,16.6,0,0,0,9,stable,other,False
kegunaan panthenol untuk wajah,0,0,0,,11,9,2,0.0,0.0,,25.6,40.6,-15.0,0,0,0,22,stable,other,False
kelas premium,0,0,0,,1,0,1,0.0,0.0,,1.0,,,0,0,0,1,stable,other,False
kemasan feet bottle,0,0,0,,10,0,10,0.0,0.0,,6.4,,,0,0,0,10,stable,other,False
kenapa,0,0,0,,1,0,1,0.0,0.0,,1.0,,,0,0,0,1,stable,informational,False
kenapa bisa mahal?,0,0,0,,1,0,1,0.0,0.0,,5.0,,,0,0,0,1,stable,informational,False
kenapa keranjang di ig tidak muncul,0,0,0,,5,0,5,0.0,0.0,,3.0,,,0,0,0,5,stable,informational,False
kenapa keranjang di instagram tidak muncul,3,0,3,100,39,8,31,7.69,0.0,,3.0,3.4,-0.3,0,0,3,47,stable,informational,False
kenapa keranjang instagram tidak muncul,2,0,2,100,6,4,2,33.33,0.0,,2.2,4.5,-2.3,0,0,2,10,stable,informational,False
kenapa keranjang putih di instagram tidak muncul,2,0,2,100,14,0,14,14.29,0.0,,4.5,,,0,2,2,14,declining,informational,False
kenapa keranjang shopee tidak muncul,0,0,0,,12,9,3,0.0,0.0,,9.9,11.0,-1.1,0,0,0,22,stable,informational,False
kepanjangan edp,0,0,0,,1,0,1,0.0,0.0,,48.0,,,0,0,0,1,stable,other,False
kepanjangan edp parfum,0,0,0,,3,0,3,0.0,0.0,,32.7,,,0,0,0,4,stable,other,False
keranjang biru,0,0,0,,2,0,2,0.0,0.0,,28.5,,,0,0,0,2,stable,other,False
keranjang putih,0,0,0,,1,0,1,0.0,0.0,,22.0,,,0,0,0,1,stable,other,False
keranjang shopee,0,0,0,,1,0,1,0.0,0.0,,10.0,,,0,0,0,1,stable,other,False
keranjang vidio shopping,0,0,0,,3,0,3,0.0,0.0,,41.3,,,0,0,0,3,stable,other,False
kering,0,0,0,,5,0,5,0.0,0.0,,2.0,,,0,0,0,5,stable,other,False
kerlon,0,0,0,,1,0,1,0.0,0.0,,39.0,,,0,0,0,1,stable,other,False
kesalahan maklon produk,0,0,0,,2,1,1,0.0,0.0,,15.0,16.0,-1.0,0,0,0,6,stable,commercial,False
kesehatan dan kecantikan,0,0,0,,1,0,1,0.0,0.0,,5.0,,,0,0,0,1,stable,other,False
kesehatan kulit,0,0,0,,1,0,1,0.0,0.0,,3.0,,,0,0,0,1,stable,other,False
keuntungan bisnis skincare my mozza,0,0,0,,2,0,2,0.0,0.0,,49.5,,,0,0,0,2,stable,commercial,False
khasiat ginseng untuk rambut,0,0,0,,1,0,1,0.0,0.0,,3.0,,,0,0,0,1,stable,other,False
kids labs,0,0,0,,1,0,1,0.0,0.0,,12.0,,,0,0,0,1,stable,other,False
kinetolab,0,0,0,,1,0,1,0.0,0.0,,46.0,,,0,0,0,1,stable,other,False
kinglab,0,0,0,,1,0,1,0.0,0.0,,55.0,,,0,0,0,1,stable,other,False
kirim alamat,0,0,0,,1,0,1,0.0,0.0,,5.0,,,0,0,0,1,stable,other,False
kok gak ada ya,0,0,0,,1,0,1,0.0,0.0,,1.0,,,0,0,0,1,stable,other,False
kol affiliate program,1,0,1,100,4,0,4,25.0,0.0,,10.0,,,0,0,1,7,stable,other,False
kol affiliate specialist adalah,0,0,0,,1,0,1,0.0,0.0,,3.0,,,0,0,0,1,stable,other,False
kol artis,0,0,0,,1,0,1,0.0,0.0,,3.0,,,0,0,0,1,stable,other,False
kol beauty adalah,0,0,0,,29,11,18,0.0,0.0,,10.9,8.7,2.2,0,0,0,49,stable,other,False
kol dalam marketing adalah,0,0,0,,1,0,1,0.0,0.0,,3.0,,,0,0,0,1,stable,other,False
kol di,0,0,0,,1,0,1,0.0,0.0,,3.0,,,0,0,0,1,stable,other,False
kol kepanjangan dari,0,0,0,,1,0,1,0.0,0.0,,3.0,,,0,0,0,1,stable,other,False
kol shopee,0,0,0,,1,0,1,0.0,0.0,,2.0,,,0,0,0,2,stable,other,False
kol singkatan apa,0,0,0,,1,0,1,0.0,0.0,,3.0,,,0,0,0,1,stable,informational,False
kolkit id,0,0,0,,1,0,1,0.0,0.0,,8.0,,,0,0,0,1,stable,other,False
komsmetik,0,0,0,,1,0,1,0.0,0.0,,2.0,,,0,0,0,1,stable,other,False
konlabos,0,0,0,,3,0,3,0.0,0.0,,60.7,,,0,0,0,3,stable,other,False
korean skincare bali,0,0,0,,1,0,1,0.0,0.0,,42.0,,,0,0,0,1,stable,local,False
kosme,0,0,0,,1,0,1,0.0,0.0,,3.0,,,0,0,0,1,stable,other,False
kosme surabaya,0,0,0,,1,0,1,0.0,0.0,,23.0,,,0,0,0,1,stable,local,False
kosmetik,0,0,0,,2,1,1,0.0,0.0,,26.5,59.0,-32.5,0,0,0,4,stable,other,False
kosmetik bandung,0,0,0,,1,0,1,0.0,0.0,,29.0,,,0,0,0,1,stable,local,False
kosmetik indonesia,0,0,0,,2,0,2,0.0,0.0,,42.0,,,0,0,0,2,stable,local,False
kosmetik kediri,0,0,0,,14,0,14,0.0,0.0,,8.8,,,0,0,0,14,stable,other,False
kosmetik service,0,0,0,,1,0,1,0.0,0.0,,5.0,,,0,0,0,1,stable,other,False
kosmetik sidoarjo,0,0,0,,3,0,3,0.0,0.0,,10.3,,,0,0,0,3,stable,other,False
kosmetik surabaya,0,0,0,,3,2,1,0.0,0.0,,8.7,63.0,-54.3,0,0,0,5,stable,local,False
kosmetik terbaik di indonesia,0,0,0,,2,0,2,0.0,0.0,,17.5,,,0,0,0,2,stable,local,False
kosmetik viral,0,0,0,,1,0,1,0.0,0.0,,21.0,,,0,0,0,1,stable,other,False
kosmetik viral 2026,0,0,0,,1,0,1,0.0,0.0,,7.0,,,0,0,0,1,stable,other,False
kosmetik white label,0,0,0,,1,0,1,0.0,0.0,,19.0,,,0,0,0,1,stable,other,False
kosmetik yang bagus,0,0,0,,1,0,1,0.0,0.0,,25.0,,,0,0,0,1,stable,other,False
kride lab,0,0,0,,1,0,1,0.0,0.0,,11.0,,,0,0,0,1,stable,other,False
krim gel,0,0,0,,1,0,1,0.0,0.0,,3.0,,,0,0,0,1,stable,other,False
krim itu apa,0,0,0,,1,0,1,0.0,0.0,,3.0,,,0,0,0,1,stable,informational,False
krim natural gel,0,0,0,,1,0,1,0.0,0.0,,2.0,,,0,0,0,1,stable,other,False
krim pengencang wajah,0,0,0,,6,0,6,0.0,0.0,,23.0,,,0,0,0,6,stable,other,False
krim styling terbaik untuk rambut keriting kering hidrasi,0,0,0,,1,0,1,0.0,0.0,,14.0,,,0,0,0,1,stable,other,False
kulit kaki,0,0,0,,1,0,1,0.0,0.0,,2.0,,,0,0,0,1,stable,other,False
kulit kering,0,0,0,,1,0,1,0.0,0.0,,2.0,,,0,0,0,1,stable,other,False
kulit kering pakai moisturizer gel atau cream,0,0,0,,2,0,2,0.0,0.0,,8.0,,,0,0,0,2,stable,comparison,False
kursus peracik dari nol membuat sincare dari nol dibimbing sampai bisa daftar sekarang!,0,0,0,,2,0,2,0.0,0.0,,17.0,,,0,0,0,2,stable,other,False
kyk gini,0,0,0,,1,0,1,0.0,0.0,,2.0,,,0,0,0,1,stable,other,False
la tulipe moisturizer gel,0,0,0,,3,0,3,0.0,0.0,,3.7,,,0,0,0,3,stable,other,False
laa vitamin c,0,0,0,,1,0,1,0.0,0.0,,12.0,,,0,0,0,1,stable,other,False
lab rnd adalah,0,0,0,,1,0,1,0.0,0.0,,2.0,,,0,0,0,1,stable,other,False
labore skin nutrition gel dipakai kapan,0,0,0,,1,0,1,0.0,0.0,,3.0,,,0,0,0,1,stable,informational,False
labs kelola,0,0,0,,5,0,5,0.0,0.0,,9.2,,,0,0,0,5,stable,other,False
lain,0,0,0,,1,0,1,0.0,0.0,,1.0,,,0,0,0,1,stable,other,False
lainnya,0,0,0,,2,0,2,0.0,0.0,,3.0,,,0,0,0,2,stable,other,False
lavojoy body lotion,0,0,0,,1,0,1,0.0,0.0,,3.0,,,0,0,0,1,stable,other,False
lebih awet edp atau edt,0,0,0,,1,0,1,0.0,0.0,,54.0,,,0,0,0,1,stable,comparison,False
lebih banyak lagi,1,0,1,100,3,0,3,33.33,0.0,,3.7,,,0,0,1,3,stable,other,False
lebih tahan lama edp atau edt,0,0,0,,2,0,2,0.0,0.0,,17.0,,,0,0,0,4,stable,comparison,False
liderlab,0,0,0,,1,0,1,0.0,0.0,,42.0,,,0,0,0,1,stable,other,False
lightening adalah,0,0,0,,1,0,1,0.0,0.0,,2.0,,,0,0,0,1,stable,other,False
lightweight gel cream,0,0,0,,1,0,1,0.0,0.0,,4.0,,,0,0,0,1,stable,other,False
liora body serum dna salmon apakah sudah bpom,0,0,0,,1,0,1,0.0,0.0,,3.0,,,0,0,0,1,stable,commercial,False
lip balm custom,0,0,0,,1,0,1,0.0,0.0,,1.0,,,0,0,0,1,stable,commercial,False
lip blush apakah halal,0,0,0,,3,0,3,0.0,0.0,,7.3,,,0,0,0,3,stable,commercial,False
lip blush halal,0,0,0,,6,0,6,0.0,0.0,,9.0,,,0,0,0,6,stable,commercial,False
lip gloss premium brand,0,0,0,,1,0,1,0.0,0.0,,2.0,,,0,0,0,1,stable,commercial,False
lipstik,0,0,0,,1,0,1,0.0,0.0,,1.0,,,0,0,0,1,stable,other,False
liquid blush packaging,0,0,0,,1,0,1,0.0,0.0,,10.0,,,0,0,0,1,stable,other,False
logo cpkb,0,0,0,,27,1,26,0.0,0.0,,9.5,7.0,2.5,0,0,0,37,stable,other,False
logo hb dosting,0,0,0,,56,3,53,0.0,0.0,,5.8,7.7,-1.8,0,0,0,59,stable,other,False
lonkoom perfume,0,0,0,,1,0,1,0.0,0.0,,1.0,,,0,0,0,1,stable,other,False
lotion kulit belang,0,0,0,,1,0,1,0.0,0.0,,3.0,,,0,0,0,1,stable,other,False
lotion mencerahkan kulit,0,0,0,,1,0,1,0.0,0.0,,3.0,,,0,0,0,1,stable,other,False
lotion sheriz,0,0,0,,1,0,1,0.0,0.0,,3.0,,,0,0,0,1,stable,other,False
lotion white inc,0,0,0,,1,0,1,0.0,0.0,,3.0,,,0,0,0,1,stable,other,False
lulur ampas kopi,0,0,0,,4,0,4,0.0,0.0,,6.8,,,0,0,0,4,stable,other,False
lulur apa yang bisa memutihkan kulit dengan cepat,0,0,0,,1,0,1,0.0,0.0,,3.0,,,0,0,0,1,stable,informational,False
lulur kopi berapa menit,0,0,0,,5,0,5,0.0,0.0,,9.8,,,0,0,0,5,stable,informational,False
lulur kopi untuk memutihkan badan,0,0,0,,1,0,1,0.0,0.0,,3.0,,,0,0,0,1,stable,other,False
lulur pemutih badan,0,0,0,,1,0,1,0.0,0.0,,3.0,,,0,0,0,1,stable,other,False
luluran kopi berapa menit,0,0,0,,16,0,16,0.0,0.0,,9.3,,,0,0,0,16,stable,informational,False
luluran pakai kopi,0,0,0,,1,0,1,0.0,0.0,,45.0,,,0,0,0,1,stable,other,False
lunaray beauty factory,0,0,0,,1,0,1,0.0,0.0,,34.0,,,0,0,0,1,stable,other,False
lush,0,0,0,,1,0,1,0.0,0.0,,4.0,,,0,0,0,1,stable,other,False
macam2 vitamin c,0,0,0,,1,0,1,0.0,0.0,,50.0,,,0,0,0,1,stable,other,False
mackerlab,0,0,0,,1,0,1,0.0,0.0,,46.0,,,0,0,0,1,stable,other,False
madame gie punya siapa,0,0,0,,1,0,1,0.0,0.0,,3.0,,,0,0,0,1,stable,informational,False
maglon,0,0,0,,1,0,1,0.0,0.0,,1.0,,,0,0,0,1,stable,other,False
make up lokal brand,0,0,0,,1,0,1,0.0,0.0,,3.0,,,0,0,0,1,stable,commercial,False
maklin,0,0,0,,10,3,7,0.0,0.0,,7.8,7.7,0.1,0,0,0,13,stable,other,False
maklon,0,0,0,,54,38,16,0.0,0.0,,10.8,3.8,7.0,0,0,0,144,stable,commercial,False
maklon acne spot cream,0,0,0,,3,0,3,0.0,0.0,,9.3,,,0,0,0,3,stable,commercial,False
maklon aerosol,0,0,0,,1,0,1,0.0,0.0,,47.0,,,0,0,0,1,stable,commercial,False
maklon apa,0,0,0,,2,0,2,0.0,0.0,,7.0,,,0,0,0,4,stable,commercial,False
maklon baby bug repellent,0,0,0,,16,5,11,0.0,0.0,,21.0,30.4,-9.4,0,0,0,42,stable,commercial,False
maklon bb cream,0,0,0,,10,0,10,0.0,0.0,,15.3,,,0,0,0,10,stable,commercial,False
maklon bergaransi,0,0,0,,13,1,12,0.0,0.0,,48.2,12.0,36.2,0,0,0,14,stable,commercial,False
maklon bersertifikasi halal,0,0,0,,24,16,8,0.0,0.0,,42.3,11.0,31.3,0,0,0,44,stable,commercial,False
maklon blush on,0,0,0,,1,0,1,0.0,0.0,,16.0,,,0,0,0,1,stable,commercial,False
maklon body cream,0,0,0,,7,0,7,0.0,0.0,,24.6,,,0,0,0,7,stable,commercial,False
maklon body lotion dan body wash,0,0,0,,2,0,2,0.0,0.0,,15.5,,,0,0,0,2,stable,commercial,False
maklon body n kids care,0,0,0,,27,0,27,0.0,0.0,,28.6,,,0,0,0,27,stable,commercial,False
maklon body serum,1,0,1,100,8,0,8,12.5,0.0,,14.4,,,1,0,1,8,growing,commercial,False
maklon body serum eksklusif,0,0,0,,16,0,16,0.0,0.0,,12.9,,,0,0,0,16,stable,commercial,False
maklon body tonner,0,0,0,,3,0,3,0.0,0.0,,14.0,,,0,0,0,3,stable,commercial,False
maklon bodycare,2,1,1,100.0,99,64,35,2.02,1.56,0.46,9.2,16.4,-7.2,1,1,5,272,stable,commercial,False
maklon bodycare murah dan berkualitas,0,0,0,,6,0,6,0.0,0.0,,15.3,,,0,0,0,6,stable,pricing,False
maklon bodycare surabaya,0,0,0,,15,0,15,0.0,0.0,,12.3,,,0,0,0,15,stable,commercial,False
maklon bodycare terbaik di indonesia,0,0,0,,13,0,13,0.0,0.0,,18.0,,,0,0,0,13,stable,commercial,False
maklon botol parfum,0,0,0,,2,0,2,0.0,0.0,,9.0,,,0,0,0,2,stable,commercial,False
maklon bpom,0,0,0,,9,2,7,0.0,0.0,,22.6,65.0,-42.4,0,0,0,12,stable,commercial,False
maklon brand sendiri,0,0,0,,9,0,9,0.0,0.0,,6.8,,,0,0,0,9,stable,commercial,False
maklon cleansing balm,0,0,0,,15,0,15,0.0,0.0,,14.6,,,0,0,0,15,stable,commercial,False
maklon cleansing lotion,0,0,0,,10,0,10,0.0,0.0,,20.3,,,0,0,0,10,stable,commercial,False
maklon cleansing milk,0,0,0,,7,0,7,0.0,0.0,,18.1,,,0,0,0,7,stable,commercial,False
maklon cleansing oil,0,0,0,,9,0,9,0.0,0.0,,14.1,,,0,0,0,9,stable,commercial,False
maklon cologne,0,0,0,,6,0,6,0.0,0.0,,18.5,,,0,0,0,6,stable,commercial,False
maklon conditioner,0,0,0,,5,0,5,0.0,0.0,,29.6,,,0,0,0,5,stable,commercial,False
maklon cosmetic,0,0,0,,1,0,1,0.0,0.0,,7.0,,,0,0,0,1,stable,commercial,False
maklon cushion,0,0,0,,3,0,3,0.0,0.0,,11.0,,,0,0,0,3,stable,commercial,False
maklon deodoran,0,0,0,,25,19,6,0.0,0.0,,16.7,29.7,-13.1,0,0,0,75,stable,commercial,False
maklon deodorant,10,2,8,400.0,36,10,26,27.78,20.0,7.78,17.1,33.8,-16.7,9,0,12,46,growing,commercial,False
maklon deodorant spray,1,0,1,100,6,0,6,16.67,0.0,,8.0,,,0,0,1,6,stable,commercial,False
maklon diffuser,0,0,0,,7,0,7,0.0,0.0,,8.0,,,0,0,0,7,stable,commercial,False
maklon dry shampoo,3,0,3,100,39,0,39,7.69,0.0,,15.7,,,3,0,3,39,growing,commercial,False
maklon essence,0,0,0,,2,0,2,0.0,0.0,,32.5,,,0,0,0,2,stable,commercial,False
maklon essential oil,0,0,0,,13,0,13,0.0,0.0,,9.2,,,0,0,0,13,stable,commercial,False
maklon eye care,0,0,0,,6,0,6,0.0,0.0,,7.0,,,0,0,0,6,stable,commercial,False
maklon eye cream,0,0,0,,7,0,7,0.0,0.0,,8.9,,,0,0,0,7,stable,commercial,False
maklon eye lash serum,0,0,0,,2,0,2,0.0,0.0,,19.5,,,0,0,0,2,stable,commercial,False
maklon eye mask,0,0,0,,2,0,2,0.0,0.0,,19.0,,,0,0,0,2,stable,commercial,False
maklon eye serum,0,0,0,,7,0,7,0.0,0.0,,11.0,,,0,0,0,7,stable,commercial,False
maklon face care,0,0,0,,2,0,2,0.0,0.0,,15.5,,,0,0,0,2,stable,commercial,False
maklon face foundation,0,0,0,,2,0,2,0.0,0.0,,12.0,,,0,0,0,2,stable,commercial,False
maklon face highlighter,0,0,0,,7,0,7,0.0,0.0,,14.0,,,0,0,0,7,stable,commercial,False
maklon face primer,0,0,0,,6,0,6,0.0,0.0,,9.8,,,0,0,0,6,stable,commercial,False
maklon face remover water-oil,0,0,0,,7,0,7,0.0,0.0,,13.3,,,0,0,0,7,stable,commercial,False
maklon face toner,0,0,0,,9,0,9,0.0,0.0,,4.4,,,0,0,0,9,stable,commercial,False
maklon facial wash,0,0,0,,4,0,4,0.0,0.0,,7.8,,,0,0,0,4,stable,commercial,False
maklon foot cream,0,0,0,,28,0,28,0.0,0.0,,20.0,,,0,0,0,28,stable,commercial,False
maklon foot mask,0,0,0,,21,0,21,0.0,0.0,,24.7,,,0,0,0,21,stable,commercial,False
maklon hair conditioner,0,0,0,,3,0,3,0.0,0.0,,30.0,,,0,0,0,3,stable,commercial,False
maklon hair gel,0,0,0,,9,0,9,0.0,0.0,,13.0,,,0,0,0,9,stable,commercial,False
maklon hair mask,1,0,1,100,19,0,19,5.26,0.0,,15.4,,,0,1,1,19,declining,commercial,False
maklon hair oil,0,0,0,,1,0,1,0.0,0.0,,25.0,,,0,0,0,1,stable,commercial,False
maklon hair pomade,0,0,0,,3,0,3,0.0,0.0,,20.0,,,0,0,0,3,stable,commercial,False
maklon hair removal,0,0,0,,4,0,4,0.0,0.0,,32.8,,,0,0,0,4,stable,commercial,False
maklon hair serum,1,0,1,100,22,0,22,4.55,0.0,,12.6,,,0,1,1,22,declining,commercial,False
maklon hair shampoo,0,0,0,,15,0,15,0.0,0.0,,42.3,,,0,0,0,15,stable,commercial,False
maklon hair spray,0,0,0,,11,0,11,0.0,0.0,,24.4,,,0,0,0,11,stable,commercial,False
maklon hair styling cream,0,0,0,,8,0,8,0.0,0.0,,19.8,,,0,0,0,8,stable,commercial,False
maklon hair tonic,0,0,0,,7,0,7,0.0,0.0,,23.6,,,0,0,0,7,stable,commercial,False
maklon hair wax,0,0,0,,4,0,4,0.0,0.0,,32.2,,,0,0,0,4,stable,commercial,False
maklon hand body cream,0,0,0,,3,0,3,0.0,0.0,,37.3,,,0,0,0,3,stable,commercial,False
maklon hand sanitizer,0,0,0,,16,0,16,0.0,0.0,,11.0,,,0,0,0,16,stable,commercial,False
maklon hand wash,0,0,0,,1,0,1,0.0,0.0,,40.0,,,0,0,0,1,stable,commercial,False
maklon heat protectant,0,0,0,,3,0,3,0.0,0.0,,18.0,,,0,0,0,3,stable,commercial,False
maklon herbal,0,0,0,,1,0,1,0.0,0.0,,17.0,,,0,0,0,1,stable,commercial,False
maklon herbal bandung,0,0,0,,11,3,8,0.0,0.0,,41.8,61.0,-19.2,0,0,0,14,stable,commercial,False
maklon herbal di jogja,0,0,0,,3,0,3,0.0,0.0,,40.3,,,0,0,0,3,stable,commercial,False
maklon herbal surabaya,0,0,0,,26,16,10,0.0,0.0,,33.4,56.7,-23.3,0,0,0,47,stable,commercial,False
maklon indonesia,1,0,1,100,5,1,4,20.0,0.0,,20.2,1.0,19.2,1,0,1,6,growing,commercial,False
maklon itu apa,0,0,0,,3,0,3,0.0,0.0,,11.3,,,0,0,0,4,stable,commercial,False
maklon kondisioner,0,0,0,,17,5,12,0.0,0.0,,14.2,53.4,-39.2,0,0,0,92,stable,commercial,False
maklon kosmetik,6,3,3,100.0,366,244,122,1.64,1.23,0.41,15.4,25.9,-10.4,2,0,9,818,growing,commercial,False
maklon kosmetik bandung,2,2,0,0.0,151,145,6,1.32,1.38,-0.05,11.6,12.0,-0.4,0,1,4,315,declining,commercial,False
maklon kosmetik bekasi,0,0,0,,27,1,26,0.0,0.0,,13.6,42.0,-28.4,0,0,0,28,stable,commercial,False
maklon kosmetik bpom,0,0,0,,16,4,12,0.0,0.0,,26.9,22.5,4.4,0,0,0,26,stable,commercial,False
maklon kosmetik di indonesia,0,0,0,,2,0,2,0.0,0.0,,30.0,,,0,0,0,2,stable,commercial,False
maklon kosmetik halal dan bpom,0,0,0,,14,1,13,0.0,0.0,,30.9,28.0,2.9,0,0,0,169,stable,commercial,False
maklon kosmetik indonesia,0,1,-1,-100.0,25,22,3,2.04,4.55,-2.5,30.1,31.4,-1.4,0,0,1,49,stable,commercial,False
maklon kosmetik jogja,1,0,1,100,5,0,5,20.0,0.0,,15.2,,,1,0,1,5,growing,commercial,False
maklon kosmetik malang,1,0,1,100,45,40,5,2.22,0.0,,10.8,17.8,-7.1,1,0,1,100,growing,commercial,False
maklon kosmetik medan,1,0,1,100,28,0,28,3.57,0.0,,8.5,,,1,0,1,28,growing,commercial,False
maklon kosmetik moq 100 pcs,0,0,0,,2,1,1,0.0,0.0,,22.0,36.0,-14.0,0,0,0,3,stable,commercial,False
maklon kosmetik palembang,0,0,0,,3,0,3,0.0,0.0,,19.0,,,0,0,0,5,stable,commercial,False
maklon kosmetik skala kecil,0,0,0,,10,6,4,0.0,0.0,,10.4,55.3,-44.9,0,0,0,18,stable,commercial,False
maklon kosmetik surabaya,20,7,13,185.7,458,259,199,4.37,2.7,1.66,10.2,15.7,-5.6,6,12,29,1035,declining,commercial,False
maklon kosmetik terbaik di indonesia,1,0,1,100,71,61,10,1.41,0.0,,11.5,20.6,-9.1,0,1,1,146,declining,commercial,False
maklon kosmetik terdekat,3,0,3,100,15,8,7,20.0,0.0,,7.7,8.2,-0.5,1,2,3,32,declining,commercial,False
maklon krim cukur,0,0,0,,12,0,12,0.0,0.0,,36.1,,,0,0,0,129,stable,commercial,False
maklon krim penghilang stretch mark,0,0,0,,1,0,1,0.0,0.0,,49.0,,,0,0,0,20,stable,commercial,False
maklon krim ruam popok,0,0,0,,33,21,12,0.0,0.0,,15.6,15.5,0.1,0,0,0,91,stable,commercial,False
maklon leave-on conditioner,0,0,0,,6,0,6,0.0,0.0,,39.8,,,0,0,0,6,stable,commercial,False
maklon lip balm,0,0,0,,2,0,2,0.0,0.0,,19.5,,,0,0,0,2,stable,commercial,False
maklon lip changing color,0,0,0,,1,0,1,0.0,0.0,,24.0,,,0,0,0,1,stable,commercial,False
maklon lip cream,0,0,0,,5,0,5,0.0,0.0,,33.2,,,0,0,0,5,stable,commercial,False
maklon lip gloss,0,0,0,,3,0,3,0.0,0.0,,9.3,,,0,0,0,3,stable,commercial,False
maklon lip oil,0,0,0,,2,0,2,0.0,0.0,,17.0,,,0,0,0,2,stable,commercial,False
maklon lip scrub,0,0,0,,1,0,1,0.0,0.0,,5.0,,,0,0,0,1,stable,commercial,False
maklon lip serum,2,0,2,100,12,0,12,16.67,0.0,,13.6,,,2,0,2,12,growing,commercial,False
maklon lipstick,0,0,0,,11,0,11,0.0,0.0,,8.4,,,0,0,0,11,stable,commercial,False
maklon lipstik,0,0,0,,130,31,99,0.0,0.0,,10.0,7.1,2.9,0,0,0,161,stable,commercial,False
maklon liquid vape,0,0,0,,3,0,3,0.0,0.0,,8.0,,,0,0,0,3,stable,commercial,False
maklon loose powder,0,0,0,,1,0,1,0.0,0.0,,6.0,,,0,0,0,1,stable,commercial,False
maklon lotion,0,0,0,,1,0,1,0.0,0.0,,24.0,,,0,0,0,3,stable,commercial,False
maklon lulur dan body scrub,0,0,0,,2,0,2,0.0,0.0,,18.0,,,0,0,0,2,stable,commercial,False
maklon makassar,0,0,0,,5,0,5,0.0,0.0,,7.4,,,0,0,0,5,stable,commercial,False
maklon make up,0,0,0,,16,0,16,0.0,0.0,,16.5,,,0,0,0,16,stable,commercial,False
maklon masker,0,0,0,,8,2,6,0.0,0.0,,10.8,90.0,-79.2,0,0,0,18,stable,commercial,False
maklon masker medis,0,0,0,,3,0,3,0.0,0.0,,22.0,,,0,0,0,3,stable,commercial,False
maklon masker wajah,0,0,0,,6,1,5,0.0,0.0,,10.3,79.0,-68.7,0,0,0,15,stable,commercial,False
maklon micellar water,0,0,0,,2,0,2,0.0,0.0,,22.5,,,0,0,0,2,stable,commercial,False
maklon minyak bayi,0,0,0,,40,28,12,0.0,0.0,,13.6,50.0,-36.4,0,0,0,87,stable,commercial,False
maklon minyak kayu putih,0,0,0,,1,0,1,0.0,0.0,,63.0,,,0,0,0,1,stable,commercial,False
maklon minyak telon,0,0,0,,1,0,1,0.0,0.0,,18.0,,,0,0,0,1,stable,commercial,False
maklon moisturizer,0,0,0,,9,0,9,0.0,0.0,,21.9,,,0,0,0,9,stable,commercial,False
maklon parfum,1,7,-6,-85.7,372,294,78,0.27,2.38,-2.11,34.1,33.9,0.2,1,0,12,980,growing,commercial,False
maklon parfum adalah,0,0,0,,50,3,47,0.0,0.0,,9.3,11.0,-1.7,0,0,0,54,stable,commercial,False
maklon parfum bandung,1,0,1,100,10,1,9,10.0,0.0,,20.8,34.0,-13.2,0,0,1,12,stable,commercial,False
maklon parfum bekasi,3,0,3,100,53,0,53,5.66,0.0,,8.6,,,1,1,3,53,stable,commercial,False
maklon parfum indonesia,0,0,0,,6,5,1,0.0,0.0,,29.0,16.4,12.6,0,0,0,12,stable,commercial,False
maklon parfum itu apa,0,0,0,,13,0,13,0.0,0.0,,8.6,,,0,0,0,13,stable,commercial,False
maklon parfum jakarta,4,9,-5,-55.6,161,125,36,2.48,7.2,-4.72,8.4,11.8,-3.4,1,1,16,364,stable,commercial,False
maklon parfum jogja,0,0,0,,1,0,1,0.0,0.0,,41.0,,,0,0,0,1,stable,commercial,False
maklon parfum medan,0,0,0,,1,0,1,0.0,0.0,,10.0,,,0,0,0,1,stable,commercial,False
maklon parfum murah,0,0,0,,22,12,10,0.0,0.0,,27.7,45.8,-18.2,0,0,0,34,stable,pricing,False
maklon parfum surabaya,29,21,8,38.1,681,575,106,4.26,3.65,0.61,8.6,7.4,1.2,6,13,62,1759,declining,commercial,False
maklon parfum terbaik,7,2,5,250.0,235,97,138,2.98,2.06,0.92,7.0,7.6,-0.7,3,2,9,334,growing,commercial,False
maklon peeling serum,0,0,0,,4,0,4,0.0,0.0,,13.2,,,0,0,0,4,stable,commercial,False
maklon pembersih wajah,0,0,0,,4,1,3,0.0,0.0,,23.8,40.0,-16.2,0,0,0,67,stable,commercial,False
maklon pomade,2,0,2,100,2,0,2,100.0,0.0,,15.0,,,2,0,3,3,growing,commercial,False
maklon powder cosmetic industry,0,0,0,,5,1,4,0.0,0.0,,47.0,50.0,-3.0,0,0,0,67,stable,commercial,False
maklon produk kesehatan,0,0,0,,1,0,1,0.0,0.0,,4.0,,,0,0,0,1,stable,commercial,False
maklon produk personal care,0,0,0,,2,0,2,0.0,0.0,,24.5,,,0,0,0,2,stable,commercial,False
maklon reed diffuser,10,1,9,900.0,78,14,64,12.82,7.14,5.68,7.8,16.6,-8.8,4,6,11,92,declining,commercial,False
maklon sabun antibakteri,0,0,0,,13,12,1,0.0,0.0,,11.9,18.8,-6.8,0,0,0,69,stable,commercial,False
maklon sabun herbal,0,0,0,,18,3,15,0.0,0.0,,33.8,11.0,22.8,0,0,0,21,stable,commercial,False
maklon sabun organik,1,0,1,100,22,4,18,4.55,0.0,,9.5,12.5,-3.0,1,0,1,46,growing,commercial,False
maklon sabun pemutih (pencerah),0,0,0,,44,36,8,0.0,0.0,,15.2,28.7,-13.5,0,0,0,125,stable,commercial,False
maklon scalp scrub,0,0,0,,10,0,10,0.0,0.0,,21.9,,,0,0,0,10,stable,commercial,False
maklon setting spray,0,0,0,,3,0,3,0.0,0.0,,17.0,,,0,0,0,3,stable,commercial,False
maklon skincare,3,0,3,100,309,277,32,0.97,0.0,,35.3,49.9,-14.7,2,0,4,934,growing,commercial,False
maklon skincare bpom,0,0,0,,13,2,11,0.0,0.0,,30.2,16.0,14.2,0,0,0,17,stable,commercial,False
maklon skincare indonesia,0,0,0,,6,1,5,0.0,0.0,,6.2,45.0,-38.8,0,0,0,7,stable,commercial,False
maklon skincare jogja,0,0,0,,2,0,2,0.0,0.0,,21.0,,,0,0,0,2,stable,commercial,False
maklon skincare medan,1,0,1,100,1,0,1,100.0,0.0,,1.0,,,0,0,1,1,stable,commercial,False
maklon skincare moq rendah,1,0,1,100,4,2,2,25.0,0.0,,29.5,14.0,15.5,0,0,1,12,stable,pricing,False
maklon skincare organik natural,0,0,0,,5,1,4,0.0,0.0,,38.8,37.0,1.8,0,0,0,110,stable,commercial,False
maklon skincare sidoarjo,0,1,-1,-100.0,108,54,54,0.56,1.85,-1.29,34.7,14.1,20.6,0,0,1,177,stable,commercial,False
maklon skincare surabaya,13,5,8,160.0,267,238,29,4.87,2.1,2.77,5.2,15.1,-9.9,4,8,18,755,declining,commercial,False
maklon skincare tangerang,1,2,-1,-50.0,36,32,4,2.78,6.25,-3.47,5.8,7.4,-1.6,1,0,3,68,growing,commercial,False
maklon skincare terbaik,10,4,6,150.0,515,499,16,1.94,0.8,1.14,7.5,15.6,-8.2,5,5,14,1288,stable,commercial,False
maklon skincare terbaik di indonesia,6,1,5,500.0,102,76,26,5.88,1.32,4.57,4.8,4.1,0.7,4,1,8,206,growing,commercial,False
maklon solid perfume,0,0,0,,12,0,12,0.0,0.0,,30.9,,,0,0,0,12,stable,commercial,False
maklon sunscreen,2,0,2,100,77,44,33,2.6,0.0,,11.5,18.8,-7.2,1,1,2,183,stable,commercial,False
maklon suplemen kecantikan,0,0,0,,24,4,20,0.0,0.0,,27.6,48.5,-20.9,0,0,0,49,stable,commercial,False
maklon suplemen pranatal dan menyusui,0,0,0,,2,0,2,0.0,0.0,,44.5,,,0,0,0,3,stable,commercial,False
maklon surabaya,6,4,2,50.0,136,87,49,4.41,4.6,-0.19,4.9,6.0,-1.0,2,1,15,358,growing,commercial,False
maklon terbaik di indonesia,2,0,2,100,120,22,98,1.67,0.0,,7.4,10.6,-3.2,2,0,2,143,growing,commercial,False
maklon terdekat,1,0,1,100,17,6,11,5.88,0.0,,8.6,14.5,-5.8,0,1,1,40,declining,commercial,False
maklon tinted lip serum,0,0,0,,6,0,6,0.0,0.0,,39.8,,,0,0,0,6,stable,commercial,False
maklon toner,0,0,0,,13,7,6,0.0,0.0,,12.2,38.9,-26.6,0,0,0,57,stable,commercial,False
maklon tonik rambut,0,0,0,,29,25,4,0.0,0.0,,20.7,37.3,-16.7,0,0,0,104,stable,commercial,False
maklon yang paling diminati 2026,0,0,0,,1,0,1,0.0,0.0,,10.0,,,0,0,0,1,stable,commercial,False
makloon parfum,0,0,0,,4,1,3,0.0,0.0,,34.0,20.0,14.0,0,0,0,5,stable,other,False
makloon parfum bandung,0,0,0,,2,0,2,0.0,0.0,,11.0,,,0,0,0,2,stable,local,False
malfon,0,0,0,,1,0,1,0.0,0.0,,1.0,,,0,0,0,1,stable,other,False
manfaat akar ginseng untuk rambut,0,0,0,,5,0,5,0.0,0.0,,19.8,,,0,0,0,5,stable,informational,False
manfaat asta plus 8,0,0,0,,1,0,1,0.0,0.0,,3.0,,,0,0,0,1,stable,informational,False
manfaat asta plus untuk wanita,0,0,0,,1,0,1,0.0,0.0,,3.0,,,0,0,0,1,stable,informational,False
manfaat astaxanthin,0,0,0,,2,0,2,0.0,0.0,,3.0,,,0,0,0,3,stable,informational,False
manfaat astaxanthin gel untuk wajah,0,0,0,,1,0,1,0.0,0.0,,3.0,,,0,0,0,1,stable,informational,False
manfaat astaxanthin untuk kesehatan,0,0,0,,1,0,1,0.0,0.0,,3.0,,,0,0,0,1,stable,informational,False
manfaat astaxanthin untuk kulit,0,0,0,,18,8,10,0.0,0.0,,59.7,77.4,-17.7,0,0,0,41,stable,informational,False
manfaat astaxanthin untuk rambut,0,0,0,,1,0,1,0.0,0.0,,59.0,,,0,0,0,2,stable,informational,False
manfaat astaxanthin untuk wajah,0,0,0,,20,9,11,0.0,0.0,,47.8,75.3,-27.5,0,0,0,56,stable,informational,False
manfaat asthin force 12 untuk kecantikan,0,0,0,,1,0,1,0.0,0.0,,3.0,,,0,0,0,2,stable,informational,False
manfaat asthin force 6 untuk kecantikan,0,0,0,,1,0,1,0.0,0.0,,3.0,,,0,0,0,1,stable,informational,False
manfaat axtansantin,0,0,0,,2,0,2,0.0,0.0,,3.0,,,0,0,0,2,stable,informational,False
manfaat body lotion citra bengkoang,0,0,0,,1,0,1,0.0,0.0,,2.0,,,0,0,0,1,stable,informational,False
manfaat citra uv body lotion perfect bright bengkoang,0,0,0,,1,0,1,0.0,0.0,,2.0,,,0,0,0,1,stable,informational,False
manfaat cysteamine,0,0,0,,16,0,16,0.0,0.0,,11.6,,,0,0,0,16,stable,informational,False
manfaat cysteamine untuk wajah,0,0,0,,6,0,6,0.0,0.0,,11.5,,,0,0,0,6,stable,informational,False
manfaat gingseng buat rambut,0,0,0,,3,0,3,0.0,0.0,,31.0,,,0,0,0,3,stable,informational,False
manfaat gingseng untuk rambut,0,0,0,,3,0,3,0.0,0.0,,42.7,,,0,0,0,3,stable,informational,False
manfaat ginseng bagi rambut,0,0,0,,1,0,1,0.0,0.0,,44.0,,,0,0,0,1,stable,informational,False
manfaat ginseng buat rambut,0,0,0,,1,0,1,0.0,0.0,,11.0,,,0,0,0,1,stable,informational,False
manfaat ginseng untuk rambut,0,0,0,,27,1,26,0.0,0.0,,15.8,39.0,-23.2,0,0,0,28,stable,informational,False
manfaat hair tonic,0,0,0,,3,2,1,0.0,0.0,,43.0,89.0,-46.0,0,0,0,5,stable,informational,False
manfaat hair tonic ginseng,0,0,0,,39,0,39,0.0,0.0,,21.0,,,0,0,0,39,stable,informational,False
manfaat hair tonic ginseng untuk rambut,0,0,0,,2,0,2,0.0,0.0,,11.0,,,0,0,0,2,stable,informational,False
manfaat hair tonic hijau,0,0,0,,1,0,1,0.0,0.0,,43.0,,,0,0,0,1,stable,informational,False
manfaat handbody marina campur minyak zaitun,0,0,0,,1,0,1,0.0,0.0,,3.0,,,0,0,0,1,stable,informational,False
manfaat kopi hitam untuk lulur badan,0,0,0,,1,0,1,0.0,0.0,,3.0,,,0,0,0,1,stable,informational,False
manfaat minum astaxanthin setiap hari,0,0,0,,1,0,1,0.0,0.0,,2.0,,,0,0,0,1,stable,informational,False
manfaat moist panthenol,0,0,0,,1,0,1,0.0,0.0,,9.0,,,0,0,0,1,stable,informational,False
manfaat moisturizer body massage gel,0,0,0,,1,0,1,0.0,0.0,,3.0,,,0,0,0,1,stable,informational,False
manfaat moisturizer gel,0,0,0,,1,0,1,0.0,0.0,,3.0,,,0,0,0,1,stable,informational,False
manfaat niacinamide 5 persen untuk wajah,0,0,0,,2,0,2,0.0,0.0,,6.5,,,0,0,0,2,stable,informational,False
manfaat obat astaxanthin,0,0,0,,1,0,1,0.0,0.0,,3.0,,,0,0,0,1,stable,informational,False
manfaat shampo ginseng,0,0,0,,5,0,5,0.0,0.0,,42.8,,,0,0,0,5,stable,informational,False
manfaat super glutathione astaxanthin,0,0,0,,2,0,2,0.0,0.0,,3.0,,,0,0,0,2,stable,informational,False
manfaat tonic rambut,0,0,0,,1,0,1,0.0,0.0,,47.0,,,0,0,0,1,stable,informational,False
manfaat viva moisturizer gel,0,0,0,,1,0,1,0.0,0.0,,3.0,,,0,0,0,1,stable,informational,False
manfaat wardah moisturizer gel,0,0,0,,3,0,3,0.0,0.0,,3.0,,,0,0,0,3,stable,informational,False
manfaat wardah symradiance 399 moisturizer,0,0,0,,1,0,1,0.0,0.0,,3.0,,,0,0,0,1,stable,informational,False
manfaat witch hazel,0,0,0,,1,0,1,0.0,0.0,,29.0,,,0,0,0,2,stable,informational,False
manislab,0,0,0,,1,0,1,0.0,0.0,,30.0,,,0,0,0,1,stable,other,False
manufacturing,0,0,0,,1,0,1,0.0,0.0,,6.0,,,0,0,0,1,stable,other,False
manufaktur di surabaya,0,0,0,,2,0,2,0.0,0.0,,10.5,,,0,0,0,2,stable,local,False
manufaktur kosmetik,0,0,0,,5,0,5,0.0,0.0,,19.4,,,0,0,0,5,stable,other,False
marina expert white & glow moisturizing gel for face & body,0,0,0,,1,0,1,0.0,0.0,,3.0,,,0,0,0,1,stable,other,False
marketeers transformasi industri kecantikan 2020 2025 dari kuantitas ke kualitas,0,0,0,,15,0,15,0.0,0.0,,10.8,,,0,0,0,15,stable,other,False
marketlab,0,0,0,,7,0,7,0.0,0.0,,50.4,,,0,0,0,7,stable,other,False
markloan,0,0,0,,7,1,6,0.0,0.0,,52.0,68.0,-16.0,0,0,0,8,stable,other,False
masterlab,0,0,0,,1,0,1,0.0,0.0,,31.0,,,0,0,0,1,stable,other,False
masukkan keranjang beli sekarang,0,0,0,,5,0,5,0.0,0.0,,7.4,,,0,0,0,5,stable,other,False
masumi beauty indonesia,0,0,0,,2,0,2,0.0,0.0,,27.0,,,0,0,0,2,stable,local,False
matte lip cream,0,0,0,,1,0,1,0.0,0.0,,5.0,,,0,0,0,1,stable,other,False
mau,0,1,-1,-100.0,6,5,1,8.33,20.0,-11.67,2.5,2.6,-0.1,0,0,1,12,stable,other,False
mavis dreamlab,0,0,0,,2,0,2,0.0,0.0,,6.0,,,0,0,0,5,stable,brand,True
maxie skincare punya siapa,0,0,0,,1,0,1,0.0,0.0,,3.0,,,0,0,0,1,stable,informational,False
maybelline pt apa,0,0,0,,1,0,1,0.0,0.0,,3.0,,,0,0,0,1,stable,informational,False
medikids makassar,0,0,0,,1,0,1,0.0,0.0,,5.0,,,0,0,0,1,stable,local,False
medithin astaxanthin,0,0,0,,1,0,1,0.0,0.0,,3.0,,,0,0,0,1,stable,other,False
medorlab,0,0,0,,2,0,2,0.0,0.0,,22.5,,,0,0,0,2,stable,other,False
meiyume,0,0,0,,1,0,1,0.0,0.0,,2.0,,,0,0,0,1,stable,other,False
membuat brand parfum sendiri,0,0,0,,1,0,1,0.0,0.0,,10.0,,,0,0,0,3,stable,commercial,False
membuat parfum,0,0,0,,1,0,1,0.0,0.0,,2.0,,,0,0,0,1,stable,other,False
membuat video viral,0,0,0,,6,0,6,0.0,0.0,,57.5,,,0,0,0,6,stable,other,False
memutihkan badan pakai apa,0,0,0,,1,0,1,0.0,0.0,,3.0,,,0,0,0,1,stable,informational,False
memutihkan ketiak hitam,0,0,0,,12,6,6,0.0,0.0,,39.4,65.5,-26.1,0,0,0,24,stable,other,False
mencerahkan ketiak,0,0,0,,17,12,5,0.0,0.0,,43.9,48.2,-4.2,0,0,0,39,stable,other,False
mencerahkan kulit ketiak,0,0,0,,1,0,1,0.0,0.0,,17.0,,,0,0,0,1,stable,other,False
menghitung harga jual produk,0,0,0,,1,0,1,0.0,0.0,,3.0,,,0,0,0,1,stable,pricing,False
meracik handbody untuk memutihkan kulit,0,0,0,,53,1,52,0.0,0.0,,8.2,12.0,-3.8,0,0,0,54,stable,other,False
meracik hb dosting,0,0,0,,43,0,43,0.0,0.0,,8.4,,,0,0,0,43,stable,other,False
meracik hb sendiri,0,0,0,,35,1,34,0.0,0.0,,7.3,11.0,-3.7,0,0,0,36,stable,other,False
merek,0,0,0,,1,0,1,0.0,0.0,,6.0,,,0,0,0,1,stable,other,False
merek apa,0,0,0,,1,0,1,0.0,0.0,,1.0,,,0,0,0,1,stable,informational,False
merek perawatan tubuh terbaik 2026 indonesia,0,0,0,,2,0,2,0.0,0.0,,6.0,,,0,0,0,2,stable,local,False
merk cysteamine yang bagus,0,0,0,,3,0,3,0.0,0.0,,11.3,,,0,0,0,3,stable,other,False
merk kosmetik terbaik,0,0,0,,1,0,1,0.0,0.0,,54.0,,,0,0,0,1,stable,other,False
merk kosmetik terbaik di indonesia,0,0,0,,1,0,1,0.0,0.0,,78.0,,,0,0,0,1,stable,local,False
merk nya,0,0,0,,1,0,1,0.0,0.0,,2.0,,,0,0,0,1,stable,other,False
merk odm indonesia,0,0,0,,1,0,1,0.0,0.0,,13.0,,,0,0,0,1,stable,commercial,False
merk parfum tahan lama 24 jam pria,0,0,0,,1,0,1,0.0,0.0,,3.0,,,0,0,0,1,stable,other,False
merk sunblock,0,0,0,,1,0,1,0.0,0.0,,48.0,,,0,0,0,1,stable,other,False
merk yg bagus,0,0,0,,1,0,1,0.0,0.0,,12.0,,,0,0,0,1,stable,other,False
micellar cysteamine adalah,1,0,1,100,10,0,10,10.0,0.0,,9.7,,,1,0,1,10,growing,other,False
micellar water as toner,0,0,0,,1,0,1,0.0,0.0,,34.0,,,0,0,0,1,stable,other,False
micellar water dan toner apa bedanya,0,0,0,,1,0,1,0.0,0.0,,27.0,,,0,0,0,1,stable,informational,False
mindlab,0,0,0,,3,0,3,0.0,0.0,,46.3,,,0,0,0,3,stable,other,False
mineral sunscreen lokal,0,0,0,,1,0,1,0.0,0.0,,12.0,,,0,0,0,1,stable,other,False
minum astaxanthin pagi atau malam,0,0,0,,1,0,1,0.0,0.0,,3.0,,,0,0,0,1,stable,comparison,False
minyak ginseng untuk rambut,0,0,0,,3,1,2,0.0,0.0,,29.0,34.0,-5.0,0,0,0,4,stable,other,False
minyak wangi alkohol,0,0,0,,4,0,4,0.0,0.0,,63.5,,,0,0,0,4,stable,other,False
miras halal,0,0,0,,1,0,1,0.0,0.0,,3.0,,,0,0,0,1,stable,commercial,False
mitcham personal care company ketiak gelap,0,0,0,,1,0,1,0.0,0.0,,15.0,,,0,0,0,1,stable,other,False
modal,0,0,0,,1,0,1,0.0,0.0,,1.0,,,0,0,0,1,stable,pricing,False
modal 20 juta,0,0,0,,1,0,1,0.0,0.0,,9.0,,,0,0,0,1,stable,pricing,False
modal awal buka toko kosmetik,0,0,0,,1,0,1,0.0,0.0,,2.0,,,0,0,0,1,stable,pricing,False
modal bikin brand parfum sendiri,0,0,0,,1,0,1,0.0,0.0,,11.0,,,0,0,0,1,stable,pricing,False
modal bisnis parfum brand sendiri,0,0,0,,7,3,4,0.0,0.0,,11.9,11.7,0.2,0,0,0,12,stable,pricing,False
modal bisnis skincare,0,0,0,,3,0,3,0.0,0.0,,29.0,,,0,0,0,4,stable,pricing,False
modal usaha kosmetik kecil kecilan,0,0,0,,1,0,1,0.0,0.0,,76.0,,,0,0,0,1,stable,pricing,False
modal usaha skin care,0,0,0,,6,0,6,0.0,0.0,,41.8,,,0,0,0,6,stable,pricing,False
moell,0,0,0,,1,0,1,0.0,0.0,,2.0,,,0,0,0,1,stable,other,False
mohamad prapanca kekayaan,0,0,0,,1,0,1,0.0,0.0,,3.0,,,0,0,0,1,stable,informational,False
moisture gel adalah,0,0,0,,9,3,6,0.0,0.0,,14.6,27.3,-12.8,0,0,0,14,stable,other,False
moisture gel skintific,0,0,0,,1,0,1,0.0,0.0,,3.0,,,0,0,0,1,stable,other,False
moisturizer & cream,0,0,0,,17,5,12,0.0,0.0,,19.2,57.6,-38.4,0,0,0,24,stable,other,False
moisturizer body massage gel,0,0,0,,1,0,1,0.0,0.0,,3.0,,,0,0,0,1,stable,other,False
moisturizer cica wardah,0,0,0,,1,0,1,0.0,0.0,,3.0,,,0,0,0,1,stable,other,False
moisturizer cream gel,0,0,0,,1,0,1,0.0,0.0,,16.0,,,0,0,0,1,stable,other,False
moisturizer cream vs gel,0,0,0,,9,5,4,0.0,0.0,,8.0,10.0,-2.0,0,0,0,18,stable,comparison,False
moisturizer dan cream apakah sama,0,0,0,,8,4,4,0.0,0.0,,11.8,11.8,0.0,0,0,0,12,stable,informational,False
moisturizer gel,0,0,0,,7,1,6,0.0,0.0,,6.7,3.0,3.7,0,0,0,8,stable,other,False
moisturizer gel cream,0,0,0,,12,1,11,0.0,0.0,,7.6,60.0,-52.4,0,0,0,13,stable,other,False
moisturizer gel dan cream,0,0,0,,8,0,8,0.0,0.0,,6.5,,,0,0,0,8,stable,other,False
moisturizer gel untuk apa,0,0,0,,10,1,9,0.0,0.0,,9.2,11.0,-1.8,0,0,0,11,stable,informational,False
moisturizer gel untuk kulit apa,0,0,0,,3,0,3,0.0,0.0,,6.0,,,0,0,0,3,stable,informational,False
moisturizer gel untuk mencerahkan wajah,0,0,0,,3,0,3,0.0,0.0,,3.0,,,0,0,0,3,stable,other,False
moisturizer gel vs cream,0,0,0,,12,3,9,0.0,0.0,,7.4,8.0,-0.6,0,0,0,16,stable,comparison,False
moisturizer hni hpai,0,0,0,,1,0,1,0.0,0.0,,3.0,,,0,0,0,1,stable,other,False
moisturizer itu apa,0,0,0,,1,0,1,0.0,0.0,,3.0,,,0,0,0,1,stable,informational,False
moisturizer latulipe,0,0,0,,3,0,3,0.0,0.0,,3.0,,,0,0,0,3,stable,other,False
moisturizer marina,0,0,0,,2,0,2,0.0,0.0,,2.0,,,0,0,0,2,stable,other,False
moisturizer moell,0,0,0,,2,0,2,0.0,0.0,,2.0,,,0,0,0,2,stable,other,False
moisturizer sama cream apakah sama,0,0,0,,2,0,2,0.0,0.0,,7.0,,,0,0,0,2,stable,informational,False
moisturizer scora hydramoist gel,0,0,0,,2,0,2,0.0,0.0,,3.0,,,0,0,0,2,stable,other,False
moisturizer skintific biru,0,0,0,,2,0,2,0.0,0.0,,3.0,,,0,0,0,2,stable,other,False
moisturizer tekstur gel,0,0,0,,1,0,1,0.0,0.0,,3.0,,,0,0,0,1,stable,other,False
moisturizer the originote,0,0,0,,4,0,4,0.0,0.0,,2.0,,,0,0,0,4,stable,other,False
moisturizer vs grill,0,0,0,,1,0,1,0.0,0.0,,6.0,,,0,0,0,1,stable,comparison,False
moisturizer vs sushi,0,0,0,,1,0,1,0.0,0.0,,8.0,,,0,0,0,1,stable,comparison,False
moisturizer wardah gel,0,0,0,,1,0,1,0.0,0.0,,3.0,,,0,0,0,1,stable,other,False
moisturizing cream adalah,0,0,0,,3,0,3,0.0,0.0,,23.7,,,0,0,0,3,stable,other,False
moisturizing gel adalah,0,0,0,,12,0,12,0.0,0.0,,10.7,,,0,0,0,13,stable,other,False
moisturizing gel untuk apa,0,0,0,,3,0,3,0.0,0.0,,10.7,,,0,0,0,3,stable,informational,False
moq,0,0,0,,4,3,1,0.0,0.0,,19.2,27.7,-8.4,0,0,0,7,stable,commercial,False
moq 1000,0,0,0,,4,0,4,0.0,0.0,,10.0,,,0,0,0,6,stable,commercial,False
moq rendah,1,0,1,100,1,0,1,100.0,0.0,,4.0,,,0,1,1,1,declining,pricing,False
moq skincare,0,0,0,,5,0,5,0.0,0.0,,9.8,,,0,0,0,5,stable,commercial,False
morlab,0,0,0,,5,0,5,0.0,0.0,,44.6,,,0,0,0,5,stable,other,False
morlab skincare,0,0,0,,3,0,3,0.0,0.0,,39.0,,,0,0,0,4,stable,other,False
morlabofficialindonesia,0,0,0,,1,0,1,0.0,0.0,,20.0,,,0,0,0,1,stable,local,False
mpobulan,0,0,0,,1,0,1,0.0,0.0,,12.0,,,0,0,0,1,stable,other,False
mushlab,0,0,0,,1,0,1,0.0,0.0,,43.0,,,0,0,0,1,stable,other,False
mutihin badan pakai apa,0,0,0,,1,0,1,0.0,0.0,,3.0,,,0,0,0,1,stable,informational,False
mypearsonlab,0,0,0,,2,0,2,0.0,0.0,,46.0,,,0,0,0,2,stable,other,False
nad,0,0,0,,5,0,5,0.0,0.0,,43.0,,,0,0,0,5,stable,other,False
nad adalah,0,0,0,,1,0,1,0.0,0.0,,46.0,,,0,0,0,1,stable,other,False
nad beauty,0,0,0,,3,1,2,0.0,0.0,,6.3,20.0,-13.7,0,0,0,6,stable,other,False
nad cosmetics,0,0,0,,1,0,1,0.0,0.0,,10.0,,,0,0,0,1,stable,other,False
nad plus skincare,0,0,0,,3,0,3,0.0,0.0,,7.7,,,0,0,0,4,stable,other,False
nad skincare,0,0,0,,24,3,21,0.0,0.0,,7.3,1.0,6.3,0,0,0,31,stable,other,False
nad+,1,0,1,100,1,0,1,100.0,0.0,,3.0,,,0,1,1,1,declining,other,False
nad+ skincare,1,0,1,100,8,0,8,12.5,0.0,,7.4,,,0,1,1,8,declining,other,False
nama brand kosmetik,0,0,0,,1,0,1,0.0,0.0,,55.0,,,0,0,0,1,stable,commercial,False
nama brand skincare yang belum dipakai,0,0,0,,1,0,1,0.0,0.0,,5.0,,,0,0,0,1,stable,commercial,False
nama pt kosmetik di indonesia,0,0,0,,3,0,3,0.0,0.0,,29.0,,,0,0,0,3,stable,local,False
nama pt kosmetik yang bagus,0,0,0,,3,1,2,0.0,0.0,,8.7,10.0,-1.3,0,0,0,4,stable,other,False
nama pt skincare yang bagus,0,0,0,,4,2,2,0.0,0.0,,9.8,10.5,-0.8,0,0,0,6,stable,other,False
natur e moisturizer gel,0,0,0,,3,0,3,0.0,0.0,,2.3,,,0,0,0,3,stable,other,False
natur hair tonic ginseng,0,0,0,,1,0,1,0.0,0.0,,3.0,,,0,0,0,1,stable,other,False
naturoksi obat apa,0,0,0,,1,0,1,0.0,0.0,,2.0,,,0,0,0,1,stable,informational,False
nazwa skincare viral,0,0,0,,1,0,1,0.0,0.0,,1.0,,,0,0,0,1,stable,other,False
newlab hb dosting,0,0,0,,1,0,1,0.0,0.0,,3.0,,,0,0,0,1,stable,other,False
niacinamide,0,0,0,,1,0,1,0.0,0.0,,48.0,,,0,0,0,1,stable,other,False
niacinamide 2 persen,0,0,0,,1,0,1,0.0,0.0,,8.0,,,0,0,0,1,stable,other,False
niacinamide 2 persen untuk apa,0,0,0,,6,0,6,0.0,0.0,,10.8,,,0,0,0,6,stable,informational,False
niacinamide 2%,0,0,0,,1,0,1,0.0,0.0,,3.0,,,0,0,0,1,stable,other,False
niacinamide berapa persen untuk mencerahkan kulit,0,0,0,,1,0,1,0.0,0.0,,9.0,,,0,0,0,1,stable,informational,False
no wa nya,1,0,1,100,1,0,1,100.0,0.0,,1.0,,,1,0,1,1,growing,other,False
nomor 3,0,0,0,,1,0,1,0.0,0.0,,1.0,,,0,0,0,1,stable,other,False
nomor hape,0,0,0,,1,0,1,0.0,0.0,,2.0,,,0,0,0,1,stable,other,False
nomor izin edar kosmetik,0,0,0,,1,0,1,0.0,0.0,,18.0,,,0,0,0,1,stable,other,False
nomor notifikasi kosmetik,0,0,0,,2,0,2,0.0,0.0,,12.0,,,0,0,0,2,stable,other,False
nomor teleponnya,0,0,0,,1,0,1,0.0,0.0,,1.0,,,0,0,0,1,stable,other,False
non hydroquinone lightening cream,0,0,0,,1,0,1,0.0,0.0,,43.0,,,0,0,0,1,stable,other,False
nutrilab,0,0,0,,2,0,2,0.0,0.0,,43.5,,,0,0,0,2,stable,other,False
nutrilab pratama,0,0,0,,2,0,2,0.0,0.0,,47.0,,,0,0,0,2,stable,other,False
nutrishe moisturizer,0,0,0,,1,0,1,0.0,0.0,,3.0,,,0,0,0,1,stable,other,False
obao personal care memutihkan ketiak,0,0,0,,4,0,4,0.0,0.0,,14.5,,,0,0,0,4,stable,other,False
obao personal care mencerahkan ketiak,0,0,0,,7,4,3,0.0,0.0,,11.9,9.8,2.1,0,0,0,11,stable,other,False
obat astaxanthin,0,0,0,,1,0,1,0.0,0.0,,3.0,,,0,0,0,1,stable,other,False
obat asthin force 12 untuk apa,0,0,0,,1,0,1,0.0,0.0,,3.0,,,0,0,0,1,stable,informational,False
obat asthin force untuk apa,0,0,0,,1,0,1,0.0,0.0,,3.0,,,0,0,0,1,stable,informational,False
obat axtan untuk apa,0,0,0,,1,0,1,0.0,0.0,,3.0,,,0,0,0,1,stable,informational,False
odm vs oem,0,0,0,,2,0,2,0.0,0.0,,40.0,,,0,0,0,2,stable,comparison,False
oem dan odm,0,0,0,,1,0,1,0.0,0.0,,68.0,,,0,0,0,1,stable,commercial,False
oem dan odm adalah,0,0,0,,1,0,1,0.0,0.0,,55.0,,,0,0,0,1,stable,commercial,False
oem kosmetik,0,0,0,,1,0,1,0.0,0.0,,2.0,,,0,0,0,4,stable,commercial,False
oem odm,0,0,0,,3,0,3,0.0,0.0,,58.0,,,0,0,0,3,stable,commercial,False
oem odm adalah,0,0,0,,2,0,2,0.0,0.0,,46.0,,,0,0,0,2,stable,commercial,False
oem skincare,0,0,0,,1,0,1,0.0,0.0,,24.0,,,0,0,0,4,stable,commercial,False
oem skincare indonesia,0,0,0,,1,0,1,0.0,0.0,,68.0,,,0,0,0,1,stable,commercial,False
oem vs odm,0,0,0,,1,0,1,0.0,0.0,,6.0,,,0,0,0,1,stable,comparison,False
oh iya,0,0,0,,1,0,1,0.0,0.0,,2.0,,,0,0,0,1,stable,other,False
oil perfume body shop,0,0,0,,1,0,1,0.0,0.0,,3.0,,,0,0,0,1,stable,other,False
ok boleh,0,0,0,,1,0,1,0.0,0.0,,5.0,,,0,0,0,1,stable,other,False
omg barrier moisture gel,0,0,0,,1,0,1,0.0,0.0,,3.0,,,0,0,0,1,stable,other,False
omg gel,0,0,0,,1,0,1,0.0,0.0,,2.0,,,0,0,0,1,stable,other,False
opinionlab,0,0,0,,1,0,1,0.0,0.0,,44.0,,,0,0,0,1,stable,other,False
opsi a,1,0,1,100,1,0,1,100.0,0.0,,1.0,,,1,0,1,1,growing,other,False
opto lumbung sejahtera,0,0,0,,1,0,1,0.0,0.0,,67.0,,,0,0,0,1,stable,other,False
over panthenol apakah aman,0,0,0,,1,0,1,0.0,0.0,,12.0,,,0,0,0,1,stable,informational,False
owner daviena skincare,0,0,0,,1,0,1,0.0,0.0,,4.0,,,0,0,0,1,stable,other,False
owner morlab,0,0,0,,1,0,1,0.0,0.0,,52.0,,,0,0,0,1,stable,other,False
owner skincare terkaya di indonesia,0,0,0,,1,0,1,0.0,0.0,,2.0,,,0,0,0,1,stable,local,False
oxybiome niacinamide manfaat,0,0,0,,1,0,1,0.0,0.0,,25.0,,,0,0,0,1,stable,informational,False
pabrik apa aja,0,0,0,,1,0,1,0.0,0.0,,8.0,,,0,0,0,1,stable,commercial,False
pabrik bibit parfum di indonesia,0,0,0,,1,0,1,0.0,0.0,,1.0,,,0,0,0,1,stable,commercial,False
pabrik kecantikan,0,0,0,,4,0,4,0.0,0.0,,12.0,,,0,0,0,4,stable,commercial,False
pabrik kosmetik,0,0,0,,264,123,141,0.0,0.0,,22.2,41.9,-19.6,0,0,0,394,stable,commercial,False
pabrik kosmetik bekasi,1,0,1,100,2,0,2,50.0,0.0,,24.5,,,1,0,1,2,growing,commercial,False
pabrik kosmetik buduran sidoarjo,0,0,0,,8,0,8,0.0,0.0,,10.2,,,0,0,0,8,stable,commercial,False
pabrik kosmetik di bali,0,0,0,,21,9,12,0.0,0.0,,19.2,16.3,2.9,0,0,0,31,stable,commercial,False
pabrik kosmetik di bantul,0,0,0,,2,0,2,0.0,0.0,,44.5,,,0,0,0,2,stable,commercial,False
pabrik kosmetik di indonesia,0,0,0,,4,1,3,0.0,0.0,,14.5,28.0,-13.5,0,0,0,6,stable,commercial,False
pabrik kosmetik di jawa timur,0,0,0,,21,9,12,0.0,0.0,,13.8,14.0,-0.2,0,0,0,34,stable,commercial,False
pabrik kosmetik di medan,0,0,0,,11,0,11,0.0,0.0,,9.3,,,0,0,0,11,stable,commercial,False
pabrik kosmetik gedangan sidoarjo,0,0,0,,14,1,13,0.0,0.0,,1.0,13.0,-12.0,0,0,0,15,stable,commercial,False
pabrik kosmetik jawa timur,0,0,0,,11,0,11,0.0,0.0,,14.4,,,0,0,0,17,stable,commercial,False
pabrik kosmetik malang,0,0,0,,12,0,12,0.0,0.0,,10.7,,,0,0,0,12,stable,commercial,False
pabrik kosmetik mojokerto,0,0,0,,1,0,1,0.0,0.0,,1.0,,,0,0,0,1,stable,commercial,False
pabrik kosmetik pasuruan,0,0,0,,3,0,3,0.0,0.0,,4.3,,,0,0,0,8,stable,commercial,False
pabrik kosmetik rungkut surabaya,0,0,0,,2,0,2,0.0,0.0,,17.5,,,0,0,0,2,stable,commercial,False
pabrik kosmetik surabaya,2,1,1,100.0,401,243,158,0.5,0.41,0.09,14.2,12.5,1.8,1,0,3,749,growing,commercial,False
pabrik kosmetik surabaya timur,0,0,0,,32,0,32,0.0,0.0,,12.0,,,0,0,0,32,stable,commercial,False
pabrik kosmetik terbesar di indonesia,1,0,1,100,31,27,4,3.23,0.0,,10.3,10.6,-0.4,1,0,1,58,growing,commercial,False
pabrik kosmetik terdekat,0,0,0,,15,8,7,0.0,0.0,,7.7,17.8,-10.0,0,0,0,26,stable,commercial,False
pabrik lipstik,0,0,0,,13,4,9,0.0,0.0,,10.6,4.2,6.4,0,0,0,17,stable,commercial,False
pabrik maklon,0,0,0,,12,8,4,0.0,0.0,,26.7,72.9,-46.2,0,0,0,23,stable,commercial,False
pabrik maklon indonesia,0,0,0,,8,0,8,0.0,0.0,,19.1,,,0,0,0,8,stable,commercial,False
pabrik maklon jabodetabek,0,0,0,,2,0,2,0.0,0.0,,23.0,,,0,0,0,2,stable,commercial,False
pabrik maklon jakarta,0,0,0,,1,0,1,0.0,0.0,,24.0,,,0,0,0,1,stable,commercial,False
pabrik maklon jogja,0,0,0,,2,0,2,0.0,0.0,,21.5,,,0,0,0,2,stable,commercial,False
pabrik maklon kosmetik sidoarjo,0,0,0,,1,0,1,0.0,0.0,,11.0,,,0,0,0,1,stable,commercial,False
pabrik maklon kosmetik terpercaya,0,0,0,,7,0,7,0.0,0.0,,31.6,,,0,0,0,13,stable,commercial,False
pabrik maklon parfum,0,0,0,,29,8,21,0.0,0.0,,12.4,32.9,-20.5,0,0,0,37,stable,commercial,False
pabrik maklon skincare,0,0,0,,103,5,98,0.0,0.0,,16.5,40.4,-23.9,0,0,0,114,stable,commercial,False
pabrik maklon tangerang,0,0,0,,4,0,4,0.0,0.0,,23.0,,,0,0,0,4,stable,commercial,False
pabrik manufaktur,0,0,0,,1,0,1,0.0,0.0,,48.0,,,0,0,0,1,stable,commercial,False
pabrik manufaktur di surabaya,0,0,0,,4,0,4,0.0,0.0,,65.2,,,0,0,0,4,stable,commercial,False
pabrik nya,0,0,0,,1,0,1,0.0,0.0,,3.0,,,0,0,0,1,stable,commercial,False
pabrik oem,0,0,0,,1,0,1,0.0,0.0,,12.0,,,0,0,0,1,stable,commercial,False
pabrik parfum,4,7,-3,-42.9,369,266,103,1.08,2.63,-1.55,12.6,8.7,3.9,0,1,13,748,declining,commercial,False
pabrik parfum di bali,0,0,0,,15,0,15,0.0,0.0,,5.2,,,0,0,0,15,stable,commercial,False
pabrik parfum indonesia,0,0,0,,24,13,11,0.0,0.0,,8.7,9.3,-0.6,0,0,0,38,stable,commercial,False
pabrik parfum jakarta,2,2,0,0.0,86,78,8,2.33,2.56,-0.24,7.4,6.2,1.2,0,2,5,236,declining,commercial,False
pabrik parfum sidoarjo,0,0,0,,1,0,1,0.0,0.0,,12.0,,,0,0,0,1,stable,commercial,False
pabrik parfum terbesar di indonesia,0,0,0,,1,0,1,0.0,0.0,,6.0,,,0,0,0,2,stable,commercial,False
pabrik parfum terdekat,0,1,-1,-100.0,31,25,6,2.47,4.0,-1.53,8.8,10.1,-1.3,0,0,2,81,stable,commercial,False
pabrik pembuatan skincare,0,0,0,,38,21,17,0.0,0.0,,10.3,4.2,6.0,0,0,0,59,stable,commercial,False
pabrik pt,0,0,0,,1,0,1,0.0,0.0,,141.0,,,0,0,0,1,stable,commercial,False
pabrik sabun terdekat,0,0,0,,1,0,1,0.0,0.0,,1.0,,,0,0,0,1,stable,commercial,False
pabrik skincare,1,2,-1,-50.0,488,428,60,0.2,0.47,-0.26,14.9,10.6,4.3,0,0,3,918,stable,commercial,False
pabrik skincare di indonesia,0,0,0,,65,58,7,0.0,0.0,,10.3,6.4,4.0,0,0,0,128,stable,commercial,False
pabrik skincare halal,0,0,0,,15,12,3,0.0,0.0,,26.7,29.1,-2.4,0,0,0,34,stable,commercial,False
pabrik skincare surabaya,4,0,4,100,74,27,47,5.41,0.0,,5.3,7.4,-2.1,1,2,4,121,declining,commercial,False
pabrik skincare terbesar di indonesia,0,0,0,,68,23,45,0.94,0.0,,7.8,8.2,-0.4,0,0,1,106,stable,commercial,False
pabrik skincare terdekat,0,0,0,,7,1,6,0.0,0.0,,6.7,27.0,-20.3,0,0,0,9,stable,commercial,False
pabrik skintific,0,0,0,,1,0,1,0.0,0.0,,2.0,,,0,0,0,1,stable,commercial,False
pabrik terdekat dari lokasi saya,0,0,0,,1,0,1,0.0,0.0,,8.0,,,0,0,0,1,stable,commercial,False
packaging parfum mewah,0,0,0,,9,1,8,0.0,0.0,,8.2,4.0,4.2,0,0,0,10,stable,other,False
paket col shopee,0,0,0,,1,0,1,0.0,0.0,,3.0,,,0,0,0,1,stable,other,False
pameran ici 2026,0,0,0,,1,0,1,0.0,0.0,,11.0,,,0,0,0,1,stable,other,False
panthenol artinya,0,0,0,,1,0,1,0.0,0.0,,14.0,,,0,0,0,1,stable,other,False
panthenol buat apa,0,0,0,,3,0,3,0.0,0.0,,14.0,,,0,0,0,3,stable,informational,False
panthenol cocok untuk kulit apa,0,0,0,,2,0,2,0.0,0.0,,19.5,,,0,0,0,2,stable,informational,False
panthenol dan niacinamide,0,0,0,,1,0,1,0.0,0.0,,59.0,,,0,0,0,1,stable,other,False
panthenol manfaat untuk wajah,0,0,0,,2,0,2,0.0,0.0,,10.0,,,0,0,0,3,stable,informational,False
panthenol skincare,0,0,0,,4,1,3,0.0,0.0,,34.2,54.0,-19.8,0,0,0,6,stable,other,False
panthenol untuk kulit apa,0,0,0,,5,3,2,0.0,0.0,,35.0,53.7,-18.7,0,0,0,11,stable,informational,False
panthenol untuk kulit kering,0,0,0,,38,14,24,0.0,0.0,,9.0,3.9,5.1,0,0,0,60,stable,other,False
parfum 2026,0,0,0,,8,7,1,0.0,0.0,,10.8,1.6,9.2,0,0,0,27,stable,other,False
parfum alcohol,0,0,0,,1,0,1,0.0,0.0,,11.0,,,0,0,0,1,stable,other,False
parfum anak laki laki tahan lama,0,0,0,,1,0,1,0.0,0.0,,3.0,,,0,0,0,1,stable,other,False
parfum beralkohol,0,0,0,,1,0,1,0.0,0.0,,3.0,,,0,0,0,1,stable,other,False
parfum cewek isi ulang,0,0,0,,1,0,1,0.0,0.0,,3.0,,,0,0,0,1,stable,other,False
parfum edp,0,0,0,,7,0,7,0.0,0.0,,3.1,,,0,0,0,7,stable,other,False
parfum edp adalah,0,0,0,,4,0,4,0.0,0.0,,25.0,,,0,0,0,5,stable,other,False
parfum edp dan edt,0,0,0,,6,0,6,0.0,0.0,,28.5,,,0,0,0,9,stable,other,False
parfum edt,0,0,0,,7,0,7,0.0,0.0,,31.9,,,0,0,0,10,stable,other,False
parfum edt adalah,0,0,0,,2,0,2,0.0,0.0,,25.5,,,0,0,0,4,stable,other,False
parfum edt artinya,0,0,0,,1,0,1,0.0,0.0,,50.0,,,0,0,0,1,stable,other,False
parfum edt dan edp,0,0,0,,3,0,3,0.0,0.0,,30.7,,,0,0,0,13,stable,other,False
parfum edt edp,0,0,0,,2,0,2,0.0,0.0,,20.0,,,0,0,0,3,stable,other,False
parfum edt itu apa,0,0,0,,1,0,1,0.0,0.0,,13.0,,,0,0,0,1,stable,informational,False
parfum hits 2026,0,0,0,,4,0,4,0.0,0.0,,1.0,,,0,0,0,4,stable,other,False
parfum hype 2026,0,0,0,,1,0,1,0.0,0.0,,21.0,,,0,0,0,1,stable,other,False
parfum inspired,0,0,0,,8,0,8,0.0,0.0,,11.4,,,0,0,0,8,stable,other,False
parfum inspired adalah,0,0,0,,275,34,241,0.0,0.0,,7.0,5.4,1.6,0,0,0,309,stable,other,False
parfum inspired by,0,0,0,,2,0,2,0.0,0.0,,10.0,,,0,0,0,2,stable,other,False
parfum joylab,0,0,0,,2,0,2,0.0,0.0,,24.5,,,0,0,0,2,stable,other,False
parfum lokal,0,0,0,,1,0,1,0.0,0.0,,9.0,,,0,0,0,1,stable,other,False
parfum maklon adalah,0,0,0,,1,0,1,0.0,0.0,,12.0,,,0,0,0,1,stable,commercial,False
parfum merek sendiri,0,0,0,,23,2,21,0.0,0.0,,57.9,20.0,37.9,0,0,0,36,stable,other,False
parfum oles,0,0,0,,1,0,1,0.0,0.0,,2.0,,,0,0,0,1,stable,other,False
parfum organik,0,0,0,,1,0,1,0.0,0.0,,3.0,,,0,0,0,1,stable,other,False
parfum pembangkit gairah wanita,0,0,0,,1,0,1,0.0,0.0,,3.0,,,0,0,0,1,stable,other,False
parfum pheromone,0,0,0,,1,0,1,0.0,0.0,,3.0,,,0,0,0,1,stable,other,False
parfum pheromone adalah,0,0,0,,1,0,1,0.0,0.0,,13.0,,,0,0,0,1,stable,other,False
parfum salsa,0,0,0,,1,0,1,0.0,0.0,,3.0,,,0,0,0,1,stable,other,False
parfum tahan lama edp atau edt,0,0,0,,1,0,1,0.0,0.0,,59.0,,,0,0,0,1,stable,comparison,False
parfum tahan lama isi ulang,0,0,0,,1,0,1,0.0,0.0,,3.0,,,0,0,0,1,stable,other,False
parfum terbaru 2026,0,0,0,,12,4,8,0.0,0.0,,9.6,3.8,5.8,0,0,0,16,stable,other,False
parfum trend,0,0,0,,1,0,1,0.0,0.0,,1.0,,,0,0,0,3,stable,informational,False
parfum trend 2026,1,0,1,100,75,33,42,1.33,0.0,,8.5,2.1,6.4,0,1,1,120,declining,informational,False
parfum wangi susu,0,0,0,,1,0,1,0.0,0.0,,1.0,,,0,0,0,1,stable,other,False
parfum white label,0,0,0,,1,0,1,0.0,0.0,,9.0,,,0,0,0,1,stable,other,False
parfum yang lagi trend sekarang,0,0,0,,1,0,1,0.0,0.0,,1.0,,,0,0,0,1,stable,informational,False
parfum yang lagi viral 2026 terbaru,0,0,0,,5,0,5,0.0,0.0,,8.4,,,0,0,0,5,stable,other,False
parfum yang mengandung alkohol,0,0,0,,5,0,5,0.0,0.0,,12.8,,,0,0,0,5,stable,other,False
parfum yang sedang trend saat ini,0,0,0,,3,0,3,0.0,0.0,,4.3,,,0,0,0,3,stable,informational,False
parfum yang segar dan tahan lama,0,0,0,,1,0,1,0.0,0.0,,2.0,,,0,0,0,1,stable,other,False
parfum yang tahan lama edt atau edp,0,0,0,,1,0,1,0.0,0.0,,33.0,,,0,0,0,1,stable,comparison,False
parfum?,0,0,0,,1,0,1,0.0,0.0,,3.0,,,0,0,0,1,stable,other,False
parfume 2026,0,0,0,,3,2,1,0.0,0.0,,4.7,6.0,-1.3,0,0,0,5,stable,other,False
parfume bubble gum,0,0,0,,1,0,1,0.0,0.0,,18.0,,,0,0,0,1,stable,other,False
parfume edp adalah,0,0,0,,1,0,1,0.0,0.0,,3.0,,,0,0,0,1,stable,other,False
parfume edt,0,0,0,,1,0,1,0.0,0.0,,31.0,,,0,0,0,1,stable,other,False
pbktl,0,0,0,,14,0,14,0.0,0.0,,42.1,,,0,0,0,14,stable,other,False
pekerjaan giorgio antonio,0,0,0,,1,0,1,0.0,0.0,,2.0,,,0,0,0,1,stable,other,False
pelarut bibit parfum terbaik,0,0,0,,1,0,1,0.0,0.0,,3.0,,,0,0,0,1,stable,other,False
pelembab gel untuk kulit berminyak,0,0,0,,1,0,1,0.0,0.0,,3.0,,,0,0,0,1,stable,other,False
pelembab la tulipe,0,0,0,,1,0,1,0.0,0.0,,3.0,,,0,0,0,1,stable,other,False
pelembab pria,0,0,0,,1,0,1,0.0,0.0,,2.0,,,0,0,0,1,stable,other,False
pemasaran skincare di tiktok shop,0,0,0,,9,0,9,0.0,0.0,,5.9,,,0,0,0,9,stable,other,False
pembersih lantai,0,0,0,,1,0,1,0.0,0.0,,4.0,,,0,0,0,1,stable,other,False
pembuat parfum,0,0,0,,1,0,1,0.0,0.0,,45.0,,,0,0,0,1,stable,other,False
pemilik oriskin,0,0,0,,1,0,1,0.0,0.0,,3.0,,,0,0,0,1,stable,other,False
pemilik pt sinar alfa omega,0,0,0,,1,0,1,0.0,0.0,,3.0,,,0,0,0,1,stable,other,False
pemutih kulit alami,0,0,0,,1,0,1,0.0,0.0,,3.0,,,0,0,0,1,stable,other,False
pencerah badan paling ampuh,0,0,0,,1,0,1,0.0,0.0,,3.0,,,0,0,0,1,stable,other,False
pengencang kulit wajah,0,0,0,,2,0,2,0.0,0.0,,1.0,,,0,0,0,2,stable,other,False
pengencang muka,0,0,0,,2,0,2,0.0,0.0,,8.5,,,0,0,0,5,stable,other,False
pengencang wajah,0,0,0,,6,2,4,0.0,0.0,,10.7,38.0,-27.3,0,0,0,8,stable,other,False
penggunaan hb dosting,0,0,0,,1,0,1,0.0,0.0,,10.0,,,0,0,0,1,stable,other,False
penyebab ingrown hair,0,0,0,,16,0,16,0.0,0.0,,17.1,,,0,0,0,16,stable,other,False
penyebab rambut kusut,0,0,0,,1,0,1,0.0,0.0,,2.0,,,0,0,0,1,stable,other,False
peptide+,0,0,0,,3,0,3,0.0,0.0,,5.7,,,0,0,0,3,stable,other,False
perawatan bibir,0,0,0,,1,0,1,0.0,0.0,,6.0,,,0,0,0,1,stable,other,False
perawatan ketiak agar putih,0,0,0,,1,0,1,0.0,0.0,,17.0,,,0,0,0,1,stable,other,False
perawatan memutihkan ketiak,0,0,0,,2,0,2,0.0,0.0,,30.0,,,0,0,0,2,stable,other,False
perbedaan booster dan dosting,0,0,0,,11,0,11,0.0,0.0,,1.0,,,0,0,0,11,stable,comparison,False
perbedaan cream dan gel,0,0,0,,29,4,25,0.0,0.0,,10.4,9.0,1.4,0,0,0,57,stable,comparison,False
perbedaan cream dan moisturizer,0,0,0,,18,3,15,0.0,0.0,,15.2,16.7,-1.5,0,0,0,25,stable,comparison,False
perbedaan dosting dan booster,0,0,0,,14,0,14,0.0,0.0,,1.1,,,0,0,0,14,stable,comparison,False
perbedaan eau de toilette,0,0,0,,3,0,3,0.0,0.0,,27.0,,,0,0,0,4,stable,comparison,False
perbedaan eau de toilette dan eau de parfum,0,0,0,,1,0,1,0.0,0.0,,44.0,,,0,0,0,3,stable,comparison,False
perbedaan edc edt edp,0,0,0,,4,0,4,0.0,0.0,,13.0,,,0,0,0,4,stable,comparison,False
perbedaan edp,0,0,0,,2,0,2,0.0,0.0,,12.5,,,0,0,0,3,stable,comparison,False
perbedaan edp dan edt,0,0,0,,62,0,62,0.0,0.0,,13.6,,,0,0,0,256,stable,comparison,False
perbedaan edp dan edt pada parfum,0,0,0,,2,0,2,0.0,0.0,,14.0,,,0,0,0,3,stable,comparison,False
perbedaan edp dan edt parfum,0,0,0,,2,0,2,0.0,0.0,,13.0,,,0,0,0,6,stable,comparison,False
perbedaan edp edt,0,0,0,,142,0,142,0.0,0.0,,10.2,,,0,0,0,244,stable,comparison,False
perbedaan edp edt edc,0,0,0,,16,0,16,0.0,0.0,,10.8,,,0,0,0,47,stable,comparison,False
perbedaan edp edt edc parfum,0,0,0,,2,0,2,0.0,0.0,,11.5,,,0,0,0,5,stable,comparison,False
"perbedaan edp, edt edc parfum",0,0,0,,24,0,24,0.0,0.0,,11.8,,,0,0,0,25,stable,comparison,False
"perbedaan edp, edt, edc parfum",0,0,0,,1,0,1,0.0,0.0,,12.0,,,0,0,0,1,stable,comparison,False
perbedaan edt dan edp,0,0,0,,174,0,174,0.0,0.0,,11.6,,,0,0,0,458,stable,comparison,False
perbedaan edt edp,0,0,0,,18,0,18,0.0,0.0,,17.1,,,0,0,0,25,stable,comparison,False
perbedaan etanol dan alkohol untuk parfum,0,0,0,,1,0,1,0.0,0.0,,24.0,,,0,0,0,1,stable,comparison,False
perbedaan gel dan cream,0,0,0,,79,30,49,0.66,0.0,,10.4,16.5,-6.1,0,0,1,151,stable,comparison,False
perbedaan gel dan krim,0,0,0,,13,0,13,0.0,0.0,,9.2,,,0,0,0,24,stable,comparison,False
perbedaan hb booster dan hb dosting,0,0,0,,8,5,3,0.0,0.0,,1.2,1.0,0.2,0,0,0,13,stable,comparison,False
perbedaan hb dan dosting,0,0,0,,14,0,14,0.0,0.0,,5.6,,,0,0,0,14,stable,comparison,False
perbedaan hb dosting dan hb booster,0,0,0,,24,5,19,0.0,0.0,,1.0,1.0,0.0,0,0,0,29,stable,comparison,False
perbedaan hb dosting dan hb bpom,0,0,0,,15,0,15,0.0,0.0,,8.5,,,0,0,0,15,stable,comparison,False
perbedaan hb dosting dan hb whitening,0,0,0,,16,0,16,0.0,0.0,,4.8,,,0,0,0,16,stable,comparison,False
perbedaan krim dan gel,0,0,0,,12,0,12,0.0,0.0,,4.8,,,0,0,0,20,stable,comparison,False
perbedaan labore barrier revive cream dan skin nutrition gel,0,0,0,,1,0,1,0.0,0.0,,3.0,,,0,0,0,1,stable,comparison,False
perbedaan moist gel dan cream,0,0,0,,49,19,30,0.0,0.0,,7.4,7.9,-0.4,0,0,0,73,stable,comparison,False
perbedaan moisturizer cream dan gel,0,0,0,,79,53,26,0.52,0.0,,6.8,9.0,-2.1,0,0,1,191,stable,comparison,False
perbedaan moisturizer dan cream,0,0,0,,50,19,31,0.0,0.0,,12.8,23.2,-10.4,0,0,0,73,stable,comparison,False
perbedaan moisturizer gel dan cream,1,0,1,100,149,116,33,0.67,0.0,,7.8,9.9,-2.0,0,0,1,332,stable,comparison,False
perbedaan oem dan odm,0,0,0,,4,0,4,0.0,0.0,,50.8,,,0,0,0,4,stable,comparison,False
perbedaan parfum dan edp,0,0,0,,1,0,1,0.0,0.0,,34.0,,,0,0,0,2,stable,comparison,False
perbedaan parfum edp dan edt,0,0,0,,15,0,15,0.0,0.0,,21.7,,,0,0,0,18,stable,comparison,False
perbedaan parfum edt dan edp,0,0,0,,10,1,9,0.0,0.0,,20.0,1.0,19.0,0,0,0,46,stable,comparison,False
perbedaan parfume edp dan edt,0,0,0,,2,0,2,0.0,0.0,,12.5,,,0,0,0,3,stable,comparison,False
perbedaan salep krim dan gel,0,0,0,,1,0,1,0.0,0.0,,3.0,,,0,0,0,1,stable,comparison,False
perbedaan salicylic acid dan succinic acid,0,0,0,,9,0,9,0.0,0.0,,11.2,,,0,0,0,9,stable,comparison,False
perbedaan soothing gel dan moisturizer,0,0,0,,3,0,3,0.0,0.0,,9.7,,,0,0,0,3,stable,comparison,False
perbedaan succinic acid dan salicylic acid,0,0,0,,4,0,4,0.0,0.0,,10.5,,,0,0,0,4,stable,comparison,False
perbedaan vitacid gel dan cream,0,0,0,,2,0,2,0.0,0.0,,3.0,,,0,0,0,2,stable,comparison,False
perekat wajah biar kencang,0,0,0,,1,0,1,0.0,0.0,,10.0,,,0,0,0,1,stable,other,False
periklanan dalam kosmetik,0,0,0,,10,8,2,0.0,0.0,,24.4,32.9,-8.5,0,0,0,51,stable,other,False
periklanan kecantikan,0,0,0,,15,9,6,0.0,0.0,,15.5,18.7,-3.1,0,0,0,68,stable,other,False
perlab,0,0,0,,1,0,1,0.0,0.0,,38.0,,,0,0,0,1,stable,other,False
persentase niacinamide yang aman,0,0,0,,1,0,1,0.0,0.0,,11.0,,,0,0,0,1,stable,other,False
personal care company sure ketiak gelap,0,0,0,,1,0,1,0.0,0.0,,6.0,,,0,0,0,1,stable,other,False
personal care company sure mencerahkan ketiak,0,0,0,,2,0,2,0.0,0.0,,8.0,,,0,0,0,2,stable,other,False
personal care marketing,0,0,0,,3,1,2,0.0,0.0,,24.3,29.0,-4.7,0,0,0,4,stable,other,False
pertumbuhan industri kecantikan di indonesia,0,0,0,,1,0,1,0.0,0.0,,10.0,,,0,0,0,9,stable,local,False
pertumbuhan industri kosmetik indonesia 2025,0,0,0,,13,7,6,0.0,0.0,,3.9,5.3,-1.4,0,0,0,25,stable,local,False
pertumbuhan industri skincare di indonesia,0,0,0,,2,0,2,0.0,0.0,,17.5,,,0,0,0,2,stable,local,False
perusahaan,0,0,0,,1,0,1,0.0,0.0,,2.0,,,0,0,0,1,stable,other,False
perusahaan kosmetik,0,0,0,,42,31,11,0.0,0.0,,22.5,32.9,-10.4,0,0,0,78,stable,other,False
perusahaan kosmetik di indonesia,0,0,0,,18,16,2,0.0,0.0,,27.1,3.5,23.6,0,0,0,34,stable,local,False
perusahaan kosmetik di surabaya,2,0,2,100,110,91,19,1.82,0.0,,16.7,11.3,5.4,0,0,4,278,stable,local,False
perusahaan kosmetik di tangerang,0,0,0,,9,2,7,0.0,0.0,,23.8,26.5,-2.7,0,0,0,11,stable,local,False
perusahaan maklon,0,0,0,,14,2,12,0.0,0.0,,43.9,46.5,-2.6,0,0,0,19,stable,commercial,False
perusahaan maklon di indonesia,0,0,0,,14,4,10,0.0,0.0,,13.0,39.2,-26.2,0,0,0,18,stable,commercial,False
perusahaan maklon skincare,0,0,0,,42,7,35,0.0,0.0,,12.9,33.4,-20.5,0,0,0,49,stable,commercial,False
perusahaan maklon terbesar di indonesia,0,0,0,,22,0,22,0.0,0.0,,6.7,,,0,0,0,22,stable,commercial,False
perusahaan manufaktur,0,0,0,,1,0,1,0.0,0.0,,61.0,,,0,0,0,1,stable,other,False
perusahaan parfum,0,0,0,,4,0,4,0.0,0.0,,1.0,,,0,0,0,5,stable,other,False
perusahaan parfum di indonesia,0,0,0,,2,0,2,0.0,0.0,,1.0,,,0,0,0,2,stable,local,False
perusahaan parfum terbesar di indonesia,0,0,0,,2,0,2,0.0,0.0,,46.5,,,0,0,0,3,stable,local,False
perusahaan skincare,0,0,0,,41,31,10,0.0,0.0,,12.8,5.9,6.9,0,0,0,75,stable,other,False
pg gel,0,0,0,,1,0,1,0.0,0.0,,2.0,,,0,0,0,1,stable,other,False
pheromone adalah,0,0,0,,276,0,276,0.0,0.0,,6.3,,,0,0,0,276,stable,other,False
pheromone artinya,0,0,0,,4,0,4,0.0,0.0,,9.0,,,0,0,0,4,stable,other,False
pheromone itu apa,0,0,0,,1,0,1,0.0,0.0,,7.0,,,0,0,0,1,stable,informational,False
pheromone manusia,0,0,0,,1,0,1,0.0,0.0,,5.0,,,0,0,0,1,stable,other,False
pheromone perfume adalah,0,0,0,,2,0,2,0.0,0.0,,28.5,,,0,0,0,2,stable,other,False
pho lab,0,0,0,,1,0,1,0.0,0.0,,44.0,,,0,0,0,1,stable,other,False
physiogel hypoallergenic untuk apa,0,0,0,,1,0,1,0.0,0.0,,4.0,,,0,0,0,1,stable,informational,False
pillars cosmetiklon indonesia,0,0,0,,1,0,1,0.0,0.0,,52.0,,,0,0,0,1,stable,local,False
plan b perfume,0,0,0,,1,0,1,0.0,0.0,,34.0,,,0,0,0,1,stable,other,False
ponds biome gel pink untuk kulit apa,0,0,0,,1,0,1,0.0,0.0,,3.0,,,0,0,0,1,stable,informational,False
ponds gel cream,0,0,0,,1,0,1,0.0,0.0,,2.0,,,0,0,0,1,stable,other,False
ponds gel moisturizer,0,0,0,,1,0,1,0.0,0.0,,2.0,,,0,0,0,1,stable,other,False
ponds hydra miracle gel moisturizer,0,0,0,,1,0,1,0.0,0.0,,3.0,,,0,0,0,1,stable,other,False
ponds moisturizer gel,0,0,0,,2,0,2,0.0,0.0,,4.5,,,0,0,0,2,stable,other,False
ponds moisturizer gel cream,0,0,0,,1,0,1,0.0,0.0,,3.0,,,0,0,0,1,stable,other,False
ponds ultra light biome gel,0,0,0,,2,0,2,0.0,0.0,,3.0,,,0,0,0,2,stable,other,False
ponds ultra light gel moisturizer,0,0,0,,1,0,1,0.0,0.0,,3.0,,,0,0,0,1,stable,other,False
ponds white gel moisturizer,0,0,0,,1,0,1,0.0,0.0,,2.0,,,0,0,0,1,stable,other,False
pore refining gel cream skin1004,0,0,0,,1,0,1,0.0,0.0,,3.0,,,0,0,0,1,stable,other,False
pore refining primer la tulipe,0,0,0,,1,0,1,0.0,0.0,,2.0,,,0,0,0,1,stable,other,False
positopia lab,0,0,0,,1,0,1,0.0,0.0,,29.0,,,0,0,0,1,stable,other,False
potong harga di tiktok,0,0,0,,1,0,1,0.0,0.0,,1.0,,,0,0,0,1,stable,pricing,False
prioritas jaya indonesia,0,0,0,,1,0,1,0.0,0.0,,4.0,,,0,0,0,1,stable,local,False
private dream lab,0,0,0,,1,0,1,0.0,0.0,,2.0,,,0,0,0,1,stable,brand,True
private label,0,0,0,,11,0,11,0.0,0.0,,48.1,,,0,0,0,12,stable,commercial,False
private label cosmetics no minimum,0,0,0,,1,0,1,0.0,0.0,,41.0,,,0,0,0,1,stable,commercial,False
private label kosmetik,0,0,0,,5,1,4,0.0,0.0,,25.4,1.0,24.4,0,0,0,18,stable,commercial,False
private label kozmetik,0,0,0,,1,0,1,0.0,0.0,,9.0,,,0,0,0,1,stable,commercial,False
private label parfum,0,0,0,,4,0,4,0.0,0.0,,18.5,,,0,0,0,4,stable,commercial,False
private label skincare,0,0,0,,1,0,1,0.0,0.0,,75.0,,,0,0,0,1,stable,commercial,False
product develop,0,0,0,,1,0,1,0.0,0.0,,6.0,,,0,0,0,1,stable,other,False
product development,0,0,0,,6,0,6,0.0,0.0,,6.0,,,0,0,0,6,stable,other,False
produk body lotion yang ampuh memutihkan kulit,0,0,0,,1,0,1,0.0,0.0,,3.0,,,0,0,0,1,stable,other,False
produk elformula dari negara mana,0,0,0,,1,0,1,0.0,0.0,,2.0,,,0,0,0,1,stable,other,False
produk inspired adalah,0,0,0,,22,18,4,0.0,0.0,,5.4,7.2,-1.8,0,0,0,46,stable,other,False
produk kecantikan,0,0,0,,1,0,1,0.0,0.0,,3.0,,,0,0,0,1,stable,other,False
produk lain,1,0,1,100,1,0,1,100.0,0.0,,4.0,,,1,0,1,1,growing,other,False
produk make up lokal,0,0,0,,1,0,1,0.0,0.0,,2.0,,,0,0,0,1,stable,other,False
produk mengencangkan kult wajah,0,0,0,,3,0,3,0.0,0.0,,36.0,,,0,0,0,3,stable,other,False
produk morlab,0,0,0,,1,0,1,0.0,0.0,,34.0,,,0,0,0,1,stable,other,False
produk nya apa saja,1,0,1,100,1,0,1,100.0,0.0,,1.0,,,0,1,1,1,declining,informational,False
produk skincare,0,0,0,,1,0,1,0.0,0.0,,2.0,,,0,0,0,1,stable,other,False
produk skincare pria,0,0,0,,1,0,1,0.0,0.0,,26.0,,,0,0,0,1,stable,other,False
produk skincare ramai dibicarakan indonesia 2026,0,0,0,,14,0,14,0.0,0.0,,4.9,,,0,0,0,14,stable,local,False
produk skincare ramai dibicarakan indonesia 2026 komala,0,0,0,,4,0,4,0.0,0.0,,8.2,,,0,0,0,4,stable,local,False
produk skincare trending indonesia 2026,0,0,0,,9,0,9,0.0,0.0,,6.9,,,0,0,0,9,stable,local,False
produk skincare viral indonesia 2026,0,0,0,,2,0,2,0.0,0.0,,8.0,,,0,0,0,2,stable,local,False
produk styling rambut yang menjaga hidrasi sepanjang hari,0,0,0,,6,3,3,0.0,0.0,,16.3,16.3,0.0,0,0,0,9,stable,other,False
produk untuk mengencangkan kulit wajah,0,0,0,,3,0,3,0.0,0.0,,34.0,,,0,0,0,3,stable,other,False
produksi bodycare dengan standar internasional,0,0,0,,1,0,1,0.0,0.0,,45.0,,,0,0,0,1,stable,commercial,False
produksi dimana,0,0,0,,1,0,1,0.0,0.0,,2.0,,,0,0,0,1,stable,commercial,False
produksi parfum,0,0,0,,1,0,1,0.0,0.0,,33.0,,,0,0,0,1,stable,commercial,False
produksi parfum brand sendiri,0,0,0,,2,1,1,0.0,0.0,,11.0,47.0,-36.0,0,0,0,3,stable,commercial,False
produksi skincare,0,0,0,,20,0,20,0.0,0.0,,7.2,,,0,0,0,20,stable,commercial,False
produksi skincare indonesia,0,0,0,,1,0,1,0.0,0.0,,47.0,,,0,0,0,1,stable,commercial,False
produsen kosmetik,1,0,1,100,28,8,20,3.57,0.0,,28.1,40.9,-12.8,1,0,1,37,growing,other,False
produsen kosmetik di indonesia,0,0,0,,1,0,1,0.0,0.0,,28.0,,,0,0,0,1,stable,local,False
produsen skincare,0,0,0,,68,40,28,0.0,0.0,,29.8,13.7,16.0,0,0,0,130,stable,other,False
profil perusahaannya,0,0,0,,1,0,1,0.0,0.0,,3.0,,,0,0,0,1,stable,other,False
proses maklon kosmetik,0,0,0,,3,0,3,0.0,0.0,,11.0,,,0,0,0,3,stable,commercial,False
protomil hair tonic ginseng,0,0,0,,1,0,1,0.0,0.0,,2.0,,,0,0,0,1,stable,other,False
pt,0,0,0,,1,0,1,0.0,0.0,,2.0,,,0,0,0,1,stable,other,False
pt adrindo intiperkasa,0,0,0,,1,0,1,0.0,0.0,,3.0,,,0,0,0,1,stable,other,False
pt aesthetic and health beauty,0,0,0,,1,0,1,0.0,0.0,,3.0,,,0,0,0,1,stable,other,False
pt alamanda global health,0,0,0,,7,0,7,0.0,0.0,,2.1,,,0,0,0,7,stable,other,False
pt anjalis,0,0,0,,1,0,1,0.0,0.0,,3.0,,,0,0,0,1,stable,other,False
pt anjalis group indonesia,0,0,0,,1,0,1,0.0,0.0,,4.0,,,0,0,0,1,stable,local,False
pt aplus pacific jakarta,0,0,0,,1,0,1,0.0,0.0,,2.0,,,0,0,0,1,stable,local,False
pt arina multikarya jakarta,0,0,0,,1,0,1,0.0,0.0,,2.0,,,0,0,0,1,stable,local,False
pt arina multikarya malang,0,0,0,,1,0,1,0.0,0.0,,3.0,,,0,0,0,1,stable,local,False
pt athena royal kosmetika,0,0,0,,1,0,1,0.0,0.0,,4.0,,,0,0,0,1,stable,other,False
pt atsiri jamalindo jaya,0,0,0,,2,0,2,0.0,0.0,,48.5,,,0,0,0,2,stable,other,False
pt benberg arome indonesia,0,0,0,,1,0,1,0.0,0.0,,2.0,,,0,0,0,1,stable,local,False
pt bersama bina bahagia,0,0,0,,2,0,2,0.0,0.0,,42.0,,,0,0,0,2,stable,other,False
pt bonecom tricom group,0,0,0,,1,0,1,0.0,0.0,,2.0,,,0,0,0,1,stable,other,False
pt cantik alami sehat,0,0,0,,1,0,1,0.0,0.0,,3.0,,,0,0,0,1,stable,other,False
pt carissa mega pesona,0,0,0,,1,0,1,0.0,0.0,,3.0,,,0,0,0,1,stable,other,False
pt cikos indonesia,0,0,0,,2,0,2,0.0,0.0,,5.0,,,0,0,0,2,stable,local,False
pt credo indonesia,0,0,0,,1,0,1,0.0,0.0,,56.0,,,0,0,0,1,stable,local,False
pt cs2 pola sehat tangerang,0,0,0,,1,0,1,0.0,0.0,,2.0,,,0,0,0,1,stable,local,False
pt david bintang jaya,0,0,0,,2,0,2,0.0,0.0,,52.0,,,0,0,0,2,stable,other,False
pt dbi,0,0,0,,2,0,2,0.0,0.0,,48.5,,,0,0,0,2,stable,other,False
pt derma enom farma,0,0,0,,2,0,2,0.0,0.0,,41.0,,,0,0,0,2,stable,other,False
pt derma lab asia,0,0,0,,1,0,1,0.0,0.0,,32.0,,,0,0,0,1,stable,other,False
pt dewi buana mulia,0,0,0,,3,0,3,0.0,0.0,,70.3,,,0,0,0,3,stable,other,False
pt dream plastic indonesia,0,0,0,,1,0,1,0.0,0.0,,59.0,,,0,0,0,2,stable,local,False
pt dream wear,0,0,0,,1,0,1,0.0,0.0,,44.0,,,0,0,0,1,stable,other,False
pt enam sembilan farma,0,0,0,,1,0,1,0.0,0.0,,56.0,,,0,0,0,1,stable,other,False
pt erfi karya abadi,0,0,0,,1,0,1,0.0,0.0,,38.0,,,0,0,0,1,stable,other,False
pt formula jelita internasional,0,0,0,,1,0,1,0.0,0.0,,44.0,,,0,0,0,1,stable,other,False
pt garland cantik indonesia,0,0,0,,1,0,1,0.0,0.0,,53.0,,,0,0,0,1,stable,local,False
pt garuda jelajah nusantara,0,0,0,,1,0,1,0.0,0.0,,44.0,,,0,0,0,1,stable,other,False
pt gloria origita cosmetics,0,0,0,,1,0,1,0.0,0.0,,49.0,,,0,0,0,1,stable,other,False
pt inovasi teknologi kosmetika,0,0,0,,3,0,3,0.0,0.0,,1.0,,,0,0,0,3,stable,other,False
pt jampalan baru,0,0,0,,1,0,1,0.0,0.0,,64.0,,,0,0,0,1,stable,other,False
pt janing dermagio kosmetik,0,0,0,,4,0,4,0.0,0.0,,43.0,,,0,0,0,4,stable,other,False
pt karya,0,0,0,,1,0,1,0.0,0.0,,142.0,,,0,0,0,1,stable,other,False
pt kecantikan,0,0,0,,3,0,3,0.0,0.0,,13.7,,,0,0,0,4,stable,other,False
pt kinglab indonesia,0,0,0,,2,0,2,0.0,0.0,,49.0,,,0,0,0,2,stable,local,False
pt kosmetika global indonesia surabaya,0,0,0,,1,0,1,0.0,0.0,,2.0,,,0,0,0,1,stable,local,False
pt l essential,0,0,0,,1,0,1,0.0,0.0,,56.0,,,0,0,0,1,stable,other,False
pt l'essential,0,0,0,,1,0,1,0.0,0.0,,50.0,,,0,0,0,1,stable,other,False
pt lainnya,0,0,0,,1,0,1,0.0,0.0,,7.0,,,0,0,0,1,stable,other,False
pt lkb,0,0,0,,1,0,1,0.0,0.0,,48.0,,,0,0,0,1,stable,other,False
pt loreal indonesia,0,0,0,,1,0,1,0.0,0.0,,2.0,,,0,0,0,1,stable,local,False
pt mag trada indonesia jakarta selatan,0,0,0,,1,0,1,0.0,0.0,,4.0,,,0,0,0,1,stable,local,False
pt makeup,0,0,0,,1,0,1,0.0,0.0,,1.0,,,0,0,0,1,stable,other,False
pt maklon,0,0,0,,4,2,2,0.0,0.0,,5.2,6.5,-1.2,0,0,0,6,stable,commercial,False
pt maklon kosmetik,0,0,0,,7,1,6,0.0,0.0,,29.7,26.0,3.7,0,0,0,11,stable,commercial,False
pt marketing,0,0,0,,1,0,1,0.0,0.0,,10.0,,,0,0,0,1,stable,other,False
pt masumi beauty indonesia,0,0,0,,2,0,2,0.0,0.0,,53.0,,,0,0,0,2,stable,local,False
pt meccaya,0,0,0,,1,0,1,0.0,0.0,,3.0,,,0,0,0,1,stable,other,False
pt mitra harapan mandiri,0,0,0,,2,0,2,0.0,0.0,,56.0,,,0,0,0,2,stable,informational,False
pt mkb,0,0,0,,1,0,1,0.0,0.0,,55.0,,,0,0,0,1,stable,other,False
pt nose herbalindo bogor,0,0,0,,1,0,1,0.0,0.0,,3.0,,,0,0,0,1,stable,local,False
pt nusantara wellness group,0,0,0,,1,0,1,0.0,0.0,,5.0,,,0,0,0,1,stable,other,False
pt nutrilab innovate care,0,0,0,,1,0,1,0.0,0.0,,24.0,,,0,0,0,1,stable,other,False
pt nutrilab pratama,0,0,0,,1,0,1,0.0,0.0,,46.0,,,0,0,0,1,stable,other,False
pt nya,0,0,0,,1,0,1,0.0,0.0,,2.0,,,0,0,0,1,stable,other,False
pt nya dimana,0,0,0,,1,0,1,0.0,0.0,,4.0,,,0,0,0,1,stable,other,False
pt pesona bintang utama,0,0,0,,3,0,3,0.0,0.0,,51.3,,,0,0,0,3,stable,other,False
pt pillars,0,0,0,,1,0,1,0.0,0.0,,74.0,,,0,0,0,1,stable,other,False
pt refli kosmedika lab,0,0,0,,1,0,1,0.0,0.0,,30.0,,,0,0,0,1,stable,other,False
pt ristra laboratoris indonesia,0,0,0,,1,0,1,0.0,0.0,,31.0,,,0,0,0,1,stable,local,False
pt sempurna medilab indonesia,0,0,0,,2,0,2,0.0,0.0,,58.0,,,0,0,0,2,stable,local,False
pt sinar alfa omega,0,0,0,,1,0,1,0.0,0.0,,2.0,,,0,0,0,1,stable,other,False
pt skincare di indonesia,0,0,0,,47,33,14,0.0,0.0,,9.9,8.6,1.3,0,0,0,94,stable,local,False
pt skinsol kosmetik industri,0,0,0,,1,0,1,0.0,0.0,,2.0,,,0,0,0,1,stable,other,False
pt skintific indonesia,0,0,0,,1,0,1,0.0,0.0,,3.0,,,0,0,0,1,stable,local,False
pt stc sarana estetika,0,0,0,,1,0,1,0.0,0.0,,3.0,,,0,0,0,1,stable,other,False
pt sumber kosmetika indah,0,0,0,,1,0,1,0.0,0.0,,3.0,,,0,0,0,1,stable,other,False
pt tecno glow innovation,0,0,0,,1,0,1,0.0,0.0,,54.0,,,0,0,0,1,stable,other,False
pt trixie,0,0,0,,1,0,1,0.0,0.0,,4.0,,,0,0,0,1,stable,other,False
pt urban asia industri,0,0,0,,1,0,1,0.0,0.0,,2.0,,,0,0,0,1,stable,other,False
pt valencia organika global,0,0,0,,1,0,1,0.0,0.0,,5.0,,,0,0,0,1,stable,other,False
pt victoria care indonesia tbk semarang,0,0,0,,1,0,1,0.0,0.0,,3.0,,,0,0,0,1,stable,local,False
pt vitapharm surabaya,0,0,0,,2,0,2,0.0,0.0,,2.0,,,0,0,0,2,stable,local,False
pt wahana kosmetika indonesia,0,0,0,,1,0,1,0.0,0.0,,2.0,,,0,0,0,1,stable,local,False
pt yusung advance indonesia,0,0,0,,1,0,1,0.0,0.0,,3.0,,,0,0,0,1,stable,local,False
pt. derma enom farma,0,0,0,,2,0,2,0.0,0.0,,2.0,,,0,0,0,2,stable,other,False
pt. mash moshem indonesia,0,0,0,,1,0,1,0.0,0.0,,5.0,,,0,0,0,1,stable,local,False
pt. nayue biotech indonesia,0,0,0,,1,0,1,0.0,0.0,,3.0,,,0,0,0,1,stable,local,False
pt. setia kawan abadi foto,0,0,0,,1,0,1,0.0,0.0,,2.0,,,0,0,0,1,stable,other,False
puputan pharma mangala,0,0,0,,2,0,2,0.0,0.0,,61.5,,,0,0,0,2,stable,other,False
pusat kosmetik surabaya,0,0,0,,2,0,2,0.0,0.0,,8.5,,,0,0,0,2,stable,local,False
racik handbody pemutih ampuh,0,0,0,,3,0,3,0.0,0.0,,6.0,,,0,0,0,3,stable,other,False
racik hb,0,0,0,,1,0,1,0.0,0.0,,5.0,,,0,0,0,1,stable,other,False
racik hb sendiri,0,0,0,,49,0,49,0.0,0.0,,8.1,,,0,0,0,49,stable,other,False
racikan body care,0,0,0,,7,0,7,0.0,0.0,,7.4,,,0,0,0,7,stable,other,False
racikan body care untuk memutihkan kulit,1,0,1,100,97,0,97,1.03,0.0,,7.2,,,0,1,1,97,declining,other,False
racikan body lotion untuk memutihkan kulit,0,0,0,,50,0,50,0.0,0.0,,10.0,,,0,0,0,50,stable,other,False
racikan buat kulit putih,0,0,0,,6,0,6,0.0,0.0,,8.8,,,0,0,0,6,stable,other,False
racikan handbody,0,0,0,,49,0,49,0.0,0.0,,8.6,,,0,0,0,49,stable,other,False
racikan handbody agar cepat putih,0,0,0,,37,0,37,0.0,0.0,,8.8,,,0,0,0,37,stable,other,False
racikan handbody agar kulit putih,0,0,0,,17,0,17,0.0,0.0,,8.2,,,0,0,0,17,stable,other,False
racikan handbody marina,0,0,0,,1,0,1,0.0,0.0,,3.0,,,0,0,0,1,stable,other,False
racikan handbody paling ampuh,0,0,0,,1,0,1,0.0,0.0,,6.0,,,0,0,0,1,stable,other,False
racikan handbody pemutih,0,0,0,,260,2,258,0.0,0.0,,8.6,13.5,-4.9,0,0,0,262,stable,other,False
racikan handbody pemutih ampuh 7 hari,0,0,0,,1,0,1,0.0,0.0,,11.0,,,0,0,0,1,stable,other,False
racikan handbody pemutih kulit paling ampuh,0,0,0,,9,0,9,0.0,0.0,,7.1,,,0,0,0,9,stable,other,False
racikan handbody pemutih paling ampuh,0,0,0,,17,0,17,0.0,0.0,,10.0,,,0,0,0,17,stable,other,False
racikan handbody pemutih yang aman,0,0,0,,106,0,106,0.0,0.0,,9.6,,,0,0,0,106,stable,other,False
racikan handbody untuk memutihkan kulit,0,0,0,,13,1,12,0.0,0.0,,9.8,13.0,-3.2,0,0,0,14,stable,other,False
racikan hb ampuh mencerahkan kulit,0,0,0,,4,0,4,0.0,0.0,,9.0,,,0,0,0,4,stable,other,False
racikan hb bikin putih,0,0,0,,34,0,34,0.0,0.0,,8.7,,,0,0,0,34,stable,other,False
racikan hb dosting ampuh mencerahkan kulit,0,0,0,,3,0,3,0.0,0.0,,8.7,,,0,0,0,3,stable,other,False
racikan hb dosting apa saja,0,0,0,,8,0,8,0.0,0.0,,3.8,,,0,0,0,8,stable,informational,False
racikan hb pemutih,0,0,0,,12,0,12,0.0,0.0,,9.1,,,0,0,0,12,stable,other,False
racikan hb pemutih badan,0,0,0,,15,0,15,0.0,0.0,,8.0,,,0,0,0,15,stable,other,False
racikan hb pemutih yang aman,0,0,0,,60,0,60,0.0,0.0,,8.2,,,0,0,0,60,stable,other,False
racikan hb yang ampuh memutihkan,0,0,0,,12,0,12,0.0,0.0,,7.1,,,0,0,0,12,stable,other,False
racikan lotion,0,0,0,,1,0,1,0.0,0.0,,11.0,,,0,0,0,1,stable,other,False
racikan lotion pemutih,0,0,0,,3,0,3,0.0,0.0,,7.3,,,0,0,0,3,stable,other,False
racikan lotion pemutih badan,0,0,0,,16,0,16,0.0,0.0,,8.2,,,0,0,0,16,stable,other,False
racikan pemutih,0,0,0,,12,0,12,0.0,0.0,,9.9,,,0,0,0,12,stable,other,False
racikan pemutih badan,1,0,1,100,59,0,59,1.69,0.0,,6.9,,,1,0,1,59,growing,other,False
racikan pemutih badan alami,0,0,0,,98,0,98,0.0,0.0,,10.3,,,0,0,0,98,stable,other,False
racikan pemutih badan buatan sendiri,0,0,0,,4,0,4,0.0,0.0,,5.8,,,0,0,0,4,stable,other,False
racikan pemutih badan paling ampuh alami,0,0,0,,8,0,8,0.0,0.0,,10.1,,,0,0,0,8,stable,other,False
racikan pemutih kulit buatan sendiri,0,0,0,,15,0,15,0.0,0.0,,6.8,,,0,0,0,15,stable,other,False
racikan sendiri,0,0,0,,4,0,4,0.0,0.0,,7.2,,,0,0,0,4,stable,other,False
racikan untuk memutihkan badan,0,0,0,,18,0,18,0.0,0.0,,8.2,,,0,0,0,18,stable,other,False
rahasia devina,0,0,0,,2,0,2,0.0,0.0,,14.5,,,0,0,0,2,stable,other,False
raibu natural astaxanthin,0,0,0,,1,0,1,0.0,0.0,,3.0,,,0,0,0,1,stable,other,False
rambut crush,0,0,0,,1,0,1,0.0,0.0,,3.0,,,0,0,0,1,stable,other,False
rambut tumbuh ke dalam,0,0,0,,29,9,20,0.0,0.0,,44.4,51.1,-6.7,0,0,0,38,stable,other,False
rata2,0,0,0,,1,0,1,0.0,0.0,,2.0,,,0,0,0,1,stable,other,False
rebrand skincare,0,0,0,,1,0,1,0.0,0.0,,8.0,,,0,0,0,2,stable,commercial,False
reed diffuser,0,0,0,,1,0,1,0.0,0.0,,5.0,,,0,0,0,1,stable,other,False
reino barack,0,0,0,,6,0,6,0.0,0.0,,2.8,,,0,0,0,6,stable,other,False
reino barak,0,0,0,,1,0,1,0.0,0.0,,3.0,,,0,0,0,1,stable,other,False
rekomendasi hybrid sunscreen lokal,0,0,0,,2,0,2,0.0,0.0,,26.0,,,0,0,0,2,stable,other,False
rekomendasi parfum anak,0,0,0,,1,0,1,0.0,0.0,,3.0,,,0,0,0,1,stable,other,False
rekomendasi pemutih badan,0,0,0,,1,0,1,0.0,0.0,,3.0,,,0,0,0,1,stable,other,False
rekomendasi physical sunscreen lokal,0,0,0,,2,0,2,0.0,0.0,,27.0,,,0,0,0,2,stable,other,False
rekomendasi primer parfum,0,0,0,,1,0,1,0.0,0.0,,12.0,,,0,0,0,1,stable,other,False
rekomendasi produk perawatan kulit 2026,0,0,0,,2,0,2,0.0,0.0,,16.0,,,0,0,0,2,stable,other,False
rekomendasi skincare pria,0,0,0,,2,0,2,0.0,0.0,,30.0,,,0,0,0,2,stable,other,False
rekomendasi sunblock,0,0,0,,4,0,4,0.0,0.0,,15.2,,,0,0,0,4,stable,other,False
rekomendasi sunscreen,0,0,0,,1,0,1,0.0,0.0,,21.0,,,0,0,0,1,stable,other,False
rekomendasi sunscreen lokal,0,0,0,,4,2,2,0.0,0.0,,15.8,15.5,0.2,0,0,0,16,stable,other,False
rekomendasi sunscreen terbaik 2026 indonesia,0,0,0,,4,0,4,0.0,0.0,,19.0,,,0,0,0,4,stable,local,False
rekomendasi sunscreen terbaik untuk kulit indonesia 2026,0,0,0,,2,0,2,0.0,0.0,,13.0,,,0,0,0,2,stable,local,False
resep handbody pemutih racikan dokter,0,0,0,,8,0,8,0.0,0.0,,10.4,,,0,0,0,8,stable,other,False
resep handbody racikan,0,0,0,,16,0,16,0.0,0.0,,8.7,,,0,0,0,16,stable,other,False
resep handbody racikan cepat putih,1,0,1,100,39,0,39,2.56,0.0,,8.0,,,1,0,1,39,growing,other,False
resep handbody racikan farmasi,0,0,0,,9,0,9,0.0,0.0,,9.8,,,0,0,0,9,stable,other,False
resep handbody racikan sendiri,1,0,1,100,25,0,25,4.0,0.0,,7.6,,,1,0,1,25,growing,other,False
resep hb,0,0,0,,11,0,11,0.0,0.0,,8.4,,,0,0,0,11,stable,other,False
resep hb dosting,0,0,0,,6,0,6,0.0,0.0,,9.5,,,0,0,0,6,stable,other,False
resep hb dosting ampuh mencerahkan,0,0,0,,3,0,3,0.0,0.0,,7.7,,,0,0,0,3,stable,other,False
resep hb dosting farmasi,0,0,0,,1,0,1,0.0,0.0,,4.0,,,0,0,0,1,stable,other,False
resep hb dosting paling ampuh,0,0,0,,11,0,11,0.0,0.0,,6.9,,,0,0,0,11,stable,other,False
resep hb dosting racikan,0,0,0,,16,0,16,0.0,0.0,,5.4,,,0,0,0,16,stable,other,False
resep hb farmasi,0,0,0,,8,0,8,0.0,0.0,,9.4,,,0,0,0,8,stable,other,False
resep hb pemutih,0,0,0,,8,0,8,0.0,0.0,,7.6,,,0,0,0,8,stable,other,False
resep hb pemutih badan,0,0,0,,21,0,21,0.0,0.0,,6.3,,,0,0,0,21,stable,other,False
resep hb racikan,0,0,0,,56,0,56,0.0,0.0,,8.0,,,0,0,0,56,stable,other,False
resep hb racikan aman,0,0,0,,7,0,7,0.0,0.0,,9.1,,,0,0,0,7,stable,other,False
resep hb racikan ampuh,0,0,0,,11,0,11,0.0,0.0,,8.2,,,0,0,0,11,stable,other,False
resep hb racikan bpom,0,0,0,,2,0,2,0.0,0.0,,8.0,,,0,0,0,2,stable,commercial,False
resep hb racikan bugis,0,0,0,,8,0,8,0.0,0.0,,5.4,,,0,0,0,8,stable,other,False
resep hb racikan dosting,0,0,0,,9,0,9,0.0,0.0,,8.6,,,0,0,0,9,stable,other,False
resep hb racikan makassar,0,0,0,,2,0,2,0.0,0.0,,6.0,,,0,0,0,2,stable,local,False
resep hb racikan paling ampuh,0,0,0,,5,0,5,0.0,0.0,,6.4,,,0,0,0,5,stable,other,False
resep hb racikan pemutih,0,0,0,,27,0,27,0.0,0.0,,6.2,,,0,0,0,27,stable,other,False
resep hb racikan pemutih ampuh,0,0,0,,12,0,12,0.0,0.0,,5.4,,,0,0,0,12,stable,other,False
resep hb racikan sendiri,1,0,1,100,34,0,34,2.94,0.0,,7.0,,,0,1,1,34,declining,other,False
resep hb racikan sulawesi,0,0,0,,1,0,1,0.0,0.0,,11.0,,,0,0,0,1,stable,other,False
resep racikan,0,0,0,,1,0,1,0.0,0.0,,6.0,,,0,0,0,1,stable,other,False
resep racikan handbody,0,0,0,,31,0,31,0.0,0.0,,8.5,,,0,0,0,31,stable,other,False
resep racikan handbody dosting,0,0,0,,11,0,11,0.0,0.0,,7.9,,,0,0,0,11,stable,other,False
resep racikan handbody pemutih kulit,0,0,0,,137,2,135,0.0,0.0,,7.3,11.5,-4.2,0,0,0,139,stable,other,False
resep racikan hb,0,0,0,,31,0,31,0.0,0.0,,8.4,,,0,0,0,31,stable,other,False
resep racikan hb dosting,0,0,0,,5,0,5,0.0,0.0,,9.0,,,0,0,0,5,stable,other,False
resep racikan hb farmasi,0,0,0,,1,0,1,0.0,0.0,,4.0,,,0,0,0,1,stable,other,False
resep racikan hb pemutih,1,0,1,100,46,0,46,2.17,0.0,,7.0,,,1,0,1,46,growing,other,False
resep racikan pemutih badan,0,0,0,,29,1,28,0.0,0.0,,6.4,30.0,-23.6,0,0,0,30,stable,other,False
revlon indonesia,0,0,0,,5,0,5,0.0,0.0,,48.2,,,0,0,0,5,stable,local,False
riset pasar,0,0,0,,1,0,1,0.0,0.0,,2.0,,,0,0,0,1,stable,other,False
roll on,0,0,0,,3,0,3,0.0,0.0,,57.0,,,0,0,0,3,stable,other,False
rupiahnya,0,0,0,,1,0,1,0.0,0.0,,1.0,,,0,0,0,1,stable,other,False
sablon sabun,0,0,0,,1,0,1,0.0,0.0,,4.0,,,0,0,0,1,stable,other,False
sabun,0,0,0,,1,0,1,0.0,0.0,,8.0,,,0,0,0,1,stable,other,False
sabun apa yang bisa memutihkan kulit,0,0,0,,1,0,1,0.0,0.0,,3.0,,,0,0,0,1,stable,informational,False
sabun cair yang memutihkan badan,0,0,0,,1,0,1,0.0,0.0,,3.0,,,0,0,0,1,stable,other,False
sabun pemutih badan yang ampuh,0,0,0,,1,0,1,0.0,0.0,,3.0,,,0,0,0,1,stable,other,False
sample minyak telon gratis,0,0,0,,1,0,1,0.0,0.0,,41.0,,,0,0,0,1,stable,other,False
sanoxical 4 mg obat apa,0,0,0,,1,0,1,0.0,0.0,,3.0,,,0,0,0,1,stable,informational,False
saya beauty,0,0,0,,1,0,1,0.0,0.0,,2.0,,,0,0,0,1,stable,other,False
"saya ingin mencoba produk baru untuk perawatan tubuh, merek apa yang terkenal saat ini?. my location is indonesia.",0,0,0,,13,0,13,0.0,0.0,,4.5,,,0,0,0,13,stable,local,False
saya ingin solusi skin barrier anti-aging—apa produk atau jenis teknologi yang sedang berkembang di pasaran id?,0,0,0,,2,0,2,0.0,0.0,,1.0,,,0,0,0,2,stable,comparison,False
saya tinggal di indonesia. beri saya daftar produk rambut sehat yang dikenal memiliki kualitas paling bagus.,0,0,0,,1,0,1,0.0,0.0,,1.0,,,0,0,0,1,stable,local,False
saya tinggal di indonesia. berikan saya daftar merek perawatan rambut yang layak dipertimbangkan.,0,0,0,,1,0,1,0.0,0.0,,1.0,,,0,0,0,1,stable,local,False
saya tinggal di indonesia. berikan saya daftar produk perawatan rambut yang dikenal memiliki kemasan paling baik.,0,0,0,,1,0,1,0.0,0.0,,1.0,,,0,0,0,1,stable,local,False
saya tinggal di indonesia. berikan saya daftar produk perawatan rambut yang dikenal memiliki kualitas terbaik.,0,0,0,,2,0,2,0.0,0.0,,1.0,,,0,0,0,2,stable,local,False
saya tinggal di indonesia. berikan saya daftar produk perawatan rambut yang memiliki efektivitas paling baik.,0,0,0,,1,0,1,0.0,0.0,,1.0,,,0,0,0,1,stable,local,False
saya tinggal di indonesia. berikan saya daftar produk untuk rambut rontok yang dikenal memiliki ketersediaan terbaik.,0,0,0,,1,0,1,0.0,0.0,,1.0,,,0,0,0,1,stable,local,False
saya tinggal di indonesia. bisa beritahu saya produk apa untuk kulit kepala berminyak yang punya kandungan yang bagus?,0,0,0,,1,0,1,0.0,0.0,,1.0,,,0,0,0,1,stable,local,False
saya tinggal di indonesia. bisakah anda beri tahu saya produk rambut sehat apa saja yang mudah digunakan?,0,0,0,,1,0,1,0.0,0.0,,1.0,,,0,0,0,1,stable,local,False
saya tinggal di indonesia. bisakah anda beritahu saya produk perawatan rambut sehat apa saja yang efektif?,0,0,0,,1,0,1,0.0,0.0,,1.0,,,0,0,0,1,stable,local,False
saya tinggal di indonesia. bisakah anda memberi tahu saya produk rambut sehat apa saja yang kualitasnya bagus?,0,0,0,,1,0,1,0.0,0.0,,1.0,,,0,0,0,1,stable,local,False
saya tinggal di indonesia. bisakah kamu tunjukkan beberapa pilihan merek perawatan rambut untuk saya?,0,0,0,,1,0,1,0.0,0.0,,1.0,,,0,0,0,1,stable,local,False
saya tinggal di indonesia. carikan saya pilihan produk perawatan rambut dari merek dengan reputasi terbaik.,0,0,0,,1,0,1,0.0,0.0,,1.0,,,0,0,0,1,stable,local,False
"saya tinggal di indonesia. kalau saya ingin mulai rutin perawatan rambut, sebaiknya pilih merek apa?",0,0,0,,1,0,1,0.0,0.0,,1.0,,,0,0,0,1,stable,local,False
saya tinggal di indonesia. produk atau perawatan apa untuk rambut sehat yang punya ketersediaan terbaik di pasaran?,0,0,0,,1,0,1,0.0,0.0,,1.0,,,0,0,0,1,stable,comparison,False
saya tinggal di indonesia. produk perawatan rambut apa yang efektivitasnya paling baik?,0,0,0,,3,0,3,0.0,0.0,,1.0,,,0,0,0,3,stable,local,False
saya tinggal di indonesia. produk perawatan rambut apa yang memiliki kualitas terbaik?,0,0,0,,23,0,23,0.0,0.0,,7.9,,,0,0,0,23,stable,local,False
saya tinggal di indonesia. produk perawatan untuk rambut sehat apa yang punya efektivitas terbaik?,0,0,0,,1,0,1,0.0,0.0,,1.0,,,0,0,0,1,stable,local,False
saya tinggal di indonesia. produk untuk rambut sehat apa yang memiliki kualitas terbaik?,0,0,0,,1,0,1,0.0,0.0,,1.0,,,0,0,0,1,stable,local,False
"saya tinggal di indonesia. saya ingin membeli produk untuk kulit kepala berminyak, merek mana yang ulasannya paling bagus?",0,0,0,,1,0,1,0.0,0.0,,1.0,,,0,0,0,1,stable,local,False
saya tinggal di indonesia. saya ingin produk perawatan rambut dengan efektivitas yang sangat tinggi.,0,0,0,,1,0,1,0.0,0.0,,10.0,,,0,0,0,1,stable,local,False
saya tinggal di indonesia. tolong carikan saya beberapa pilihan produk perawatan rambut dengan kualitas terbaik.,0,0,0,,1,0,1,0.0,0.0,,1.0,,,0,0,0,1,stable,local,False
scora moisturizer hydramoist gel,0,0,0,,1,0,1,0.0,0.0,,3.0,,,0,0,0,1,stable,other,False
scrub mencerahkan badan,0,0,0,,1,0,1,0.0,0.0,,3.0,,,0,0,0,1,stable,other,False
sebutkan,1,0,1,100,1,0,1,100.0,0.0,,3.0,,,1,0,1,1,growing,other,False
selain itu,0,0,0,,1,0,1,0.0,0.0,,1.0,,,0,0,0,1,stable,other,False
selain itu ada ga,0,0,0,,1,0,1,0.0,0.0,,1.0,,,0,0,0,1,stable,other,False
selain itu ada lagi gak,0,0,0,,1,0,1,0.0,0.0,,3.0,,,0,0,0,1,stable,other,False
selain itu merk apa lagi,0,0,0,,1,0,1,0.0,0.0,,6.0,,,0,0,0,1,stable,informational,False
semilir salatiga,0,0,0,,1,0,1,0.0,0.0,,4.0,,,0,0,0,1,stable,other,False
senka deep moist gel cream,0,0,0,,1,0,1,0.0,0.0,,3.0,,,0,0,0,1,stable,other,False
sensitive moisture gel skintific,0,0,0,,1,0,1,0.0,0.0,,3.0,,,0,0,0,1,stable,other,False
serum exosome,0,0,0,,1,0,1,0.0,0.0,,8.0,,,0,0,0,1,stable,other,False
serum lab,0,0,0,,2,0,2,0.0,0.0,,1.5,,,0,0,0,2,stable,other,False
serum pemutih ketiak,0,0,0,,1,0,1,0.0,0.0,,4.0,,,0,0,0,1,stable,other,False
shampoo merker,0,0,0,,1,0,1,0.0,0.0,,31.0,,,0,0,0,1,stable,other,False
sharleez body lotion apakah sudah bpom,0,0,0,,1,0,1,0.0,0.0,,3.0,,,0,0,0,1,stable,commercial,False
shinlab,0,0,0,,1,0,1,0.0,0.0,,38.0,,,0,0,0,1,stable,other,False
showcase tiktok shop,0,0,0,,1,0,1,0.0,0.0,,12.0,,,0,0,0,4,stable,other,False
siapa heni sagara,0,0,0,,3,0,3,0.0,0.0,,2.3,,,0,0,0,3,stable,informational,False
siapa ownernya,0,0,0,,1,0,1,0.0,0.0,,1.0,,,0,0,0,1,stable,informational,False
sigviolet,0,0,0,,1,0,1,0.0,0.0,,13.0,,,0,0,0,1,stable,other,False
skin care,0,0,0,,1,0,1,0.0,0.0,,3.0,,,0,0,0,1,stable,other,False
skin care affiliate program,0,0,0,,1,0,1,0.0,0.0,,11.0,,,0,0,0,1,stable,other,False
skin care brand,0,0,0,,2,0,2,0.0,0.0,,52.0,,,0,0,0,2,stable,commercial,False
skin care cowo,0,0,0,,1,0,1,0.0,0.0,,34.0,,,0,0,0,1,stable,other,False
skin care cowok,0,0,0,,2,0,2,0.0,0.0,,28.5,,,0,0,0,2,stable,other,False
skin care for men,0,0,0,,3,0,3,0.0,0.0,,43.0,,,0,0,0,3,stable,other,False
skin care mahal di indonesia,0,0,0,,1,0,1,0.0,0.0,,31.0,,,0,0,0,1,stable,local,False
skin care manufacturer,0,0,0,,1,0,1,0.0,0.0,,73.0,,,0,0,0,1,stable,other,False
skin care untuk pria,0,0,0,,1,0,1,0.0,0.0,,24.0,,,0,0,0,1,stable,other,False
skin manufacturing,0,0,0,,6,0,6,0.0,0.0,,68.2,,,0,0,0,6,stable,other,False
skin topical use suitable for all seasons obat apa,0,0,0,,8,0,8,0.0,0.0,,5.1,,,0,0,0,8,stable,informational,False
skincare,1,0,1,100,6,2,4,16.67,0.0,,2.3,2.0,0.3,1,0,1,10,growing,other,False
skincare 2026,0,0,0,,1,0,1,0.0,0.0,,20.0,,,0,0,0,9,stable,other,False
skincare affiliate adalah,0,0,0,,30,29,1,0.0,0.0,,15.6,12.2,3.5,0,0,0,106,stable,other,False
skincare bali,0,0,0,,4,3,1,0.0,0.0,,25.0,74.7,-49.7,0,0,0,10,stable,local,False
skincare basic buat cowok,0,0,0,,1,0,1,0.0,0.0,,14.0,,,0,0,0,1,stable,other,False
skincare batam,0,0,0,,3,0,3,0.0,0.0,,9.0,,,0,0,0,3,stable,other,False
skincare buat cowo,0,0,0,,1,0,1,0.0,0.0,,24.0,,,0,0,0,1,stable,other,False
skincare cowok,0,0,0,,1,0,1,0.0,0.0,,31.0,,,0,0,0,1,stable,other,False
skincare dari bali,0,0,0,,1,0,1,0.0,0.0,,1.0,,,0,0,0,2,stable,local,False
skincare di tt crt glowing,0,0,0,,1,0,1,0.0,0.0,,10.0,,,0,0,0,1,stable,other,False
skincare for men,0,0,0,,3,1,2,0.0,0.0,,28.0,39.0,-11.0,0,0,0,4,stable,other,False
skincare hb dosting,0,0,0,,1,0,1,0.0,0.0,,3.0,,,0,0,0,1,stable,other,False
skincare hydrating mana yang paling cocok untuk cuaca panas dan lembap?,0,0,0,,1,0,1,0.0,0.0,,11.0,,,0,0,0,1,stable,other,False
skincare indonesia terbaik,0,0,0,,2,0,2,0.0,0.0,,9.0,,,0,0,0,2,stable,local,False
skincare komala indonesia review tren 2026,0,0,0,,7,0,7,0.0,0.0,,15.0,,,0,0,0,7,stable,local,False
skincare lab,0,0,0,,10,1,9,0.0,0.0,,46.0,6.0,40.0,0,0,0,22,stable,other,False
skincare laki laki,0,0,0,,1,0,1,0.0,0.0,,12.0,,,0,0,0,1,stable,other,False
skincare launch,0,0,0,,1,0,1,0.0,0.0,,6.0,,,0,0,0,1,stable,other,False
skincare lokal pria,0,0,0,,1,0,1,0.0,0.0,,47.0,,,0,0,0,1,stable,other,False
skincare mahal di indonesia,0,0,0,,1,0,1,0.0,0.0,,55.0,,,0,0,0,1,stable,local,False
skincare manufacturer,0,0,0,,2,0,2,0.0,0.0,,39.0,,,0,0,0,2,stable,other,False
skincare manufacturing,0,0,0,,1,0,1,0.0,0.0,,2.0,,,0,0,0,1,stable,other,False
skincare nad+,0,0,0,,1,0,1,0.0,0.0,,6.0,,,0,0,0,1,stable,other,False
skincare no 1 di indonesia,0,0,0,,34,25,9,0.0,0.0,,11.5,22.4,-10.9,0,0,0,60,stable,local,False
skincare no 1 di indonesia 2026,0,0,0,,4,0,4,0.0,0.0,,6.0,,,0,0,0,4,stable,local,False
skincare no. 1 di indonesia,0,0,0,,27,8,19,0.0,0.0,,11.8,21.6,-9.8,0,0,0,37,stable,local,False
skincare nomor 1 di indonesia,0,0,0,,5,2,3,0.0,0.0,,27.6,41.5,-13.9,0,0,0,7,stable,local,False
skincare odm,0,0,0,,13,2,11,0.0,0.0,,7.3,8.5,-1.2,0,0,0,15,stable,commercial,False
skincare oem,0,0,0,,1,0,1,0.0,0.0,,12.0,,,0,0,0,1,stable,commercial,False
skincare pria,0,0,0,,5,0,5,0.0,0.0,,29.0,,,0,0,0,5,stable,other,False
skincare production,0,0,0,,1,0,1,0.0,0.0,,24.0,,,0,0,0,1,stable,other,False
skincare surabaya,0,0,0,,1,0,1,0.0,0.0,,11.0,,,0,0,0,1,stable,local,False
skincare terbaik 2026 rekomendasi,0,0,0,,1,0,1,0.0,0.0,,8.0,,,0,0,0,1,stable,other,False
skincare terbaik di indonesia 2026,0,0,0,,13,8,5,0.0,0.0,,6.9,6.5,0.4,0,0,0,23,stable,local,False
skincare terbaik no 1 di indonesia,0,0,0,,10,1,9,0.0,0.0,,9.9,12.0,-2.1,0,0,0,11,stable,local,False
skincare terbaik no 1 di indonesia 2026,0,0,0,,24,4,20,0.0,0.0,,3.5,3.8,-0.2,0,0,0,28,stable,local,False
skincare terlaris 2026,0,0,0,,10,0,10,0.0,0.0,,6.3,,,0,0,0,10,stable,other,False
skincare trend 2026,0,0,0,,1,0,1,19.23,0.0,,9.0,,,0,0,5,26,stable,informational,False
skincare untuk cowok,0,0,0,,2,0,2,0.0,0.0,,22.5,,,0,0,0,2,stable,other,False
skincare untuk laki laki kulit kering,0,0,0,,3,0,3,0.0,0.0,,38.3,,,0,0,0,3,stable,other,False
skincare untuk pria,0,0,0,,1,0,1,0.0,0.0,,33.0,,,0,0,0,1,stable,other,False
skincare viral tiktok indonesia 2026,0,0,0,,1,0,1,0.0,0.0,,16.0,,,0,0,0,1,stable,local,False
skincare wajah pria,0,0,0,,1,0,1,0.0,0.0,,25.0,,,0,0,0,1,stable,other,False
skincare white label,0,0,0,,8,0,8,0.0,0.0,,8.6,,,0,0,0,8,stable,other,False
skincare yang bpom,0,0,0,,1,0,1,0.0,0.0,,1.0,,,0,0,0,1,stable,commercial,False
skincare yang cocok untuk laki laki,0,0,0,,1,0,1,0.0,0.0,,17.0,,,0,0,0,1,stable,other,False
skincare yang lagi booming,0,0,0,,1,0,1,0.0,0.0,,15.0,,,0,0,0,1,stable,other,False
skinlab,0,0,0,,1,0,1,0.0,0.0,,57.0,,,0,0,0,1,stable,other,False
skintific 377 dark spot moisture gel,0,0,0,,2,0,2,0.0,0.0,,3.0,,,0,0,0,2,stable,other,False
skintific 5x ceramide barrier moisture gel,0,0,0,,1,0,1,0.0,0.0,,3.0,,,0,0,0,1,stable,other,False
skintific 5x ceramide barrier repair moisture gel light texture,0,0,0,,1,0,1,0.0,0.0,,3.0,,,0,0,0,1,stable,other,False
skintific dark spot moisture gel,0,0,0,,1,0,1,0.0,0.0,,3.0,,,0,0,0,1,stable,other,False
skintific ectoin skin cream gel moisturizer,0,0,0,,1,0,1,0.0,0.0,,3.0,,,0,0,0,1,stable,other,False
skintific moisturizer gel sensitive,0,0,0,,1,0,1,0.0,0.0,,3.0,,,0,0,0,1,stable,other,False
skintific pdrn bright & smooth moisture gel,0,0,0,,2,0,2,0.0,0.0,,3.0,,,0,0,0,2,stable,other,False
skintific sensitive moisture gel dipakai kapan,0,0,0,,1,0,1,0.0,0.0,,3.0,,,0,0,0,1,stable,informational,False
skintific truffle biome skin cream gel moisturizer,0,0,0,,1,0,1,0.0,0.0,,3.0,,,0,0,0,1,stable,other,False
skylab indonesia,0,0,0,,1,0,1,0.0,0.0,,42.0,,,0,0,0,1,stable,local,False
slavina body lotion,0,0,0,,1,0,1,0.0,0.0,,4.0,,,0,0,0,1,stable,other,False
software bisnis skincare,0,0,0,,6,0,6,0.0,0.0,,54.5,,,0,0,0,6,stable,commercial,False
solvent adalah,0,0,0,,1,0,1,0.0,0.0,,3.0,,,0,0,0,1,stable,other,False
solvent parfum,0,0,0,,1,0,1,0.0,0.0,,3.0,,,0,0,0,1,stable,other,False
solviol adalah,0,0,0,,1,0,1,0.0,0.0,,3.0,,,0,0,0,1,stable,other,False
soothing gel dari trueve untuk apa,0,0,0,,1,0,1,0.0,0.0,,2.0,,,0,0,0,1,stable,informational,False
soothing gel herbalife,0,0,0,,1,0,1,0.0,0.0,,3.0,,,0,0,0,1,stable,local,False
speedlab indonesia,0,0,0,,1,0,1,0.0,0.0,,50.0,,,0,0,0,1,stable,local,False
spesialis formulasi kosmetik in indonesia,0,0,0,,3,0,3,0.0,0.0,,11.3,,,0,0,0,3,stable,local,False
start a skincare brand,0,0,0,,1,0,1,0.0,0.0,,56.0,,,0,0,0,1,stable,commercial,False
strategi pertumbuhan perusahaan skincare digital indonesia,0,0,0,,1,0,1,0.0,0.0,,11.0,,,0,0,0,1,stable,local,False
sumber datanya,0,0,0,,1,0,1,0.0,0.0,,13.0,,,0,0,0,1,stable,informational,False
sunblock lokal,0,0,0,,2,0,2,0.0,0.0,,9.0,,,0,0,0,4,stable,other,False
sunblock lokal terbaik,0,0,0,,7,0,7,0.0,0.0,,11.4,,,0,0,0,7,stable,other,False
sunblock yang bagus,0,0,0,,1,0,1,0.0,0.0,,44.0,,,0,0,0,1,stable,other,False
suncreen terbaik,0,0,0,,1,0,1,0.0,0.0,,1.0,,,0,0,0,1,stable,other,False
sunscreen,0,0,0,,1,0,1,0.0,0.0,,1.0,,,0,0,0,1,stable,other,False
sunscreen brand lokal,0,0,0,,10,0,10,0.0,0.0,,11.3,,,0,0,0,11,stable,commercial,False
sunscreen indonesia,0,0,0,,2,0,2,0.0,0.0,,27.5,,,0,0,0,2,stable,local,False
sunscreen lokal,0,0,0,,27,16,11,0.0,0.0,,16.5,26.3,-9.8,0,0,0,49,stable,other,False
sunscreen lokal indonesia,0,0,0,,5,0,5,0.0,0.0,,12.4,,,0,0,0,14,stable,local,False
sunscreen lokal terbaik,1,0,1,100,79,60,19,1.27,0.0,,10.0,14.3,-4.4,0,0,1,196,stable,other,False
sunscreen lokal yang mengandung titanium dioxide dan zinc oxide,0,0,0,,1,0,1,0.0,0.0,,23.0,,,0,0,0,1,stable,other,False
sunscreen rekomen,0,0,0,,1,0,1,0.0,0.0,,24.0,,,0,0,0,1,stable,other,False
sunscreen silicone based lokal,0,0,0,,1,0,1,0.0,0.0,,22.0,,,0,0,0,1,stable,other,False
sunscreen terbaik,0,0,0,,1,0,1,0.0,0.0,,24.0,,,0,0,0,1,stable,other,False
super glutathione #astaxanthin apakah aman,0,0,0,,1,0,1,0.0,0.0,,3.0,,,0,0,0,1,stable,informational,False
super glutathione astaxanthin,0,0,0,,1,0,1,0.0,0.0,,3.0,,,0,0,0,1,stable,other,False
super glutathione astaxanthin apakah sudah bpom,0,0,0,,2,0,2,0.0,0.0,,3.0,,,0,0,0,2,stable,commercial,False
suplemen astaxanthin yang bagus,0,0,0,,1,0,1,0.0,0.0,,3.0,,,0,0,0,1,stable,other,False
suplemen astria untuk apa,0,0,0,,1,0,1,0.0,0.0,,3.0,,,0,0,0,1,stable,informational,False
sure personal care memutihkan ketiak,0,0,0,,2,0,2,0.0,0.0,,18.0,,,0,0,0,2,stable,other,False
susu dan madu,0,0,0,,1,0,1,0.0,0.0,,7.0,,,0,0,0,1,stable,other,False
sutandi purnomosidi,0,0,0,,1,0,1,0.0,0.0,,2.0,,,0,0,0,1,stable,other,False
suzi glow astaxanthin,0,0,0,,2,0,2,0.0,0.0,,3.0,,,0,0,0,2,stable,other,False
swisse collagen complex untuk apa,0,0,0,,1,0,1,0.0,0.0,,3.0,,,0,0,0,1,stable,informational,False
syarat keranjang di ig,0,0,0,,7,0,7,0.0,0.0,,7.4,,,0,0,0,7,stable,informational,False
syarat keranjang kuning,0,0,0,,2,0,2,0.0,0.0,,9.5,,,0,0,0,2,stable,informational,False
syarat keranjang kuning instagram,3,3,0,0.0,46,18,28,6.52,16.67,-10.15,2.9,2.3,0.5,0,3,11,118,declining,informational,False
syarat menautkan keranjang di instagram,1,0,1,100,23,0,23,4.35,0.0,,5.8,,,0,0,1,23,stable,informational,False
syarat nya,0,0,0,,1,0,1,0.0,0.0,,4.0,,,0,0,0,1,stable,informational,False
syarat nya apa saja,0,0,0,,1,0,1,0.0,0.0,,3.0,,,0,0,0,1,stable,informational,False
symradiance 399,0,0,0,,1,0,1,0.0,0.0,,3.0,,,0,0,0,1,stable,other,False
tahan lama edp atau edt,0,0,0,,1,0,1,0.0,0.0,,23.0,,,0,0,0,2,stable,comparison,False
target pasar,0,0,0,,1,0,1,0.0,0.0,,2.0,,,0,0,0,1,stable,other,False
tekstur moisturizer untuk kulit kombinasi,0,0,0,,1,0,1,0.0,0.0,,2.0,,,0,0,0,1,stable,other,False
telepon,0,0,0,,1,0,1,0.0,0.0,,1.0,,,0,0,0,1,stable,other,False
tera laboratorium indonesia,0,0,0,,1,0,1,0.0,0.0,,38.0,,,0,0,0,1,stable,local,False
terra pafe perfume balm,0,0,0,,1,0,1,0.0,0.0,,1.0,,,0,0,0,8,stable,other,False
testimoni pheromone,0,0,0,,1,0,1,0.0,0.0,,10.0,,,0,0,0,1,stable,other,False
the body shop perfume oil,0,0,0,,1,0,1,0.0,0.0,,3.0,,,0,0,0,1,stable,other,False
the cre8ion lab,0,0,0,,1,0,1,0.0,0.0,,37.0,,,0,0,0,1,stable,other,False
the dream lab,1,0,1,100,6,2,4,16.67,0.0,,3.0,3.0,0.0,0,0,1,63,stable,brand,True
the dreamlab,0,0,0,,1,0,1,0.0,0.0,,1.0,,,0,0,0,5,stable,brand,True
the originote brand mana,0,0,0,,1,0,1,0.0,0.0,,3.0,,,0,0,0,1,stable,commercial,False
the originote hyalucera moisturizer gel,0,0,0,,1,0,1,0.0,0.0,,3.0,,,0,0,0,1,stable,other,False
tiktok eksklusif free,0,0,0,,6,0,6,0.0,0.0,,11.5,,,0,0,0,6,stable,other,False
tiktok khusus pelanggan gratis,0,0,0,,2,1,1,0.0,0.0,,10.5,5.0,5.5,0,0,0,32,stable,other,False
tinted sunscreen lokal,0,0,0,,2,0,2,0.0,0.0,,19.5,,,0,0,0,2,stable,other,False
tips cara pemakaian hb dosting,0,0,0,,2,0,2,0.0,0.0,,9.0,,,0,0,0,2,stable,informational,False
tips memutihkan ketiak,0,0,0,,13,2,11,0.0,0.0,,39.8,50.0,-10.1,0,0,0,17,stable,informational,False
tips mencerahkan ketiak,0,0,0,,1,0,1,0.0,0.0,,36.0,,,0,0,0,1,stable,informational,False
tisha beauty punya siapa,0,0,0,,1,0,1,0.0,0.0,,3.0,,,0,0,0,1,stable,informational,False
toko kosmetik adalah,0,0,0,,8,4,4,0.0,0.0,,8.9,12.2,-3.4,0,0,0,12,stable,other,False
toko kosmetik di tangerang,0,0,0,,2,0,2,0.0,0.0,,31.5,,,0,0,0,2,stable,local,False
toko kosmetik itu apa,0,0,0,,2,0,2,0.0,0.0,,10.0,,,0,0,0,2,stable,informational,False
toko kosmetik pasuruan,0,0,0,,1,0,1,0.0,0.0,,31.0,,,0,0,0,1,stable,other,False
toko kosmetik rumahan,0,0,0,,1,0,1,0.0,0.0,,55.0,,,0,0,0,1,stable,other,False
tone up body lotion yang bagus,0,0,0,,1,0,1,0.0,0.0,,2.0,,,0,0,0,1,stable,other,False
toner dan micellar water apa bedanya,0,0,0,,1,0,1,0.0,0.0,,16.0,,,0,0,0,1,stable,informational,False
top 50 brand skincare indonesia,0,0,0,,1,0,1,0.0,0.0,,5.0,,,0,0,0,1,stable,commercial,False
top brand skincare 2026,0,0,0,,2,1,1,0.0,0.0,,21.0,19.0,2.0,0,0,0,3,stable,commercial,False
transparent soap,0,0,0,,2,0,2,0.0,0.0,,2.0,,,0,0,0,2,stable,other,False
treatment salon,0,0,0,,1,0,1,0.0,0.0,,3.0,,,0,0,0,1,stable,other,False
tren kecantikan,0,0,0,,3,0,3,0.0,0.0,,7.0,,,0,0,0,4,stable,informational,False
tren kecantikan 2026,2,0,2,100,23,13,10,8.7,0.0,,5.4,12.0,-6.6,0,2,2,46,declining,informational,False
tren kecantikan saat ini,0,0,0,,5,0,5,0.0,0.0,,9.6,,,0,0,0,15,stable,informational,False
tren makeup 2026,0,0,0,,1,0,1,0.0,0.0,,1.0,,,0,0,0,1,stable,informational,False
tren mekap terbaru 2026,0,0,0,,1,0,1,0.0,0.0,,10.0,,,0,0,0,1,stable,informational,False
tren parfum,0,0,0,,11,0,11,0.0,0.0,,8.4,,,0,0,0,11,stable,informational,False
tren parfum 2026,1,0,1,100,91,75,16,1.1,0.0,,7.4,5.2,2.2,0,0,1,171,stable,informational,False
tren parfum indonesia 2026,1,0,1,100,11,0,11,9.09,0.0,,5.2,,,0,0,1,11,stable,local,False
tren skincare,0,0,0,,12,1,11,0.0,0.0,,25.2,27.0,-1.8,0,0,0,13,stable,informational,False
tren skincare 2026,0,0,0,,9,1,8,3.7,0.0,,7.3,10.0,-2.7,0,0,1,27,stable,informational,False
tren skincare 2026 indonesia,0,0,0,,3,0,3,0.0,0.0,,6.7,,,0,0,0,3,stable,local,False
tren skincare paling populer tahun 2026 untuk kesehatan kulit,0,0,0,,1,0,1,0.0,0.0,,10.0,,,0,0,0,1,stable,informational,False
tren skincare terbaru,0,0,0,,3,2,1,0.0,0.0,,13.7,13.5,0.2,0,0,0,8,stable,informational,False
tren sunscreen,0,0,0,,30,29,1,0.0,0.0,,6.0,7.1,-1.1,0,0,0,113,stable,informational,False
trend parfum,0,0,0,,8,5,3,0.0,0.0,,8.9,16.4,-7.5,0,0,0,14,stable,informational,False
trend parfum 2026,0,0,0,,15,11,4,0.0,0.0,,8.5,7.7,0.7,0,0,0,35,stable,informational,False
trend skincare,0,0,0,,1,0,1,0.0,0.0,,8.0,,,0,0,0,1,stable,informational,False
trend skincare 2026,0,0,0,,6,1,5,1.37,0.0,,12.5,18.0,-5.5,0,0,1,73,stable,informational,False
trend sunscreen,0,0,0,,1,0,1,0.0,0.0,,18.0,,,0,0,0,1,stable,informational,False
trimlab,0,0,0,,1,0,1,0.0,0.0,,25.0,,,0,0,0,1,stable,other,False
triszie lab indonesia-maklon skincare & kosmetik,0,0,0,,72,11,61,0.0,0.0,,15.5,15.7,-0.2,0,0,0,118,stable,commercial,False
tugas affiliate skincare,0,0,0,,20,11,9,0.0,0.0,,29.6,21.6,8.0,0,0,0,44,stable,other,False
tujuan bisnis,0,0,0,,2,0,2,0.0,0.0,,3.5,,,0,0,0,2,stable,commercial,False
tukang kosmetik terdekat,0,0,0,,1,0,1,0.0,0.0,,8.0,,,0,0,0,1,stable,other,False
turunan vitamin c dalam skincare,1,0,1,100,6,0,6,16.67,0.0,,9.2,,,0,1,1,6,declining,other,False
ulasan pt danz nine indonesia,0,0,0,,1,0,1,0.0,0.0,,2.0,,,0,0,0,1,stable,local,False
ulasan pt. derma enom farma,0,0,0,,1,0,1,0.0,0.0,,2.0,,,0,0,0,1,stable,other,False
"ulasan pt. kemas indah maju, plant alpha",0,0,0,,1,0,1,0.0,0.0,,2.0,,,0,0,0,1,stable,other,False
unboxing parfum pecah,0,0,0,,3,0,3,0.0,0.0,,10.0,,,0,0,0,3,stable,other,False
untuk kulit,0,0,0,,1,0,1,0.0,0.0,,4.0,,,0,0,0,1,stable,other,False
untuk kulit kering lebih baik gel atau cream,0,0,0,,5,0,5,0.0,0.0,,10.8,,,0,0,0,5,stable,comparison,False
untuk memutihkan ketiak,0,0,0,,4,1,3,0.0,0.0,,30.2,40.0,-9.8,0,0,0,7,stable,other,False
untuk mencerahkan ketiak,0,0,0,,3,1,2,0.0,0.0,,38.0,39.0,-1.0,0,0,0,7,stable,other,False
untuk mengencangkan kulit,0,0,0,,1,0,1,0.0,0.0,,8.0,,,0,0,0,1,stable,other,False
untuk parfum,0,0,0,,1,0,1,0.0,0.0,,1.0,,,0,0,0,1,stable,other,False
untuk rambut keriting,0,0,0,,1,0,1,0.0,0.0,,2.0,,,0,0,0,1,stable,other,False
untuk wajah?,0,0,0,,1,0,1,0.0,0.0,,10.0,,,0,0,0,1,stable,other,False
urutan brand skincare terbaik di indonesia,0,0,0,,2,1,1,0.0,0.0,,10.0,11.0,-1.0,0,0,0,3,stable,commercial,False
urutan ketahanan parfum,0,0,0,,1,0,1,0.0,0.0,,3.0,,,0,0,0,1,stable,other,False
urutan produk skincare terbaik di indonesia,0,0,0,,1,0,1,0.0,0.0,,11.0,,,0,0,0,1,stable,local,False
urutan skincare terbaik di indonesia,0,0,0,,20,16,4,0.0,0.0,,13.0,17.9,-4.9,0,0,0,40,stable,local,False
usaha parfum brand sendiri,1,0,1,100,1,0,1,100.0,0.0,,1.0,,,0,1,1,9,declining,commercial,False
usaha skincare,0,0,0,,2,0,2,0.0,0.0,,28.0,,,0,0,0,2,stable,other,False
varian fresh parfum,0,0,0,,1,0,1,0.0,0.0,,2.0,,,0,0,0,1,stable,other,False
varian hmns,0,0,0,,1,0,1,0.0,0.0,,3.0,,,0,0,0,1,stable,other,False
varian parfum,0,0,0,,1,0,1,0.0,0.0,,31.0,,,0,0,0,1,stable,other,False
vendor lain,0,0,0,,1,0,1,0.0,0.0,,1.0,,,0,0,0,1,stable,other,False
viral beauty products 2026,0,0,0,,2,0,2,0.0,0.0,,8.5,,,0,0,0,2,stable,other,False
viral skincare 2026,0,0,0,,1,0,1,0.0,0.0,,29.0,,,0,0,0,1,stable,other,False
virality adalah,0,0,0,,1,0,1,0.0,0.0,,11.0,,,0,0,0,49,stable,other,False
vitacid gel dan cream bedanya apa,0,0,0,,3,0,3,0.0,0.0,,2.7,,,0,0,0,3,stable,informational,False
vitamin c yang bagus untuk kulit,0,0,0,,1,0,1,0.0,0.0,,27.0,,,0,0,0,1,stable,other,False
vitamin c yang bagus untuk memutihkan kulit,0,0,0,,2,0,2,0.0,0.0,,48.0,,,0,0,0,2,stable,other,False
viva cosmetics punya siapa,0,0,0,,1,0,1,0.0,0.0,,2.0,,,0,0,0,1,stable,informational,False
viva moisturizer gel,0,0,0,,3,0,3,0.0,0.0,,3.0,,,0,0,0,3,stable,other,False
viva moisturizer gel hydra lift,0,0,0,,1,0,1,0.0,0.0,,3.0,,,0,0,0,1,stable,other,False
wajah berminyak karena apa,0,0,0,,1,0,1,0.0,0.0,,2.0,,,0,0,0,1,stable,informational,False
waktu terbaik minum astaxanthin,0,0,0,,1,0,1,0.0,0.0,,2.0,,,0,0,0,1,stable,other,False
wangi parfum cowok yang disukai wanita,0,0,0,,1,0,1,0.0,0.0,,3.0,,,0,0,0,1,stable,other,False
wangi parfum wanita isi ulang,0,0,0,,1,0,1,0.0,0.0,,3.0,,,0,0,0,1,stable,other,False
wardah 14x hyaluron + pentavitin deep water restore gel moisturizer,0,0,0,,1,0,1,0.0,0.0,,3.0,,,0,0,0,1,stable,other,False
wardah aloe hydramild moisturizer cream,0,0,0,,2,0,2,0.0,0.0,,3.0,,,0,0,0,2,stable,other,False
wardah calm & soothe gel moisturizer,0,0,0,,2,0,2,0.0,0.0,,3.0,,,0,0,0,2,stable,other,False
wardah dark spot corrector gel moisturizer,0,0,0,,1,0,1,0.0,0.0,,3.0,,,0,0,0,1,stable,other,False
wardah lightening moisturizer gel,0,0,0,,1,0,1,0.0,0.0,,3.0,,,0,0,0,1,stable,other,False
wardah moisturizer gel,0,0,0,,1,0,1,0.0,0.0,,3.0,,,0,0,0,1,stable,other,False
wardah moisturizer gel symradiance untuk kulit apa,0,0,0,,1,0,1,0.0,0.0,,2.0,,,0,0,0,1,stable,informational,False
wardah plump & firm gel moisturizer,0,0,0,,2,0,2,0.0,0.0,,3.0,,,0,0,0,2,stable,other,False
wardah plump & firm gel moisturizer untuk apa,0,0,0,,1,0,1,0.0,0.0,,2.0,,,0,0,0,1,stable,informational,False
wardah plump & firm gel moisturizer untuk kulit apa,0,0,0,,1,0,1,0.0,0.0,,3.0,,,0,0,0,1,stable,informational,False
wardah plump & firm gel moisturizer untuk usia berapa,0,0,0,,1,0,1,0.0,0.0,,3.0,,,0,0,0,1,stable,informational,False
wardah purifying moisturizer gel with witch hazel,0,0,0,,1,0,1,0.0,0.0,,4.0,,,0,0,0,1,stable,other,False
wardah tranexamic α-arbutin + 5 niacinamide dark spot corrector gel moisturizer 30 g,0,0,0,,1,0,1,0.0,0.0,,3.0,,,0,0,0,1,stable,other,False
wardah vitamin c + adenosine radiant charge gel moisturizer,0,0,0,,1,0,1,0.0,0.0,,3.0,,,0,0,0,1,stable,other,False
wat is edt,0,0,0,,1,0,1,0.0,0.0,,10.0,,,0,0,0,1,stable,other,False
waterless beauty,0,0,0,,5,2,3,0.0,0.0,,4.2,5.5,-1.3,0,0,0,7,stable,other,False
where to get free samples,0,0,0,,2,0,2,0.0,0.0,,12.5,,,0,0,0,2,stable,other,False
white inc body lotion apakah sudah bpom,0,0,0,,1,0,1,0.0,0.0,,2.0,,,0,0,0,1,stable,commercial,False
white inc produk mana,0,0,0,,1,0,1,0.0,0.0,,3.0,,,0,0,0,1,stable,other,False
white label kosmetik,0,1,-1,-100.0,4,1,3,20.0,100.0,-80.0,10.8,10.0,0.8,0,0,1,5,stable,other,False
white label skin care,0,0,0,,2,0,2,0.0,0.0,,48.5,,,0,0,0,2,stable,other,False
white label skincare,0,0,0,,16,0,16,0.0,0.0,,16.1,,,0,0,0,16,stable,other,False
whitelab pt apa,0,0,0,,1,0,1,0.0,0.0,,37.0,,,0,0,0,1,stable,informational,False
witch hazel adalah,0,0,0,,4,0,4,0.0,0.0,,34.8,,,0,0,0,6,stable,other,False
witch hazel untuk wajah,0,0,0,,1,0,1,0.0,0.0,,20.0,,,0,0,0,1,stable,other,False
xidane natural astaxanthin 4 mg obat untuk apa,0,0,0,,1,0,1,0.0,0.0,,3.0,,,0,0,0,1,stable,informational,False
ya,0,1,-1,-100.0,17,15,2,3.12,6.67,-3.54,4.8,2.9,1.9,0,0,1,32,stable,other,False
ya bantu saya,0,0,0,,1,0,1,0.0,0.0,,5.0,,,0,0,0,1,stable,other,False
ya saya mau keduanya,0,0,0,,1,0,1,0.0,0.0,,1.0,,,0,0,0,1,stable,other,False
yah,0,0,0,,1,0,1,0.0,0.0,,12.0,,,0,0,0,1,stable,other,False
yang ada di indo,0,0,0,,1,0,1,0.0,0.0,,9.0,,,0,0,0,1,stable,other,False
yang di batam,0,0,0,,1,0,1,0.0,0.0,,4.0,,,0,0,0,1,stable,other,False
yang lagi tren sekarang,0,0,0,,1,0,1,0.0,0.0,,9.0,,,0,0,0,1,stable,informational,False
yang lagi trend sekarang,0,0,0,,1,0,1,0.0,0.0,,2.0,,,0,0,0,1,stable,informational,False
yang lain,0,0,0,,2,0,2,0.0,0.0,,3.5,,,0,0,0,2,stable,other,False
yang lain?,0,0,0,,1,0,1,0.0,0.0,,1.0,,,0,0,0,1,stable,other,False
yang lainnya,1,0,1,100,1,0,1,100.0,0.0,,1.0,,,0,1,1,1,declining,other,False
yang mana paling bagus?,0,0,0,,1,0,1,0.0,0.0,,3.0,,,0,0,0,1,stable,other,False
yang paling efektif apa,0,0,0,,1,0,1,0.0,0.0,,1.0,,,0,0,0,1,stable,informational,False
yang paling murah yang mana,0,0,0,,1,0,1,0.0,0.0,,2.0,,,0,0,0,1,stable,pricing,False
yang terbaik apa?,0,0,0,,1,0,1,0.0,0.0,,6.0,,,0,0,0,1,stable,informational,False
yang terbaru,0,0,0,,1,0,1,0.0,0.0,,3.0,,,0,0,0,1,stable,other,False
yellow cart,0,0,0,,1,0,1,0.0,0.0,,3.0,,,0,0,0,1,stable,other,False
yellow cart adalah,0,0,0,,1,0,1,0.0,0.0,,32.0,,,0,0,0,1,stable,other,False
yes names,0,0,0,,1,0,1,0.0,0.0,,3.0,,,0,0,0,1,stable,other,False
yg lain,0,0,0,,1,0,1,0.0,0.0,,6.0,,,0,0,0,1,stable,other,False
yg lain lagi,0,0,0,,1,0,1,0.0,0.0,,1.0,,,0,0,0,1,stable,other,False
you radiance renewal brightening moisturizer gel,0,0,0,,1,0,1,0.0,0.0,,3.0,,,0,0,0,1,stable,other,False
zillow+skincare,0,0,0,,1,0,1,0.0,0.0,,1.0,,,0,0,0,1,stable,other,False
zinc oxide sunscreen lokal,0,0,0,,5,0,5,0.0,0.0,,10.0,,,0,0,0,5,stable,other,False
zinc untuk jerawat,0,0,0,,1,0,1,0.0,0.0,,6.0,,,0,0,0,1,stable,other,False
