query,clicks_c90,clicks_p90,clicks_delta,clicks_pct_change,impressions_c90,impressions_p90,impressions_delta,ctr_c90_pct,ctr_p90_pct,ctr_delta_pp,position_c90,position_p90,position_delta,c30_clicks,p30_clicks,clicks_16m,impressions_16m,trend,business_intent,brand
!!️resep handbody racikan cepat putih,0,0,0,,15,0,15,0.0,0.0,,9.2,,,0,0,0,15,stable,other,False
"""avoskin"" -site:reddit.com -site:twitter.com -site:x.com -site:wykop.pl -site:tripadvisor.com -site:youtube.com -site:yelp.com -site:booking.com -site:facebook.com -site:instagram.com -site:tiktok.com",0,0,0,,1,0,1,0.0,0.0,,9.0,,,0,0,0,1,stable,other,False
"""beauty influencer makeup"" -site:reddit.com -site:twitter.com -site:x.com -site:wykop.pl -site:tripadvisor.com -site:youtube.com -site:yelp.com -site:booking.com -site:facebook.com -site:instagram.com -site:tiktok.com",0,0,0,,1,0,1,0.0,0.0,,7.0,,,0,0,0,1,stable,other,False
"""bodycare"" -site:reddit.com -site:twitter.com -site:x.com -site:wykop.pl -site:tripadvisor.com -site:youtube.com -site:yelp.com -site:booking.com -site:facebook.com -site:instagram.com -site:tiktok.com",0,0,0,,6,0,6,0.0,0.0,,6.8,,,0,0,0,6,stable,other,False
"""bpom"" ""menarik"" -site:reddit.com -site:twitter.com -site:x.com -site:wykop.pl -site:tripadvisor.com -site:youtube.com -site:yelp.com -site:booking.com -site:facebook.com -site:instagram.com -site:tiktok.com",0,0,0,,1,0,1,0.0,0.0,,7.0,,,0,0,0,1,stable,commercial,False
"""izin bpom"" -site:reddit.com -site:twitter.com -site:x.com -site:wykop.pl -site:tripadvisor.com -site:youtube.com -site:yelp.com -site:booking.com -site:facebook.com -site:instagram.com -site:tiktok.com",0,0,0,,3,0,3,0.0,0.0,,9.7,,,0,0,0,3,stable,commercial,False
"""maklon kosmetik"" -site:reddit.com -site:twitter.com -site:x.com -site:wykop.pl -site:tripadvisor.com -site:youtube.com -site:yelp.com -site:booking.com -site:facebook.com -site:instagram.com -site:tiktok.com",0,0,0,,2,0,2,0.0,0.0,,5.5,,,0,0,0,2,stable,commercial,False
"""moell"" -site:reddit.com -site:twitter.com -site:x.com -site:wykop.pl -site:tripadvisor.com -site:youtube.com -site:yelp.com -site:booking.com -site:facebook.com -site:instagram.com -site:tiktok.com",0,0,0,,1,0,1,0.0,0.0,,7.0,,,0,0,0,1,stable,other,False
"""moisturizer"" -site:reddit.com -site:twitter.com -site:x.com -site:wykop.pl -site:tripadvisor.com -site:youtube.com -site:yelp.com -site:booking.com -site:facebook.com -site:instagram.com -site:tiktok.com",0,0,0,,1,0,1,0.0,0.0,,7.0,,,0,0,0,1,stable,other,False
"""skincare bayi"" -site:reddit.com -site:twitter.com -site:x.com -site:wykop.pl -site:tripadvisor.com -site:youtube.com -site:yelp.com -site:booking.com -site:facebook.com -site:instagram.com -site:tiktok.com",0,0,0,,4,0,4,0.0,0.0,,4.2,,,0,0,0,4,stable,other,False
"""toner"" -site:reddit.com -site:twitter.com -site:x.com -site:wykop.pl -site:tripadvisor.com -site:youtube.com -site:yelp.com -site:booking.com -site:facebook.com -site:instagram.com -site:tiktok.com",0,0,0,,1,0,1,0.0,0.0,,5.0,,,0,0,0,1,stable,other,False
10 perusahaan kosmetik terbesar di indonesia,0,0,0,,6,8,-2,0.0,0.0,,11.2,8.8,2.4,0,0,0,14,stable,local,False
10 urutan skincare bpom terlaris,0,0,0,,1,1,0,0.0,0.0,,12.0,11.0,1.0,0,0,0,2,stable,commercial,False
2026 dong,1,0,1,100,1,0,1,100.0,0.0,,9.0,,,1,0,1,1,growing,other,False
3 basic skincare cowok,0,0,0,,32,5,27,0.0,0.0,,9.3,7.6,1.7,0,0,0,37,stable,other,False
3 basic skincare pria,1,1,0,0.0,106,85,21,0.94,1.18,-0.23,8.0,6.3,1.7,0,0,3,374,stable,other,False
90 hari berapa lama,0,0,0,,5,0,5,0.0,0.0,,7.0,,,0,0,0,5,stable,informational,False
admin maklon,0,0,0,,2,0,2,0.0,0.0,,4.0,,,0,0,0,2,stable,commercial,False
admin produksi adalah,0,0,0,,1,0,1,0.0,0.0,,6.0,,,0,0,0,1,stable,commercial,False
advice,0,0,0,,1,0,1,0.0,0.0,,5.0,,,0,0,0,1,stable,other,False
affiliate daviena skincare,0,0,0,,1,0,1,0.0,0.0,,5.0,,,0,0,0,1,stable,other,False
affiliate skincare,0,0,0,,18,155,-137,0.0,0.0,,11.8,2.6,9.3,0,0,0,455,stable,other,False
affiliate skincare adalah,0,0,0,,10,157,-147,0.0,0.0,,11.3,3.2,8.1,0,0,0,717,stable,other,False
affiliate skincare kerjanya apa,0,0,0,,36,34,2,0.0,0.0,,9.1,5.6,3.5,0,0,0,121,stable,informational,False
affiliator skincare adalah,0,0,0,,2,32,-30,0.0,0.0,,14.0,5.8,8.2,0,0,0,40,stable,other,False
ai cosmetic,0,0,0,,1,0,1,0.0,0.0,,11.0,,,0,0,0,1,stable,other,False
ai kosmetik,0,0,0,,10,4,6,0.0,0.0,,8.7,13.2,-4.6,0,0,0,16,stable,other,False
akar ginseng untuk rambut,0,0,0,,2,0,2,0.0,0.0,,11.0,,,0,0,0,2,stable,other,False
alat mengencangkan wajah,0,0,0,,7,11,-4,0.0,0.0,,8.0,15.4,-7.4,0,0,0,20,stable,other,False
alat pengencang,0,0,0,,8,2,6,0.0,0.0,,10.4,2.5,7.9,0,0,0,10,stable,other,False
alat pengencang wajah terbaik,2,9,-7,-77.8,145,219,-74,1.38,4.11,-2.73,5.7,1.6,4.1,0,1,16,518,declining,other,False
alat untuk mengencangkan kulit wajah,0,0,0,,18,4,14,0.0,0.0,,8.7,11.2,-2.6,0,0,0,22,stable,other,False
alat untuk mengencangkan wajah,0,0,0,,41,19,22,0.0,0.0,,9.6,15.7,-6.2,0,0,0,65,stable,other,False
alcohol aroma,0,0,0,,1,0,1,0.0,0.0,,8.0,,,0,0,0,1,stable,other,False
alcohol denat pada parfum,0,0,0,,1,19,-18,0.0,0.0,,12.0,11.0,0.9,0,0,0,25,stable,other,False
alcohol parfum,0,0,0,,6,24,-18,0.0,0.0,,10.7,6.0,4.6,0,0,0,64,stable,other,False
alkohol apa yang digunakan untuk parfum,0,0,0,,31,16,15,0.0,0.0,,9.9,7.6,2.3,0,0,0,55,stable,informational,False
alkohol buat parfum,0,0,0,,23,95,-72,0.0,0.0,,9.4,2.8,6.6,0,0,0,196,stable,other,False
alkohol campuran parfum,0,0,0,,1,1,0,0.0,0.0,,9.0,40.0,-31.0,0,0,0,3,stable,other,False
alkohol dalam parfum,0,0,0,,3,0,3,0.0,0.0,,6.0,,,0,0,0,3,stable,other,False
alkohol dalam perfume,0,0,0,,3,0,3,0.0,0.0,,10.3,,,0,0,0,3,stable,other,False
alkohol denat pada parfum,0,0,0,,15,18,-3,0.0,0.0,,11.6,9.9,1.7,0,0,0,36,stable,other,False
alkohol di parfum untuk apa,0,0,0,,14,4,10,0.0,0.0,,11.1,11.8,-0.6,0,0,0,18,stable,informational,False
alkohol khusus parfum,0,0,0,,20,27,-7,0.0,0.0,,8.8,7.6,1.2,0,0,0,74,stable,other,False
alkohol minyak wangi,0,0,0,,1,7,-6,0.0,0.0,,13.0,1.6,11.4,0,0,0,17,stable,other,False
alkohol parfum,0,0,0,,51,71,-20,0.0,0.0,,12.6,5.7,6.9,0,0,0,129,stable,other,False
alkohol parfum berapa persen,0,0,0,,1,0,1,0.0,0.0,,8.0,,,0,0,0,1,stable,informational,False
alkohol parfum terbaik,0,0,0,,26,15,11,0.0,0.0,,6.3,3.8,2.5,0,0,0,41,stable,other,False
alkohol parfum terbuat dari apa,0,0,0,,18,8,10,0.0,0.0,,7.1,11.6,-4.5,0,0,0,26,stable,informational,False
alkohol parfum yang bagus,0,1,-1,-100.0,22,49,-27,1.39,2.04,-0.65,10.3,7.1,3.2,0,0,1,72,stable,other,False
alkohol parfume,0,0,0,,2,0,2,0.0,0.0,,12.5,,,0,0,0,2,stable,other,False
alkohol pelarut parfum,0,0,0,,3,0,3,0.0,0.0,,11.0,,,0,0,0,3,stable,other,False
alkohol pencampur parfum,0,0,0,,3,0,3,0.0,0.0,,9.0,,,0,0,0,3,stable,other,False
alkohol perfume,0,0,0,,1,0,1,0.0,0.0,,13.0,,,0,0,0,1,stable,other,False
alkohol terbaik untuk parfum,1,0,1,100,21,9,12,4.76,0.0,,7.0,2.2,4.8,0,1,3,60,declining,other,False
alkohol untuk minyak wangi,0,0,0,,2,13,-11,5.88,0.0,,12.5,4.1,8.4,0,0,1,17,stable,other,False
alkohol untuk parfum,0,0,0,,41,351,-310,0.29,0.0,,11.0,2.7,8.4,0,0,2,684,stable,other,False
alkohol untuk parfum berapa persen,0,0,0,,2,3,-1,0.0,0.0,,5.5,45.7,-40.2,0,0,0,10,stable,informational,False
alkohol yang digunakan untuk parfum,0,1,-1,-100.0,31,21,10,1.72,4.76,-3.04,8.8,4.5,4.2,0,0,1,58,stable,other,False
alkohol yang dipakai untuk parfum,0,1,-1,-100.0,5,35,-30,2.27,2.86,-0.58,10.0,7.2,2.8,0,0,1,44,stable,other,False
all day cream artinya,0,0,0,,1,0,1,0.0,0.0,,11.0,,,0,0,0,1,stable,other,False
all seasons skincare,0,0,0,,1,0,1,0.0,0.0,,5.0,,,0,0,0,1,stable,other,False
ampas kopi untuk lulur,0,0,0,,1,0,1,0.0,0.0,,9.0,,,0,0,0,1,stable,other,False
apa arti dosting,0,0,0,,3,2,1,0.0,0.0,,9.7,6.0,3.7,0,0,0,5,stable,informational,False
apa arti edp,0,0,0,,1,0,1,0.0,0.0,,12.0,,,0,0,0,2,stable,informational,False
apa arti hb dosting,0,0,0,,50,1,49,0.0,0.0,,9.6,1.0,8.6,0,0,0,51,stable,informational,False
apa arti moisturizer cream,0,0,0,,1,0,1,0.0,0.0,,12.0,,,0,0,0,1,stable,informational,False
apa beda edp dan edt,0,0,0,,20,0,20,0.0,0.0,,12.2,,,0,0,0,31,stable,informational,False
apa beda edt dan edp,0,0,0,,7,0,7,0.0,0.0,,12.4,,,0,0,0,13,stable,informational,False
apa bedanya cream dan moisturizer,0,0,0,,22,0,22,0.0,0.0,,11.8,,,0,0,0,22,stable,informational,False
apa bedanya edp dan edt,0,0,0,,6,0,6,0.0,0.0,,12.2,,,0,0,0,13,stable,informational,False
apa bedanya edp dan edt pada parfum,0,0,0,,1,0,1,0.0,0.0,,12.0,,,0,0,0,1,stable,informational,False
apa bedanya edt dan edp,0,0,0,,9,0,9,0.0,0.0,,12.6,,,0,0,0,13,stable,informational,False
apa bedanya parfum edp dan edt,0,0,0,,1,0,1,0.0,0.0,,10.0,,,0,0,0,1,stable,informational,False
apa bedanya toner sama micellar water,0,0,0,,1,0,1,0.0,0.0,,14.0,,,0,0,0,1,stable,informational,False
apa fungsi alkohol pada parfum,0,0,0,,4,0,4,0.0,0.0,,11.8,,,0,0,0,4,stable,informational,False
apa itu affiliate skincare,0,0,0,,3,27,-24,0.0,0.0,,10.3,1.0,9.3,0,0,0,107,stable,informational,False
apa itu alkohol denat,0,0,0,,1,1,0,0.0,0.0,,13.0,1.0,12.0,0,0,0,2,stable,informational,False
apa itu cysteamine,0,0,0,,2,0,2,0.0,0.0,,6.5,,,0,0,0,2,stable,informational,False
apa itu cysteamine untuk wajah,0,0,0,,2,0,2,0.0,0.0,,11.0,,,0,0,0,2,stable,informational,False
apa itu dosting,0,0,0,,7,14,-7,0.0,0.0,,8.4,1.7,6.7,0,0,0,21,stable,informational,False
apa itu edp,0,0,0,,103,0,103,0.0,0.0,,11.7,,,0,0,0,157,stable,informational,False
apa itu edp dan edt,0,0,0,,9,0,9,0.0,0.0,,11.0,,,0,0,0,12,stable,informational,False
apa itu edp parfum,0,0,0,,8,0,8,0.0,0.0,,11.2,,,0,0,0,11,stable,informational,False
apa itu edt,0,0,0,,45,0,45,0.0,0.0,,12.2,,,0,0,0,76,stable,informational,False
apa itu edt dan edp,0,0,0,,4,0,4,0.0,0.0,,12.5,,,0,0,0,11,stable,informational,False
apa itu hb bodycare,0,0,0,,33,2,31,0.0,0.0,,8.6,2.0,6.6,0,0,0,35,stable,informational,False
apa itu hb dalam skincare,0,0,0,,2,0,2,0.0,0.0,,8.0,,,0,0,0,2,stable,informational,False
apa itu hb dosting,1,1,0,0.0,44,159,-115,2.27,0.63,1.64,4.7,1.2,3.5,1,0,2,203,growing,informational,False
apa itu hb skincare,0,0,0,,12,0,12,0.0,0.0,,10.4,,,0,0,0,12,stable,informational,False
apa itu inspired,0,0,0,,8,1,7,0.0,0.0,,12.5,12.0,0.5,0,0,0,9,stable,informational,False
apa itu inspired parfum,0,0,0,,460,122,338,0.0,0.0,,9.6,4.6,5.0,0,0,0,585,stable,informational,False
apa itu maklom,0,0,0,,1,0,1,0.0,0.0,,13.0,,,0,0,0,1,stable,informational,False
apa itu maklon parfum,0,0,0,,17,0,17,0.0,0.0,,10.3,,,0,0,0,18,stable,commercial,False
apa itu parfum edt,0,0,0,,8,0,8,0.0,0.0,,11.0,,,0,0,0,8,stable,informational,False
apa itu parfum inspired,0,0,0,,126,49,77,0.0,0.0,,7.3,4.7,2.6,0,0,0,175,stable,informational,False
apa itu toko kosmetik,0,0,0,,22,0,22,0.0,0.0,,12.2,,,0,0,0,22,stable,informational,False
apa kegunaannya?,0,0,0,,1,0,1,0.0,0.0,,6.0,,,0,0,0,1,stable,informational,False
apa maklon,0,0,0,,2,0,2,0.0,0.0,,11.0,,,0,0,0,2,stable,commercial,False
apa manfaat ginseng untuk rambut,0,0,0,,4,0,4,0.0,0.0,,12.0,,,0,0,0,4,stable,informational,False
apa manfaat hair tonic ginseng,0,0,0,,4,0,4,0.0,0.0,,9.2,,,0,0,0,4,stable,informational,False
apa pelembab wajah terbaik untuk kulit kering?,0,0,0,,1,0,1,0.0,0.0,,5.0,,,0,0,0,1,stable,informational,False
apa perbedaan edp dan edt,0,0,0,,9,0,9,0.0,0.0,,12.1,,,0,0,0,13,stable,comparison,False
apa perbedaan edp edt edc parfum,0,0,0,,2,0,2,0.0,0.0,,12.0,,,0,0,0,2,stable,comparison,False
apa perbedaan edt dan edp,0,0,0,,5,0,5,0.0,0.0,,14.8,,,0,0,0,8,stable,comparison,False
apa perbedaan edt dan edp parfum,0,0,0,,2,0,2,0.0,0.0,,12.0,,,0,0,0,2,stable,comparison,False
apa perbedaan parfum edp dan edt,0,0,0,,1,0,1,0.0,0.0,,13.0,,,0,0,0,1,stable,comparison,False
apa perbedaan parfum edt dan edp,0,0,0,,1,0,1,0.0,0.0,,12.0,,,0,0,0,1,stable,comparison,False
apa saja,0,0,0,,1,0,1,0.0,0.0,,5.0,,,0,0,0,1,stable,informational,False
apa yang dimaksud hb dosting,0,0,0,,1,0,1,0.0,0.0,,11.0,,,0,0,0,1,stable,informational,False
apakah ada hb dosting bpom,0,0,0,,1,0,1,0.0,0.0,,10.0,,,0,0,0,1,stable,commercial,False
apakah ada syarat,0,0,0,,1,0,1,0.0,0.0,,10.0,,,0,0,0,1,stable,informational,False
apakah alkohol medis bisa untuk parfum,0,0,0,,19,10,9,0.0,0.0,,8.7,1.0,7.7,0,0,0,33,stable,informational,False
apakah astaxanthin bisa menghilangkan flek hitam,0,0,0,,48,19,29,0.0,0.0,,9.3,1.0,8.3,0,0,0,123,stable,informational,False
apakah bahan pencerah baru lebih efektif dari hydroquinone?,0,0,0,,86,0,86,0.0,0.0,,10.1,,,0,0,0,86,stable,informational,False
apakah cream dan moisturizer sama,0,0,0,,10,1,9,0.0,0.0,,9.8,9.0,0.8,0,0,0,11,stable,informational,False
apakah cream sama dengan moisturizer,0,0,0,,7,1,6,0.0,0.0,,11.0,13.0,-2.0,0,0,0,8,stable,informational,False
apakah face cream sama dengan moisturizer,0,0,0,,8,0,8,0.0,0.0,,10.6,,,0,0,0,8,stable,informational,False
apakah fixative mengandung alkohol,0,0,0,,1,2,-1,0.0,0.0,,8.0,8.5,-0.5,0,0,0,9,stable,informational,False
apakah hair tonic ginseng bisa menumbuhkan rambut,0,0,0,,2,6,-4,0.0,0.0,,11.0,12.0,-1.0,0,0,0,8,stable,informational,False
apakah harga menentukan kualitas produk pencerah?,0,0,0,,2,0,2,0.0,0.0,,5.0,,,0,0,0,2,stable,pricing,False
apakah harus pakai npwp,0,0,0,,1,0,1,0.0,0.0,,4.0,,,0,0,0,1,stable,informational,False
apakah ini mengandung alkohol?,0,0,0,,1,0,1,0.0,0.0,,4.0,,,0,0,0,1,stable,informational,False
apakah ini terbukti,0,0,0,,1,0,1,0.0,0.0,,4.0,,,0,0,0,1,stable,informational,False
apakah moisturizer dan cream sama,0,0,0,,3,0,3,0.0,0.0,,11.7,,,0,0,0,3,stable,informational,False
apakah moisturizer sama dengan cream,0,0,0,,2,0,2,0.0,0.0,,13.0,,,0,0,0,2,stable,informational,False
apakah parfum ada alkoholnya,0,0,0,,7,0,7,0.0,0.0,,11.1,,,0,0,0,8,stable,informational,False
apakah parfum fresh mengandung alkohol,0,0,0,,2,1,1,0.0,0.0,,7.0,12.0,-5.0,0,0,0,3,stable,informational,False
apakah parfum jpg mengandung alkohol,0,0,0,,1,0,1,0.0,0.0,,8.0,,,0,0,0,1,stable,informational,False
apakah produk ini halal?,0,0,0,,1,0,1,0.0,0.0,,12.0,,,0,0,0,1,stable,commercial,False
apakah succinic acid termasuk bahan aktif,0,0,0,,3,8,-5,0.0,0.0,,8.3,11.0,-2.7,0,0,0,11,stable,informational,False
apakah sudah bpom,0,0,0,,2,0,2,0.0,0.0,,11.0,,,0,0,0,2,stable,commercial,False
apalagi,0,0,0,,1,0,1,0.0,0.0,,7.0,,,0,0,0,1,stable,informational,False
aroma 2026,0,0,0,,2,0,2,0.0,0.0,,7.5,,,0,0,0,2,stable,other,False
aroma alkohol,0,0,0,,11,0,11,0.0,0.0,,9.4,,,0,0,0,11,stable,other,False
aroma alkohol seperti apa,0,0,0,,2,0,2,0.0,0.0,,13.0,,,0,0,0,2,stable,informational,False
aroma trend,0,0,0,,3,1,2,0.0,0.0,,4.3,9.0,-4.7,0,0,0,4,stable,informational,False
arti balm,0,0,0,,9,0,9,0.0,0.0,,10.6,,,0,0,0,9,stable,other,False
arti dosting,0,0,0,,4,2,2,0.0,0.0,,10.5,1.0,9.5,0,0,0,6,stable,other,False
arti hb dosting,0,0,0,,5,1,4,0.0,0.0,,6.6,1.0,5.6,0,0,0,6,stable,other,False
arti inspired parfum,0,0,0,,18,23,-5,0.0,0.0,,8.3,1.0,7.3,0,0,0,58,stable,other,False
arti maklon parfum,0,0,0,,10,0,10,0.0,0.0,,7.9,,,0,0,0,10,stable,commercial,False
arti moisturizer cream,0,0,0,,2,0,2,0.0,0.0,,12.0,,,0,0,0,2,stable,other,False
arti panthenol dalam skincare,0,0,0,,4,1,3,0.0,0.0,,11.5,1.0,10.5,0,0,0,13,stable,other,False
arti pheromone,0,0,0,,13,0,13,0.0,0.0,,10.8,,,0,0,0,13,stable,other,False
astaxanthin toplux,0,0,0,,1,0,1,0.0,0.0,,4.0,,,0,0,0,1,stable,other,False
astaxanthin untuk flek,0,0,0,,12,1,11,0.0,0.0,,10.8,10.0,0.8,0,0,0,13,stable,other,False
astaxanthin untuk flek hitam di wajah,0,0,0,,2,0,2,0.0,0.0,,10.0,,,0,0,0,2,stable,other,False
astria,0,0,0,,1,0,1,0.0,0.0,,6.0,,,0,0,0,1,stable,other,False
astria astaxanthin,0,0,0,,2,0,2,0.0,0.0,,4.0,,,0,0,0,2,stable,other,False
bahan bahan hb dosting,1,0,1,100,30,0,30,3.33,0.0,,7.3,,,0,1,1,30,declining,other,False
bahan bahan membuat handbody racikan pemutih,1,0,1,100,62,0,62,1.61,0.0,,7.5,,,0,1,1,62,declining,other,False
bahan bahan membuat masker bubuk organik,0,0,0,,2,10,-8,0.0,0.0,,13.5,14.7,-1.2,0,0,0,84,stable,other,False
bahan bahan racikan hb dosting,0,0,0,,30,0,30,0.0,0.0,,5.9,,,0,0,0,30,stable,other,False
bahan handbody racikan,0,0,0,,6,1,5,0.0,0.0,,9.2,9.0,0.2,0,0,0,7,stable,other,False
bahan handbody racikan cepat putih,2,0,2,100,235,0,235,0.85,0.0,,7.8,,,2,0,2,235,growing,other,False
bahan hb dosting,0,0,0,,52,2,50,0.0,0.0,,8.6,1.0,7.6,0,0,0,54,stable,other,False
bahan hb racikan,0,0,0,,11,0,11,0.0,0.0,,9.0,,,0,0,0,11,stable,other,False
bahan meracik handbody pemutih,0,0,0,,28,0,28,0.0,0.0,,8.0,,,0,0,0,28,stable,other,False
bahan racikan,0,0,0,,62,0,62,0.0,0.0,,8.6,,,0,0,0,62,stable,other,False
bahan racikan handbody,0,0,0,,10,0,10,0.0,0.0,,8.7,,,0,0,0,10,stable,other,False
bahan racikan handbody pemutih,0,0,0,,7,0,7,0.0,0.0,,7.3,,,0,0,0,7,stable,other,False
bahan racikan handbody pemutih yang aman,0,0,0,,80,1,79,0.0,0.0,,9.2,35.0,-25.8,0,0,0,81,stable,other,False
bahan racikan hb,0,0,0,,7,0,7,0.0,0.0,,9.1,,,0,0,0,7,stable,other,False
bahan racikan hb dosting,0,0,0,,17,0,17,0.0,0.0,,7.5,,,0,0,0,17,stable,other,False
bahan racikan hb yang aman,0,0,0,,6,0,6,0.0,0.0,,10.0,,,0,0,0,6,stable,other,False
bahan racikan pemutih badan,0,0,0,,30,0,30,0.0,0.0,,9.0,,,0,0,0,30,stable,other,False
bahan skincare apa yang cocok digunakan di cuaca lembap?,0,0,0,,11,0,11,0.0,0.0,,9.1,,,0,0,0,11,stable,informational,False
bali cosmetics,0,0,0,,1,0,1,0.0,0.0,,13.0,,,0,0,0,1,stable,local,False
bali natural skincare,0,0,0,,9,11,-2,0.0,0.0,,12.3,16.2,-3.8,0,0,0,22,stable,local,False
bali skincare,0,0,0,,2,0,2,0.0,0.0,,14.5,,,0,0,0,2,stable,local,False
balm adalah,0,0,0,,2,2,0,0.0,0.0,,12.5,45.0,-32.5,0,0,0,4,stable,other,False
balm parfum,0,0,0,,1,10,-9,0.0,0.0,,5.0,7.5,-2.5,0,0,0,30,stable,other,False
"bandingkan tekstur gel, lotion, cream, dan essence untuk berbagai jenis kulit?",0,0,0,,3,0,3,0.0,0.0,,4.0,,,0,0,0,3,stable,comparison,False
basic skincare cowok pemula,0,0,0,,2,0,2,0.0,0.0,,14.0,,,0,0,0,2,stable,other,False
bathabdbody,0,0,0,,1,0,1,0.0,0.0,,11.0,,,0,0,0,1,stable,other,False
bathandnody,0,0,0,,1,0,1,0.0,0.0,,10.0,,,0,0,0,1,stable,other,False
bau alkohol parfum seperti apa,0,0,0,,8,4,4,0.0,0.0,,10.5,8.5,2.0,0,0,0,12,stable,informational,False
bb custom,0,0,0,,2,0,2,0.0,0.0,,5.5,,,0,0,0,2,stable,commercial,False
beauty affiliate adalah,0,0,0,,11,104,-93,0.0,0.0,,10.4,1.6,8.8,0,0,0,318,stable,other,False
beauty company di indonesia,0,0,0,,1,2,-1,0.0,0.0,,14.0,1.0,13.0,0,0,0,3,stable,local,False
beauty idea lab,0,0,0,,1,0,1,0.0,0.0,,8.0,,,0,0,0,1,stable,other,False
beauty lab,0,0,0,,1,1,0,0.0,0.0,,7.0,1.0,6.0,0,0,0,3,stable,other,False
beauty manufaktur,0,0,0,,3,0,3,0.0,0.0,,10.7,,,0,0,0,3,stable,other,False
beda,0,0,0,,1,0,1,0.0,0.0,,9.0,,,0,0,0,1,stable,other,False
beda edp dan edt,0,0,0,,33,1,32,0.0,0.0,,14.6,1.0,13.6,0,0,0,133,stable,other,False
beda edp sama edt,0,0,0,,1,0,1,0.0,0.0,,13.0,,,0,0,0,1,stable,other,False
beda edt dan edp,0,0,0,,44,0,44,0.0,0.0,,14.6,,,0,0,0,71,stable,other,False
beda edt dan edp pada parfum,0,0,0,,1,0,1,0.0,0.0,,11.0,,,0,0,0,1,stable,other,False
beda edt edp,0,0,0,,2,0,2,0.0,0.0,,12.0,,,0,0,0,3,stable,other,False
beda gel dan cream,0,0,0,,35,4,31,0.0,0.0,,9.1,8.8,0.4,0,0,0,47,stable,other,False
beda micellar water dan toner,0,0,0,,1,1,0,0.0,0.0,,15.0,23.0,-8.0,0,0,0,6,stable,other,False
beda moisturizer dan cream,0,0,0,,11,10,1,0.0,0.0,,13.0,17.0,-4.0,0,0,0,25,stable,other,False
beda nya edp dan edt,0,0,0,,1,0,1,0.0,0.0,,13.0,,,0,0,0,1,stable,other,False
bedanya cream dan moisturizer,0,0,0,,9,0,9,0.0,0.0,,10.0,,,0,0,0,9,stable,other,False
bedanya edp dan edt,0,0,0,,35,0,35,0.0,0.0,,10.9,,,0,0,0,84,stable,other,False
bedanya edp sama edt,0,0,0,,4,0,4,0.0,0.0,,11.8,,,0,0,0,4,stable,other,False
bedanya edt dan edp,0,0,0,,36,0,36,0.0,0.0,,13.1,,,0,0,0,68,stable,other,False
bedanya edt sama edp,0,0,0,,1,0,1,0.0,0.0,,11.0,,,0,0,0,1,stable,other,False
bedanya parfum edt dan edp,0,0,0,,2,0,2,0.0,0.0,,14.0,,,0,0,0,3,stable,other,False
bekasi,0,0,0,,1,0,1,0.0,0.0,,10.0,,,0,0,0,1,stable,local,False
belum tau,0,0,0,,1,0,1,0.0,0.0,,11.0,,,0,0,0,1,stable,other,False
berapa biaya maklon parfum,0,0,0,,4,0,4,0.0,0.0,,13.2,,,0,0,0,4,stable,pricing,False
berapa harga parfum mykonos inception,0,0,0,,1,0,1,0.0,0.0,,5.0,,,0,0,0,1,stable,pricing,False
berapa harga pasaran nya,0,0,0,,1,0,1,0.0,0.0,,7.0,,,0,0,0,1,stable,pricing,False
berapa lama hb dosting bekerja,0,0,0,,5,0,5,0.0,0.0,,10.4,,,0,0,0,5,stable,informational,False
berapa modal awal?,0,0,0,,1,0,1,0.0,0.0,,4.0,,,0,0,0,1,stable,pricing,False
best anti aging device for home use,0,0,0,,1,0,1,0.0,0.0,,12.0,,,0,0,0,1,stable,other,False
bisnis kecantikan apa saja,0,0,0,,2,0,2,0.0,0.0,,12.0,,,0,0,0,2,stable,commercial,False
bisnis kosmetik yang menjanjikan,0,0,0,,9,0,9,0.0,0.0,,5.6,,,0,0,0,9,stable,commercial,False
bisnis parfum,0,0,0,,1,1,0,0.0,0.0,,8.0,1.0,7.0,0,0,0,2,stable,commercial,False
bisnis parfum apakah menjanjikan,0,0,0,,1,0,1,0.0,0.0,,4.0,,,0,0,0,1,stable,commercial,False
bisnis parfum merk sendiri,0,0,0,,1,1,0,0.0,0.0,,11.0,1.0,10.0,0,0,0,16,stable,commercial,False
body care whitening,0,0,0,,1,0,1,0.0,0.0,,7.0,,,0,0,0,1,stable,other,False
body cleansing,0,0,0,,1,0,1,0.0,0.0,,7.0,,,0,0,0,1,stable,other,False
bodycare pemula,0,0,0,,2,0,2,0.0,0.0,,14.0,,,0,0,0,2,stable,other,False
box parfum mewah,0,0,0,,4,19,-15,0.0,0.0,,10.0,9.2,0.8,0,0,0,23,stable,other,False
brand hb,0,0,0,,10,7,3,0.0,0.0,,6.0,6.6,-0.6,0,0,0,17,stable,commercial,False
brand kosmetik indonesia,0,0,0,,2,1,1,0.0,0.0,,13.0,3.0,10.0,0,0,0,3,stable,commercial,False
brand oem di indonesia,0,0,0,,1,0,1,0.0,0.0,,6.0,,,0,0,0,1,stable,commercial,False
brand skincare terbaik di indonesia,0,0,0,,1,2,-1,0.0,0.0,,12.0,25.5,-13.5,0,0,0,3,stable,commercial,False
brand skincare terlaris di indonesia,0,0,0,,1,0,1,0.0,0.0,,11.0,,,0,0,0,1,stable,commercial,False
brand sunscreen terbaik,0,0,0,,1,0,1,0.0,0.0,,14.0,,,0,0,0,1,stable,commercial,False
buat brand parfum sendiri,0,0,0,,2,11,-9,0.0,0.0,,8.5,7.7,0.8,0,0,0,15,stable,commercial,False
buat parfum sendiri berhasil,0,0,0,,8,0,8,0.0,0.0,,9.8,,,0,0,0,8,stable,other,False
budget 5 juta,0,0,0,,1,0,1,0.0,0.0,,12.0,,,0,0,0,1,stable,other,False
buka toko kosmetik,0,0,0,,10,4,6,0.0,0.0,,10.1,35.8,-25.6,0,0,0,14,stable,other,False
campaign tiktok shop,0,0,0,,12,5,7,0.0,0.0,,10.4,10.6,-0.2,0,0,0,17,stable,other,False
campuran handbody agar cepat putih,0,0,0,,7,0,7,0.0,0.0,,8.3,,,0,0,0,7,stable,other,False
campuran handbody bikin putih,0,0,0,,6,0,6,0.0,0.0,,8.8,,,0,0,0,6,stable,other,False
campuran handbody untuk memutihkan kulit,1,0,1,100,7,0,7,14.29,0.0,,7.7,,,1,0,1,7,growing,other,False
campuran hb cepat putih,0,0,0,,1,0,1,0.0,0.0,,4.0,,,0,0,0,1,stable,other,False
campuran hb racikan paling ampuh,0,0,0,,1,0,1,0.0,0.0,,11.0,,,0,0,0,1,stable,other,False
campuran hb racikan pemutih,0,0,0,,1,0,1,0.0,0.0,,7.0,,,0,0,0,1,stable,other,False
campuran racikan handbody pemutih,0,0,0,,6,0,6,0.0,0.0,,9.8,,,0,0,0,6,stable,other,False
cara agar instagram ada keranjang kuning,0,0,0,,24,0,24,0.0,0.0,,5.2,,,0,0,0,24,stable,informational,False
cara aktifkan keranjang di ig,0,1,-1,-100.0,17,8,9,4.0,12.5,-8.5,5.1,3.8,1.4,0,0,1,25,stable,informational,False
cara aktifkan keranjang kuning,0,0,0,,1,7,-6,0.0,0.0,,9.0,9.1,-0.1,0,0,0,10,stable,informational,False
cara aktifkan tautan produk,0,0,0,,8,0,8,0.0,0.0,,7.6,,,0,0,0,8,stable,informational,False
cara belanja di ig,0,0,0,,1,0,1,0.0,0.0,,13.0,,,0,0,0,1,stable,informational,False
cara bikin brand parfum sendiri,0,0,0,,2,0,2,0.0,0.0,,11.0,,,0,0,0,2,stable,commercial,False
cara bikin handbody racikan pemutih,0,0,0,,34,0,34,0.0,0.0,,7.5,,,0,0,0,34,stable,informational,False
cara bikin handbody racikan sendiri,0,0,0,,1,0,1,0.0,0.0,,9.0,,,0,0,0,1,stable,informational,False
cara bikin hb,0,0,0,,12,0,12,0.0,0.0,,9.1,,,0,0,0,12,stable,informational,False
cara bikin hb dosting sendiri,1,0,1,100,77,10,67,1.3,0.0,,6.1,5.6,0.5,1,0,1,87,growing,informational,False
cara bikin hb racikan,0,0,0,,71,0,71,0.0,0.0,,8.0,,,0,0,0,71,stable,informational,False
cara bikin hb racikan pemutih badan,0,0,0,,79,2,77,0.0,0.0,,7.7,1.0,6.7,0,0,0,81,stable,informational,False
cara bikin hb sendiri,0,0,0,,1,0,1,0.0,0.0,,9.0,,,0,0,0,1,stable,informational,False
cara bikin racikan handbody pemutih,1,0,1,100,90,2,88,1.11,0.0,,8.2,1.0,7.2,1,0,1,92,growing,informational,False
cara buat brand parfum sendiri,0,0,0,,3,0,3,0.0,0.0,,5.0,,,0,0,0,3,stable,commercial,False
cara buat handbody,0,0,0,,2,0,2,0.0,0.0,,7.0,,,0,0,0,2,stable,informational,False
cara buat handbody racikan pemutih badan,0,0,0,,21,0,21,0.0,0.0,,6.3,,,0,0,0,21,stable,informational,False
cara buat hb,0,0,0,,4,0,4,0.0,0.0,,10.0,,,0,0,0,4,stable,informational,False
cara buat hb dosting,2,1,1,100.0,73,2,71,2.74,50.0,-47.26,4.3,5.0,-0.7,1,1,3,75,stable,informational,False
cara buat hb dosting sendiri,0,0,0,,205,23,182,0.0,0.0,,5.9,5.5,0.4,0,0,0,228,stable,informational,False
cara buat hb racikan,0,0,0,,43,2,41,0.0,0.0,,8.5,6.0,2.5,0,0,0,45,stable,informational,False
cara buat hb racikan pemutih,0,0,0,,43,0,43,0.0,0.0,,8.6,,,0,0,0,43,stable,informational,False
cara buat keranjang di instagram,1,0,1,100,46,51,-5,2.17,0.0,,4.3,2.9,1.4,0,0,5,173,stable,informational,False
cara buat keranjang jualan sendiri,0,0,0,,3,1,2,0.0,0.0,,8.3,6.0,2.3,0,0,0,4,stable,informational,False
cara buat keranjang kuning di shopee,0,0,0,,1,2,-1,0.0,0.0,,12.0,10.0,2.0,0,0,0,3,stable,informational,False
cara buat lotion pemutih sendiri,0,0,0,,7,0,7,0.0,0.0,,7.3,,,0,0,0,7,stable,informational,False
cara buat lulur pakai kopi dan handbody,0,0,0,,5,0,5,0.0,0.0,,9.0,,,0,0,0,5,stable,informational,False
cara buat racikan handbody pemutih,0,0,0,,46,5,41,0.0,0.0,,8.1,6.8,1.3,0,0,0,51,stable,informational,False
cara buka toko kosmetik lengkap,0,0,0,,1,0,1,0.0,0.0,,10.0,,,0,0,0,1,stable,informational,False
cara cek keranjang di instagram,0,0,0,,9,0,9,0.0,0.0,,7.1,,,0,0,0,9,stable,informational,False
cara ikut campaign di tiktok shop,0,0,0,,1,0,1,0.0,0.0,,9.0,,,0,0,0,1,stable,informational,False
cara jadi owner parfum,0,0,0,,21,15,6,0.0,0.0,,9.8,10.1,-0.3,0,0,0,41,stable,informational,False
cara jualan parfum brand sendiri,0,0,0,,1,0,1,0.0,0.0,,9.0,,,0,0,0,1,stable,commercial,False
cara kerja affiliate skincare,0,0,0,,39,55,-16,0.0,0.0,,12.7,7.5,5.2,0,0,0,218,stable,informational,False
cara kerja cysteamine,0,0,0,,16,0,16,0.0,0.0,,8.3,,,0,0,0,16,stable,informational,False
cara kerja hb dosting,0,0,0,,9,16,-7,0.0,0.0,,9.7,4.3,5.4,0,0,0,25,stable,informational,False
cara maklon parfum,0,0,0,,7,0,7,0.0,0.0,,9.6,,,0,0,0,7,stable,commercial,False
cara masukin keranjang kuning,0,0,0,,8,4,4,0.0,0.0,,9.2,5.8,3.5,0,0,0,12,stable,informational,False
cara masukin keranjang kuning di shopee,0,0,0,,2,1,1,0.0,0.0,,8.0,2.0,6.0,0,0,0,3,stable,informational,False
cara melihat keranjang di shopee,0,0,0,,1,0,1,0.0,0.0,,10.0,,,0,0,0,1,stable,informational,False
cara memakai handbody racikan agar cepat putih,0,0,0,,14,0,14,0.0,0.0,,9.0,,,0,0,0,14,stable,informational,False
cara membuat body care sendiri,0,0,0,,2,0,2,0.0,0.0,,10.5,,,0,0,0,2,stable,informational,False
cara membuat body lotion pemutih sendiri,0,0,0,,47,0,47,0.0,0.0,,8.6,,,0,0,0,47,stable,informational,False
cara membuat body mist,0,0,0,,1,0,1,0.0,0.0,,10.0,,,0,0,0,5,stable,informational,False
cara membuat handbody,0,0,0,,32,0,32,0.0,0.0,,7.8,,,0,0,0,32,stable,informational,False
cara membuat handbody pemutih,0,0,0,,9,0,9,0.0,0.0,,8.3,,,0,0,0,9,stable,informational,False
cara membuat handbody racikan,0,0,0,,37,1,36,0.0,0.0,,9.3,9.0,0.3,0,0,0,38,stable,informational,False
cara membuat handbody racikan dosis tinggi,1,0,1,100,480,0,480,0.21,0.0,,8.7,,,0,1,1,480,declining,informational,False
cara membuat handbody racikan makassar,0,0,0,,26,0,26,0.0,0.0,,7.5,,,0,0,0,26,stable,local,False
cara membuat handbody racikan putih permanen,2,0,2,100,301,0,301,0.66,0.0,,7.9,,,1,0,2,301,growing,informational,False
cara membuat handbody racikan sendiri,0,0,0,,135,2,133,0.0,0.0,,8.2,1.0,7.2,0,0,0,137,stable,informational,False
cara membuat handbody racikan sendiri agar cepat putih,6,0,6,100,1788,1,1787,0.34,0.0,,8.0,31.0,-23.0,3,2,6,1789,growing,informational,False
cara membuat hb,0,0,0,,6,1,5,0.0,0.0,,8.2,10.0,-1.8,0,0,0,7,stable,informational,False
cara membuat hb dosting,7,0,7,100,355,36,319,1.97,0.0,,5.7,6.0,-0.2,4,3,7,391,growing,informational,False
cara membuat hb dosting sendiri,0,0,0,,6,75,-69,0.0,0.0,,8.5,5.8,2.7,0,0,0,81,stable,informational,False
cara membuat hb pemutih,0,0,0,,52,3,49,0.0,0.0,,8.6,8.7,-0.1,0,0,0,55,stable,informational,False
cara membuat hb pemutih badan,0,0,0,,38,14,24,0.0,0.0,,9.3,2.4,6.9,0,0,0,52,stable,informational,False
cara membuat hb racikan,0,0,0,,13,0,13,0.0,0.0,,10.5,,,0,0,0,13,stable,informational,False
cara membuat hb racikan ampuh,0,0,0,,1,0,1,0.0,0.0,,9.0,,,0,0,0,1,stable,informational,False
cara membuat hb racikan dosting,0,0,0,,16,0,16,0.0,0.0,,7.4,,,0,0,0,16,stable,informational,False
cara membuat hb racikan pemutih aman,0,0,0,,86,0,86,0.0,0.0,,8.3,,,0,0,0,86,stable,informational,False
cara membuat hb racikan pemutih dosis tinggi,0,0,0,,35,0,35,0.0,0.0,,7.7,,,0,0,0,35,stable,informational,False
cara membuat hb racikan sendiri,0,0,0,,15,0,15,0.0,0.0,,7.3,,,0,0,0,15,stable,informational,False
cara membuat lulur dari handbody,0,0,0,,1,0,1,0.0,0.0,,7.0,,,0,0,0,1,stable,informational,False
cara membuat lulur untuk kulit dari handbody,0,0,0,,9,0,9,0.0,0.0,,8.2,,,0,0,0,9,stable,informational,False
cara membuat racikan,0,0,0,,5,0,5,0.0,0.0,,8.0,,,0,0,0,5,stable,informational,False
cara membuat racikan handbody,0,0,0,,41,0,41,0.0,0.0,,8.6,,,0,0,0,41,stable,informational,False
cara membuat racikan handbody pemutih yang aman,0,0,0,,61,9,52,0.0,0.0,,8.5,4.1,4.4,0,0,0,70,stable,informational,False
cara membuat racikan hb dosting,0,0,0,,43,0,43,0.0,0.0,,6.8,,,0,0,0,43,stable,informational,False
cara membuka toko kosmetik,0,0,0,,1,1,0,0.0,0.0,,10.0,13.0,-3.0,0,0,0,2,stable,informational,False
cara memunculkan keranjang kuning,0,0,0,,3,2,1,0.0,0.0,,8.0,4.0,4.0,0,0,0,5,stable,informational,False
cara memunculkan tautan produk di instagram,5,17,-12,-70.6,105,183,-78,4.76,9.29,-4.53,4.3,2.3,2.0,0,1,25,349,declining,informational,False
cara menambahkan keranjang di postingan,0,0,0,,5,0,5,0.0,0.0,,11.0,,,0,0,0,5,stable,informational,False
cara menambahkan keranjang kuning,0,0,0,,1,15,-14,0.0,0.0,,8.0,2.5,5.5,0,0,0,19,stable,informational,False
cara menambahkan keranjang kuning di video yang sudah upload,0,0,0,,6,3,3,0.0,0.0,,7.0,4.0,3.0,0,0,0,9,stable,informational,False
cara menambahkan link produk di instagram,2,0,2,100,35,10,25,5.71,0.0,,6.9,4.8,2.1,0,2,2,46,declining,informational,False
cara menambahkan link produk di reels instagram,6,4,2,50.0,141,244,-103,4.26,1.64,2.62,6.0,2.4,3.6,0,0,15,525,stable,informational,False
cara menambahkan produk di ig,0,0,0,,1,0,1,0.0,0.0,,12.0,,,0,0,0,1,stable,informational,False
cara menambahkan produk di instagram,0,0,0,,8,6,2,0.0,0.0,,7.8,15.5,-7.8,0,0,0,14,stable,informational,False
cara menampilkan keranjang kuning,0,0,0,,1,9,-8,0.0,0.0,,7.0,7.3,-0.3,0,0,0,12,stable,informational,False
cara menaruh keranjang kuning di tiktok,0,0,0,,1,0,1,0.0,0.0,,11.0,,,0,0,0,1,stable,informational,False
cara menautkan keranjang kuning affiliate pemula,0,0,0,,1,0,1,0.0,0.0,,12.0,,,0,0,0,1,stable,informational,False
cara menautkan link di reels instagram,0,0,0,,14,0,14,0.0,0.0,,9.4,,,0,0,0,14,stable,informational,False
cara menautkan link produk di reels instagram,0,0,0,,2,0,2,0.0,0.0,,6.5,,,0,0,0,2,stable,informational,False
cara menautkan produk di instagram,2,5,-3,-60.0,111,184,-73,1.8,2.72,-0.92,5.7,2.4,3.3,0,1,8,411,declining,informational,False
cara menautkan produk di reels instagram,0,2,-2,-100.0,10,42,-32,6.67,4.76,1.9,4.4,2.0,2.4,0,0,5,75,stable,informational,False
cara mengaktifkan fitur keranjang kuning,0,0,0,,1,6,-5,0.0,0.0,,10.0,8.7,1.3,0,0,0,7,stable,informational,False
cara mengaktifkan keranjang kuning,0,0,0,,5,6,-1,0.0,0.0,,9.4,8.8,0.6,0,0,0,14,stable,informational,False
cara mengaktifkan keranjang putih di ig,0,0,0,,1,0,1,0.0,0.0,,6.0,,,0,0,0,1,stable,informational,False
cara mengetahui parfum yang mengandung alkohol,0,0,0,,3,2,1,0.0,0.0,,9.3,10.0,-0.7,0,0,0,5,stable,informational,False
cara menggunakan ginseng untuk rambut,0,0,0,,1,0,1,0.0,0.0,,6.0,,,0,0,0,1,stable,informational,False
cara menggunakan minyak ginseng,0,0,0,,2,0,2,0.0,0.0,,8.0,,,0,0,0,2,stable,informational,False
cara mengurus bpom,0,0,0,,1,0,1,0.0,0.0,,5.0,,,0,0,0,1,stable,commercial,False
cara menyematkan reels di ig,0,0,0,,5,0,5,0.0,0.0,,5.8,,,0,0,0,6,stable,informational,False
cara meracik body lotion sendiri,0,0,0,,10,0,10,0.0,0.0,,9.4,,,0,0,0,10,stable,informational,False
cara meracik body lotion untuk memutihkan,0,0,0,,39,0,39,0.0,0.0,,8.1,,,0,0,0,39,stable,informational,False
cara meracik handbody,0,0,0,,76,16,60,0.0,0.0,,8.4,2.9,5.5,0,0,0,92,stable,informational,False
cara meracik handbody agar kulit cepat putih,0,0,0,,35,0,35,0.0,0.0,,6.4,,,0,0,0,35,stable,informational,False
cara meracik handbody citra untuk memutihkan kulit,0,0,0,,3,1,2,0.0,0.0,,9.0,10.0,-1.0,0,0,0,4,stable,informational,False
cara meracik handbody pemutih,0,0,0,,43,6,37,0.0,0.0,,7.4,10.0,-2.6,0,0,0,49,stable,informational,False
cara meracik handbody pemutih ampuh,0,0,0,,8,0,8,0.0,0.0,,7.9,,,0,0,0,8,stable,informational,False
cara meracik handbody pemutih kulit permanen,0,0,0,,5,9,-4,0.0,0.0,,8.0,2.0,6.0,0,0,0,14,stable,informational,False
cara meracik handbody pemutih yang aman,2,0,2,100,110,0,110,1.82,0.0,,8.1,,,1,1,2,110,stable,informational,False
cara meracik handbody untuk memutihkan kulit,1,0,1,100,15,0,15,6.67,0.0,,7.9,,,0,1,1,15,declining,informational,False
cara meracik hb,0,0,0,,81,3,78,0.0,0.0,,8.7,7.7,1.0,0,0,0,84,stable,informational,False
cara meracik hb agar cepat putih,0,0,0,,76,3,73,0.0,0.0,,8.3,11.3,-3.0,0,0,0,79,stable,informational,False
cara meracik hb dosting,1,0,1,100,181,12,169,0.55,0.0,,8.2,4.9,3.2,0,1,1,193,declining,informational,False
cara meracik hb dosting sendiri,3,0,3,100,238,0,238,1.26,0.0,,6.5,,,1,2,3,238,declining,informational,False
cara meracik hb dosting yg aman,0,0,0,,4,0,4,0.0,0.0,,5.0,,,0,0,0,4,stable,informational,False
cara meracik hb pemutih,0,0,0,,30,2,28,0.0,0.0,,7.5,1.0,6.5,0,0,0,32,stable,informational,False
cara meracik hb pemutih sendiri,0,0,0,,25,9,16,0.0,0.0,,8.4,5.8,2.6,0,0,0,34,stable,informational,False
cara meracik hb pemutih yang aman,0,0,0,,231,0,231,0.0,0.0,,7.8,,,0,0,0,231,stable,informational,False
cara meracik hb sendiri,1,0,1,100,88,17,71,1.14,0.0,,6.9,10.2,-3.2,1,0,1,105,growing,informational,False
cara meracik lotion pemutih badan permanen,1,0,1,100,9,0,9,11.11,0.0,,7.7,,,0,0,1,9,stable,informational,False
cara munculin tautan produk di instagram,0,0,0,,10,0,10,0.0,0.0,,9.9,,,0,0,0,10,stable,informational,False
cara nautin keranjang setelah di upload,0,0,0,,16,0,16,0.0,0.0,,7.9,,,0,0,0,16,stable,informational,False
cara pemakaian hb dosting untuk pemula,0,0,0,,1,0,1,0.0,0.0,,11.0,,,0,0,0,1,stable,informational,False
cara penggunaan hb dosting,0,0,0,,6,0,6,0.0,0.0,,7.3,,,0,0,0,6,stable,informational,False
cara racik hb dosting sendiri mencerahkan kulit,0,0,0,,6,0,6,0.0,0.0,,6.5,,,0,0,0,6,stable,informational,False
cara racikan handbody pemutih,0,0,0,,19,0,19,0.0,0.0,,9.0,,,0,0,0,19,stable,informational,False
cara sematkan keranjang kuning di postingan,0,0,0,,1,0,1,0.0,0.0,,12.0,,,0,0,0,1,stable,informational,False
cara tambah keranjang kuning di postingan,0,0,0,,4,6,-2,0.0,0.0,,9.5,9.8,-0.3,0,0,0,10,stable,informational,False
cara tambahkan keranjang kuning,0,0,0,,3,0,3,0.0,0.0,,10.7,,,0,0,0,3,stable,informational,False
cara tautan keranjang kuning,0,0,0,,1,0,1,0.0,0.0,,6.0,,,0,0,0,1,stable,informational,False
cara tautkan produk di ig,2,2,0,0.0,31,58,-27,6.45,3.45,3.0,6.4,2.0,4.4,0,2,4,89,declining,informational,False
cara tautkan produk di instagram,0,1,-1,-100.0,6,50,-44,1.0,2.0,-1.0,7.2,2.8,4.4,0,0,1,100,stable,informational,False
cara usaha parfum brand sendiri,0,0,0,,4,1,3,0.0,0.0,,8.8,16.0,-7.2,0,0,0,6,stable,commercial,False
cari lagi yang lain,1,0,1,100,1,0,1,100.0,0.0,,4.0,,,0,1,1,1,declining,other,False
carikan,0,0,0,,1,0,1,0.0,0.0,,4.0,,,0,0,0,1,stable,other,False
carikan sumbernya,0,0,0,,1,0,1,0.0,0.0,,6.0,,,0,0,0,1,stable,other,False
cek resi sentral cargo,1,0,1,100,3,0,3,33.33,0.0,,10.3,,,0,0,1,3,stable,other,False
cekkeranjangkuning,0,0,0,,1,0,1,0.0,0.0,,8.0,,,0,0,0,1,stable,other,False
chat sekarang masukkan keranjang beli sekarang,0,0,0,,2,0,2,0.0,0.0,,11.0,,,0,0,0,2,stable,other,False
cistamin untuk flek hitam,0,0,0,,14,0,14,0.0,0.0,,11.5,,,0,0,0,14,stable,other,False
cisteamine untuk flek,0,0,0,,4,0,4,0.0,0.0,,10.5,,,0,0,0,4,stable,other,False
cologne edt edp parfum,0,0,0,,1,0,1,0.0,0.0,,12.0,,,0,0,0,1,stable,other,False
contoh brand,1,0,1,100,1,0,1,100.0,0.0,,6.0,,,0,0,1,1,stable,commercial,False
contoh cream gel moisturizer,0,0,0,,1,0,1,0.0,0.0,,9.0,,,0,0,0,1,stable,other,False
contoh gambar,0,0,0,,1,0,1,0.0,0.0,,5.0,,,0,0,0,1,stable,other,False
contoh hb dosting adalah,0,0,0,,16,0,16,0.0,0.0,,10.1,,,0,0,0,16,stable,other,False
contoh iklan kecantikan,0,0,0,,11,73,-62,0.33,0.0,,8.6,10.5,-1.8,0,0,1,306,stable,other,False
contoh iklan produk skincare,0,0,0,,4,34,-30,0.0,0.0,,8.0,2.5,5.5,0,0,0,121,stable,other,False
contoh iklan skincare bahasa inggris,0,0,0,,3,24,-21,0.0,0.0,,10.7,4.5,6.1,0,0,0,27,stable,other,False
contoh iklan skincare yang menarik,0,2,-2,-100.0,14,73,-59,1.35,2.74,-1.39,9.6,2.9,6.7,0,0,2,148,stable,other,False
contohnya merk apa,0,0,0,,1,0,1,0.0,0.0,,8.0,,,0,0,0,1,stable,informational,False
copywriting kosmetik,0,0,0,,120,166,-46,0.0,0.0,,6.3,7.4,-1.1,0,0,0,495,stable,other,False
cream and gel,0,0,0,,1,0,1,0.0,0.0,,11.0,,,0,0,0,1,stable,other,False
cream dan moisturizer apakah sama,0,0,0,,5,0,5,0.0,0.0,,9.4,,,0,0,0,5,stable,informational,False
cream gel,0,0,0,,1,0,1,0.0,0.0,,11.0,,,0,0,0,1,stable,other,False
cream gel cream,0,0,0,,1,0,1,0.0,0.0,,11.0,,,0,0,0,1,stable,other,False
cream gel moisturizer,0,0,0,,14,2,12,0.0,0.0,,4.0,5.5,-1.5,0,0,0,16,stable,other,False
cream gel power tx,0,0,0,,1,0,1,0.0,0.0,,5.0,,,0,0,0,1,stable,other,False
cream vs gel,0,0,0,,8,2,6,0.0,0.0,,6.4,9.5,-3.1,0,0,0,13,stable,comparison,False
cream vs gel moisturizer,0,0,0,,2,0,2,0.0,0.0,,8.0,,,0,0,0,2,stable,comparison,False
curly hair,0,0,0,,1,0,1,0.0,0.0,,15.0,,,0,0,0,1,stable,other,False
custom body care,0,0,0,,1,0,1,0.0,0.0,,9.0,,,0,0,0,1,stable,commercial,False
custom body wash,0,0,0,,1,0,1,0.0,0.0,,4.0,,,0,0,0,1,stable,commercial,False
custom parfum surabaya,0,0,0,,10,0,10,0.0,0.0,,8.5,,,0,0,0,11,stable,commercial,False
custom parfum terdekat,0,0,0,,1,0,1,0.0,0.0,,9.0,,,0,0,0,1,stable,commercial,False
cv arasy cosmetindo,0,0,0,,1,0,1,0.0,0.0,,5.0,,,0,0,0,1,stable,other,False
cystamine,0,0,0,,1,0,1,0.0,0.0,,9.0,,,0,0,0,1,stable,other,False
cystamine adalah,0,0,0,,2,0,2,0.0,0.0,,5.5,,,0,0,0,2,stable,other,False
cysteamin untuk flek,0,0,0,,11,0,11,0.0,0.0,,9.6,,,0,0,0,11,stable,other,False
cysteamine adalah,0,0,0,,142,0,142,0.0,0.0,,11.7,,,0,0,0,150,stable,other,False
cysteamine skincare,0,0,0,,2,0,2,0.0,0.0,,10.5,,,0,0,0,2,stable,other,False
cysteamine untuk apa,0,0,0,,12,0,12,0.0,0.0,,10.6,,,0,0,0,12,stable,informational,False
cysteamine untuk flek,0,0,0,,30,0,30,0.0,0.0,,10.9,,,0,0,0,30,stable,other,False
cysteamine untuk flek hitam,0,0,0,,5,0,5,0.0,0.0,,10.6,,,0,0,0,5,stable,other,False
cysteamine untuk jerawat,0,0,0,,7,0,7,0.0,0.0,,9.9,,,0,0,0,7,stable,other,False
cysteamine vs hydroquinone,0,0,0,,6,0,6,0.0,0.0,,7.0,,,0,0,0,11,stable,comparison,False
cysteamine yang ampuh untuk flek,0,0,0,,5,0,5,0.0,0.0,,10.0,,,0,0,0,5,stable,other,False
cysteamine yang paling ampuh untuk flek,0,0,0,,2,0,2,0.0,0.0,,9.0,,,0,0,0,2,stable,other,False
daftar 100 perusahaan kosmetik terbesar di indonesia,0,0,0,,2,0,2,0.0,0.0,,15.0,,,0,0,0,2,stable,local,False
daftar perusahaan maklon kosmetik,0,2,-2,-100.0,38,32,6,2.78,6.25,-3.47,11.0,7.8,3.2,0,0,2,72,stable,commercial,False
dan skincare,0,0,0,,1,0,1,0.0,0.0,,4.0,,,0,0,0,1,stable,other,False
data industri kosmetik di indonesia,0,0,0,,2,0,2,0.0,0.0,,6.0,,,0,0,0,2,stable,local,False
data penjualan kosmetik di indonesia 5 tahun terakhir,0,0,0,,1,0,1,0.0,0.0,,5.0,,,0,0,0,1,stable,local,False
data pertumbuhan industri kosmetik di indonesia,0,2,-2,-100.0,4,30,-26,6.38,6.67,-0.28,8.0,2.0,6.0,0,0,9,141,stable,local,False
data pertumbuhan industri kosmetik di indonesia 2025,5,21,-16,-76.2,86,198,-112,5.81,10.61,-4.79,5.8,3.1,2.7,0,2,51,483,declining,local,False
decorative makeup,0,0,0,,13,0,13,0.0,0.0,,5.5,,,0,0,0,14,stable,other,False
denatured alcohol adalah,0,0,0,,12,1,11,0.0,0.0,,15.0,13.0,2.0,0,0,0,13,stable,other,False
deodorant termasuk kategori apa,0,0,0,,3,0,3,0.0,0.0,,11.3,,,0,0,0,3,stable,informational,False
devina caramoy,0,0,0,,73,76,-3,0.0,0.0,,9.0,11.4,-2.4,0,0,0,307,stable,informational,False
devina skincere,0,0,0,,1,0,1,0.0,0.0,,11.0,,,0,0,0,1,stable,other,False
di indonesia apa,0,0,0,,1,0,1,0.0,0.0,,9.0,,,0,0,0,1,stable,local,False
di keranjang atau keranjang,0,0,0,,1,0,1,0.0,0.0,,6.0,,,0,0,0,1,stable,comparison,False
di sore hari,0,0,0,,1,0,1,0.0,0.0,,4.0,,,0,0,0,1,stable,other,False
distributor kosmetik murah tangan pertama jakarta,0,0,0,,1,0,1,0.0,0.0,,4.0,,,0,0,0,1,stable,pricing,False
diurutkan,0,0,0,,1,0,1,0.0,0.0,,8.0,,,0,0,0,1,stable,other,False
dosting adalah,0,0,0,,152,125,27,0.0,0.0,,8.8,1.0,7.8,0,0,0,277,stable,other,False
dosting body lotion bpom,0,0,0,,3,0,3,0.0,0.0,,9.0,,,0,0,0,3,stable,commercial,False
dosting bpom,0,0,0,,2,0,2,0.0,0.0,,6.5,,,0,0,0,2,stable,commercial,False
dosting hb adalah,0,0,0,,2,0,2,0.0,0.0,,6.5,,,0,0,0,2,stable,other,False
dosting label,0,0,0,,3,0,3,0.0,0.0,,6.7,,,0,0,0,3,stable,other,False
dr soromer,0,0,0,,1,0,1,0.0,0.0,,4.0,,,0,0,0,1,stable,other,False
dream lab official website,0,0,0,,1,1,0,0.0,0.0,,10.0,1.0,9.0,0,0,0,2,stable,brand,True
dreamlab,182,113,69,61.1,649,652,-3,28.04,17.33,10.71,7.5,7.0,0.5,56,75,848,3746,declining,brand,True
dreamlab chile,0,0,0,,1,0,1,0.0,0.0,,4.0,,,0,0,0,1,stable,brand,True
dreamlab official website,0,0,0,,12,0,12,0.0,0.0,,4.7,,,0,0,0,12,stable,brand,True
dreamlab skincare,0,0,0,,4,3,1,0.0,0.0,,12.5,11.3,1.2,0,0,0,27,stable,brand,True
dreamlab studio,0,0,0,,8,2,6,0.0,0.0,,5.8,1.0,4.8,0,0,0,10,stable,brand,True
dreamlab studios,0,0,0,,1,0,1,0.0,0.0,,12.0,,,0,0,0,1,stable,brand,True
edp adalah,0,0,0,,27,0,27,2.5,0.0,,12.4,,,0,0,1,40,stable,other,False
edp artinya,0,0,0,,5,0,5,0.0,0.0,,13.2,,,0,0,0,5,stable,other,False
edp berapa persen,0,0,0,,17,0,17,0.0,0.0,,10.8,,,0,0,0,17,stable,informational,False
edp dan edt bedanya apa,0,0,0,,5,0,5,0.0,0.0,,11.2,,,0,0,0,8,stable,informational,False
edp edt perbedaan,0,0,0,,1,0,1,0.0,0.0,,11.0,,,0,0,0,6,stable,comparison,False
edp itu apa,0,0,0,,110,0,110,0.0,0.0,,12.3,,,0,0,0,113,stable,informational,False
edp sama edt,0,0,0,,3,0,3,0.0,0.0,,12.7,,,0,0,0,3,stable,other,False
edp sama edt bagus mana,0,0,0,,1,0,1,0.0,0.0,,12.0,,,0,0,0,1,stable,other,False
edt,0,0,0,,32,0,32,0.0,0.0,,11.6,,,0,0,0,38,stable,other,False
edt adalah,0,0,0,,206,0,206,0.0,0.0,,11.3,,,0,0,0,354,stable,other,False
edt artinya,0,0,0,,16,0,16,0.0,0.0,,13.2,,,0,0,0,17,stable,other,False
edt dan edp bedanya apa,0,0,0,,11,0,11,0.0,0.0,,12.4,,,0,0,0,30,stable,informational,False
edt edo,0,0,0,,1,0,1,0.0,0.0,,11.0,,,0,0,0,1,stable,other,False
edt itu apa,0,0,0,,7,0,7,0.0,0.0,,12.0,,,0,0,0,25,stable,informational,False
efek samping cysteamine,1,0,1,100,10,0,10,10.0,0.0,,9.1,,,0,1,1,17,declining,other,False
est edp,0,0,0,,1,0,1,0.0,0.0,,12.0,,,0,0,0,1,stable,other,False
ethanol untuk parfum,0,0,0,,2,1,1,0.0,0.0,,7.0,1.0,6.0,0,0,0,3,stable,other,False
ethyl alcohol pada parfum,0,0,0,,5,9,-4,0.0,0.0,,11.4,3.6,7.8,0,0,0,21,stable,other,False
facetology gel moisturizer,0,0,0,,1,0,1,0.0,0.0,,4.0,,,0,0,0,1,stable,other,False
farmaskin hb dosting,0,0,0,,1,0,1,0.0,0.0,,10.0,,,0,0,0,1,stable,other,False
fee affiliate skincare,0,0,0,,2,1,1,0.0,0.0,,11.0,12.0,-1.0,0,0,0,12,stable,other,False
fifth love ginseng & polygonum,0,0,0,,1,0,1,0.0,0.0,,4.0,,,0,0,0,1,stable,other,False
fitur keranjang di instagram,5,5,0,0.0,63,138,-75,7.94,3.62,4.31,4.0,2.5,1.5,0,2,30,408,declining,other,False
formala,0,0,0,,1,0,1,0.0,0.0,,5.0,,,0,0,0,1,stable,other,False
formula beauty products,0,0,0,,1,0,1,0.0,0.0,,12.0,,,0,0,0,1,stable,other,False
fragrance enthusiast artinya,0,0,0,,1,0,1,0.0,0.0,,11.0,,,0,0,0,1,stable,other,False
fungsi alkohol dalam parfum,0,0,0,,5,2,3,0.0,0.0,,12.8,15.5,-2.7,0,0,0,8,stable,other,False
fungsi alkohol di parfum,0,0,0,,17,2,15,0.0,0.0,,11.1,12.0,-0.9,0,0,0,19,stable,other,False
fungsi alkohol pada parfum,0,0,0,,35,7,28,0.0,0.0,,12.1,24.7,-12.6,0,0,0,49,stable,other,False
fungsi cysteamine,0,0,0,,6,0,6,0.0,0.0,,11.8,,,0,0,0,6,stable,other,False
fungsi dpg pada parfum,0,0,0,,1,0,1,0.0,0.0,,7.0,,,0,0,0,1,stable,other,False
fungsi hair tonic ginseng,0,0,0,,9,8,1,0.0,0.0,,14.9,20.4,-5.5,0,0,0,17,stable,other,False
gel and cream moisturizer,0,0,0,,1,0,1,0.0,0.0,,10.0,,,0,0,0,1,stable,other,False
gel cream,0,0,0,,3,0,3,0.0,0.0,,9.0,,,0,0,0,3,stable,other,False
gel cream moisturizer,0,0,0,,9,0,9,0.0,0.0,,10.6,,,0,0,0,9,stable,other,False
gel cream vs cream,0,0,0,,1,0,1,0.0,0.0,,7.0,,,0,0,0,1,stable,comparison,False
gel cream vs moisturizer,0,0,0,,3,0,3,0.0,0.0,,8.0,,,0,0,0,3,stable,comparison,False
gel moisturizer untuk apa,0,0,0,,3,0,3,0.0,0.0,,11.7,,,0,0,0,3,stable,informational,False
gel moisturizer vs cream,0,0,0,,1,0,1,0.0,0.0,,9.0,,,0,0,0,1,stable,comparison,False
gel or cream moisturizer,0,0,0,,3,0,3,0.0,0.0,,9.0,,,0,0,0,3,stable,other,False
gel vs cream,0,0,0,,13,6,7,0.0,0.0,,6.8,9.8,-3.0,0,0,0,31,stable,comparison,False
gel vs cream moisturizer,0,0,0,,8,1,7,0.0,0.0,,8.0,11.0,-3.0,0,0,0,12,stable,comparison,False
gel vs gel cream,0,0,0,,1,0,1,0.0,0.0,,8.0,,,0,0,0,1,stable,comparison,False
gel-crème,0,0,0,,1,0,1,0.0,0.0,,10.0,,,0,0,0,1,stable,other,False
gentle ingredients,0,0,0,,2,0,2,0.0,0.0,,9.0,,,0,0,0,2,stable,other,False
gimana cara aktifkan nya,0,0,0,,1,0,1,0.0,0.0,,4.0,,,0,0,0,1,stable,informational,False
ginseng untuk rambut rontok,0,0,0,,3,2,1,0.0,0.0,,13.0,6.5,6.5,0,0,0,5,stable,other,False
glycerin kosmetik,0,0,0,,2,0,2,0.0,0.0,,6.5,,,0,0,0,2,stable,other,False
glycocare body lotion,0,0,0,,1,0,1,0.0,0.0,,7.0,,,0,0,0,1,stable,other,False
grafik pertumbuhan industri kosmetik di indonesia,0,1,-1,-100.0,10,9,1,6.45,11.11,-4.66,9.3,7.1,2.2,0,0,2,31,stable,local,False
grow lab,0,0,0,,1,1,0,0.0,0.0,,5.0,3.0,2.0,0,0,0,2,stable,other,False
guna alkohol di parfum,0,0,0,,10,0,10,0.0,0.0,,9.9,,,0,0,0,10,stable,other,False
gunanya panthenol untuk wajah,0,0,0,,1,0,1,0.0,0.0,,12.0,,,0,0,0,2,stable,other,False
hair tonic ginseng manfaat,0,0,0,,1,0,1,0.0,0.0,,12.0,,,0,0,0,1,stable,informational,False
hair tonic ginseng untuk apa,0,0,0,,2,3,-1,0.0,0.0,,7.5,13.0,-5.5,0,0,0,5,stable,informational,False
haleyora powerindo jakarta,0,0,0,,1,0,1,0.0,0.0,,4.0,,,0,0,0,1,stable,local,False
hand body racikan,0,0,0,,1,0,1,0.0,0.0,,10.0,,,0,0,0,1,stable,other,False
handbody alami,0,0,0,,13,1,12,0.0,0.0,,7.1,1.0,6.1,0,0,0,14,stable,other,False
handbody campur apa biar cepat putih,0,0,0,,2,0,2,0.0,0.0,,7.0,,,0,0,0,2,stable,informational,False
handbody racikan,0,0,0,,39,0,39,0.0,0.0,,9.6,,,0,0,0,39,stable,other,False
handbody racikan paling ampuh,0,0,0,,3,0,3,0.0,0.0,,5.3,,,0,0,0,3,stable,other,False
handbody racikan pemutih,0,0,0,,4,0,4,0.0,0.0,,9.0,,,0,0,0,4,stable,other,False
handbody racikan pemutih buatan sendiri,0,0,0,,48,0,48,0.0,0.0,,8.5,,,0,0,0,48,stable,other,False
handbody racikan sendiri,0,0,0,,209,0,209,0.0,0.0,,7.2,,,0,0,0,209,stable,other,False
handbody racikan sendiri untuk memutihkan kulit,0,0,0,,29,0,29,0.0,0.0,,7.2,,,0,0,0,29,stable,other,False
handbody racikan yang ampuh memutihkan,0,0,0,,1,0,1,0.0,0.0,,11.0,,,0,0,0,1,stable,other,False
handbody untuk menghilangkan bekas luka dan memutihkan,1,0,1,100,1,0,1,100.0,0.0,,4.0,,,1,0,1,1,growing,other,False
harga gluxantin c,0,0,0,,1,0,1,0.0,0.0,,6.0,,,0,0,0,1,stable,pricing,False
harga huruf timbul galvanis per cm,0,0,0,,1,0,1,0.0,0.0,,4.0,,,0,0,0,1,stable,pricing,False
harga jasa maklon,0,0,0,,2,0,2,0.0,0.0,,11.0,,,0,0,0,29,stable,pricing,False
harga maklon parfum,1,0,1,100,3,16,-13,33.33,0.0,,12.7,10.2,2.4,0,0,1,19,stable,pricing,False
hb adalah skincare,0,0,0,,2,0,2,0.0,0.0,,10.0,,,0,0,0,2,stable,other,False
hb beauty skin,0,0,0,,1,0,1,0.0,0.0,,8.0,,,0,0,0,1,stable,other,False
hb bodycare adalah,0,0,0,,13,1,12,0.0,0.0,,9.2,1.0,8.2,0,0,0,14,stable,other,False
hb bpom,0,0,0,,1,0,1,0.0,0.0,,10.0,,,0,0,0,1,stable,commercial,False
hb dalam skincare adalah,0,0,0,,17,0,17,0.0,0.0,,9.1,,,0,0,0,17,stable,other,False
hb dosting artinya,0,0,0,,26,0,26,0.0,0.0,,8.4,,,0,0,0,26,stable,other,False
hb dosting bpom,0,0,0,,21,24,-3,0.0,0.0,,6.6,1.2,5.4,0,0,0,45,stable,commercial,False
hb dosting contohnya apa,0,0,0,,3,0,3,0.0,0.0,,10.3,,,0,0,0,3,stable,informational,False
hb dosting itu apa,1,0,1,100,11,24,-13,9.09,0.0,,8.4,1.2,7.3,0,1,1,35,declining,informational,False
hb dosting itu apa aja,0,0,0,,1,0,1,0.0,0.0,,11.0,,,0,0,0,1,stable,informational,False
hb dosting racikan sendiri,1,0,1,100,43,0,43,2.33,0.0,,7.2,,,0,1,1,43,declining,other,False
hb dosting terbuat dari apa,0,0,0,,1,0,1,0.0,0.0,,11.0,,,0,0,0,1,stable,informational,False
hb dosting yang bagus,0,0,0,,3,1,2,0.0,0.0,,14.3,1.0,13.3,0,0,0,4,stable,other,False
hb itu apa dalam skincare,0,0,0,,10,0,10,0.0,0.0,,10.0,,,0,0,0,10,stable,informational,False
hb kecantikan artinya,0,0,0,,3,0,3,0.0,0.0,,8.0,,,0,0,0,3,stable,other,False
hb kosmetik,0,0,0,,1,0,1,0.0,0.0,,10.0,,,0,0,0,1,stable,other,False
hb kosmetik adalah,0,0,0,,1,3,-2,0.0,0.0,,12.0,1.0,11.0,0,0,0,4,stable,other,False
hb pemutih racikan sendiri,0,0,0,,226,4,222,0.0,0.0,,8.2,10.2,-2.0,0,0,0,230,stable,other,False
hb racikan,0,0,0,,1,0,1,0.0,0.0,,6.0,,,0,0,0,1,stable,other,False
hb racikan ampuh mencerahkan cepat,0,0,0,,1,0,1,0.0,0.0,,7.0,,,0,0,0,1,stable,other,False
hb racikan mencerahkan kulit,0,0,0,,6,0,6,0.0,0.0,,8.3,,,0,0,0,6,stable,other,False
hb racikan sendiri,2,0,2,100,459,13,446,0.44,0.0,,9.2,11.2,-2.1,0,2,2,472,declining,other,False
hb racikan sendiri biar cepet cerah,0,0,0,,1,0,1,0.0,0.0,,7.0,,,0,0,0,1,stable,other,False
hb skincare,0,0,0,,2,0,2,0.0,0.0,,5.5,,,0,0,0,2,stable,other,False
hb skincare adalah,0,0,0,,17,0,17,0.0,0.0,,8.3,,,0,0,0,17,stable,other,False
hero ingredients,0,0,0,,6,0,6,0.0,0.0,,9.8,,,0,0,0,6,stable,other,False
hero ingredients artinya,0,0,0,,12,0,12,0.0,0.0,,10.9,,,0,0,0,12,stable,other,False
hpp parfum,0,0,0,,4,0,4,0.0,0.0,,10.2,,,0,0,0,4,stable,other,False
hydroquinone replacement artinya,0,0,0,,2,16,-14,0.0,0.0,,10.0,9.6,0.4,0,0,0,18,stable,other,False
ici 2026 dimana,0,0,0,,4,0,4,0.0,0.0,,10.8,,,0,0,0,4,stable,other,False
ici surabaya 2026,0,0,0,,2,0,2,0.0,0.0,,7.5,,,0,0,0,2,stable,local,False
ide bisnis parfum,0,0,0,,1,0,1,0.0,0.0,,8.0,,,0,0,0,1,stable,commercial,False
iklan kecantikan,0,1,-1,-100.0,61,47,14,0.46,2.13,-1.67,11.6,18.8,-7.2,0,0,1,217,stable,other,False
iklan kecantikan bahasa inggris,0,0,0,,5,6,-1,0.0,0.0,,9.4,7.0,2.4,0,0,0,11,stable,other,False
iklan kosmetik,0,0,0,,63,107,-44,0.0,0.0,,13.8,14.8,-1.0,0,0,0,542,stable,other,False
iklan kosmetik bahasa inggris,0,0,0,,13,54,-41,0.0,0.0,,13.8,9.9,3.8,0,0,0,94,stable,other,False
iklan makeup,0,0,0,,10,17,-7,0.0,0.0,,7.6,12.7,-5.1,0,0,0,144,stable,other,False
iklan perawatan kulit,0,0,0,,30,14,16,0.0,0.0,,11.2,8.0,3.2,0,0,0,75,stable,other,False
iklan produk kecantikan dalam bahasa inggris,0,0,0,,2,0,2,0.0,0.0,,9.5,,,0,0,0,2,stable,other,False
iklan produk skincare,0,0,0,,9,18,-9,0.0,0.0,,12.4,10.4,2.0,0,0,0,47,stable,other,False
iklan produk skincare bahasa inggris,0,0,0,,1,15,-14,0.0,0.0,,12.0,6.1,5.9,0,0,0,16,stable,other,False
iklan skincare,0,0,0,,57,65,-8,0.0,0.0,,13.3,15.1,-1.8,0,0,0,256,stable,other,False
iklan skincare bahasa inggris,0,0,0,,8,69,-61,0.0,0.0,,9.9,4.8,5.1,0,0,0,127,stable,other,False
iklan tentang kecantikan,0,0,0,,43,26,17,0.0,0.0,,9.6,16.6,-7.0,0,0,0,137,stable,other,False
iklan tentang makeup,0,0,0,,20,10,10,0.0,0.0,,6.8,10.8,-4.0,0,0,0,84,stable,other,False
iklan untuk kosmetik,0,0,0,,24,18,6,0.0,0.0,,10.2,26.7,-16.5,0,0,0,81,stable,other,False
iklan untuk makeup,0,0,0,,80,43,37,0.0,0.0,,7.3,8.2,-0.9,0,0,0,195,stable,other,False
iklan untuk produk kosmetik,0,0,0,,50,14,36,0.0,0.0,,8.3,20.5,-12.2,0,0,0,106,stable,other,False
impian,0,0,0,,1,0,1,0.0,0.0,,8.0,,,0,0,0,1,stable,other,False
industri kecantikan di indonesia,0,0,0,,2,0,2,0.0,0.0,,6.0,,,0,0,0,3,stable,local,False
industri kecantikan indonesia,0,0,0,,4,0,4,0.0,0.0,,5.2,,,0,0,0,4,stable,local,False
industri skincare di indonesia,0,0,0,,1,3,-2,0.0,0.0,,11.0,13.3,-2.3,0,0,0,7,stable,local,False
ingrown hair salicylic acid,0,0,0,,1,0,1,0.0,0.0,,7.0,,,0,0,0,1,stable,other,False
ini sabun?,0,0,0,,1,0,1,0.0,0.0,,8.0,,,0,0,0,1,stable,other,False
inspired parfum,0,0,0,,2,0,2,0.0,0.0,,7.5,,,0,0,0,3,stable,other,False
inspired parfum adalah,0,0,0,,302,33,269,0.0,0.0,,8.8,6.0,2.8,0,0,0,336,stable,other,False
inspired parfum artinya,1,1,0,0.0,130,228,-98,0.77,0.44,0.33,6.5,5.5,1.0,0,0,2,411,stable,other,False
inspired scent,0,0,0,,1,0,1,0.0,0.0,,5.0,,,0,0,0,1,stable,other,False
instagram keranjang kuning,1,1,0,0.0,21,19,2,4.76,5.26,-0.5,4.5,2.4,2.1,0,1,2,46,declining,other,False
instagram keranjang putih,0,0,0,,4,0,4,0.0,0.0,,9.8,,,0,0,0,4,stable,other,False
iya keduanya,0,0,0,,1,0,1,0.0,0.0,,4.0,,,0,0,0,1,stable,other,False
iya saya ingin,0,0,0,,1,0,1,0.0,0.0,,5.0,,,0,0,0,1,stable,other,False
iyaa,0,0,0,,1,0,1,0.0,0.0,,4.0,,,0,0,0,1,stable,other,False
izin arminareka perdana dicabut,0,0,0,,1,0,1,0.0,0.0,,4.0,,,0,0,0,1,stable,other,False
jasa maklon,0,0,0,,8,6,2,0.0,0.0,,4.1,4.8,-0.7,0,0,0,23,stable,commercial,False
jasa maklon acne spot cream,0,0,0,,9,0,9,0.0,0.0,,14.9,,,0,0,0,9,stable,commercial,False
jasa maklon bb cream,0,0,0,,4,0,4,0.0,0.0,,9.2,,,0,0,0,4,stable,commercial,False
jasa maklon bedak tabur,0,0,0,,1,0,1,0.0,0.0,,14.0,,,0,0,0,1,stable,commercial,False
jasa maklon body butter,0,0,0,,9,0,9,0.0,0.0,,12.7,,,0,0,0,9,stable,commercial,False
jasa maklon body lotion,0,0,0,,6,0,6,0.0,0.0,,14.3,,,0,0,0,6,stable,commercial,False
jasa maklon body tonner,0,0,0,,11,0,11,0.0,0.0,,14.9,,,0,0,0,11,stable,commercial,False
jasa maklon bodycare bpom,0,0,0,,15,0,15,0.0,0.0,,14.9,,,0,0,0,15,stable,commercial,False
jasa maklon cleansing balm,0,0,0,,9,0,9,0.0,0.0,,13.8,,,0,0,0,9,stable,commercial,False
jasa maklon cleansing milk,0,0,0,,12,0,12,0.0,0.0,,14.8,,,0,0,0,12,stable,commercial,False
jasa maklon cleansing oil,0,0,0,,9,0,9,0.0,0.0,,8.4,,,0,0,0,9,stable,commercial,False
jasa maklon cushion,0,0,0,,2,0,2,0.0,0.0,,4.0,,,0,0,0,2,stable,commercial,False
jasa maklon deodorant,0,0,0,,7,0,7,0.0,0.0,,12.4,,,0,0,0,7,stable,commercial,False
jasa maklon exfoliator,0,0,0,,3,0,3,0.0,0.0,,7.0,,,0,0,0,3,stable,commercial,False
jasa maklon eye cream,0,0,0,,7,0,7,0.0,0.0,,14.6,,,0,0,0,7,stable,commercial,False
jasa maklon face highlighter,0,0,0,,9,0,9,0.0,0.0,,12.4,,,0,0,0,9,stable,commercial,False
jasa maklon face primer,0,0,0,,11,0,11,0.0,0.0,,14.2,,,0,0,0,11,stable,commercial,False
jasa maklon face remover water-oil,0,0,0,,8,0,8,0.0,0.0,,9.9,,,0,0,0,8,stable,commercial,False
jasa maklon face toner,0,0,0,,8,0,8,0.0,0.0,,11.1,,,0,0,0,8,stable,commercial,False
jasa maklon hair tonic,0,0,0,,9,0,9,0.0,0.0,,9.6,,,0,0,0,9,stable,commercial,False
jasa maklon hand sanitizer,0,0,0,,8,0,8,0.0,0.0,,12.9,,,0,0,0,8,stable,commercial,False
jasa maklon heat protectant,0,0,0,,5,0,5,0.0,0.0,,11.0,,,0,0,0,5,stable,commercial,False
jasa maklon lip changing color,0,0,0,,1,0,1,0.0,0.0,,12.0,,,0,0,0,1,stable,commercial,False
jasa maklon lip velvet,0,0,0,,1,0,1,0.0,0.0,,15.0,,,0,0,0,1,stable,commercial,False
jasa maklon masker,0,0,0,,2,0,2,0.0,0.0,,12.5,,,0,0,0,2,stable,commercial,False
jasa maklon skincare jakarta,0,0,0,,2,0,2,0.0,0.0,,9.0,,,0,0,0,2,stable,commercial,False
jasa maklon sunscreen,0,0,0,,18,0,18,0.0,0.0,,9.5,,,0,0,0,18,stable,commercial,False
jelaskan semuanya,0,0,0,,1,0,1,0.0,0.0,,7.0,,,0,0,0,1,stable,other,False
jenis alkohol untuk parfum,0,0,0,,92,46,46,0.48,0.0,,8.2,11.2,-3.0,0,0,1,208,stable,informational,False
kalo gaada?,0,0,0,,1,0,1,0.0,0.0,,10.0,,,0,0,0,1,stable,other,False
kalo yang ini gimana,0,0,0,,1,0,1,0.0,0.0,,15.0,,,0,0,0,1,stable,other,False
kandungan cysteamine,0,0,0,,6,0,6,0.0,0.0,,6.0,,,0,0,0,6,stable,other,False
kandungan cysteamine untuk apa,0,0,0,,27,0,27,0.0,0.0,,9.7,,,0,0,0,27,stable,informational,False
kandungan parfum dan alcohol yang ada dalam produk melto masing-masing adalah adalah … dan ….,0,0,0,,41,0,41,0.0,0.0,,11.2,,,0,0,0,41,stable,other,False
kata kata iklan skincare,0,0,0,,6,22,-16,0.0,0.0,,10.7,4.6,6.1,0,0,0,78,stable,other,False
kata kata promosi klinik kecantikan,0,0,0,,2,0,2,0.0,0.0,,14.0,,,0,0,0,4,stable,other,False
kata kata promosi skincare yang menarik,0,0,0,,8,61,-53,0.0,0.0,,10.9,3.5,7.4,0,0,0,115,stable,other,False
kata kosmetik,0,0,0,,1,0,1,0.0,0.0,,13.0,,,0,0,0,2,stable,other,False
kata-kata promosi produk kecantikan,0,2,-2,-100.0,67,273,-206,0.78,0.73,0.05,10.1,2.9,7.2,0,0,4,512,stable,other,False
kata-kata promosi skincare yang menarik,0,2,-2,-100.0,60,409,-349,0.5,0.49,0.01,9.1,2.0,7.1,0,0,4,795,stable,other,False
kecantikan,0,0,0,,1,0,1,0.0,0.0,,4.0,,,0,0,0,1,stable,other,False
kegunaan alkohol di parfum,0,0,0,,8,6,2,0.0,0.0,,10.9,10.5,0.4,0,0,0,14,stable,other,False
kegunaan alkohol pada parfum,0,0,0,,8,0,8,0.0,0.0,,9.9,,,0,0,0,8,stable,other,False
kegunaan cysteamine,0,0,0,,1,0,1,0.0,0.0,,12.0,,,0,0,0,1,stable,other,False
kemasan feet bottle,0,0,0,,10,0,10,0.0,0.0,,6.4,,,0,0,0,10,stable,other,False
kenapa bisa mahal?,0,0,0,,1,0,1,0.0,0.0,,5.0,,,0,0,0,1,stable,informational,False
kenapa keranjang putih di instagram tidak muncul,2,0,2,100,14,0,14,14.29,0.0,,4.5,,,0,2,2,14,declining,informational,False
kenapa keranjang shopee tidak muncul,0,0,0,,12,9,3,0.0,0.0,,9.9,11.0,-1.1,0,0,0,22,stable,informational,False
keranjang kuning di instagram,2,3,-1,-33.3,33,66,-33,6.06,4.55,1.52,5.2,3.5,1.8,0,1,5,133,declining,other,False
keranjang kuning instagram,2,5,-3,-60.0,88,182,-94,2.27,2.75,-0.47,5.4,4.0,1.5,0,1,9,360,declining,other,False
keranjang putih instagram,3,3,0,0.0,123,196,-73,2.44,1.53,0.91,8.6,4.1,4.5,0,0,7,352,stable,other,False
keranjang shopee,0,0,0,,1,0,1,0.0,0.0,,10.0,,,0,0,0,1,stable,other,False
kesalahan maklon produk,0,0,0,,2,1,1,0.0,0.0,,15.0,16.0,-1.0,0,0,0,6,stable,commercial,False
kesehatan dan kecantikan,0,0,0,,1,0,1,0.0,0.0,,5.0,,,0,0,0,1,stable,other,False
kids labs,0,0,0,,1,0,1,0.0,0.0,,12.0,,,0,0,0,1,stable,other,False
kirim alamat,0,0,0,,1,0,1,0.0,0.0,,5.0,,,0,0,0,1,stable,other,False
kol affiliate program,1,0,1,100,4,0,4,25.0,0.0,,10.0,,,0,0,1,7,stable,other,False
kol beauty adalah,0,0,0,,29,11,18,0.0,0.0,,10.9,8.7,2.2,0,0,0,49,stable,other,False
kolkit id,0,0,0,,1,0,1,0.0,0.0,,8.0,,,0,0,0,1,stable,other,False
komposisi hb dosting,0,0,0,,2,4,-2,0.0,0.0,,11.0,1.0,10.0,0,0,0,6,stable,other,False
kosmetik kediri,0,0,0,,14,0,14,0.0,0.0,,8.8,,,0,0,0,14,stable,other,False
kosmetik service,0,0,0,,1,0,1,0.0,0.0,,5.0,,,0,0,0,1,stable,other,False
kosmetik sidoarjo,0,0,0,,3,0,3,0.0,0.0,,10.3,,,0,0,0,3,stable,other,False
kosmetik surabaya,0,0,0,,3,2,1,0.0,0.0,,8.7,63.0,-54.3,0,0,0,5,stable,local,False
kosmetik viral 2026,0,0,0,,1,0,1,0.0,0.0,,7.0,,,0,0,0,1,stable,other,False
kride lab,0,0,0,,1,0,1,0.0,0.0,,11.0,,,0,0,0,1,stable,other,False
krim styling terbaik untuk rambut keriting kering hidrasi,0,0,0,,1,0,1,0.0,0.0,,14.0,,,0,0,0,1,stable,other,False
kulit kering pakai moisturizer gel atau cream,0,0,0,,2,0,2,0.0,0.0,,8.0,,,0,0,0,2,stable,comparison,False
laa vitamin c,0,0,0,,1,0,1,0.0,0.0,,12.0,,,0,0,0,1,stable,other,False
labs kelola,0,0,0,,5,0,5,0.0,0.0,,9.2,,,0,0,0,5,stable,other,False
lightweight gel cream,0,0,0,,1,0,1,0.0,0.0,,4.0,,,0,0,0,1,stable,other,False
lip blush apakah halal,0,0,0,,3,0,3,0.0,0.0,,7.3,,,0,0,0,3,stable,commercial,False
lip blush halal,0,0,0,,6,0,6,0.0,0.0,,9.0,,,0,0,0,6,stable,commercial,False
liquid blush packaging,0,0,0,,1,0,1,0.0,0.0,,10.0,,,0,0,0,1,stable,other,False
logo cpkb,0,0,0,,27,1,26,0.0,0.0,,9.5,7.0,2.5,0,0,0,37,stable,other,False
logo hb dosting,0,0,0,,56,3,53,0.0,0.0,,5.8,7.7,-1.8,0,0,0,59,stable,other,False
logo keranjang kuning shopee,0,0,0,,4,4,0,0.0,0.0,,7.5,6.8,0.8,0,0,0,8,stable,other,False
lulur ampas kopi,0,0,0,,4,0,4,0.0,0.0,,6.8,,,0,0,0,4,stable,other,False
lulur kopi berapa menit,0,0,0,,5,0,5,0.0,0.0,,9.8,,,0,0,0,5,stable,informational,False
luluran kopi berapa menit,0,0,0,,16,0,16,0.0,0.0,,9.3,,,0,0,0,16,stable,informational,False
lush,0,0,0,,1,0,1,0.0,0.0,,4.0,,,0,0,0,1,stable,other,False
maklin,0,0,0,,10,3,7,0.0,0.0,,7.8,7.7,0.1,0,0,0,13,stable,other,False
maklon,0,0,0,,54,38,16,0.0,0.0,,10.8,3.8,7.0,0,0,0,144,stable,commercial,False
maklon acne spot cream,0,0,0,,3,0,3,0.0,0.0,,9.3,,,0,0,0,3,stable,commercial,False
maklon apa,0,0,0,,2,0,2,0.0,0.0,,7.0,,,0,0,0,4,stable,commercial,False
maklon bandung,0,0,0,,4,7,-3,0.0,0.0,,12.2,12.9,-0.6,0,0,0,11,stable,commercial,False
maklon bedak bayi,0,0,0,,36,58,-22,0.0,0.0,,11.2,31.3,-20.2,0,0,0,152,stable,commercial,False
maklon body care,2,0,2,100,160,224,-64,1.25,0.0,,13.0,20.8,-7.9,0,0,2,563,stable,commercial,False
maklon body serum,1,0,1,100,8,0,8,12.5,0.0,,14.4,,,1,0,1,8,growing,commercial,False
maklon body serum eksklusif,0,0,0,,16,0,16,0.0,0.0,,12.9,,,0,0,0,16,stable,commercial,False
maklon body tonner,0,0,0,,3,0,3,0.0,0.0,,14.0,,,0,0,0,3,stable,commercial,False
maklon bodycare,2,1,1,100.0,99,64,35,2.02,1.56,0.46,9.2,16.4,-7.2,1,1,5,272,stable,commercial,False
maklon bodycare surabaya,0,0,0,,15,0,15,0.0,0.0,,12.3,,,0,0,0,15,stable,commercial,False
maklon botol parfum,0,0,0,,2,0,2,0.0,0.0,,9.0,,,0,0,0,2,stable,commercial,False
maklon brand sendiri,0,0,0,,9,0,9,0.0,0.0,,6.8,,,0,0,0,9,stable,commercial,False
maklon china,0,0,0,,1,5,-4,0.0,0.0,,9.0,11.2,-2.2,0,0,0,50,stable,commercial,False
maklon cleansing balm,0,0,0,,15,0,15,0.0,0.0,,14.6,,,0,0,0,15,stable,commercial,False
maklon cleansing oil,0,0,0,,9,0,9,0.0,0.0,,14.1,,,0,0,0,9,stable,commercial,False
maklon cosmetic,0,0,0,,1,0,1,0.0,0.0,,7.0,,,0,0,0,1,stable,commercial,False
maklon cushion,0,0,0,,3,0,3,0.0,0.0,,11.0,,,0,0,0,3,stable,commercial,False
maklon deodorant spray,1,0,1,100,6,0,6,16.67,0.0,,8.0,,,0,0,1,6,stable,commercial,False
maklon diffuser,0,0,0,,7,0,7,0.0,0.0,,8.0,,,0,0,0,7,stable,commercial,False
maklon essential oil,0,0,0,,13,0,13,0.0,0.0,,9.2,,,0,0,0,13,stable,commercial,False
maklon eye care,0,0,0,,6,0,6,0.0,0.0,,7.0,,,0,0,0,6,stable,commercial,False
maklon eye cream,0,0,0,,7,0,7,0.0,0.0,,8.9,,,0,0,0,7,stable,commercial,False
maklon eye serum,0,0,0,,7,0,7,0.0,0.0,,11.0,,,0,0,0,7,stable,commercial,False
maklon face foundation,0,0,0,,2,0,2,0.0,0.0,,12.0,,,0,0,0,2,stable,commercial,False
maklon face highlighter,0,0,0,,7,0,7,0.0,0.0,,14.0,,,0,0,0,7,stable,commercial,False
maklon face primer,0,0,0,,6,0,6,0.0,0.0,,9.8,,,0,0,0,6,stable,commercial,False
maklon face remover water-oil,0,0,0,,7,0,7,0.0,0.0,,13.3,,,0,0,0,7,stable,commercial,False
maklon face toner,0,0,0,,9,0,9,0.0,0.0,,4.4,,,0,0,0,9,stable,commercial,False
maklon facial wash,0,0,0,,4,0,4,0.0,0.0,,7.8,,,0,0,0,4,stable,commercial,False
maklon foot care,0,0,0,,74,79,-5,0.65,0.0,,11.3,15.6,-4.3,0,0,3,462,stable,commercial,False
maklon gel rambut,0,0,0,,26,47,-21,0.0,0.0,,14.5,20.5,-6.0,0,0,0,228,stable,commercial,False
maklon hair gel,0,0,0,,9,0,9,0.0,0.0,,13.0,,,0,0,0,9,stable,commercial,False
maklon hair serum,1,0,1,100,22,0,22,4.55,0.0,,12.6,,,0,1,1,22,declining,commercial,False
maklon hand sanitizer,0,0,0,,16,0,16,0.0,0.0,,11.0,,,0,0,0,16,stable,commercial,False
maklon handbody,0,0,0,,45,68,-23,0.0,0.0,,13.7,13.7,-0.1,0,0,0,122,stable,commercial,False
maklon itu apa,0,0,0,,3,0,3,0.0,0.0,,11.3,,,0,0,0,4,stable,commercial,False
maklon jakarta,0,1,-1,-100.0,2,7,-5,14.29,14.29,0.0,13.5,12.7,0.8,0,0,2,14,stable,commercial,False
maklon jawa timur,0,0,0,,9,32,-23,8.06,0.0,,6.1,17.7,-11.6,0,0,5,62,stable,commercial,False
maklon kondisioner,0,0,0,,17,5,12,0.0,0.0,,14.2,53.4,-39.2,0,0,0,92,stable,commercial,False
maklon kosmetik bali,1,1,0,0.0,52,73,-21,1.92,1.37,0.55,14.6,13.3,1.3,0,1,2,182,declining,commercial,False
maklon kosmetik bandung,2,2,0,0.0,151,145,6,1.32,1.38,-0.05,11.6,12.0,-0.4,0,1,4,315,declining,commercial,False
maklon kosmetik bekasi,0,0,0,,27,1,26,0.0,0.0,,13.6,42.0,-28.4,0,0,0,28,stable,commercial,False
maklon kosmetik jawa timur,3,3,0,0.0,122,125,-3,2.46,2.4,0.06,7.0,15.6,-8.6,1,1,12,471,stable,commercial,False
maklon kosmetik malang,1,0,1,100,45,40,5,2.22,0.0,,10.8,17.8,-7.1,1,0,1,100,growing,commercial,False
maklon kosmetik medan,1,0,1,100,28,0,28,3.57,0.0,,8.5,,,1,0,1,28,growing,commercial,False
maklon kosmetik sidoarjo,3,1,2,200.0,60,91,-31,5.0,1.1,3.9,14.9,16.8,-1.9,0,3,4,184,declining,commercial,False
maklon kosmetik skala kecil,0,0,0,,10,6,4,0.0,0.0,,10.4,55.3,-44.9,0,0,0,18,stable,commercial,False
maklon kosmetik surabaya,20,7,13,185.7,458,259,199,4.37,2.7,1.66,10.2,15.7,-5.6,6,12,29,1035,declining,commercial,False
maklon kosmetik terbaik,3,1,2,200.0,217,280,-63,1.38,0.36,1.03,14.8,23.2,-8.4,3,0,4,665,growing,commercial,False
maklon kosmetik terbaik di indonesia,1,0,1,100,71,61,10,1.41,0.0,,11.5,20.6,-9.1,0,1,1,146,declining,commercial,False
maklon kosmetik terdekat,3,0,3,100,15,8,7,20.0,0.0,,7.7,8.2,-0.5,1,2,3,32,declining,commercial,False
maklon krim kaki,0,0,0,,56,60,-4,0.0,0.0,,11.1,7.9,3.2,0,0,0,318,stable,commercial,False
maklon lip gloss,0,0,0,,3,0,3,0.0,0.0,,9.3,,,0,0,0,3,stable,commercial,False
maklon lip scrub,0,0,0,,1,0,1,0.0,0.0,,5.0,,,0,0,0,1,stable,commercial,False
maklon lip serum,2,0,2,100,12,0,12,16.67,0.0,,13.6,,,2,0,2,12,growing,commercial,False
maklon lipstick,0,0,0,,11,0,11,0.0,0.0,,8.4,,,0,0,0,11,stable,commercial,False
maklon lipstik,0,0,0,,130,31,99,0.0,0.0,,10.0,7.1,2.9,0,0,0,161,stable,commercial,False
maklon liquid vape,0,0,0,,3,0,3,0.0,0.0,,8.0,,,0,0,0,3,stable,commercial,False
maklon loose powder,0,0,0,,1,0,1,0.0,0.0,,6.0,,,0,0,0,1,stable,commercial,False
maklon losion bayi,0,0,0,,38,39,-1,0.0,0.0,,15.0,38.9,-24.0,0,0,0,192,stable,commercial,False
maklon makassar,0,0,0,,5,0,5,0.0,0.0,,7.4,,,0,0,0,5,stable,commercial,False
maklon masker,0,0,0,,8,2,6,0.0,0.0,,10.8,90.0,-79.2,0,0,0,18,stable,commercial,False
maklon masker organik,0,0,0,,51,130,-79,0.0,0.0,,7.9,8.7,-0.8,0,0,0,357,stable,commercial,False
maklon masker rambut,0,0,0,,40,54,-14,0.0,0.0,,13.4,21.8,-8.4,0,0,0,165,stable,commercial,False
maklon masker wajah,0,0,0,,6,1,5,0.0,0.0,,10.3,79.0,-68.7,0,0,0,15,stable,commercial,False
maklon minyak bayi,0,0,0,,40,28,12,0.0,0.0,,13.6,50.0,-36.4,0,0,0,87,stable,commercial,False
maklon parfum adalah,0,0,0,,50,3,47,0.0,0.0,,9.3,11.0,-1.7,0,0,0,54,stable,commercial,False
maklon parfum bali,10,9,1,11.1,117,175,-58,8.55,5.14,3.4,4.3,4.4,-0.2,2,4,21,352,declining,commercial,False
maklon parfum bekasi,3,0,3,100,53,0,53,5.66,0.0,,8.6,,,1,1,3,53,stable,commercial,False
maklon parfum itu apa,0,0,0,,13,0,13,0.0,0.0,,8.6,,,0,0,0,13,stable,commercial,False
maklon parfum jakarta,4,9,-5,-55.6,161,125,36,2.48,7.2,-4.72,8.4,11.8,-3.4,1,1,16,364,stable,commercial,False
maklon parfum jawa timur,3,3,0,0.0,34,55,-21,8.82,5.45,3.37,6.9,5.1,1.9,2,1,8,177,growing,commercial,False
maklon parfum malang,3,2,1,50.0,73,88,-15,4.11,2.27,1.84,4.5,6.1,-1.6,1,1,5,161,stable,commercial,False
maklon parfum medan,0,0,0,,1,0,1,0.0,0.0,,10.0,,,0,0,0,1,stable,commercial,False
maklon parfum moq rendah,6,10,-4,-40.0,139,155,-16,4.32,6.45,-2.14,8.2,7.1,1.1,3,1,16,296,growing,pricing,False
maklon parfum sidoarjo,0,0,0,,17,55,-38,0.0,0.0,,7.0,6.4,0.6,0,0,0,74,stable,commercial,False
maklon parfum surabaya,29,21,8,38.1,681,575,106,4.26,3.65,0.61,8.6,7.4,1.2,6,13,62,1759,declining,commercial,False
maklon parfum tangerang,0,2,-2,-100.0,23,95,-72,1.6,2.11,-0.51,9.4,8.4,1.0,0,0,2,125,stable,commercial,False
maklon parfum terbaik,7,2,5,250.0,235,97,138,2.98,2.06,0.92,7.0,7.6,-0.7,3,2,9,334,growing,commercial,False
maklon parfum terbaik di indonesia,0,0,0,,45,47,-2,0.0,0.0,,6.6,6.4,0.2,0,0,0,93,stable,commercial,False
maklon parfum terdekat,1,0,1,100,14,90,-76,7.14,0.0,,13.9,17.6,-3.7,0,1,1,228,declining,commercial,False
maklon peeling serum,0,0,0,,4,0,4,0.0,0.0,,13.2,,,0,0,0,4,stable,commercial,False
maklon perawatan kulit untuk ibu hamil,0,0,0,,47,125,-78,0.0,0.0,,9.7,7.5,2.2,0,0,0,352,stable,commercial,False
maklon pkrt,14,23,-9,-39.1,132,210,-78,10.61,10.95,-0.35,8.0,6.5,1.5,5,5,53,512,stable,commercial,False
maklon pomade,2,0,2,100,2,0,2,100.0,0.0,,15.0,,,2,0,3,3,growing,commercial,False
maklon produk kesehatan,0,0,0,,1,0,1,0.0,0.0,,4.0,,,0,0,0,1,stable,commercial,False
maklon reed diffuser,10,1,9,900.0,78,14,64,12.82,7.14,5.68,7.8,16.6,-8.8,4,6,11,92,declining,commercial,False
maklon sabun,0,0,0,,1,3,-2,0.0,0.0,,11.0,22.7,-11.7,0,0,0,5,stable,commercial,False
maklon sabun antibakteri,0,0,0,,13,12,1,0.0,0.0,,11.9,18.8,-6.8,0,0,0,69,stable,commercial,False
maklon sabun organik,1,0,1,100,22,4,18,4.55,0.0,,9.5,12.5,-3.0,1,0,1,46,growing,commercial,False
maklon sampo bayi,0,0,0,,43,50,-7,0.0,0.0,,14.5,27.5,-13.0,0,0,0,230,stable,commercial,False
maklon serum,2,0,2,100,29,29,0,6.9,0.0,,12.6,41.4,-28.9,1,1,2,117,stable,commercial,False
maklon skincare adalah,0,0,0,,2,2,0,0.0,0.0,,8.0,11.0,-3.0,0,0,0,4,stable,commercial,False
maklon skincare baby,1,0,1,100,138,171,-33,0.72,0.0,,8.1,16.6,-8.5,1,0,1,623,growing,commercial,False
maklon skincare bandung,1,2,-1,-50.0,208,262,-54,0.48,0.76,-0.28,13.5,11.3,2.2,0,1,3,495,declining,commercial,False
maklon skincare indonesia,0,0,0,,6,1,5,0.0,0.0,,6.2,45.0,-38.8,0,0,0,7,stable,commercial,False
maklon skincare pria,0,0,0,,67,122,-55,0.0,0.0,,14.5,16.3,-1.8,0,0,0,511,stable,commercial,False
maklon skincare surabaya,13,5,8,160.0,267,238,29,4.87,2.1,2.77,5.2,15.1,-9.9,4,8,18,755,declining,commercial,False
maklon skincare tangerang,1,2,-1,-50.0,36,32,4,2.78,6.25,-3.47,5.8,7.4,-1.6,1,0,3,68,growing,commercial,False
maklon skincare terbaik,10,4,6,150.0,515,499,16,1.94,0.8,1.14,7.5,15.6,-8.2,5,5,14,1288,stable,commercial,False
maklon skincare terbaik di indonesia,6,1,5,500.0,102,76,26,5.88,1.32,4.57,4.8,4.1,0.7,4,1,8,206,growing,commercial,False
maklon skincare terdekat,0,0,0,,8,20,-12,0.0,0.0,,9.6,43.9,-34.3,0,0,0,77,stable,commercial,False
maklon skincare terpercaya,0,0,0,,1,8,-7,0.0,0.0,,5.0,10.1,-5.1,0,0,0,9,stable,commercial,False
maklon sunblock,0,0,0,,24,39,-15,0.0,0.0,,11.3,20.5,-9.2,0,0,0,116,stable,commercial,False
maklon sunscreen,2,0,2,100,77,44,33,2.6,0.0,,11.5,18.8,-7.2,1,1,2,183,stable,commercial,False
maklon surabaya,6,4,2,50.0,136,87,49,4.41,4.6,-0.19,4.9,6.0,-1.0,2,1,15,358,growing,commercial,False
maklon terbaik di indonesia,2,0,2,100,120,22,98,1.67,0.0,,7.4,10.6,-3.2,2,0,2,143,growing,commercial,False
maklon terdekat,1,0,1,100,17,6,11,5.88,0.0,,8.6,14.5,-5.8,0,1,1,40,declining,commercial,False
maklon toner,0,0,0,,13,7,6,0.0,0.0,,12.2,38.9,-26.6,0,0,0,57,stable,commercial,False
maklon yang paling diminati 2026,0,0,0,,1,0,1,0.0,0.0,,10.0,,,0,0,0,1,stable,commercial,False
makloon parfum bandung,0,0,0,,2,0,2,0.0,0.0,,11.0,,,0,0,0,2,stable,local,False
manfaat cysteamine,0,0,0,,16,0,16,0.0,0.0,,11.6,,,0,0,0,16,stable,informational,False
manfaat cysteamine untuk wajah,0,0,0,,6,0,6,0.0,0.0,,11.5,,,0,0,0,6,stable,informational,False
manfaat ginseng buat rambut,0,0,0,,1,0,1,0.0,0.0,,11.0,,,0,0,0,1,stable,informational,False
manfaat hair tonic ginseng untuk rambut,0,0,0,,2,0,2,0.0,0.0,,11.0,,,0,0,0,2,stable,informational,False
manfaat minyak ginseng untuk rambut,0,0,0,,3,7,-4,0.0,0.0,,9.0,6.0,3.0,0,0,0,10,stable,informational,False
manfaat moist panthenol,0,0,0,,1,0,1,0.0,0.0,,9.0,,,0,0,0,1,stable,informational,False
manfaat niacinamide 5 persen untuk wajah,0,0,0,,2,0,2,0.0,0.0,,6.5,,,0,0,0,2,stable,informational,False
manufacturing,0,0,0,,1,0,1,0.0,0.0,,6.0,,,0,0,0,1,stable,other,False
manufaktur di surabaya,0,0,0,,2,0,2,0.0,0.0,,10.5,,,0,0,0,2,stable,local,False
marketeers transformasi industri kecantikan 2020 2025 dari kuantitas ke kualitas,0,0,0,,15,0,15,0.0,0.0,,10.8,,,0,0,0,15,stable,other,False
masukkan keranjang,0,1,-1,-100.0,16,26,-10,2.38,3.85,-1.47,7.8,9.0,-1.2,0,0,1,42,stable,other,False
masukkan keranjang beli sekarang,0,0,0,,5,0,5,0.0,0.0,,7.4,,,0,0,0,5,stable,other,False
matte lip cream,0,0,0,,1,0,1,0.0,0.0,,5.0,,,0,0,0,1,stable,other,False
mavis dreamlab,0,0,0,,2,0,2,0.0,0.0,,6.0,,,0,0,0,5,stable,brand,True
medikids makassar,0,0,0,,1,0,1,0.0,0.0,,5.0,,,0,0,0,1,stable,local,False
membuat brand parfum sendiri,0,0,0,,1,0,1,0.0,0.0,,10.0,,,0,0,0,3,stable,commercial,False
meracik handbody untuk memutihkan kulit,0,0,0,,53,1,52,0.0,0.0,,8.2,12.0,-3.8,0,0,0,54,stable,other,False
meracik hb dosting,0,0,0,,43,0,43,0.0,0.0,,8.4,,,0,0,0,43,stable,other,False
meracik hb sendiri,0,0,0,,35,1,34,0.0,0.0,,7.3,11.0,-3.7,0,0,0,36,stable,other,False
merek,0,0,0,,1,0,1,0.0,0.0,,6.0,,,0,0,0,1,stable,other,False
merek perawatan tubuh terbaik 2026 indonesia,0,0,0,,2,0,2,0.0,0.0,,6.0,,,0,0,0,2,stable,local,False
merk cysteamine yang bagus,0,0,0,,3,0,3,0.0,0.0,,11.3,,,0,0,0,3,stable,other,False
merk odm indonesia,0,0,0,,1,0,1,0.0,0.0,,13.0,,,0,0,0,1,stable,commercial,False
merk yg bagus,0,0,0,,1,0,1,0.0,0.0,,12.0,,,0,0,0,1,stable,other,False
micellar cysteamine adalah,1,0,1,100,10,0,10,10.0,0.0,,9.7,,,1,0,1,10,growing,other,False
mineral sunscreen lokal,0,0,0,,1,0,1,0.0,0.0,,12.0,,,0,0,0,1,stable,other,False
mitcham personal care company ketiak gelap,0,0,0,,1,0,1,0.0,0.0,,15.0,,,0,0,0,1,stable,other,False
modal 20 juta,0,0,0,,1,0,1,0.0,0.0,,9.0,,,0,0,0,1,stable,pricing,False
modal bikin brand parfum sendiri,0,0,0,,1,0,1,0.0,0.0,,11.0,,,0,0,0,1,stable,pricing,False
modal bisnis parfum brand sendiri,0,0,0,,7,3,4,0.0,0.0,,11.9,11.7,0.2,0,0,0,12,stable,pricing,False
modal usaha parfum brand sendiri,0,0,0,,1,1,0,0.0,0.0,,12.0,7.0,5.0,0,0,0,3,stable,pricing,False
moisture gel adalah,0,0,0,,9,3,6,0.0,0.0,,14.6,27.3,-12.8,0,0,0,14,stable,other,False
moisturizer cream vs gel,0,0,0,,9,5,4,0.0,0.0,,8.0,10.0,-2.0,0,0,0,18,stable,comparison,False
moisturizer dan cream apakah sama,0,0,0,,8,4,4,0.0,0.0,,11.8,11.8,0.0,0,0,0,12,stable,informational,False
moisturizer gel,0,0,0,,7,1,6,0.0,0.0,,6.7,3.0,3.7,0,0,0,8,stable,other,False
moisturizer gel cream,0,0,0,,12,1,11,0.0,0.0,,7.6,60.0,-52.4,0,0,0,13,stable,other,False
moisturizer gel dan cream,0,0,0,,8,0,8,0.0,0.0,,6.5,,,0,0,0,8,stable,other,False
moisturizer gel untuk apa,0,0,0,,10,1,9,0.0,0.0,,9.2,11.0,-1.8,0,0,0,11,stable,informational,False
moisturizer gel untuk kulit apa,0,0,0,,3,0,3,0.0,0.0,,6.0,,,0,0,0,3,stable,informational,False
moisturizer gel vs cream,0,0,0,,12,3,9,0.0,0.0,,7.4,8.0,-0.6,0,0,0,16,stable,comparison,False
moisturizer sama cream apakah sama,0,0,0,,2,0,2,0.0,0.0,,7.0,,,0,0,0,2,stable,informational,False
moisturizer sunscreen lokal,0,0,0,,39,60,-21,0.0,0.0,,10.2,14.0,-3.8,0,0,0,144,stable,other,False
moisturizer vs grill,0,0,0,,1,0,1,0.0,0.0,,6.0,,,0,0,0,1,stable,comparison,False
moisturizer vs sushi,0,0,0,,1,0,1,0.0,0.0,,8.0,,,0,0,0,1,stable,comparison,False
moisturizing gel adalah,0,0,0,,12,0,12,0.0,0.0,,10.7,,,0,0,0,13,stable,other,False
moisturizing gel untuk apa,0,0,0,,3,0,3,0.0,0.0,,10.7,,,0,0,0,3,stable,informational,False
moq 1000,0,0,0,,4,0,4,0.0,0.0,,10.0,,,0,0,0,6,stable,commercial,False
moq rendah,1,0,1,100,1,0,1,100.0,0.0,,4.0,,,0,1,1,1,declining,pricing,False
moq skincare,0,0,0,,5,0,5,0.0,0.0,,9.8,,,0,0,0,5,stable,commercial,False
mpobulan,0,0,0,,1,0,1,0.0,0.0,,12.0,,,0,0,0,1,stable,other,False
nad beauty,0,0,0,,3,1,2,0.0,0.0,,6.3,20.0,-13.7,0,0,0,6,stable,other,False
nad cosmetics,0,0,0,,1,0,1,0.0,0.0,,10.0,,,0,0,0,1,stable,other,False
nad kosmetik,0,0,0,,6,12,-6,0.0,0.0,,6.5,7.2,-0.7,0,0,0,27,stable,other,False
nad plus skincare,0,0,0,,3,0,3,0.0,0.0,,7.7,,,0,0,0,4,stable,other,False
nad skincare,0,0,0,,24,3,21,0.0,0.0,,7.3,1.0,6.3,0,0,0,31,stable,other,False
nad+ skincare,1,0,1,100,8,0,8,12.5,0.0,,7.4,,,0,1,1,8,declining,other,False
nama brand skincare yang belum dipakai,0,0,0,,1,0,1,0.0,0.0,,5.0,,,0,0,0,1,stable,commercial,False
nama pt kosmetik yang bagus,0,0,0,,3,1,2,0.0,0.0,,8.7,10.0,-1.3,0,0,0,4,stable,other,False
nama pt skincare yang bagus,0,0,0,,4,2,2,0.0,0.0,,9.8,10.5,-0.8,0,0,0,6,stable,other,False
niacinamide 2 persen,0,0,0,,1,0,1,0.0,0.0,,8.0,,,0,0,0,1,stable,other,False
niacinamide 2 persen untuk apa,0,0,0,,6,0,6,0.0,0.0,,10.8,,,0,0,0,6,stable,informational,False
niacinamide berapa persen untuk mencerahkan kulit,0,0,0,,1,0,1,0.0,0.0,,9.0,,,0,0,0,1,stable,informational,False
nomor notifikasi kosmetik,0,0,0,,2,0,2,0.0,0.0,,12.0,,,0,0,0,2,stable,other,False
obao personal care memutihkan ketiak,0,0,0,,4,0,4,0.0,0.0,,14.5,,,0,0,0,4,stable,other,False
obao personal care mencerahkan ketiak,0,0,0,,7,4,3,0.0,0.0,,11.9,9.8,2.1,0,0,0,11,stable,other,False
odm skincare,0,0,0,,4,4,0,0.0,0.0,,9.2,12.0,-2.8,0,0,0,8,stable,commercial,False
odm white label,0,0,0,,1,19,-18,0.0,0.0,,7.0,5.3,1.7,0,0,0,25,stable,commercial,False
oem vs odm,0,0,0,,1,0,1,0.0,0.0,,6.0,,,0,0,0,1,stable,comparison,False
ok boleh,0,0,0,,1,0,1,0.0,0.0,,5.0,,,0,0,0,1,stable,other,False
over panthenol apakah aman,0,0,0,,1,0,1,0.0,0.0,,12.0,,,0,0,0,1,stable,informational,False
owner daviena skincare,0,0,0,,1,0,1,0.0,0.0,,4.0,,,0,0,0,1,stable,other,False
pabrik apa aja,0,0,0,,1,0,1,0.0,0.0,,8.0,,,0,0,0,1,stable,commercial,False
pabrik kecantikan,0,0,0,,4,0,4,0.0,0.0,,12.0,,,0,0,0,4,stable,commercial,False
pabrik kosmetik bandung,0,0,0,,1,3,-2,0.0,0.0,,9.0,17.0,-8.0,0,0,0,4,stable,commercial,False
pabrik kosmetik buduran sidoarjo,0,0,0,,8,0,8,0.0,0.0,,10.2,,,0,0,0,8,stable,commercial,False
pabrik kosmetik di indonesia,0,0,0,,4,1,3,0.0,0.0,,14.5,28.0,-13.5,0,0,0,6,stable,commercial,False
pabrik kosmetik di jawa timur,0,0,0,,21,9,12,0.0,0.0,,13.8,14.0,-0.2,0,0,0,34,stable,commercial,False
pabrik kosmetik di malang,0,0,0,,9,15,-6,0.0,0.0,,10.6,10.9,-0.4,0,0,0,24,stable,commercial,False
pabrik kosmetik di medan,0,0,0,,11,0,11,0.0,0.0,,9.3,,,0,0,0,11,stable,commercial,False
pabrik kosmetik di surabaya,0,0,0,,37,45,-8,0.0,0.0,,6.0,8.9,-2.9,0,0,0,105,stable,commercial,False
pabrik kosmetik indonesia,0,0,0,,2,4,-2,0.0,0.0,,11.0,14.0,-3.0,0,0,0,6,stable,commercial,False
pabrik kosmetik jawa timur,0,0,0,,11,0,11,0.0,0.0,,14.4,,,0,0,0,17,stable,commercial,False
pabrik kosmetik malang,0,0,0,,12,0,12,0.0,0.0,,10.7,,,0,0,0,12,stable,commercial,False
pabrik kosmetik pasuruan,0,0,0,,3,0,3,0.0,0.0,,4.3,,,0,0,0,8,stable,commercial,False
pabrik kosmetik sidoarjo,1,3,-2,-66.7,36,155,-119,2.78,1.94,0.84,10.1,9.3,0.8,0,1,4,200,declining,commercial,False
pabrik kosmetik surabaya,2,1,1,100.0,401,243,158,0.5,0.41,0.09,14.2,12.5,1.8,1,0,3,749,growing,commercial,False
pabrik kosmetik surabaya timur,0,0,0,,32,0,32,0.0,0.0,,12.0,,,0,0,0,32,stable,commercial,False
pabrik kosmetik terbesar di indonesia,1,0,1,100,31,27,4,3.23,0.0,,10.3,10.6,-0.4,1,0,1,58,growing,commercial,False
pabrik kosmetik terdekat,0,0,0,,15,8,7,0.0,0.0,,7.7,17.8,-10.0,0,0,0,26,stable,commercial,False
pabrik lipstik,0,0,0,,13,4,9,0.0,0.0,,10.6,4.2,6.4,0,0,0,17,stable,commercial,False
pabrik make up,0,0,0,,1,2,-1,0.0,0.0,,11.0,1.0,10.0,0,0,0,3,stable,commercial,False
pabrik maklon kosmetik sidoarjo,0,0,0,,1,0,1,0.0,0.0,,11.0,,,0,0,0,1,stable,commercial,False
pabrik maklon kosmetik surabaya,0,1,-1,-100.0,111,111,0,0.75,0.9,-0.15,11.2,11.8,-0.7,0,0,2,267,stable,commercial,False
pabrik maklon parfum,0,0,0,,29,8,21,0.0,0.0,,12.4,32.9,-20.5,0,0,0,37,stable,commercial,False
pabrik maklon skincare terbaik,0,0,0,,8,22,-14,0.0,0.0,,5.9,6.8,-0.9,0,0,0,30,stable,commercial,False
pabrik maklon terdekat,0,0,0,,1,1,0,0.0,0.0,,4.0,16.0,-12.0,0,0,0,2,stable,commercial,False
pabrik minyak wangi,0,0,0,,3,6,-3,0.0,0.0,,6.3,6.8,-0.5,0,0,0,26,stable,commercial,False
pabrik oem,0,0,0,,1,0,1,0.0,0.0,,12.0,,,0,0,0,1,stable,commercial,False
pabrik parfum,4,7,-3,-42.9,369,266,103,1.08,2.63,-1.55,12.6,8.7,3.9,0,1,13,748,declining,commercial,False
pabrik parfum di bali,0,0,0,,15,0,15,0.0,0.0,,5.2,,,0,0,0,15,stable,commercial,False
pabrik parfum di indonesia,0,1,-1,-100.0,42,43,-1,1.05,2.33,-1.27,13.2,14.7,-1.5,0,0,1,95,stable,commercial,False
pabrik parfum indonesia,0,0,0,,24,13,11,0.0,0.0,,8.7,9.3,-0.6,0,0,0,38,stable,commercial,False
pabrik parfum jakarta,2,2,0,0.0,86,78,8,2.33,2.56,-0.24,7.4,6.2,1.2,0,2,5,236,declining,commercial,False
pabrik parfum sidoarjo,0,0,0,,1,0,1,0.0,0.0,,12.0,,,0,0,0,1,stable,commercial,False
pabrik parfum surabaya,4,2,2,100.0,190,250,-60,2.11,0.8,1.31,10.9,6.9,3.9,2,1,7,612,growing,commercial,False
pabrik parfum surabaya pt maklon kosmetik indonesia,0,1,-1,-100.0,71,89,-18,0.51,1.12,-0.62,8.2,7.9,0.3,0,0,1,197,stable,commercial,False
pabrik parfum tangerang,0,0,0,,1,2,-1,0.0,0.0,,11.0,6.5,4.5,0,0,0,3,stable,commercial,False
pabrik parfum terbesar di indonesia,0,0,0,,1,0,1,0.0,0.0,,6.0,,,0,0,0,2,stable,commercial,False
pabrik parfum terdekat,0,1,-1,-100.0,31,25,6,2.47,4.0,-1.53,8.8,10.1,-1.3,0,0,2,81,stable,commercial,False
pabrik parfume,0,0,0,,8,11,-3,0.0,0.0,,10.5,6.9,3.6,0,0,0,27,stable,commercial,False
pabrik pembuatan skincare,0,0,0,,38,21,17,0.0,0.0,,10.3,4.2,6.0,0,0,0,59,stable,commercial,False
pabrik skincare,1,2,-1,-50.0,488,428,60,0.2,0.47,-0.26,14.9,10.6,4.3,0,0,3,918,stable,commercial,False
pabrik skincare di indonesia,0,0,0,,65,58,7,0.0,0.0,,10.3,6.4,4.0,0,0,0,128,stable,commercial,False
pabrik skincare surabaya,4,0,4,100,74,27,47,5.41,0.0,,5.3,7.4,-2.1,1,2,4,121,declining,commercial,False
pabrik skincare terbesar di indonesia,0,0,0,,68,23,45,0.94,0.0,,7.8,8.2,-0.4,0,0,1,106,stable,commercial,False
pabrik skincare terdekat,0,0,0,,7,1,6,0.0,0.0,,6.7,27.0,-20.3,0,0,0,9,stable,commercial,False
pabrik terdekat dari lokasi saya,0,0,0,,1,0,1,0.0,0.0,,8.0,,,0,0,0,1,stable,commercial,False
packaging parfum mewah,0,0,0,,9,1,8,0.0,0.0,,8.2,4.0,4.2,0,0,0,10,stable,other,False
pameran ici 2026,0,0,0,,1,0,1,0.0,0.0,,11.0,,,0,0,0,1,stable,other,False
panthenol artinya,0,0,0,,1,0,1,0.0,0.0,,14.0,,,0,0,0,1,stable,other,False
panthenol buat apa,0,0,0,,3,0,3,0.0,0.0,,14.0,,,0,0,0,3,stable,informational,False
panthenol manfaat untuk wajah,0,0,0,,2,0,2,0.0,0.0,,10.0,,,0,0,0,3,stable,informational,False
panthenol setelah eksfoliasi,0,0,0,,1,3,-2,0.0,0.0,,8.0,7.3,0.7,0,0,0,18,stable,other,False
panthenol untuk kulit kering,0,0,0,,38,14,24,0.0,0.0,,9.0,3.9,5.1,0,0,0,60,stable,other,False
parfum 2026,0,0,0,,8,7,1,0.0,0.0,,10.8,1.6,9.2,0,0,0,27,stable,other,False
parfum alcohol,0,0,0,,1,0,1,0.0,0.0,,11.0,,,0,0,0,1,stable,other,False
parfum balm,0,0,0,,4,4,0,0.54,0.0,,8.0,23.8,-15.8,0,0,1,186,stable,other,False
parfum edt itu apa,0,0,0,,1,0,1,0.0,0.0,,13.0,,,0,0,0,1,stable,informational,False
parfum inspired,0,0,0,,8,0,8,0.0,0.0,,11.4,,,0,0,0,8,stable,other,False
parfum inspired adalah,0,0,0,,275,34,241,0.0,0.0,,7.0,5.4,1.6,0,0,0,309,stable,other,False
parfum inspired artinya,0,0,0,,202,228,-26,0.0,0.0,,6.7,6.0,0.7,0,0,0,499,stable,other,False
parfum inspired by,0,0,0,,2,0,2,0.0,0.0,,10.0,,,0,0,0,2,stable,other,False
parfum lokal,0,0,0,,1,0,1,0.0,0.0,,9.0,,,0,0,0,1,stable,other,False
parfum maklon adalah,0,0,0,,1,0,1,0.0,0.0,,12.0,,,0,0,0,1,stable,commercial,False
parfum oil based,0,0,0,,3,13,-10,0.0,0.0,,11.3,4.3,7.0,0,0,0,26,stable,other,False
parfum pheromone adalah,0,0,0,,1,0,1,0.0,0.0,,13.0,,,0,0,0,1,stable,other,False
parfum terbaru 2026,0,0,0,,12,4,8,0.0,0.0,,9.6,3.8,5.8,0,0,0,16,stable,other,False
parfum trend 2026,1,0,1,100,75,33,42,1.33,0.0,,8.5,2.1,6.4,0,1,1,120,declining,informational,False
parfum viral 2026,0,0,0,,6,7,-1,0.0,0.0,,7.8,13.6,-5.7,0,0,0,15,stable,other,False
parfum white label,0,0,0,,1,0,1,0.0,0.0,,9.0,,,0,0,0,1,stable,other,False
parfum yang lagi viral 2026 terbaru,0,0,0,,5,0,5,0.0,0.0,,8.4,,,0,0,0,5,stable,other,False
parfum yang mengandung alkohol,0,0,0,,5,0,5,0.0,0.0,,12.8,,,0,0,0,5,stable,other,False
parfum yang sedang trend saat ini,0,0,0,,3,0,3,0.0,0.0,,4.3,,,0,0,0,3,stable,informational,False
parfume,0,0,0,,1,2,-1,0.0,0.0,,7.0,1.0,6.0,0,0,0,3,stable,other,False
parfume 2026,0,0,0,,3,2,1,0.0,0.0,,4.7,6.0,-1.3,0,0,0,5,stable,other,False
pasar kosmetik,0,0,0,,3,9,-6,0.0,0.0,,8.7,17.6,-8.9,0,0,0,63,stable,other,False
pemasaran skincare di tiktok shop,0,0,0,,9,0,9,0.0,0.0,,5.9,,,0,0,0,9,stable,other,False
pembersih lantai,0,0,0,,1,0,1,0.0,0.0,,4.0,,,0,0,0,1,stable,other,False
pengencang muka,0,0,0,,2,0,2,0.0,0.0,,8.5,,,0,0,0,5,stable,other,False
pengencang wajah,0,0,0,,6,2,4,0.0,0.0,,10.7,38.0,-27.3,0,0,0,8,stable,other,False
penggunaan hb dosting,0,0,0,,1,0,1,0.0,0.0,,10.0,,,0,0,0,1,stable,other,False
peptide+,0,0,0,,3,0,3,0.0,0.0,,5.7,,,0,0,0,3,stable,other,False
perawatan bibir,0,0,0,,1,0,1,0.0,0.0,,6.0,,,0,0,0,1,stable,other,False
perbedaan affiliate dan kol,0,0,0,,22,41,-19,0.0,0.0,,11.1,10.4,0.7,0,0,0,63,stable,comparison,False
perbedaan cream dan gel,0,0,0,,29,4,25,0.0,0.0,,10.4,9.0,1.4,0,0,0,57,stable,comparison,False
perbedaan edc edt edp,0,0,0,,4,0,4,0.0,0.0,,13.0,,,0,0,0,4,stable,comparison,False
perbedaan edp,0,0,0,,2,0,2,0.0,0.0,,12.5,,,0,0,0,3,stable,comparison,False
perbedaan edp dan edt,0,0,0,,62,0,62,0.0,0.0,,13.6,,,0,0,0,256,stable,comparison,False
perbedaan edp dan edt pada parfum,0,0,0,,2,0,2,0.0,0.0,,14.0,,,0,0,0,3,stable,comparison,False
perbedaan edp dan edt parfum,0,0,0,,2,0,2,0.0,0.0,,13.0,,,0,0,0,6,stable,comparison,False
perbedaan edp edt,0,0,0,,142,0,142,0.0,0.0,,10.2,,,0,0,0,244,stable,comparison,False
perbedaan edp edt edc,0,0,0,,16,0,16,0.0,0.0,,10.8,,,0,0,0,47,stable,comparison,False
perbedaan edp edt edc parfum,0,0,0,,2,0,2,0.0,0.0,,11.5,,,0,0,0,5,stable,comparison,False
"perbedaan edp, edt edc parfum",0,0,0,,24,0,24,0.0,0.0,,11.8,,,0,0,0,25,stable,comparison,False
"perbedaan edp, edt, edc parfum",0,0,0,,1,0,1,0.0,0.0,,12.0,,,0,0,0,1,stable,comparison,False
perbedaan edt dan edp,0,0,0,,174,0,174,0.0,0.0,,11.6,,,0,0,0,458,stable,comparison,False
perbedaan gel dan cream,0,0,0,,79,30,49,0.66,0.0,,10.4,16.5,-6.1,0,0,1,151,stable,comparison,False
perbedaan gel dan krim,0,0,0,,13,0,13,0.0,0.0,,9.2,,,0,0,0,24,stable,comparison,False
perbedaan hb dan dosting,0,0,0,,14,0,14,0.0,0.0,,5.6,,,0,0,0,14,stable,comparison,False
perbedaan hb dosting dan hb bpom,0,0,0,,15,0,15,0.0,0.0,,8.5,,,0,0,0,15,stable,comparison,False
perbedaan hb dosting dan hb whitening,0,0,0,,16,0,16,0.0,0.0,,4.8,,,0,0,0,16,stable,comparison,False
perbedaan kol dan affiliate,0,0,0,,37,59,-22,0.42,0.0,,11.3,4.6,6.7,0,0,1,238,stable,comparison,False
perbedaan krim dan gel,0,0,0,,12,0,12,0.0,0.0,,4.8,,,0,0,0,20,stable,comparison,False
perbedaan moist gel dan cream,0,0,0,,49,19,30,0.0,0.0,,7.4,7.9,-0.4,0,0,0,73,stable,comparison,False
perbedaan moisturizer cream dan gel,0,0,0,,79,53,26,0.52,0.0,,6.8,9.0,-2.1,0,0,1,191,stable,comparison,False
perbedaan moisturizer dan cream,0,0,0,,50,19,31,0.0,0.0,,12.8,23.2,-10.4,0,0,0,73,stable,comparison,False
perbedaan moisturizer gel dan cream,1,0,1,100,149,116,33,0.67,0.0,,7.8,9.9,-2.0,0,0,1,332,stable,comparison,False
perbedaan parfume edp dan edt,0,0,0,,2,0,2,0.0,0.0,,12.5,,,0,0,0,3,stable,comparison,False
perbedaan salicylic acid dan succinic acid,0,0,0,,9,0,9,0.0,0.0,,11.2,,,0,0,0,9,stable,comparison,False
perbedaan soothing gel dan moisturizer,0,0,0,,3,0,3,0.0,0.0,,9.7,,,0,0,0,3,stable,comparison,False
perbedaan succinic acid dan salicylic acid,0,0,0,,4,0,4,0.0,0.0,,10.5,,,0,0,0,4,stable,comparison,False
perekat wajah biar kencang,0,0,0,,1,0,1,0.0,0.0,,10.0,,,0,0,0,1,stable,other,False
perkembangan industri kosmetik di indonesia,0,0,0,,1,7,-6,0.0,0.0,,14.0,5.4,8.6,0,0,0,26,stable,local,False
persentase niacinamide yang aman,0,0,0,,1,0,1,0.0,0.0,,11.0,,,0,0,0,1,stable,other,False
personal banding,0,0,0,,1,8,-7,0.0,0.0,,11.0,7.4,3.6,0,0,0,9,stable,comparison,False
personal care company sure ketiak gelap,0,0,0,,1,0,1,0.0,0.0,,6.0,,,0,0,0,1,stable,other,False
personal care company sure mencerahkan ketiak,0,0,0,,2,0,2,0.0,0.0,,8.0,,,0,0,0,2,stable,other,False
pertumbuhan industri kecantikan di indonesia,0,0,0,,1,0,1,0.0,0.0,,10.0,,,0,0,0,9,stable,local,False
pertumbuhan industri kosmetik di indonesia,0,1,-1,-100.0,3,25,-22,1.82,4.0,-2.18,9.3,3.9,5.4,0,0,1,55,stable,local,False
perusahaan beauty di indonesia,0,0,0,,3,6,-3,0.0,0.0,,10.3,7.5,2.8,0,0,0,9,stable,local,False
perusahaan kecantikan terbesar di indonesia,0,0,0,,1,7,-6,0.0,0.0,,8.0,10.1,-2.1,0,0,0,9,stable,local,False
perusahaan kosmetik terbesar di indonesia,0,1,-1,-100.0,72,80,-8,0.65,1.25,-0.6,13.4,10.8,2.6,0,0,1,153,stable,local,False
perusahaan lainnya,0,0,0,,1,6,-5,0.0,0.0,,6.0,3.0,3.0,0,0,0,7,stable,other,False
perusahaan maklon di indonesia,0,0,0,,14,4,10,0.0,0.0,,13.0,39.2,-26.2,0,0,0,18,stable,commercial,False
perusahaan maklon kosmetik di indonesia,0,0,0,,9,14,-5,0.0,0.0,,11.4,40.8,-29.4,0,0,0,29,stable,commercial,False
perusahaan maklon skincare,0,0,0,,42,7,35,0.0,0.0,,12.9,33.4,-20.5,0,0,0,49,stable,commercial,False
perusahaan maklon terbesar di indonesia,0,0,0,,22,0,22,0.0,0.0,,6.7,,,0,0,0,22,stable,commercial,False
perusahaan skincare,0,0,0,,41,31,10,0.0,0.0,,12.8,5.9,6.9,0,0,0,75,stable,other,False
perusahaan skincare di indonesia,0,0,0,,58,129,-71,0.5,0.0,,12.2,11.7,0.5,0,0,1,200,stable,local,False
perusahaan skincare terbesar di indonesia,1,2,-1,-50.0,81,191,-110,1.23,1.05,0.19,7.8,7.8,0.0,0,0,3,288,stable,local,False
pheromone adalah,0,0,0,,276,0,276,0.0,0.0,,6.3,,,0,0,0,276,stable,other,False
pheromone artinya,0,0,0,,4,0,4,0.0,0.0,,9.0,,,0,0,0,4,stable,other,False
pheromone itu apa,0,0,0,,1,0,1,0.0,0.0,,7.0,,,0,0,0,1,stable,informational,False
pheromone manusia,0,0,0,,1,0,1,0.0,0.0,,5.0,,,0,0,0,1,stable,other,False
physiogel hypoallergenic untuk apa,0,0,0,,1,0,1,0.0,0.0,,4.0,,,0,0,0,1,stable,informational,False
ponds moisturizer gel,0,0,0,,2,0,2,0.0,0.0,,4.5,,,0,0,0,2,stable,other,False
prioritas jaya indonesia,0,0,0,,1,0,1,0.0,0.0,,4.0,,,0,0,0,1,stable,local,False
private label cosmetics,0,0,0,,2,21,-19,0.0,0.0,,12.5,39.2,-26.7,0,0,0,39,stable,commercial,False
private label kozmetik,0,0,0,,1,0,1,0.0,0.0,,9.0,,,0,0,0,1,stable,commercial,False
product develop,0,0,0,,1,0,1,0.0,0.0,,6.0,,,0,0,0,1,stable,other,False
product development,0,0,0,,6,0,6,0.0,0.0,,6.0,,,0,0,0,6,stable,other,False
produk inspired adalah,0,0,0,,22,18,4,0.0,0.0,,5.4,7.2,-1.8,0,0,0,46,stable,other,False
produk lain,1,0,1,100,1,0,1,100.0,0.0,,4.0,,,1,0,1,1,growing,other,False
produk skincare ramai dibicarakan indonesia 2026,0,0,0,,14,0,14,0.0,0.0,,4.9,,,0,0,0,14,stable,local,False
produk skincare ramai dibicarakan indonesia 2026 komala,0,0,0,,4,0,4,0.0,0.0,,8.2,,,0,0,0,4,stable,local,False
produk skincare trending indonesia 2026,0,0,0,,9,0,9,0.0,0.0,,6.9,,,0,0,0,9,stable,local,False
produk skincare viral indonesia 2026,0,0,0,,2,0,2,0.0,0.0,,8.0,,,0,0,0,2,stable,local,False
produksi parfum brand sendiri,0,0,0,,2,1,1,0.0,0.0,,11.0,47.0,-36.0,0,0,0,3,stable,commercial,False
produksi skincare,0,0,0,,20,0,20,0.0,0.0,,7.2,,,0,0,0,20,stable,commercial,False
proses maklon kosmetik,0,0,0,,3,0,3,0.0,0.0,,11.0,,,0,0,0,3,stable,commercial,False
pt anjalis group indonesia,0,0,0,,1,0,1,0.0,0.0,,4.0,,,0,0,0,1,stable,local,False
pt athena royal kosmetika,0,0,0,,1,0,1,0.0,0.0,,4.0,,,0,0,0,1,stable,other,False
pt cikos indonesia,0,0,0,,2,0,2,0.0,0.0,,5.0,,,0,0,0,2,stable,local,False
pt kecantikan,0,0,0,,3,0,3,0.0,0.0,,13.7,,,0,0,0,4,stable,other,False
pt kecantikan di indonesia,0,0,0,,4,10,-6,0.0,0.0,,11.2,9.6,1.7,0,0,0,14,stable,local,False
pt kosmetik,0,0,0,,5,7,-2,0.0,0.0,,6.4,11.6,-5.2,0,0,0,19,stable,other,False
pt kosmetik di indonesia,0,0,0,,1,7,-6,0.0,0.0,,4.0,56.3,-52.3,0,0,0,8,stable,local,False
pt kosmetik terbesar di indonesia,0,0,0,,15,20,-5,0.0,0.0,,12.5,12.0,0.5,0,0,0,35,stable,local,False
pt lainnya,0,0,0,,1,0,1,0.0,0.0,,7.0,,,0,0,0,1,stable,other,False
pt mag trada indonesia jakarta selatan,0,0,0,,1,0,1,0.0,0.0,,4.0,,,0,0,0,1,stable,local,False
pt maklon,0,0,0,,4,2,2,0.0,0.0,,5.2,6.5,-1.2,0,0,0,6,stable,commercial,False
pt maklon kosmetik indonesia surabaya,0,0,0,,1,1,0,0.0,0.0,,10.0,11.0,-1.0,0,0,0,2,stable,commercial,False
pt marketing,0,0,0,,1,0,1,0.0,0.0,,10.0,,,0,0,0,1,stable,other,False
pt nusantara wellness group,0,0,0,,1,0,1,0.0,0.0,,5.0,,,0,0,0,1,stable,other,False
pt nya dimana,0,0,0,,1,0,1,0.0,0.0,,4.0,,,0,0,0,1,stable,other,False
pt pillars cosmetiklon indonesia,0,0,0,,1,2,-1,0.0,0.0,,4.0,4.0,0.0,0,0,0,3,stable,local,False
pt skincare di indonesia,0,0,0,,47,33,14,0.0,0.0,,9.9,8.6,1.3,0,0,0,94,stable,local,False
pt skincare indonesia,0,0,0,,3,13,-10,0.0,0.0,,9.7,5.7,4.0,0,0,0,20,stable,local,False
pt trixie,0,0,0,,1,0,1,0.0,0.0,,4.0,,,0,0,0,1,stable,other,False
pt valencia organika global,0,0,0,,1,0,1,0.0,0.0,,5.0,,,0,0,0,1,stable,other,False
pt. mash moshem indonesia,0,0,0,,1,0,1,0.0,0.0,,5.0,,,0,0,0,1,stable,local,False
pusat kosmetik surabaya,0,0,0,,2,0,2,0.0,0.0,,8.5,,,0,0,0,2,stable,local,False
racik handbody pemutih ampuh,0,0,0,,3,0,3,0.0,0.0,,6.0,,,0,0,0,3,stable,other,False
racik hb,0,0,0,,1,0,1,0.0,0.0,,5.0,,,0,0,0,1,stable,other,False
racik hb sendiri,0,0,0,,49,0,49,0.0,0.0,,8.1,,,0,0,0,49,stable,other,False
racikan body care,0,0,0,,7,0,7,0.0,0.0,,7.4,,,0,0,0,7,stable,other,False
racikan body care untuk memutihkan kulit,1,0,1,100,97,0,97,1.03,0.0,,7.2,,,0,1,1,97,declining,other,False
racikan body lotion untuk memutihkan kulit,0,0,0,,50,0,50,0.0,0.0,,10.0,,,0,0,0,50,stable,other,False
racikan buat kulit putih,0,0,0,,6,0,6,0.0,0.0,,8.8,,,0,0,0,6,stable,other,False
racikan handbody,0,0,0,,49,0,49,0.0,0.0,,8.6,,,0,0,0,49,stable,other,False
racikan handbody agar cepat putih,0,0,0,,37,0,37,0.0,0.0,,8.8,,,0,0,0,37,stable,other,False
racikan handbody agar kulit putih,0,0,0,,17,0,17,0.0,0.0,,8.2,,,0,0,0,17,stable,other,False
racikan handbody paling ampuh,0,0,0,,1,0,1,0.0,0.0,,6.0,,,0,0,0,1,stable,other,False
racikan handbody pemutih,0,0,0,,260,2,258,0.0,0.0,,8.6,13.5,-4.9,0,0,0,262,stable,other,False
racikan handbody pemutih ampuh 7 hari,0,0,0,,1,0,1,0.0,0.0,,11.0,,,0,0,0,1,stable,other,False
racikan handbody pemutih kulit paling ampuh,0,0,0,,9,0,9,0.0,0.0,,7.1,,,0,0,0,9,stable,other,False
racikan handbody pemutih paling ampuh,0,0,0,,17,0,17,0.0,0.0,,10.0,,,0,0,0,17,stable,other,False
racikan handbody pemutih yang aman,0,0,0,,106,0,106,0.0,0.0,,9.6,,,0,0,0,106,stable,other,False
racikan handbody untuk memutihkan kulit,0,0,0,,13,1,12,0.0,0.0,,9.8,13.0,-3.2,0,0,0,14,stable,other,False
racikan hb ampuh mencerahkan kulit,0,0,0,,4,0,4,0.0,0.0,,9.0,,,0,0,0,4,stable,other,False
racikan hb bikin putih,0,0,0,,34,0,34,0.0,0.0,,8.7,,,0,0,0,34,stable,other,False
racikan hb dosting ampuh mencerahkan kulit,0,0,0,,3,0,3,0.0,0.0,,8.7,,,0,0,0,3,stable,other,False
racikan hb pemutih,0,0,0,,12,0,12,0.0,0.0,,9.1,,,0,0,0,12,stable,other,False
racikan hb pemutih badan,0,0,0,,15,0,15,0.0,0.0,,8.0,,,0,0,0,15,stable,other,False
racikan hb pemutih yang aman,0,0,0,,60,0,60,0.0,0.0,,8.2,,,0,0,0,60,stable,other,False
racikan hb yang ampuh memutihkan,0,0,0,,12,0,12,0.0,0.0,,7.1,,,0,0,0,12,stable,other,False
racikan lotion,0,0,0,,1,0,1,0.0,0.0,,11.0,,,0,0,0,1,stable,other,False
racikan lotion pemutih,0,0,0,,3,0,3,0.0,0.0,,7.3,,,0,0,0,3,stable,other,False
racikan lotion pemutih badan,0,0,0,,16,0,16,0.0,0.0,,8.2,,,0,0,0,16,stable,other,False
racikan pemutih,0,0,0,,12,0,12,0.0,0.0,,9.9,,,0,0,0,12,stable,other,False
racikan pemutih badan,1,0,1,100,59,0,59,1.69,0.0,,6.9,,,1,0,1,59,growing,other,False
racikan pemutih badan alami,0,0,0,,98,0,98,0.0,0.0,,10.3,,,0,0,0,98,stable,other,False
racikan pemutih badan buatan sendiri,0,0,0,,4,0,4,0.0,0.0,,5.8,,,0,0,0,4,stable,other,False
racikan pemutih badan paling ampuh alami,0,0,0,,8,0,8,0.0,0.0,,10.1,,,0,0,0,8,stable,other,False
racikan pemutih kulit buatan sendiri,0,0,0,,15,0,15,0.0,0.0,,6.8,,,0,0,0,15,stable,other,False
racikan sendiri,0,0,0,,4,0,4,0.0,0.0,,7.2,,,0,0,0,4,stable,other,False
racikan untuk memutihkan badan,0,0,0,,18,0,18,0.0,0.0,,8.2,,,0,0,0,18,stable,other,False
rahasia devina,0,0,0,,2,0,2,0.0,0.0,,14.5,,,0,0,0,2,stable,other,False
rebrand skincare,0,0,0,,1,0,1,0.0,0.0,,8.0,,,0,0,0,2,stable,commercial,False
reed diffuser,0,0,0,,1,0,1,0.0,0.0,,5.0,,,0,0,0,1,stable,other,False
rekomendasi primer parfum,0,0,0,,1,0,1,0.0,0.0,,12.0,,,0,0,0,1,stable,other,False
rekomendasi sunscreen terbaik untuk kulit indonesia 2026,0,0,0,,2,0,2,0.0,0.0,,13.0,,,0,0,0,2,stable,local,False
resep handbody pemutih racikan dokter,0,0,0,,8,0,8,0.0,0.0,,10.4,,,0,0,0,8,stable,other,False
resep handbody racikan,0,0,0,,16,0,16,0.0,0.0,,8.7,,,0,0,0,16,stable,other,False
resep handbody racikan cepat putih,1,0,1,100,39,0,39,2.56,0.0,,8.0,,,1,0,1,39,growing,other,False
resep handbody racikan farmasi,0,0,0,,9,0,9,0.0,0.0,,9.8,,,0,0,0,9,stable,other,False
resep handbody racikan sendiri,1,0,1,100,25,0,25,4.0,0.0,,7.6,,,1,0,1,25,growing,other,False
resep hb,0,0,0,,11,0,11,0.0,0.0,,8.4,,,0,0,0,11,stable,other,False
resep hb dosting,0,0,0,,6,0,6,0.0,0.0,,9.5,,,0,0,0,6,stable,other,False
resep hb dosting ampuh mencerahkan,0,0,0,,3,0,3,0.0,0.0,,7.7,,,0,0,0,3,stable,other,False
resep hb dosting farmasi,0,0,0,,1,0,1,0.0,0.0,,4.0,,,0,0,0,1,stable,other,False
resep hb dosting paling ampuh,0,0,0,,11,0,11,0.0,0.0,,6.9,,,0,0,0,11,stable,other,False
resep hb dosting racikan,0,0,0,,16,0,16,0.0,0.0,,5.4,,,0,0,0,16,stable,other,False
resep hb farmasi,0,0,0,,8,0,8,0.0,0.0,,9.4,,,0,0,0,8,stable,other,False
resep hb pemutih,0,0,0,,8,0,8,0.0,0.0,,7.6,,,0,0,0,8,stable,other,False
resep hb pemutih badan,0,0,0,,21,0,21,0.0,0.0,,6.3,,,0,0,0,21,stable,other,False
resep hb racikan,0,0,0,,56,0,56,0.0,0.0,,8.0,,,0,0,0,56,stable,other,False
resep hb racikan aman,0,0,0,,7,0,7,0.0,0.0,,9.1,,,0,0,0,7,stable,other,False
resep hb racikan ampuh,0,0,0,,11,0,11,0.0,0.0,,8.2,,,0,0,0,11,stable,other,False
resep hb racikan bpom,0,0,0,,2,0,2,0.0,0.0,,8.0,,,0,0,0,2,stable,commercial,False
resep hb racikan bugis,0,0,0,,8,0,8,0.0,0.0,,5.4,,,0,0,0,8,stable,other,False
resep hb racikan dosting,0,0,0,,9,0,9,0.0,0.0,,8.6,,,0,0,0,9,stable,other,False
resep hb racikan makassar,0,0,0,,2,0,2,0.0,0.0,,6.0,,,0,0,0,2,stable,local,False
resep hb racikan paling ampuh,0,0,0,,5,0,5,0.0,0.0,,6.4,,,0,0,0,5,stable,other,False
resep hb racikan pemutih,0,0,0,,27,0,27,0.0,0.0,,6.2,,,0,0,0,27,stable,other,False
resep hb racikan pemutih ampuh,0,0,0,,12,0,12,0.0,0.0,,5.4,,,0,0,0,12,stable,other,False
resep hb racikan sendiri,1,0,1,100,34,0,34,2.94,0.0,,7.0,,,0,1,1,34,declining,other,False
resep hb racikan sulawesi,0,0,0,,1,0,1,0.0,0.0,,11.0,,,0,0,0,1,stable,other,False
resep racikan,0,0,0,,1,0,1,0.0,0.0,,6.0,,,0,0,0,1,stable,other,False
resep racikan handbody,0,0,0,,31,0,31,0.0,0.0,,8.5,,,0,0,0,31,stable,other,False
resep racikan handbody dosting,0,0,0,,11,0,11,0.0,0.0,,7.9,,,0,0,0,11,stable,other,False
resep racikan handbody pemutih kulit,0,0,0,,137,2,135,0.0,0.0,,7.3,11.5,-4.2,0,0,0,139,stable,other,False
resep racikan hb,0,0,0,,31,0,31,0.0,0.0,,8.4,,,0,0,0,31,stable,other,False
resep racikan hb dosting,0,0,0,,5,0,5,0.0,0.0,,9.0,,,0,0,0,5,stable,other,False
resep racikan hb farmasi,0,0,0,,1,0,1,0.0,0.0,,4.0,,,0,0,0,1,stable,other,False
resep racikan hb pemutih,1,0,1,100,46,0,46,2.17,0.0,,7.0,,,1,0,1,46,growing,other,False
resep racikan pemutih badan,0,0,0,,29,1,28,0.0,0.0,,6.4,30.0,-23.6,0,0,0,30,stable,other,False
sablon sabun,0,0,0,,1,0,1,0.0,0.0,,4.0,,,0,0,0,1,stable,other,False
sabun,0,0,0,,1,0,1,0.0,0.0,,8.0,,,0,0,0,1,stable,other,False
"saya ingin mencoba produk baru untuk perawatan tubuh, merek apa yang terkenal saat ini?. my location is indonesia.",0,0,0,,13,0,13,0.0,0.0,,4.5,,,0,0,0,13,stable,local,False
saya tinggal di indonesia. produk perawatan rambut apa yang memiliki kualitas terbaik?,0,0,0,,23,0,23,0.0,0.0,,7.9,,,0,0,0,23,stable,local,False
saya tinggal di indonesia. saya ingin produk perawatan rambut dengan efektivitas yang sangat tinggi.,0,0,0,,1,0,1,0.0,0.0,,10.0,,,0,0,0,1,stable,local,False
selain itu merk apa lagi,0,0,0,,1,0,1,0.0,0.0,,6.0,,,0,0,0,1,stable,informational,False
semilir salatiga,0,0,0,,1,0,1,0.0,0.0,,4.0,,,0,0,0,1,stable,other,False
serum exosome,0,0,0,,1,0,1,0.0,0.0,,8.0,,,0,0,0,1,stable,other,False
serum pemutih ketiak,0,0,0,,1,0,1,0.0,0.0,,4.0,,,0,0,0,1,stable,other,False
showcase tiktok shop,0,0,0,,1,0,1,0.0,0.0,,12.0,,,0,0,0,4,stable,other,False
sigviolet,0,0,0,,1,0,1,0.0,0.0,,13.0,,,0,0,0,1,stable,other,False
skin care affiliate program,0,0,0,,1,0,1,0.0,0.0,,11.0,,,0,0,0,1,stable,other,False
skin topical use suitable for all seasons obat apa,0,0,0,,8,0,8,0.0,0.0,,5.1,,,0,0,0,8,stable,informational,False
skincare basic buat cowok,0,0,0,,1,0,1,0.0,0.0,,14.0,,,0,0,0,1,stable,other,False
skincare batam,0,0,0,,3,0,3,0.0,0.0,,9.0,,,0,0,0,3,stable,other,False
skincare di tt crt glowing,0,0,0,,1,0,1,0.0,0.0,,10.0,,,0,0,0,1,stable,other,False
skincare hydrating mana yang paling cocok untuk cuaca panas dan lembap?,0,0,0,,1,0,1,0.0,0.0,,11.0,,,0,0,0,1,stable,other,False
skincare indonesia terbaik,0,0,0,,2,0,2,0.0,0.0,,9.0,,,0,0,0,2,stable,local,False
skincare komala indonesia review tren 2026,0,0,0,,7,0,7,0.0,0.0,,15.0,,,0,0,0,7,stable,local,False
skincare laki laki,0,0,0,,1,0,1,0.0,0.0,,12.0,,,0,0,0,1,stable,other,False
skincare launch,0,0,0,,1,0,1,0.0,0.0,,6.0,,,0,0,0,1,stable,other,False
skincare maklon,0,0,0,,1,1,0,0.0,0.0,,4.0,5.0,-1.0,0,0,0,4,stable,commercial,False
skincare nad,0,0,0,,1,2,-1,0.0,0.0,,7.0,11.0,-4.0,0,0,0,6,stable,other,False
skincare nad+,0,0,0,,1,0,1,0.0,0.0,,6.0,,,0,0,0,1,stable,other,False
skincare no 1 di indonesia,0,0,0,,34,25,9,0.0,0.0,,11.5,22.4,-10.9,0,0,0,60,stable,local,False
skincare no 1 di indonesia 2026,0,0,0,,4,0,4,0.0,0.0,,6.0,,,0,0,0,4,stable,local,False
skincare no. 1 di indonesia,0,0,0,,27,8,19,0.0,0.0,,11.8,21.6,-9.8,0,0,0,37,stable,local,False
skincare odm,0,0,0,,13,2,11,0.0,0.0,,7.3,8.5,-1.2,0,0,0,15,stable,commercial,False
skincare oem,0,0,0,,1,0,1,0.0,0.0,,12.0,,,0,0,0,1,stable,commercial,False
skincare surabaya,0,0,0,,1,0,1,0.0,0.0,,11.0,,,0,0,0,1,stable,local,False
skincare terbaik 2026,0,0,0,,2,5,-3,0.0,0.0,,11.5,27.0,-15.5,0,0,0,8,stable,other,False
skincare terbaik 2026 rekomendasi,0,0,0,,1,0,1,0.0,0.0,,8.0,,,0,0,0,1,stable,other,False
skincare terbaik di indonesia 2026,0,0,0,,13,8,5,0.0,0.0,,6.9,6.5,0.4,0,0,0,23,stable,local,False
skincare terbaik no 1 di indonesia,0,0,0,,10,1,9,0.0,0.0,,9.9,12.0,-2.1,0,0,0,11,stable,local,False
skincare terbaru 2026,0,0,0,,2,3,-1,0.0,0.0,,9.5,13.0,-3.5,0,0,0,5,stable,other,False
skincare terlaris 2026,0,0,0,,10,0,10,0.0,0.0,,6.3,,,0,0,0,10,stable,other,False
skincare trend 2026,0,0,0,,1,0,1,19.23,0.0,,9.0,,,0,0,5,26,stable,informational,False
skincare viral indonesia 2026,0,0,0,,3,7,-4,0.0,0.0,,8.7,26.7,-18.0,0,0,0,10,stable,local,False
skincare white label,0,0,0,,8,0,8,0.0,0.0,,8.6,,,0,0,0,8,stable,other,False
skincare yang lagi booming,0,0,0,,1,0,1,0.0,0.0,,15.0,,,0,0,0,1,stable,other,False
slavina body lotion,0,0,0,,1,0,1,0.0,0.0,,4.0,,,0,0,0,1,stable,other,False
spesialis formulasi kosmetik in indonesia,0,0,0,,3,0,3,0.0,0.0,,11.3,,,0,0,0,3,stable,local,False
state of beauty 2025,0,0,0,,1,2,-1,0.0,0.0,,10.0,4.5,5.5,0,0,0,8,stable,other,False
strategi pertumbuhan perusahaan skincare digital indonesia,0,0,0,,1,0,1,0.0,0.0,,11.0,,,0,0,0,1,stable,local,False
studio dream lab surabaya,0,0,0,,1,1,0,0.0,0.0,,12.0,2.0,10.0,0,0,0,34,stable,brand,True
sumber datanya,0,0,0,,1,0,1,0.0,0.0,,13.0,,,0,0,0,1,stable,informational,False
sunblock lokal,0,0,0,,2,0,2,0.0,0.0,,9.0,,,0,0,0,4,stable,other,False
sunblock lokal terbaik,0,0,0,,7,0,7,0.0,0.0,,11.4,,,0,0,0,7,stable,other,False
sunscreen brand lokal,0,0,0,,10,0,10,0.0,0.0,,11.3,,,0,0,0,11,stable,commercial,False
sunscreen lokal indonesia,0,0,0,,5,0,5,0.0,0.0,,12.4,,,0,0,0,14,stable,local,False
sunscreen lokal terbaik,1,0,1,100,79,60,19,1.27,0.0,,10.0,14.3,-4.4,0,0,1,196,stable,other,False
sunscreen lokal yang bagus,0,0,0,,2,4,-2,0.0,0.0,,13.0,10.0,3.0,0,0,0,45,stable,other,False
susu dan madu,0,0,0,,1,0,1,0.0,0.0,,7.0,,,0,0,0,1,stable,other,False
syarat keranjang di ig,0,0,0,,7,0,7,0.0,0.0,,7.4,,,0,0,0,7,stable,informational,False
syarat keranjang kuning,0,0,0,,2,0,2,0.0,0.0,,9.5,,,0,0,0,2,stable,informational,False
syarat menautkan keranjang di instagram,1,0,1,100,23,0,23,4.35,0.0,,5.8,,,0,0,1,23,stable,informational,False
syarat nya,0,0,0,,1,0,1,0.0,0.0,,4.0,,,0,0,0,1,stable,informational,False
tautkan produk di instagram tidak muncul,1,2,-1,-50.0,18,21,-3,5.56,9.52,-3.97,6.4,3.9,2.5,0,0,3,39,stable,other,False
testimoni pheromone,0,0,0,,1,0,1,0.0,0.0,,10.0,,,0,0,0,1,stable,other,False
tiktok eksklusif free,0,0,0,,6,0,6,0.0,0.0,,11.5,,,0,0,0,6,stable,other,False
tiktok khusus pelanggan gratis,0,0,0,,2,1,1,0.0,0.0,,10.5,5.0,5.5,0,0,0,32,stable,other,False
tips cara pemakaian hb dosting,0,0,0,,2,0,2,0.0,0.0,,9.0,,,0,0,0,2,stable,informational,False
toko kosmetik adalah,0,0,0,,8,4,4,0.0,0.0,,8.9,12.2,-3.4,0,0,0,12,stable,other,False
toko kosmetik itu apa,0,0,0,,2,0,2,0.0,0.0,,10.0,,,0,0,0,2,stable,informational,False
toko kosmetik kecil kecilan,0,0,0,,1,1,0,0.0,0.0,,15.0,19.0,-4.0,0,0,0,2,stable,other,False
top 50 brand skincare indonesia,0,0,0,,1,0,1,0.0,0.0,,5.0,,,0,0,0,1,stable,commercial,False
top skincare brands indonesia 2026,0,0,0,,1,2,-1,0.0,0.0,,7.0,3.5,3.5,0,0,0,3,stable,commercial,False
tren kecantikan,0,0,0,,3,0,3,0.0,0.0,,7.0,,,0,0,0,4,stable,informational,False
tren kecantikan 2026,2,0,2,100,23,13,10,8.7,0.0,,5.4,12.0,-6.6,0,2,2,46,declining,informational,False
tren kecantikan indonesia 2026,0,0,0,,3,4,-1,0.0,0.0,,14.0,10.0,4.0,0,0,0,7,stable,local,False
tren kecantikan saat ini,0,0,0,,5,0,5,0.0,0.0,,9.6,,,0,0,0,15,stable,informational,False
tren kosmetik 2026,0,0,0,,1,8,-7,0.0,0.0,,11.0,18.1,-7.1,0,0,0,9,stable,informational,False
tren makeup 2026 indonesia,0,0,0,,1,4,-3,0.0,0.0,,11.0,14.0,-3.0,0,0,0,5,stable,local,False
tren mekap terbaru 2026,0,0,0,,1,0,1,0.0,0.0,,10.0,,,0,0,0,1,stable,informational,False
tren parfum,0,0,0,,11,0,11,0.0,0.0,,8.4,,,0,0,0,11,stable,informational,False
tren parfum 2026,1,0,1,100,91,75,16,1.1,0.0,,7.4,5.2,2.2,0,0,1,171,stable,informational,False
tren parfum 2026 indonesia,0,0,0,,12,19,-7,0.0,0.0,,6.2,5.3,0.9,0,0,0,31,stable,local,False
tren parfum indonesia 2026,1,0,1,100,11,0,11,9.09,0.0,,5.2,,,0,0,1,11,stable,local,False
tren skincare 2026,0,0,0,,9,1,8,3.7,0.0,,7.3,10.0,-2.7,0,0,1,27,stable,informational,False
tren skincare 2026 indonesia,0,0,0,,3,0,3,0.0,0.0,,6.7,,,0,0,0,3,stable,local,False
tren skincare indonesia 2026,0,0,0,,2,2,0,0.0,0.0,,14.0,10.0,4.0,0,0,0,4,stable,local,False
tren skincare paling populer tahun 2026 untuk kesehatan kulit,0,0,0,,1,0,1,0.0,0.0,,10.0,,,0,0,0,1,stable,informational,False
tren skincare terbaru,0,0,0,,3,2,1,0.0,0.0,,13.7,13.5,0.2,0,0,0,8,stable,informational,False
tren sunscreen,0,0,0,,30,29,1,0.0,0.0,,6.0,7.1,-1.1,0,0,0,113,stable,informational,False
trend parfum,0,0,0,,8,5,3,0.0,0.0,,8.9,16.4,-7.5,0,0,0,14,stable,informational,False
trend parfum 2026,0,0,0,,15,11,4,0.0,0.0,,8.5,7.7,0.7,0,0,0,35,stable,informational,False
trend skincare,0,0,0,,1,0,1,0.0,0.0,,8.0,,,0,0,0,1,stable,informational,False
trend skincare 2026,0,0,0,,6,1,5,1.37,0.0,,12.5,18.0,-5.5,0,0,1,73,stable,informational,False
tukang kosmetik terdekat,0,0,0,,1,0,1,0.0,0.0,,8.0,,,0,0,0,1,stable,other,False
turunan vitamin c dalam skincare,1,0,1,100,6,0,6,16.67,0.0,,9.2,,,0,1,1,6,declining,other,False
unboxing parfum pecah,0,0,0,,3,0,3,0.0,0.0,,10.0,,,0,0,0,3,stable,other,False
untuk kulit,0,0,0,,1,0,1,0.0,0.0,,4.0,,,0,0,0,1,stable,other,False
untuk kulit kering lebih baik gel atau cream,0,0,0,,5,0,5,0.0,0.0,,10.8,,,0,0,0,5,stable,comparison,False
untuk mengencangkan kulit,0,0,0,,1,0,1,0.0,0.0,,8.0,,,0,0,0,1,stable,other,False
untuk wajah?,0,0,0,,1,0,1,0.0,0.0,,10.0,,,0,0,0,1,stable,other,False
urutan brand skincare terbaik di indonesia,0,0,0,,2,1,1,0.0,0.0,,10.0,11.0,-1.0,0,0,0,3,stable,commercial,False
urutan produk skincare terbaik di indonesia,0,0,0,,1,0,1,0.0,0.0,,11.0,,,0,0,0,1,stable,local,False
urutan skincare terbaik di indonesia,0,0,0,,20,16,4,0.0,0.0,,13.0,17.9,-4.9,0,0,0,40,stable,local,False
viral beauty products 2026,0,0,0,,2,0,2,0.0,0.0,,8.5,,,0,0,0,2,stable,other,False
virality adalah,0,0,0,,1,0,1,0.0,0.0,,11.0,,,0,0,0,49,stable,other,False
wardah purifying moisturizer gel with witch hazel,0,0,0,,1,0,1,0.0,0.0,,4.0,,,0,0,0,1,stable,other,False
wat is edt,0,0,0,,1,0,1,0.0,0.0,,10.0,,,0,0,0,1,stable,other,False
waterless beauty,0,0,0,,5,2,3,0.0,0.0,,4.2,5.5,-1.3,0,0,0,7,stable,other,False
waterless skincare,0,1,-1,-100.0,1,3,-2,25.0,33.33,-8.33,10.0,7.0,3.0,0,0,1,4,stable,other,False
where to get free samples,0,0,0,,2,0,2,0.0,0.0,,12.5,,,0,0,0,2,stable,other,False
white label kosmetik,0,1,-1,-100.0,4,1,3,20.0,100.0,-80.0,10.8,10.0,0.8,0,0,1,5,stable,other,False
y,0,0,0,,1,1,0,0.0,0.0,,4.0,8.0,-4.0,0,0,0,2,stable,other,False
ya,0,1,-1,-100.0,17,15,2,3.12,6.67,-3.54,4.8,2.9,1.9,0,0,1,32,stable,other,False
ya bantu saya,0,0,0,,1,0,1,0.0,0.0,,5.0,,,0,0,0,1,stable,other,False
yah,0,0,0,,1,0,1,0.0,0.0,,12.0,,,0,0,0,1,stable,other,False
yang ada di indo,0,0,0,,1,0,1,0.0,0.0,,9.0,,,0,0,0,1,stable,other,False
yang di batam,0,0,0,,1,0,1,0.0,0.0,,4.0,,,0,0,0,1,stable,other,False
yang lagi tren sekarang,0,0,0,,1,0,1,0.0,0.0,,9.0,,,0,0,0,1,stable,informational,False
yang terbaik apa?,0,0,0,,1,0,1,0.0,0.0,,6.0,,,0,0,0,1,stable,informational,False
yg lain,0,0,0,,1,0,1,0.0,0.0,,6.0,,,0,0,0,1,stable,other,False
zinc oxide sunscreen lokal,0,0,0,,5,0,5,0.0,0.0,,10.0,,,0,0,0,5,stable,other,False
zinc untuk jerawat,0,0,0,,1,0,1,0.0,0.0,,6.0,,,0,0,0,1,stable,other,False
