query,clicks,impressions,ctr,position
dreamlab,182,649,0.280431,7.47
dream lab,56,250,0.224,1.73
maklon parfum surabaya,29,681,0.042584,8.58
dreamlab kosmetik,26,212,0.122642,1.02
cara menambahkan keranjang di instagram,25,416,0.060096,2.46
maklon kosmetik surabaya,20,458,0.043668,10.16
pt karya impian laboratoris,19,382,0.049738,22.73
cara menambahkan keranjang di reels instagram,15,123,0.121951,1.89
maklon pkrt,14,132,0.106061,8.04
maklon skincare surabaya,13,267,0.048689,5.23
cara menautkan keranjang di instagram,12,208,0.057692,2.37
dreamlab surabaya,12,97,0.123711,1.1
karya impian laboratoris,11,85,0.129412,1.13
keranjang di instagram tidak muncul,10,139,0.071942,3.07
maklon deodorant,10,36,0.277778,17.14
maklon parfum bali,10,117,0.08547,4.26
maklon reed diffuser,10,78,0.128205,7.77
maklon skincare terbaik,10,515,0.019417,7.46
cara keranjang kuning di instagram,8,96,0.083333,2.75
cara menambahkan keranjang kuning di instagram,8,185,0.043243,3.01
cara membuat hb dosting,7,355,0.019718,5.74
cara memunculkan keranjang di instagram,7,202,0.034653,2.24
cara tambah keranjang di instagram,7,54,0.12963,2.59
maklon parfum terbaik,7,235,0.029787,6.97
cara masukin keranjang di instagram,6,121,0.049587,2.98
cara memasukkan keranjang di instagram,6,58,0.103448,2.12
cara membuat handbody racikan sendiri agar cepat putih,6,1788,0.003356,8.0
cara membuat keranjang di instagram,6,43,0.139535,2.56
cara menambahkan link produk di reels instagram,6,141,0.042553,6
cara menyematkan keranjang di instagram,6,72,0.083333,2.69
maklon kosmetik,6,366,0.016393,15.41
maklon parfum moq rendah,6,139,0.043165,8.2
maklon skincare terbaik di indonesia,6,102,0.058824,4.81
maklon surabaya,6,136,0.044118,4.94
syarat keranjang di instagram,6,107,0.056075,2.34
cara memunculkan tautan produk di instagram,5,105,0.047619,4.26
cara menambah keranjang di instagram,5,86,0.05814,2.26
data pertumbuhan industri kosmetik di indonesia 2025,5,86,0.05814,5.79
fitur keranjang di instagram,5,63,0.079365,3.95
keranjang instagram,5,50,0.1,3.02
cara aktifkan keranjang di instagram,4,91,0.043956,2.87
cara membuat keranjang kuning di instagram,4,31,0.129032,2.65
cara menambahkan keranjang di ig,4,58,0.068966,2.36
cara mengaktifkan keranjang di instagram,4,27,0.148148,2.44
cara sematkan keranjang di instagram,4,29,0.137931,1.9
dreamlab indonesia,4,12,0.333333,1.17
maklon parfum jakarta,4,161,0.024845,8.37
menambahkan keranjang di instagram,4,55,0.072727,1.89
pabrik parfum,4,369,0.01084,12.56
pabrik parfum surabaya,4,190,0.021053,10.87
pabrik skincare surabaya,4,74,0.054054,5.3
pt karya impian laboratoris surabaya,4,15,0.266667,1
cara masukan keranjang di instagram,3,36,0.083333,3
cara memasukan keranjang di instagram,3,33,0.090909,2.73
cara memunculkan keranjang putih di instagram,3,40,0.075,2.65
cara menambah keranjang kuning di instagram,3,38,0.078947,2.92
cara menambahkan keranjang kuning di ig,3,40,0.075,3.4
cara menampilkan keranjang di instagram,3,53,0.056604,2.36
cara meracik hb dosting sendiri,3,238,0.012605,6.53
cara pasang keranjang di instagram,3,33,0.090909,2.18
dreamlabs,3,43,0.069767,3.63
hb dosting adalah,3,257,0.011673,3.93
jasa maklon kosmetik,3,74,0.040541,18.82
kenapa keranjang di instagram tidak muncul,3,39,0.076923,3.05
keranjang di instagram,3,55,0.054545,3.87
keranjang putih instagram,3,123,0.02439,8.56
maklon dry shampoo,3,39,0.076923,15.72
maklon kosmetik jawa timur,3,122,0.02459,7.01
maklon kosmetik makassar,3,27,0.111111,15.7
maklon kosmetik sidoarjo,3,60,0.05,14.88
maklon kosmetik terbaik,3,217,0.013825,14.78
maklon kosmetik terdekat,3,15,0.2,7.73
maklon parfum bekasi,3,53,0.056604,8.64
maklon parfum jawa timur,3,34,0.088235,6.94
maklon parfum malang,3,73,0.041096,4.49
maklon shampoo,3,94,0.031915,25.03
maklon skincare,3,309,0.009709,35.27
syarat keranjang kuning instagram,3,46,0.065217,2.87
alat pengencang wajah terbaik,2,145,0.013793,5.72
bahan handbody racikan cepat putih,2,235,0.008511,7.82
cara buat hb dosting,2,73,0.027397,4.26
cara buat keranjang kuning di instagram,2,51,0.039216,3.14
cara membuat handbody racikan putih permanen,2,301,0.006645,7.92
cara menambahkan keranjang kuning di reels instagram,2,10,0.2,1.8
cara menambahkan keranjang shopee di instagram,2,54,0.037037,2.69
cara menambahkan link produk di instagram,2,35,0.057143,6.89
cara menautkan keranjang shopee di instagram,2,57,0.035088,3.09
cara menautkan produk di instagram,2,111,0.018018,5.7
cara meracik handbody pemutih yang aman,2,110,0.018182,8.08
cara nautin keranjang di ig,2,40,0.05,3.35
cara tautkan keranjang di instagram,2,65,0.030769,2.11
cara tautkan produk di ig,2,31,0.064516,6.39
hb racikan sendiri,2,459,0.004357,9.17
heni sagara,2,46,0.043478,2
kenapa keranjang instagram tidak muncul,2,6,0.333333,2.17
kenapa keranjang putih di instagram tidak muncul,2,14,0.142857,4.5
keranjang kuning di instagram,2,33,0.060606,5.24
keranjang kuning instagram,2,88,0.022727,5.4
maklon body care,2,160,0.0125,12.99
maklon bodycare,2,99,0.020202,9.21
maklon kosmetik bandung,2,151,0.013245,11.58
maklon kosmetik jakarta,2,75,0.026667,20.59
maklon lip serum,2,12,0.166667,13.58
maklon parfume,2,30,0.066667,24.83
maklon pomade,2,2,1,15
maklon serum,2,29,0.068966,12.59
maklon sunscreen,2,77,0.025974,11.53
maklon terbaik di indonesia,2,120,0.016667,7.42
pabrik kosmetik surabaya,2,401,0.004988,14.22
pabrik parfum jakarta,2,86,0.023256,7.4
perusahaan kosmetik di surabaya,2,110,0.018182,16.68
tren kecantikan 2026,2,23,0.086957,5.35
2026 dong,1,1,1,9
3 basic skincare pria,1,106,0.009434,8.05
alkohol terbaik untuk parfum,1,21,0.047619,7
apa itu hb dosting,1,44,0.022727,4.73
bahan bahan hb dosting,1,30,0.033333,7.3
bahan bahan membuat handbody racikan pemutih,1,62,0.016129,7.48
biaya maklon,1,2,0.5,20.5
campuran handbody untuk memutihkan kulit,1,7,0.142857,7.71
cara bikin hb dosting sendiri,1,77,0.012987,6.08
cara bikin racikan handbody pemutih,1,90,0.011111,8.19
cara buat keranjang di instagram,1,46,0.021739,4.28
cara keranjang di instagram,1,52,0.019231,3.65
cara membuat handbody racikan dosis tinggi,1,480,0.002083,8.66
cara menambahkan keranjang putih di instagram,1,37,0.027027,2.38
cara meracik handbody untuk memutihkan kulit,1,15,0.066667,7.93
cara meracik hb dosting,1,181,0.005525,8.16
cara meracik hb sendiri,1,88,0.011364,6.94
cara meracik lotion pemutih badan permanen,1,9,0.111111,7.67
cari lagi yang lain,1,1,1,4
cek resi sentral cargo,1,3,0.333333,10.33
contoh brand,1,1,1,6
data penjualan skincare di indonesia 2025,1,7,0.142857,17.14
dreamlap,1,2,0.5,2.5
dremlab,1,1,1,2
efek samping cysteamine,1,10,0.1,9.1
handbody untuk menghilangkan bekas luka dan memutihkan,1,1,1,4
harga maklon parfum,1,3,0.333333,12.67
hb dosting,1,36,0.027778,3.39
hb dosting itu apa,1,11,0.090909,8.45
hb dosting racikan sendiri,1,43,0.023256,7.21
hb lotion adalah,1,4,0.25,3.5
inspired parfum artinya,1,130,0.007692,6.52
instagram keranjang kuning,1,21,0.047619,4.52
kenapa keranjang ig tidak muncul,1,5,0.2,3.6
kol affiliate program,1,4,0.25,10
kol skincare,1,5,0.2,19.8
lebih banyak lagi,1,3,0.333333,3.67
maklon body serum,1,8,0.125,14.38
maklon deodorant spray,1,6,0.166667,8
maklon hair mask,1,19,0.052632,15.42
maklon hair serum,1,22,0.045455,12.59
maklon indonesia,1,5,0.2,20.2
maklon kosmetik bali,1,52,0.019231,14.6
maklon kosmetik jogja,1,5,0.2,15.2
maklon kosmetik malang,1,45,0.022222,10.76
maklon kosmetik medan,1,28,0.035714,8.46
maklon kosmetik terbaik di indonesia,1,71,0.014085,11.49
maklon parfum,1,372,0.002688,34.06
maklon parfum bandung,1,10,0.1,20.8
maklon parfum makassar,1,14,0.071429,3.93
maklon parfum terdekat,1,14,0.071429,13.93
maklon sabun batang,1,17,0.058824,23.35
maklon sabun organik,1,22,0.045455,9.5
maklon skincare baby,1,138,0.007246,8.13
maklon skincare bandung,1,208,0.004808,13.46
maklon skincare jakarta,1,88,0.011364,19.05
maklon skincare medan,1,1,1,1
maklon skincare moq rendah,1,4,0.25,29.5
maklon skincare tangerang,1,36,0.027778,5.81
maklon terdekat,1,17,0.058824,8.65
micellar cysteamine adalah,1,10,0.1,9.7
moq rendah,1,1,1,4
nad+,1,1,1,3
nad+ skincare,1,8,0.125,7.38
no wa nya,1,1,1,1
opsi a,1,1,1,1
pabrik kosmetik bekasi,1,2,0.5,24.5
pabrik kosmetik sidoarjo,1,36,0.027778,10.14
pabrik kosmetik terbesar di indonesia,1,31,0.032258,10.26
pabrik skincare,1,488,0.002049,14.94
parfum trend 2026,1,75,0.013333,8.53
perbedaan moisturizer gel dan cream,1,149,0.006711,7.85
perusahaan skincare terbesar di indonesia,1,81,0.012346,7.78
produk lain,1,1,1,4
produk nya apa saja,1,1,1,1
produsen kosmetik,1,28,0.035714,28.07
racikan body care untuk memutihkan kulit,1,97,0.010309,7.2
racikan pemutih badan,1,59,0.016949,6.93
resep handbody racikan cepat putih,1,39,0.025641,8.03
resep handbody racikan sendiri,1,25,0.04,7.64
resep hb racikan sendiri,1,34,0.029412,7.03
resep racikan hb pemutih,1,46,0.021739,6.96
sebutkan,1,1,1,3
skincare,1,6,0.166667,2.33
sunscreen lokal terbaik,1,79,0.012658,9.95
syarat keranjang putih instagram,1,46,0.021739,3.52
syarat menautkan keranjang di instagram,1,23,0.043478,5.83
tautkan produk di instagram tidak muncul,1,18,0.055556,6.44
the dream lab,1,6,0.166667,3
tren parfum 2026,1,91,0.010989,7.41
tren parfum indonesia 2026,1,11,0.090909,5.18
turunan vitamin c dalam skincare,1,6,0.166667,9.17
usaha parfum brand sendiri,1,1,1,1
yang lainnya,1,1,1,1
!!️resep handbody racikan cepat putih,0,15,0,9.2
"""avoskin"" -site:reddit.com -site:twitter.com -site:x.com -site:wykop.pl -site:tripadvisor.com -site:youtube.com -site:yelp.com -site:booking.com -site:facebook.com -site:instagram.com -site:tiktok.com",0,1,0,9
"""beauty enthusiast"" -site:reddit.com -site:twitter.com -site:x.com -site:wykop.pl -site:tripadvisor.com -site:youtube.com -site:yelp.com -site:booking.com -site:facebook.com -site:instagram.com -site:tiktok.com",0,1,0,2
"""beauty influencer makeup"" -site:reddit.com -site:twitter.com -site:x.com -site:wykop.pl -site:tripadvisor.com -site:youtube.com -site:yelp.com -site:booking.com -site:facebook.com -site:instagram.com -site:tiktok.com",0,1,0,7
"""bodycare"" -site:reddit.com -site:twitter.com -site:x.com -site:wykop.pl -site:tripadvisor.com -site:youtube.com -site:yelp.com -site:booking.com -site:facebook.com -site:instagram.com -site:tiktok.com",0,6,0,6.83
"""bpom"" ""menarik"" -site:reddit.com -site:twitter.com -site:x.com -site:wykop.pl -site:tripadvisor.com -site:youtube.com -site:yelp.com -site:booking.com -site:facebook.com -site:instagram.com -site:tiktok.com",0,1,0,7
"""compas.co.id"" -site:reddit.com -site:twitter.com -site:x.com -site:wykop.pl -site:tripadvisor.com -site:youtube.com -site:yelp.com -site:booking.com -site:facebook.com -site:instagram.com -site:tiktok.com",0,2,0,2.5
"""greenwashing"" -site:reddit.com -site:twitter.com -site:x.com -site:wykop.pl -site:tripadvisor.com -site:youtube.com -site:yelp.com -site:booking.com -site:facebook.com -site:instagram.com -site:tiktok.com",0,1,0,1
"""izin bpom"" -site:reddit.com -site:twitter.com -site:x.com -site:wykop.pl -site:tripadvisor.com -site:youtube.com -site:yelp.com -site:booking.com -site:facebook.com -site:instagram.com -site:tiktok.com",0,3,0,9.67
"""maklon kosmetik"" -site:reddit.com -site:twitter.com -site:x.com -site:wykop.pl -site:tripadvisor.com -site:youtube.com -site:yelp.com -site:booking.com -site:facebook.com -site:instagram.com -site:tiktok.com",0,2,0,5.5
"""maklon skincare"" -site:reddit.com -site:twitter.com -site:x.com -site:wykop.pl -site:tripadvisor.com -site:youtube.com -site:yelp.com -site:booking.com -site:facebook.com -site:instagram.com -site:tiktok.com",0,1,0,2
"""moell"" -site:reddit.com -site:twitter.com -site:x.com -site:wykop.pl -site:tripadvisor.com -site:youtube.com -site:yelp.com -site:booking.com -site:facebook.com -site:instagram.com -site:tiktok.com",0,1,0,7
"""moisturizer"" -site:reddit.com -site:twitter.com -site:x.com -site:wykop.pl -site:tripadvisor.com -site:youtube.com -site:yelp.com -site:booking.com -site:facebook.com -site:instagram.com -site:tiktok.com",0,1,0,7
"""skincare bayi"" -site:reddit.com -site:twitter.com -site:x.com -site:wykop.pl -site:tripadvisor.com -site:youtube.com -site:yelp.com -site:booking.com -site:facebook.com -site:instagram.com -site:tiktok.com",0,4,0,4.25
"""skincare"" -site:reddit.com -site:twitter.com -site:x.com -site:wykop.pl -site:tripadvisor.com -site:youtube.com -site:yelp.com -site:booking.com -site:facebook.com -site:instagram.com -site:tiktok.com",0,1,0,3
"""toner"" -site:reddit.com -site:twitter.com -site:x.com -site:wykop.pl -site:tripadvisor.com -site:youtube.com -site:yelp.com -site:booking.com -site:facebook.com -site:instagram.com -site:tiktok.com",0,1,0,5
1. analisis peluang pasar produk tersebut dengan mempertimbangkan tren industri dan kebutuhan konsumen saat ini.,0,1,0,1
10 merek kosmetik terbaik di indonesia,0,1,0,37
10 perusahaan kosmetik terbesar di indonesia,0,6,0,11.17
10 urutan skincare bpom terlaris,0,1,0,12
3,0,1,0,1
3 basic skincare cowok,0,32,0,9.31
30ml,0,1,0,1
8 tahun,0,1,0,2
90 hari berapa lama,0,5,0,7
[bahasa indonesia] merek wewangian dan perawatan tubuh wanita terbaik di indonesia yang paling laris di tiktok shop dan shopee 2026,0,1,0,1
acnaway mugwort moisturizer,0,1,0,3
ada brand apa aja,0,1,0,20
ada lagi gaaa,0,1,0,2
ada lagi?,0,1,0,3
admin maklon,0,2,0,4
admin produksi adalah,0,1,0,6
advice,0,1,0,5
aeekiy obat apa,0,1,0,3
affiliate,0,1,0,2
affiliate daviena skincare,0,1,0,5
affiliate kol,0,1,0,16
affiliate skincare,0,18,0,11.83
affiliate skincare adalah,0,10,0,11.3
affiliate skincare kerjanya apa,0,36,0,9.08
affiliator skincare adalah,0,2,0,14
afterlab,0,1,0,49
agar kulit putih,0,1,0,3
ai cosmetic,0,1,0,11
ai kosmetik,0,10,0,8.7
akar ginseng untuk rambut,0,2,0,11
aku kering,0,1,0,2
alamanda global health pt,0,1,0,2
alamat pabrik,0,1,0,2
alat mengencangkan kulit wajah,0,1,0,1
alat mengencangkan wajah,0,7,0,8
alat nya,0,1,0,1
alat pengencang,0,8,0,10.38
alat pengencang wajah,0,9,0,2.89
alat untuk mengencangkan kulit wajah,0,18,0,8.67
alat untuk mengencangkan wajah,0,41,0,9.56
albea surabaya,0,1,0,49
alcohol aroma,0,1,0,8
alcohol denat,0,6,0,38.67
alcohol denat adalah,0,2,0,49
alcohol denat halal,0,1,0,27
alcohol denat pada parfum,0,1,0,12
alcohol denat parfum,0,1,0,23
alcohol parfum,0,6,0,10.67
alkohol 70 persen untuk parfum,0,1,0,28
alkohol absolut berapa persen,0,1,0,46
alkohol absolut untuk parfum,0,1,0,2
alkohol apa,0,1,0,2
alkohol apa yang digunakan untuk parfum,0,31,0,9.94
alkohol buat parfum,0,23,0,9.43
alkohol campuran parfum,0,1,0,9
alkohol dalam minyak wangi,0,1,0,61
alkohol dalam parfum,0,3,0,6
alkohol dalam perfume,0,3,0,10.33
alkohol denat pada parfum,0,15,0,11.6
alkohol di parfum untuk apa,0,14,0,11.14
alkohol khusus parfum,0,20,0,8.8
alkohol minyak wangi,0,1,0,13
alkohol parfum,0,51,0,12.61
alkohol parfum berapa persen,0,1,0,8
alkohol parfum terbaik,0,26,0,6.31
alkohol parfum terbuat dari apa,0,18,0,7.11
alkohol parfum yang bagus,0,22,0,10.32
alkohol parfume,0,2,0,12.5
alkohol pelarut parfum,0,3,0,11
alkohol pencampur parfum,0,3,0,9
alkohol perfume,0,1,0,13
alkohol untuk campuran parfum,0,2,0,20.5
alkohol untuk minyak wangi,0,2,0,12.5
alkohol untuk parfum,0,41,0,11.05
alkohol untuk parfum berapa persen,0,2,0,5.5
alkohol yang bagus untuk campuran parfum,0,10,0,1
alkohol yang digunakan untuk parfum,0,31,0,8.77
alkohol yang dipakai untuk parfum,0,5,0,10
alkohol yang halal untuk parfum,0,2,0,16
all day cream artinya,0,1,0,11
all seasons skincare,0,1,0,5
alpha glow white body serum,0,1,0,3
alpha glowhite,0,1,0,3
alpha glowhite body lotion,0,1,0,3
ampas kopi untuk lulur,0,1,0,9
anjalis group indonesia,0,1,0,2
antaxantin,0,1,0,3
antioksidan astaxanthin,0,1,0,3
apa arti dosting,0,3,0,9.67
apa arti edp,0,1,0,12
apa arti hb dosting,0,50,0,9.64
apa arti inspired parfum,0,2,0,1
apa arti moisturizer cream,0,1,0,12
apa beda eau de toilette dan eau de parfum,0,1,0,22
apa beda edp dan edt,0,20,0,12.25
apa beda edt dan edp,0,7,0,12.43
apa bedanya cream dan moisturizer,0,22,0,11.77
apa bedanya edp dan edt,0,6,0,12.17
apa bedanya edp dan edt pada parfum,0,1,0,12
apa bedanya edt dan edp,0,9,0,12.56
apa bedanya micellar water dan toner,0,2,0,23
apa bedanya micellar water sama toner,0,1,0,16
apa bedanya parfum edp dan edt,0,1,0,10
apa bedanya toner dan micellar water,0,7,0,24.71
apa bedanya toner dengan micellar water,0,1,0,23
apa bedanya toner sama micellar water,0,1,0,14
apa fungsi alkohol pada parfum,0,4,0,11.75
apa fungsi ginseng untuk rambut,0,1,0,3
apa hb dosting,0,2,0,3
apa itu affiliate skincare,0,3,0,10.33
apa itu alcohol denat,0,1,0,52
apa itu alkohol denat,0,1,0,13
apa itu astaxanthin,0,3,0,2
apa itu astaxanthin dan manfaatnya,0,2,0,3
apa itu blaem blaem,0,2,0,1
apa itu cream,0,1,0,2
apa itu cysteamine,0,2,0,6.5
apa itu cysteamine untuk wajah,0,2,0,11
apa itu dosting,0,7,0,8.43
apa itu edp,0,103,0,11.7
apa itu edp dan edt,0,9,0,11
apa itu edp parfum,0,8,0,11.25
apa itu edt,0,45,0,12.2
apa itu edt dan edp,0,4,0,12.5
apa itu edt parfum,0,2,0,28.5
apa itu hair ampoule,0,1,0,1
apa itu hb bodycare,0,33,0,8.58
apa itu hb dalam skincare,0,2,0,8
apa itu hb pemutih,0,1,0,2
apa itu hb pemutih badan,0,1,0,3
apa itu hb skincare,0,12,0,10.42
apa itu ingrown hair,0,2,0,27
apa itu inspired,0,8,0,12.5
apa itu inspired parfum,0,460,0,9.65
apa itu maklom,0,1,0,13
apa itu maklon parfum,0,17,0,10.29
apa itu moisturizer cream,0,7,0,16.86
apa itu odm dan oem,0,1,0,41
apa itu oem dan odm,0,1,0,70
apa itu panthenol,0,14,0,43.71
apa itu parfum edp dan edt,0,1,0,1
apa itu parfum edt,0,8,0,11
apa itu parfum inspired,0,126,0,7.3
apa itu pheromone,0,3,0,20.67
apa itu toko kosmetik,0,22,0,12.23
apa kegunaan hair tonic,0,1,0,45
apa kegunaannya?,0,1,0,6
apa maklon,0,2,0,11
apa manfaat astaxanthin,0,1,0,3
apa manfaat astaxanthin glutathione,0,1,0,2
apa manfaat ginseng untuk rambut,0,4,0,12
apa manfaat hair tonic,0,2,0,44
apa manfaat hair tonic ginseng,0,4,0,9.25
apa pelembab wajah terbaik untuk kulit kering?,0,1,0,5
apa penyebab kulit susah putih,0,1,0,2
apa perbedaan eau de toilette dan eau de parfum,0,1,0,65
apa perbedaan edp dan edt,0,9,0,12.11
apa perbedaan edp edt edc parfum,0,2,0,12
apa perbedaan edt dan edp,0,5,0,14.8
apa perbedaan edt dan edp parfum,0,2,0,12
apa perbedaan micellar water dan toner,0,6,0,23.67
apa perbedaan parfum edp dan edt,0,1,0,13
apa perbedaan parfum edt dan edp,0,1,0,12
apa perbedaan toner dan micellar water,0,5,0,25
apa saja,0,1,0,5
apa saja yang dibutuhkan,0,1,0,1
apa yang dimaksud hb dosting,0,1,0,11
apakah ada hb dosting bpom,0,1,0,10
apakah ada merek perawatan tubuh terkemuka yang layak dipertimbangkan tahun ini?,0,5,0,1
apakah ada syarat,0,1,0,10
apakah alkohol medis bisa untuk parfum,0,19,0,8.74
apakah alkohol parfum sama dengan alkohol biasa,0,1,0,1
apakah astaxanthin bisa memutihkan kulit,0,2,0,23
apakah astaxanthin bisa menghilangkan flek hitam,0,48,0,9.29
apakah bahan pencerah baru lebih efektif dari hydroquinone?,0,86,0,10.07
apakah cream dan moisturizer sama,0,10,0,9.8
apakah cream sama dengan moisturizer,0,7,0,11
apakah dosting aman,0,1,0,2
apakah face cream sama dengan moisturizer,0,8,0,10.62
apakah fixative mengandung alkohol,0,1,0,8
apakah ginseng bagus untuk rambut,0,1,0,52
apakah ginseng bisa menumbuhkan rambut,0,4,0,25.75
apakah hair tonic ginseng bisa menumbuhkan rambut,0,2,0,11
apakah harga menentukan kualitas produk pencerah?,0,2,0,5
apakah harus pakai npwp,0,1,0,4
apakah hb dosting,0,1,0,1
apakah hb dosting aman,0,1,0,2
apakah hb dosting berbahaya,0,2,0,2.5
apakah hb dosting sudah bpom,0,1,0,30
apakah ini mengandung alkohol?,0,1,0,4
apakah ini terbukti,0,1,0,4
apakah kopi bisa memutihkan kulit,0,1,0,2
apakah luluran kopi bisa memutihkan kulit,0,1,0,2
apakah micellar water bisa dijadikan toner,0,5,0,43
apakah micellar water sama dengan toner,0,3,0,26
apakah moisturizer dan cream sama,0,3,0,11.67
apakah moisturizer sama dengan cream,0,2,0,13
apakah panthenol bisa mencerahkan,0,1,0,17
apakah parfum ada alkoholnya,0,7,0,11.14
apakah parfum fresh mengandung alkohol,0,2,0,7
apakah parfum jpg mengandung alkohol,0,1,0,8
apakah produk ini halal?,0,1,0,12
apakah sheriz sudah bpom,0,1,0,2
apakah succinic acid termasuk bahan aktif,0,3,0,8.33
apakah sudah bpom,0,2,0,11
apakah toner dan micellar water sama,0,5,0,29.4
apalagi,0,1,0,7
aplikasi personal branding,0,3,0,80
aqua denat adalah,0,1,0,42
areola ingrown hair,0,1,0,39
arif prijadi wirawan,0,1,0,2
aroma 2026,0,2,0,7.5
aroma alkohol,0,11,0,9.36
aroma alkohol seperti apa,0,2,0,13
aroma of affection (2026),0,1,0,19
aroma trend,0,3,0,4.33
aromanya seperti apa,0,1,0,2
arti balm,0,9,0,10.56
arti cream,0,1,0,3
arti demplon,0,2,0,36
arti dosting,0,4,0,10.5
arti edp,0,1,0,39
arti edt pada parfum,0,1,0,16
arti hb dosting,0,5,0,6.6
arti inspired parfum,0,18,0,8.33
arti maklon parfum,0,10,0,7.9
arti moisturizer cream,0,2,0,12
arti panthenol dalam skincare,0,4,0,11.5
arti pheromone,0,13,0,10.85
arti soothing massage gel,0,2,0,2
asia skinlab,0,31,0,49.45
asta cardix obat apa,0,1,0,3
asta gold untuk apa,0,1,0,3
asta plus,0,1,0,3
astagold unihealth,0,1,0,3
astaplus obat apa,0,1,0,3
astapure astaxanthin,0,1,0,3
astatin obat apa,0,3,0,2
astaxani nutraglow,0,1,0,3
astaxani nutraglow review,0,1,0,3
astaxani nutraglow untuk apa,0,2,0,2.5
astaxanthin,0,7,0,3
astaxanthin acne,0,1,0,28
astaxanthin adalah,0,4,0,30.75
astaxanthin complex,0,1,0,1
astaxanthin cream untuk apa,0,1,0,3
astaxanthin di hongkong,0,1,0,2
astaxanthin diminum kapan,0,1,0,2
astaxanthin fungsinya apa,0,1,0,2
astaxanthin gel,0,2,0,3
astaxanthin gel suzi glow,0,1,0,3
astaxanthin gel suzi glow apakah sudah bpom,0,2,0,3
astaxanthin gel untuk apa,0,1,0,2
astaxanthin glutathione plus untuk apa,0,1,0,3
astaxanthin glutathione untuk apa,0,1,0,2
astaxanthin harga,0,4,0,3
astaxanthin manfaat,0,1,0,3
astaxanthin mlaihealth,0,1,0,3
astaxanthin natural mpl,0,1,0,3
astaxanthin natural mpl 4 mg obat apa,0,1,0,3
astaxanthin nature's red shield manfaat,0,1,0,3
astaxanthin obat apa,0,22,0,2.41
astaxanthin original,0,1,0,3
astaxanthin skin,0,5,0,32.4
astaxanthin skincare,0,1,0,36
astaxanthin tablet,0,1,0,3
astaxanthin tidak boleh dicampur dengan,0,2,0,3
astaxanthin toplux,0,1,0,4
astaxanthin untuk apa,0,3,0,2.67
astaxanthin untuk flek,0,12,0,10.75
astaxanthin untuk flek hitam di wajah,0,2,0,10
astaxanthin untuk jerawat,0,4,0,40.5
astaxanthin untuk kulit,0,5,0,46.6
astaxanthin untuk kulit wajah,0,4,0,43
astaxanthin yang bagus merk apa,0,3,0,3
astaxantin,0,1,0,3
astaxantin untuk apa,0,1,0,2
asthafull astaxanthin obat apa,0,1,0,3
asthaxanthin,0,1,0,3
asthin b ond 6 obat apa,0,2,0,3
asthin force,0,2,0,3
asthin force 12 manfaat,0,1,0,3
asthin force 12 untuk usia berapa,0,1,0,3
asthin force 6,0,1,0,3
astria,0,1,0,6
astria astaxanthin,0,2,0,4
astria obat apa,0,1,0,3
astria ultra 12 mg,0,1,0,3
atomlab,0,1,0,62
aturan minum astaxanthin,0,1,0,2
aue de parfum,0,1,0,3
axtansantin,0,1,0,3
b erl cosmetics,0,1,0,3
b2b parfum,0,1,0,1
baby lab,0,1,0,55
babylakhena,0,1,0,21
bagaimana cara membuatnya,0,1,0,1
bagaimana cara memutihkan ketiak,0,13,0,50.85
bagaimana cara menghitung harga jual,0,1,0,3
bagus ga,0,1,0,3
bahan aktif skincare apa saja,0,1,0,66
bahan alami memutihkan kulit,0,1,0,3
bahan alami pemutih kulit,0,1,0,3
bahan bahan membuat masker bubuk organik,0,2,0,13.5
bahan bahan racikan hb dosting,0,30,0,5.87
bahan handbody racikan,0,6,0,9.17
bahan hb dosting,0,52,0,8.63
bahan hb racikan,0,11,0,9
bahan lulur alami untuk memutihkan kulit,0,1,0,2
bahan meracik handbody pemutih,0,28,0,7.96
bahan pemutih kulit tercepat,0,1,0,3
bahan racikan,0,62,0,8.55
bahan racikan handbody,0,10,0,8.7
bahan racikan handbody pemutih,0,7,0,7.29
bahan racikan handbody pemutih yang aman,0,80,0,9.19
bahan racikan hb,0,7,0,9.14
bahan racikan hb dosting,0,17,0,7.53
bahan racikan hb yang aman,0,6,0,10
bahan racikan pemutih badan,0,30,0,9.03
bahan skincare apa yang cocok digunakan di cuaca lembap?,0,11,0,9.09
"bahan skincare apa yang sedang populer di shopee, lazada, atau tiktok shop indonesia?",0,7,0,1.86
bali cosmetics,0,1,0,13
bali natural skincare,0,9,0,12.33
bali skincare,0,2,0,14.5
bali skincare brands,0,1,0,68
balik modal,0,1,0,2
balm adalah,0,2,0,12.5
balm parfum,0,1,0,5
bandar white label,0,1,0,47
"bandingkan tekstur gel, lotion, cream, dan essence untuk berbagai jenis kulit?",0,3,0,4
basic skin care pria,0,1,0,37
basic skincare cowok,0,7,0,24.29
basic skincare cowok pemula,0,2,0,14
basic skincare pria,0,5,0,23.8
bathabdbody,0,1,0,11
bathandnody,0,1,0,10
bau alkohol parfum seperti apa,0,8,0,10.5
bb custom,0,2,0,5.5
beauty affiliate adalah,0,11,0,10.36
beauty company di indonesia,0,1,0,14
beauty idea lab,0,1,0,8
beauty industry,0,3,0,77.33
beauty lab,0,1,0,7
beauty manufaktur,0,3,0,10.67
beautycare,0,1,0,21
beautylab,0,1,0,58
beda,0,1,0,9
beda asthin force 6 dan 12,0,1,0,3
beda cream dan moisturizer,0,1,0,1
beda eau de parfum dan eau de toilette,0,1,0,50
beda eau de parfum dengan eau de toilette,0,1,0,16
beda eau de toilette dan eau de parfum,0,1,0,39
beda eau de toilette dengan eau de parfum,0,1,0,19
beda edp dan edt,0,33,0,14.55
beda edp sama edt,0,1,0,13
beda edt dan edp,0,44,0,14.64
beda edt dan edp pada parfum,0,1,0,11
beda edt dan edp parfum,0,12,0,20.42
beda edt edp,0,2,0,12
beda gel dan cream,0,35,0,9.11
beda micellar water dan toner,0,1,0,15
beda moisturizer dan cream,0,11,0,13
beda nya edp dan edt,0,1,0,13
beda parfum edp dan edt,0,3,0,21.33
beda parfum edt dan edp,0,14,0,19.79
beda toner dan micellar water,0,13,0,24.08
beda toner dengan micellar water,0,4,0,24.5
beda vitacid gel dan cream,0,1,0,3
bedanya cream dan moisturizer,0,9,0,10
bedanya eau de toilette dan eau de parfum,0,3,0,37.67
bedanya edp dan edt,0,35,0,10.94
bedanya edp sama edt,0,4,0,11.75
bedanya edt dan edp,0,36,0,13.08
bedanya edt sama edp,0,1,0,11
bedanya micellar water dan toner,0,3,0,27
bedanya parfum edp dan edt,0,2,0,30
bedanya parfum edt dan edp,0,2,0,14
bedanya toner dan micellar water,0,3,0,28
bedanya toner sama micellar water,0,4,0,24.75
bekasi,0,1,0,10
belia cosmetic,0,1,0,2
belum tau,0,1,0,11
bentuk vitamin c,0,1,0,52
berapa biaya maklon parfum,0,4,0,13.25
berapa harga parfum mykonos inception,0,1,0,5
berapa harga pasaran nya,0,1,0,7
berapa lama biasanya terlihat hasil perbaikan warna kulit ketiak?,0,2,0,3
berapa lama hb dosting bekerja,0,5,0,10.4
berapa modal awal?,0,1,0,4
berapa persen niacinamide untuk wajah,0,1,0,51
berikan lagi yang lain,0,1,0,3
berikan yang lain,0,1,0,3
berl official,0,1,0,2
best anti aging device for home use,0,1,0,12
best programmable deodorant,0,1,0,1
best seller parfum wanita,0,1,0,3
best sunscreen for small business,0,1,0,1
best sunscreen indonesia,0,4,0,41
best vitamin c,0,1,0,43
biaya berapa ?,0,1,0,1
biaya maklon kosmetik,0,29,0,21
biaya maklon parfum,0,9,0,16.33
biaya maklon skincare,0,30,0,15.8
biaya y,0,1,0,3
bibit pemutih hijau,0,1,0,3
bikin brand parfum sendiri,0,1,0,27
billiondollarlab,0,1,0,29
bio medika kebon jeruk,0,1,0,2
biolife medilab,0,1,0,68
bisnis aksesoris,0,1,0,1
bisnis kecantikan,0,2,0,51.5
bisnis kecantikan apa saja,0,2,0,12
bisnis kosmetik di indonesia,0,4,0,19.5
bisnis kosmetik modal berapa,0,1,0,3
bisnis kosmetik online,0,14,0,43.64
bisnis kosmetik yang menjanjikan,0,9,0,5.56
bisnis maklon,0,2,0,3.5
bisnis parfum,0,1,0,8
bisnis parfum apakah menjanjikan,0,1,0,4
bisnis parfum brand sendiri,0,4,0,44.25
bisnis parfum merk sendiri,0,1,0,11
bisnis pomade,0,4,0,48.75
bisnis skincare,0,10,0,39.1
bisnis toko kosmetik,0,1,0,37
bisnismen,0,1,0,26
bitty skin apakah sudah bpom,0,1,0,3
bl campuran handbody,0,1,0,3
blaem blaem artinya,0,3,0,1
blendlab,0,1,0,49
bloomlab surabaya,0,9,0,2.44
body care untuk mencerahkan kulit,0,1,0,3
body care whitening,0,1,0,7
body cleansing,0,1,0,7
body lotion diy,0,1,0,3
body lotion dosting,0,1,0,3
body lotion terbaik untuk memutihkan kulit,0,1,0,3
body lotion yang mengandung vitamin c niacinamide glutathione dan retinol,0,1,0,3
body serum alpha,0,1,0,2
body serum yang bagus untuk memutihkan kulit,0,1,0,3
body whitening super,0,1,0,3
bodycare pemula,0,2,0,14
bodylab,0,2,0,45
boleh,0,4,0,2.75
bomboulab,0,1,0,21
box parfum mewah,0,4,0,10
bpom,0,4,0,52
brand hb,0,10,0,6
brand kecantikan,0,4,0,61.5
brand kosmetik indonesia,0,2,0,13
brand lokal medan,0,1,0,59
brand odm di indonesia,0,1,0,24
brand oem di indonesia,0,1,0,6
brand sendiri,0,1,0,1
brand skincare,0,1,0,46
brand skincare terbaik di indonesia,0,1,0,12
brand skincare terlaris di indonesia,0,1,0,11
brand sunscreen,0,1,0,16
brand sunscreen terbaik,0,1,0,14
brand yang lagi viral,0,1,0,1
brightening,0,1,0,3
brightening moisture gel skintific,0,1,0,3
briskin body care,0,1,0,2
buat anak smk,0,1,0,3
buat brand kosmetik sendiri,0,5,0,49.4
buat brand parfum sendiri,0,2,0,8.5
buat parfum,0,3,0,35
buat parfum bpom,0,5,0,55.6
buat parfum sendiri berhasil,0,8,0,9.75
budget 5 juta,0,1,0,12
building dream,0,1,0,2
buka toko kosmetik,0,10,0,10.1
buka toko kosmetik modal berapa,0,1,0,3
bulu tumbuh ke dalam,0,1,0,62
cair seperti air,0,1,0,1
calendula soothing gel,0,1,0,3
calendula soothing gel untuk apa,0,1,0,3
campaign tiktok shop,0,12,0,10.42
campuran alkohol untuk parfum,0,2,0,35
campuran body lotion untuk memutihkan kulit,0,6,0,23
campuran handbody agar cepat putih,0,7,0,8.29
campuran handbody bikin putih,0,6,0,8.83
campuran handbody pemutih,0,1,0,20
campuran handbody racikan,0,2,0,20
campuran handbody racikan yang aman,0,1,0,3
campuran hb cepat putih,0,1,0,4
campuran hb racikan,0,1,0,3
campuran hb racikan paling ampuh,0,1,0,11
campuran hb racikan pemutih,0,1,0,7
campuran minyak wangi,0,1,0,3
campuran parfum selain alkohol,0,1,0,1
campuran racikan handbody pemutih,0,6,0,9.83
candylab,0,1,0,54
cara agar instagram ada keranjang kuning,0,24,0,5.25
cara agar ketiak putih,0,12,0,50
cara aktifkan keranjang di ig,0,17,0,5.12
cara aktifkan keranjang kuning,0,1,0,9
cara aktifkan tautan produk,0,8,0,7.62
cara belanja di ig,0,1,0,13
cara bikin body lotion sendiri,0,1,0,3
cara bikin brand parfum sendiri,0,2,0,11
cara bikin handbody racikan pemutih,0,34,0,7.47
cara bikin handbody racikan sendiri,0,1,0,9
cara bikin hb,0,12,0,9.08
cara bikin hb racikan,0,71,0,8.04
cara bikin hb racikan pemutih badan,0,79,0,7.72
cara bikin hb sendiri,0,1,0,9
cara bikin link produk di ig,0,2,0,1
cara bikin lulur kopi,0,1,0,47
cara bisnis parfum brand sendiri,0,8,0,37.38
cara bisnis skincare,0,1,0,49
cara buat body lotion sendiri,0,2,0,3
cara buat brand parfum sendiri,0,3,0,5
cara buat handbody,0,2,0,7
cara buat handbody racikan pemutih badan,0,21,0,6.33
cara buat hb,0,4,0,10
cara buat hb dosting sendiri,0,205,0,5.94
cara buat hb racikan,0,43,0,8.47
cara buat hb racikan pemutih,0,43,0,8.56
cara buat keranjang jualan sendiri,0,3,0,8.33
cara buat keranjang kuning di shopee,0,1,0,12
cara buat link produk di instagram,0,4,0,1
cara buat lotion pemutih sendiri,0,7,0,7.29
cara buat lulur alami,0,1,0,3
cara buat lulur dari kopi,0,1,0,38
cara buat lulur pakai kopi dan handbody,0,5,0,9
cara buat racikan handbody pemutih,0,46,0,8.11
cara buka toko kosmetik,0,1,0,19
cara buka toko kosmetik lengkap,0,1,0,10
cara cek keranjang di instagram,0,9,0,7.11
cara cepat memutihkan ketiak,0,2,0,27
cara gabung shannen,0,1,0,41
cara hitung penjualan,0,1,0,3
cara ikut campaign di tiktok shop,0,1,0,9
cara jadi owner parfum,0,21,0,9.81
cara jualan parfum brand sendiri,0,1,0,9
cara kerja affiliate skincare,0,39,0,12.69
cara kerja cysteamine,0,16,0,8.31
cara kerja hb dosting,0,9,0,9.67
cara maklon kosmetik,0,4,0,46.75
cara maklon parfum,0,7,0,9.57
cara masukin keranjang kuning,0,8,0,9.25
cara masukin keranjang kuning di shopee,0,2,0,8
cara melihat keranjang di shopee,0,1,0,10
cara meluruskan rambut ikal secara alami,0,1,0,3
cara memakai body care yang benar,0,1,0,2
cara memakai handbody racikan agar cepat putih,0,14,0,9
cara memakai hb dosting yang benar,0,4,0,20.25
cara membuat body care sendiri,0,2,0,10.5
cara membuat body lotion pemutih sendiri,0,47,0,8.6
cara membuat body mist,0,1,0,10
cara membuat brand kosmetik sendiri,0,6,0,51.67
cara membuat brand skincare sendiri,0,3,0,47.33
cara membuat handbody,0,32,0,7.78
cara membuat handbody pemutih,0,9,0,8.33
cara membuat handbody racikan,0,37,0,9.32
cara membuat handbody racikan makassar,0,26,0,7.5
cara membuat handbody racikan sendiri,0,135,0,8.23
cara membuat hb,0,6,0,8.17
cara membuat hb dosting sendiri,0,6,0,8.5
cara membuat hb pemutih,0,52,0,8.6
cara membuat hb pemutih badan,0,38,0,9.29
cara membuat hb racikan,0,13,0,10.54
cara membuat hb racikan ampuh,0,1,0,9
cara membuat hb racikan dosting,0,16,0,7.44
cara membuat hb racikan pemutih aman,0,86,0,8.34
cara membuat hb racikan pemutih dosis tinggi,0,35,0,7.74
cara membuat hb racikan sendiri,0,15,0,7.27
cara membuat ketiak putih,0,2,0,59.5
cara membuat konten viral,0,4,0,55.5
cara membuat link jualan di ig,0,1,0,1
cara membuat lotion,0,1,0,42
cara membuat lulur dari handbody,0,1,0,7
cara membuat lulur dari kopi,0,2,0,44
cara membuat lulur kopi,0,3,0,38.33
cara membuat lulur kopi untuk badan,0,1,0,47
cara membuat lulur kopi untuk memutihkan kulit,0,1,0,63
cara membuat lulur untuk kulit dari handbody,0,9,0,8.22
cara membuat masker organik,0,1,0,38
cara membuat masker organik bubuk,0,1,0,17
cara membuat produk kosmetik sendiri,0,4,0,65
cara membuat racikan,0,5,0,8
cara membuat racikan handbody,0,41,0,8.59
cara membuat racikan handbody pemutih yang aman,0,61,0,8.52
cara membuat racikan hb dosting,0,43,0,6.77
cara membuka toko kosmetik,0,1,0,10
cara memulai bisnis parfum brand sendiri,0,1,0,3
cara memulai bisnis skincare,0,3,0,77
cara memulai usaha skincare,0,2,0,71
cara memuluskan ketiak,0,13,0,39.31
cara memunculkan keranjang kuning,0,3,0,8
cara memutih kan ketiak,0,1,0,48
cara memutihkan badan secara alami,0,1,0,2
cara memutihkan badan secara alami dan cepat,0,1,0,3
cara memutihkan badan secara alami dan cepat dalam 1 minggu,0,4,0,3
cara memutihkan ketiak,0,56,0,39.48
cara memutihkan ketiak dan selangkangan,0,1,0,44
cara memutihkan ketiak dengan cepat,0,5,0,31.2
cara memutihkan ketiak hitam,0,2,0,49.5
cara memutihkan ketiak secara alami dalam 1 minggu,0,22,0,21.32
cara memutihkan ketiak yang hitam,0,1,0,28
cara memutihkan kulit badan,0,1,0,2
cara memutihkan kulit badan secara alami dengan cepat dan permanen,0,1,0,3
cara memutihkan kulit ketiak,0,3,0,34.67
cara menambahkan keranjang di postingan,0,5,0,11
cara menambahkan keranjang kuning,0,1,0,8
cara menambahkan keranjang kuning di video yang sudah upload,0,6,0,7
cara menambahkan link affiliate di reels instagram,0,2,0,21.5
cara menambahkan link shopee di instagram,0,1,0,3
cara menambahkan produk di ig,0,1,0,12
cara menambahkan produk di instagram,0,8,0,7.75
cara menampilkan keranjang kuning,0,1,0,7
cara menaruh keranjang kuning di tiktok,0,1,0,11
cara menautkan keranjang di ig,0,24,0,3.88
cara menautkan keranjang kuning affiliate pemula,0,1,0,12
cara menautkan link di reels instagram,0,14,0,9.43
cara menautkan link produk di instagram,0,3,0,3.33
cara menautkan link produk di reels instagram,0,2,0,6.5
cara menautkan produk di reels instagram,0,10,0,4.4
cara mencerahkan ketiak,0,15,0,43.87
cara mencerahkan kulit badan,0,1,0,3
cara mencerahkan kulit ketiak yang hitam,0,1,0,65
cara mengaktifkan fitur keranjang kuning,0,1,0,10
cara mengaktifkan keranjang kuning,0,5,0,9.4
cara mengaktifkan keranjang putih di ig,0,1,0,6
cara mengatasi ingrown hair,0,15,0,33.93
cara mengatasi rambut rontok dan mengembang,0,1,0,1
cara mengeluarkan ingrown hair,0,1,0,80
cara mengetahui parfum yang mengandung alkohol,0,3,0,9.33
cara menggunakan astaxanthin untuk wajah,0,1,0,3
cara menggunakan ginseng untuk rambut,0,1,0,6
cara menggunakan minyak ginseng,0,2,0,8
cara menghilangkan ingrown hair,0,7,0,38
cara mengurus bpom,0,1,0,5
cara menyematkan keranjang kuning di instagram,0,1,0,3
cara menyematkan reels di ig,0,5,0,5.8
cara meracik body lotion sendiri,0,10,0,9.4
cara meracik body lotion untuk memutihkan,0,39,0,8.1
cara meracik handbody,0,76,0,8.41
cara meracik handbody agar kulit cepat putih,0,35,0,6.43
cara meracik handbody citra untuk memutihkan kulit,0,3,0,9
cara meracik handbody marina dengan air mawar,0,1,0,3
cara meracik handbody marina untuk memutihkan kulit,0,1,0,3
cara meracik handbody pemutih,0,43,0,7.44
cara meracik handbody pemutih ampuh,0,8,0,7.88
cara meracik handbody pemutih kulit permanen,0,5,0,8
cara meracik hb,0,81,0,8.69
cara meracik hb agar cepat putih,0,76,0,8.32
cara meracik hb dosting yg aman,0,4,0,5
cara meracik hb pemutih,0,30,0,7.53
cara meracik hb pemutih sendiri,0,25,0,8.36
cara meracik hb pemutih yang aman,0,231,0,7.82
cara merawat badan agar putih,0,1,0,2
cara munculin tautan produk di instagram,0,10,0,9.9
cara mutihin ketiak,0,12,0,38.92
cara nautin keranjang setelah di upload,0,16,0,7.88
cara optimasi tiktok shop,0,14,0,17.93
cara pakai body scrub shinzui,0,1,0,2
cara pakai hb dosting,0,2,0,18
cara pakai hb dosting yang benar,0,1,0,2
cara pakai moisturizer body massage gel,0,1,0,2
cara paling efektif memutihkan ketiak wanita aman,0,2,0,18.5
cara pemakaian hb dosting,0,1,0,23
cara pemakaian hb dosting untuk pemula,0,1,0,11
cara penggunaan hb dosting,0,6,0,7.33
cara putihin ketiak,0,1,0,18
cara putihkan ketiak,0,30,0,51.07
cara racik hb dosting sendiri mencerahkan kulit,0,6,0,6.5
cara racikan handbody pemutih,0,19,0,9
cara rawat?,0,1,0,3
cara sematkan keranjang kuning di postingan,0,1,0,12
cara tambah keranjang kuning di postingan,0,4,0,9.5
cara tambahkan keranjang kuning,0,3,0,10.67
cara tautan keranjang kuning,0,1,0,6
cara tautkan produk di instagram,0,6,0,7.17
cara usaha parfum brand sendiri,0,4,0,8.75
cara viral,0,3,0,61
caranya gimana,0,2,0,2.5
careso,0,2,0,3
cari alamatnya,0,1,0,1
carikan,0,1,0,4
carikan sumbernya,0,1,0,6
cekkeranjangkuning,0,1,0,8
celeblon,0,1,0,44
chat sekarang masukkan keranjang beli sekarang,0,2,0,11
chemarome makassar,0,1,0,39
cinta aroma parfum,0,1,0,18
circle k berasal dari mana,0,1,0,2
ciri ciri parfum beralkohol,0,2,0,40.5
cistamin untuk flek hitam,0,14,0,11.5
cisteamine untuk flek,0,4,0,10.5
citra handbody,0,1,0,2
citra mutiara,0,1,0,2
citra uv body serum radiant fresh,0,1,0,3
claim,0,1,0,2
cleanical,0,7,0,3.57
clembonplan,0,1,0,50
clone me dupe apa,0,1,0,3
cobaaa,0,1,0,2
colmistin astaxanthin manfaatnya,0,1,0,3
cologne edt edp parfum,0,1,0,12
contoh cream gel moisturizer,0,1,0,9
contoh gambar,0,1,0,5
contoh hb dosting,0,1,0,3
contoh hb dosting adalah,0,16,0,10.12
contoh iklan kecantikan,0,11,0,8.64
contoh iklan kosmetik,0,22,0,15.91
contoh iklan produk kecantikan,0,19,0,17.42
contoh iklan produk kecantikan dalam bahasa inggris,0,16,0,22.44
contoh iklan produk skincare,0,4,0,8
contoh iklan skincare,0,19,0,21.68
contoh iklan skincare bahasa inggris,0,3,0,10.67
contoh iklan skincare yang menarik,0,14,0,9.57
contoh kata-kata promosi salon kecantikan,0,11,0,36.55
contoh moisturizer gel,0,1,0,3
contoh skincare hydroquinone,0,2,0,18
contoh testimoni produk kecantikan,0,1,0,51
contohnya di indonesia,0,1,0,2
contohnya merk apa,0,1,0,8
copywriting kosmetik,0,120,0,6.3
cosmetic lab,0,1,0,57
cosmetiklab,0,1,0,30
cream and gel,0,1,0,11
cream artinya,0,1,0,35
cream bath,0,1,0,3
cream dan moisturizer apakah sama,0,5,0,9.4
cream gel,0,1,0,11
cream gel cream,0,1,0,11
cream gel moisturizer,0,14,0,4
cream gel power tx,0,1,0,5
cream hb,0,1,0,3
cream nature gel,0,2,0,2
cream nature gel untuk apa,0,1,0,3
cream viral,0,1,0,3
cream vs gel,0,8,0,6.38
cream vs gel moisturizer,0,2,0,8
creambath paling bagus,0,1,0,3
cremorlab,0,1,0,36
criolab medellin,0,1,0,43
curly hair,0,1,0,15
custom body care,0,1,0,9
custom body wash,0,1,0,4
custom lip gloss,0,2,0,2
custom parfum surabaya,0,10,0,8.5
custom parfum terdekat,0,1,0,9
cv arasy cosmetindo,0,1,0,5
cv asia skinlab,0,2,0,53
cystamine,0,1,0,9
cystamine adalah,0,2,0,5.5
cysteamin untuk flek,0,11,0,9.55
cysteamine,0,29,0,20.03
cysteamine adalah,0,142,0,11.68
cysteamine capsules,0,1,0,20
cysteamine cream,0,1,0,3
cysteamine skincare,0,2,0,10.5
cysteamine untuk apa,0,12,0,10.58
cysteamine untuk flek,0,30,0,10.9
cysteamine untuk flek hitam,0,5,0,10.6
cysteamine untuk jerawat,0,7,0,9.86
cysteamine untuk wajah,0,1,0,33
cysteamine vs hydroquinone,0,6,0,7
cysteamine yang ampuh untuk flek,0,5,0,10
cysteamine yang paling ampuh untuk flek,0,2,0,9
d panthenol untuk apa,0,1,0,40
d-panthenol adalah,0,1,0,60
daftar 100 perusahaan kosmetik terbesar di indonesia,0,2,0,15
daftar perusahaan kosmetik di indonesia,0,2,0,37.5
daftar perusahaan maklon kosmetik,0,38,0,11
dan skincare,0,1,0,4
data industri kosmetik di indonesia,0,2,0,6
data pengguna skincare di indonesia 2025,0,1,0,42
data penjualan kosmetik di indonesia 5 tahun terakhir,0,1,0,5
data penjualan skincare,0,2,0,24.5
data penjualan skincare di indonesia,0,23,0,31.74
data pertumbuhan industri kosmetik di indonesia,0,4,0,8
dear me beauty,0,1,0,3
dear me beauty punya siapa,0,1,0,3
decasilabs,0,1,0,48
decorative makeup,0,13,0,5.46
deep h moisture gel hyaluronic acid,0,1,0,3
demplon,0,1,0,50
demplon artinya,0,1,0,47
denatured alcohol adalah,0,12,0,15
deodorant termasuk kategori apa,0,3,0,11.33
derma lab,0,2,0,2.5
dermalab,0,2,0,65
dermalabs,0,1,0,44
dermavous essensia utama,0,1,0,66
dermilab,0,3,0,2
deskripsi kan wanginya,0,1,0,3
devina caramoy,0,73,0,8.95
devina skincere,0,1,0,11
di batam ada?,0,1,0,3
di indonesia apa,0,1,0,9
di keranjang,0,2,0,16
di keranjang atau keranjang,0,1,0,6
di mananya,0,1,0,3
di sore hari,0,1,0,4
difference between toner and micellar water,0,2,0,68.5
dipropylene glycol adalah,0,1,0,2
distributor kosmetik murah tangan pertama jakarta,0,1,0,4
distributor parfum surabaya,0,1,0,26
distributor skincare,0,1,0,2
diurutkan,0,1,0,8
dosis harian astaxanthin,0,1,0,2
dosting,0,2,0,3
dosting adalah,0,152,0,8.84
dosting artinya,0,1,0,3
dosting body lotion bpom,0,3,0,9
dosting bpom,0,2,0,6.5
dosting hb adalah,0,2,0,6.5
dosting itu apa,0,2,0,3
dosting label,0,3,0,6.67
dosting racikan,0,1,0,1
dpe lab,0,1,0,28
dpg,0,1,0,3
dpg parfum,0,1,0,3
dr soromer,0,1,0,4
dramlab,0,5,0,1.8
dream beauty lab,0,1,0,2
dream lab ai,0,1,0,3
dream lab official website,0,1,0,10
dream labs,0,2,0,1.5
dream-lab,0,1,0,1
dream.lab,0,2,0,3
dreamasil,0,2,0,1
dreamlab ai,0,1,0,30
dreamlab chile,0,1,0,4
dreamlab cosmetici,0,1,0,2
dreamlab official website,0,12,0,4.67
dreamlab skincare,0,4,0,12.5
dreamlab studio,0,8,0,5.75
dreamlab studios,0,1,0,12
dreamlabs careers,0,1,0,2
dreamlav,0,1,0,1
dreamline beauty private label,0,1,0,48
dreamon,0,1,0,66
dreams beauty,0,1,0,54
dreamslab,0,2,0,2
eau de parfum,0,9,0,3
eau de parfum artinya,0,2,0,3
econolab,0,1,0,62
edp,0,8,0,18
edp adalah,0,27,0,12.41
edp adalah parfum,0,7,0,26.86
edp artinya,0,5,0,13.2
edp atau edt,0,2,0,18.5
edp berapa persen,0,17,0,10.82
edp dan edt,0,10,0,18.3
edp dan edt bedanya apa,0,5,0,11.2
edp edt,0,4,0,42.25
edp edt parfum adalah,0,2,0,1
edp edt perbedaan,0,1,0,11
edp edt perfume,0,1,0,19
edp itu apa,0,110,0,12.29
edp or edt,0,2,0,24
edp parfum,0,3,0,29.33
edp parfum adalah,0,7,0,24
edp sama edt,0,3,0,12.67
edp sama edt bagus mana,0,1,0,12
edp vs edt,0,1,0,50
edt,0,32,0,11.62
edt adalah,0,206,0,11.34
edt and edp,0,1,0,35
edt artinya,0,16,0,13.25
edt atau edp,0,3,0,18
edt dan edp,0,22,0,16.14
edt dan edp bedanya apa,0,11,0,12.45
edt edo,0,1,0,11
edt edp,0,24,0,18.08
edt edp extrait,0,1,0,3
edt edp parfum,0,3,0,17
edt itu apa,0,7,0,12
edt parfum,0,3,0,15.33
edt parfum adalah,0,7,0,25.86
edt parfüm,0,1,0,28
edt perfume,0,2,0,25.5
edt vs edp,0,1,0,51
efek hb dosting,0,1,0,2
efek memakai hb dosting,0,1,0,2
efek pakai hb dosting,0,1,0,2
efek samping hb dosting,0,1,0,3
elation face care gel,0,1,0,3
electrolab,0,1,0,53
elsheskin punya siapa,0,1,0,2
email,0,1,0,1
est edp,0,1,0,12
estimasi,0,1,0,2
etanol parfum,0,5,0,55.2
etanol untuk parfum,0,15,0,39.53
eterniskin,0,1,0,3
ethanol itu apa,0,1,0,3
ethanol parfum,0,8,0,39.88
ethanol untuk parfum,0,2,0,7
ethyl alcohol pada parfum,0,5,0,11.4
evaluate the personal care company lume on memutihkan ketiak,0,1,0,1
exosome skincare 2026,0,1,0,1
extra dosting adalah,0,1,0,3
f2g,0,1,0,1
face wash gentle adalah,0,1,0,50
facetology gel moisturizer,0,1,0,4
fairylab,0,1,0,43
farelab,0,1,0,29
farmaskin hb dosting,0,1,0,10
fashion and beauty,0,1,0,3
fastlab surabaya,0,1,0,43
fee affiliate skincare,0,2,0,11
fifth love ginseng & polygonum,0,1,0,4
finna huang,0,1,0,2
fitur potong harga di tiktok,0,1,0,1
flek hitam,0,1,0,1
foot care company,0,1,0,2
footlab,0,3,0,25.67
footlab jakarta,0,2,0,64
footlin cream,0,1,0,17
formala,0,1,0,5
formbodylab,0,1,0,39
formula beauty products,0,1,0,12
fragrance balm,0,1,0,3
fragrance enthusiast artinya,0,1,0,11
fragrance manufacturer,0,1,0,21
franchise toko kosmetik,0,1,0,17
free shipping tiktok,0,1,0,1
fres & natural,0,1,0,2
fungsi alkohol dalam minyak wangi,0,7,0,52.29
fungsi alkohol dalam parfum,0,5,0,12.8
fungsi alkohol di parfum,0,17,0,11.12
fungsi alkohol pada parfum,0,35,0,12.14
fungsi astaxanthin,0,3,0,3
fungsi astaxanthin untuk kulit,0,2,0,68.5
fungsi cysteamine,0,6,0,11.83
fungsi dpg pada parfum,0,1,0,7
fungsi ginseng untuk rambut,0,2,0,19.5
fungsi hair tonic ginseng,0,9,0,14.89
fungsi hb dosting,0,1,0,2
fungsi panthenol,0,8,0,55.38
fungsi panthenol dalam skincare,0,7,0,31.14
fungsi panthenol pada skincare,0,1,0,57
fungsi panthenol untuk kulit,0,3,0,29.33
fungsi panthenol untuk wajah,0,17,0,26.71
gak,0,1,0,2
gambar aksara kosmetik indonesia,0,1,0,2
garuda jelajah nusantara,0,1,0,40
gas,0,1,0,3
gel and cream moisturizer,0,1,0,10
gel artinya,0,1,0,49
gel cream,0,3,0,9
gel cream hybrid moisturizer,0,1,0,1
gel cream moisturizer,0,9,0,10.56
gel cream vs cream,0,1,0,7
gel cream vs moisturizer,0,3,0,8
gel moisturizer untuk apa,0,3,0,11.67
gel moisturizer vs cream,0,1,0,9
gel or cream moisturizer,0,3,0,9
gel ungu,0,1,0,2
gel vs cream,0,13,0,6.85
gel vs cream moisturizer,0,8,0,8
gel vs gel cream,0,1,0,8
gel-crème,0,1,0,10
gen z,0,1,0,3
gentle adalah,0,1,0,38
gentle ingredients,0,2,0,9
germolap,0,1,0,36
gimana cara aktifkan nya,0,1,0,4
gingseng untuk rambut,0,1,0,34
ginseng buat rambut,0,1,0,42
ginseng buat rambut rontok,0,1,0,20
ginseng for hair,0,3,0,35.33
ginseng hair tonic,0,5,0,31.8
ginseng rambut,0,3,0,29
ginseng untuk rambut,0,10,0,38.5
ginseng untuk rambut rontok,0,3,0,13
glow cosmetic innovation,0,1,0,1
glutawhite milky lotion harga,0,1,0,3
gluxanthin - c harga,0,1,0,3
glycerin adalah,0,35,0,26.71
glycerin cream untuk apa,0,1,0,39
glycerin dalam kosmetik,0,6,0,18.5
glycerin dalam skincare,0,7,0,22.57
glycerin for skin,0,47,0,38.23
glycerin kosmetik,0,2,0,6.5
glycerin untuk kulit,0,5,0,29.8
glycerin untuk wajah,0,8,0,36.38
glycocare body lotion,0,1,0,7
gourmand 2.0,0,1,0,1
grafik pertumbuhan industri kosmetik di indonesia,0,10,0,9.3
green sm adalah,0,1,0,2
grow lab,0,1,0,5
grulab id,0,1,0,29
guna alkohol di parfum,0,10,0,9.9
guna astaxanthin,0,1,0,3
gunanya minyak zaitun,0,1,0,2
gunanya panthenol untuk wajah,0,1,0,12
haematococcus pluvialis,0,1,0,2
hair ingrown,0,1,0,24
hair ingrowth,0,1,0,27
hair tonic ginseng,0,19,0,24.47
hair tonic ginseng manfaat,0,1,0,12
hair tonic ginseng untuk apa,0,2,0,7.5
hair tonic ginseng untuk rambut rontok,0,2,0,16
hairlab,0,1,0,45
haizhen cosmetics indonesia foto,0,1,0,1
halal deodorant,0,1,0,17
haleyora powerindo jakarta,0,1,0,4
hamamelis virginiana,0,2,0,50.5
hanasui gentle retinol moisturizer gel,0,1,0,3
hanasui moisturizer gel,0,1,0,3
hanasui produk dari negara mana,0,1,0,3
hand body marina biru,0,1,0,2
hand body paling ampuh memutihkan kulit,0,1,0,3
hand body pemutih,0,1,0,3
hand body pemutih kulit,0,2,0,3.5
hand body racikan,0,1,0,10
hand body untuk memutihkan kulit,0,3,0,3.33
hand body yang ampuh memutihkan kulit,0,1,0,3
handbody alami,0,13,0,7.08
handbody campur apa biar cepat putih,0,2,0,7
handbody citra,0,1,0,2
handbody citra harga,0,1,0,3
handbody dicampur apa biar cepat putih,0,1,0,3
handbody dosting,0,3,0,2.33
handbody dosting adalah,0,3,0,2.33
handbody dosting apakah aman,0,1,0,2
handbody gel,0,1,0,3
handbody hd,0,1,0,3
handbody marina untuk memutihkan kulit,0,1,0,3
handbody pemutih badan yang bagus dan aman,0,1,0,2
handbody pemutih kulit,0,1,0,3
handbody pemutih kulit permanen,0,2,0,3
handbody racikan,0,39,0,9.64
handbody racikan paling ampuh,0,3,0,5.33
handbody racikan pemutih,0,4,0,9
handbody racikan pemutih buatan sendiri,0,48,0,8.5
handbody racikan sendiri,0,209,0,7.24
handbody racikan sendiri untuk memutihkan kulit,0,29,0,7.24
handbody racikan yang ampuh memutihkan,0,1,0,11
handbody raja onta,0,1,0,3
handbody terbaik untuk mencerahkan kulit,0,1,0,3
handbody terbuat dari apa,0,1,0,3
handbody untuk memutihkan kulit,0,1,0,3
handbody untuk memutihkan kulit dan melindungi dari sinar matahari,0,2,0,3
handbody untuk memutihkan kulit dan melindungi dari sinar matahari untuk pria,0,1,0,3
handbody vaseline gluta hya,0,1,0,2
handbody viral,0,1,0,3
handbody yang ada tone up nya,0,1,0,3
handbody yang bikin cepat putih,0,1,0,3
handbody yang cepat memutihkan kulit,0,1,0,3
handbody yang cepat memutihkan kulit dan menghilangkan bekas luka,0,1,0,3
happy lab indonesia,0,1,0,49
hardbox parfum,0,4,0,21.5
harga,0,2,0,19.5
harga astaxanthin di apotik,0,2,0,3.5
harga astaxanthin nutraglow,0,1,0,3
harga gluxantin c,0,1,0,6
harga huruf timbul galvanis per cm,0,1,0,4
harga jasa maklon,0,2,0,11
harga moisturizer gel viva,0,1,0,3
harga moisturizer viva gel,0,2,0,3
hazeline snow dan seger snow apakah sama,0,1,0,3
hb acil idang apakah sudah bpom,0,1,0,3
hb adalah skincare,0,2,0,10
hb arbutin whitening,0,1,0,2
hb beauty skin,0,1,0,8
hb body lotion adalah,0,3,0,2.67
hb bodycare adalah,0,13,0,9.23
hb booster,0,1,0,3
hb booster adalah,0,3,0,2.33
hb bpom,0,1,0,10
hb dalam skincare adalah,0,17,0,9.06
hb dosting aman,0,1,0,2
hb dosting aman atau tidak,0,1,0,2
hb dosting ampuh bpom,0,1,0,3
hb dosting artinya,0,26,0,8.42
hb dosting bpom,0,21,0,6.62
hb dosting contohnya apa,0,3,0,10.33
hb dosting deviena,0,1,0,3
hb dosting farmaskin,0,1,0,3
hb dosting itu apa aja,0,1,0,11
hb dosting maydooza,0,1,0,3
hb dosting newlab,0,1,0,3
hb dosting terbuat dari apa,0,1,0,11
hb dosting untuk apa,0,1,0,2
hb dosting yang aman dan bpom,0,1,0,1
hb dosting yang aman dan sudah bpom,0,3,0,2.33
hb dosting yang ampuh,0,1,0,3
hb dosting yang bagus,0,3,0,14.33
hb dosting yang bagus dan aman,0,8,0,3
hb dosting yang bagus dan bpom,0,1,0,3
hb dosting yang bagus merk apa,0,2,0,3
hb dosting yang cepat memutihkan,0,1,0,3
hb dosting yang sudah bpom,0,1,0,1
hb dostinh,0,1,0,3
hb farmasi,0,1,0,3
hb farmasi adalah,0,1,0,3
hb farmaskin,0,1,0,1
hb farmaskin apakah sudah bpom,0,1,0,3
hb itu apa dalam skincare,0,10,0,10
hb kecantikan artinya,0,3,0,8
hb kosmetik,0,1,0,10
hb kosmetik adalah,0,1,0,12
hb marina,0,1,0,2
hb marina campur minyak zaitun,0,1,0,3
hb pemutih racikan sendiri,0,226,0,8.23
hb pemutih yang ampuh,0,1,0,3
hb putih,0,1,0,3
hb racikan,0,1,0,6
hb racikan ampuh mencerahkan cepat,0,1,0,7
hb racikan mencerahkan kulit,0,6,0,8.33
hb racikan sendiri biar cepet cerah,0,1,0,7
hb skincare,0,2,0,5.5
hb skincare adalah,0,17,0,8.29
hb ultimate,0,1,0,3
hb whitening,0,2,0,3
hb whitening adalah,0,1,0,3
hb whitening body lotion,0,1,0,3
hb whitening super,0,1,0,3
hb yang cepat memutihkan kulit,0,1,0,2
headlab,0,1,0,49
heni sagara biodata,0,2,0,2
heni sagara kasus,0,4,0,2
heni sagara owner skincare apa,0,1,0,3
heni sagara siapa,0,4,0,3
henny sagara siapa,0,1,0,3
heny sagara,0,1,0,2
hero ingredients,0,6,0,9.83
hero ingredients artinya,0,12,0,10.92
hexindo semarang,0,1,0,2
hni moisturizing gel,0,1,0,2
hpp parfum,0,4,0,10.25
hydrofarm wirawan,0,1,0,2
hydroquinone replacement artinya,0,2,0,10
ici 2026,0,6,0,19.17
ici 2026 dimana,0,4,0,10.75
ici surabaya 2026,0,2,0,7.5
ide bisnis parfum,0,1,0,8
idx: bukk,0,1,0,3
iklan kecantikan,0,61,0,11.64
iklan kecantikan bahasa inggris,0,5,0,9.4
iklan klinik kecantikan,0,10,0,23.5
iklan kosmetik,0,63,0,13.83
iklan kosmetik bahasa inggris,0,13,0,13.77
iklan makeup,0,10,0,7.6
iklan perawatan kulit,0,30,0,11.2
iklan produk kecantikan,0,14,0,17.79
iklan produk kecantikan dalam bahasa inggris,0,2,0,9.5
iklan produk kosmetik,0,1,0,17
iklan produk skincare,0,9,0,12.44
iklan produk skincare bahasa inggris,0,1,0,12
iklan skincare,0,57,0,13.33
iklan skincare bahasa inggris,0,8,0,9.88
iklan tentang kecantikan,0,43,0,9.6
iklan tentang makeup,0,20,0,6.85
iklan untuk kosmetik,0,24,0,10.17
iklan untuk makeup,0,80,0,7.31
iklan untuk produk kosmetik,0,50,0,8.34
im parfume,0,1,0,3
impian,0,1,0,8
implora ceramide skin barrier rich moisturizing gel,0,1,0,3
industri kecantikan,0,9,0,32
industri kecantikan di indonesia,0,2,0,6
industri kecantikan indonesia,0,4,0,5.25
industri kosmetik,0,31,0,19.97
industri kosmetik di indonesia,0,20,0,22.5
industri kosmetik indonesia,0,1,0,20
industri skincare,0,1,0,21
industri skincare di indonesia,0,1,0,11
ingredients parfum,0,1,0,1
ingrown,0,8,0,28.38
ingrown hair,0,24,0,27.79
ingrown hair adalah,0,13,0,31.15
ingrown hair armpit,0,3,0,55.33
ingrown hair di ketiak,0,2,0,31.5
ingrown hair ketiak,0,1,0,53
ingrown hair removal,0,2,0,35
ingrown hair salicylic acid,0,1,0,7
ingrown hair treatment,0,1,0,41
ini halal?,0,1,0,21
ini sabun?,0,1,0,8
inovasi skincare,0,7,0,35
inspire parfum,0,1,0,2
inspired adalah,0,5,0,2.6
inspired artinya,0,1,0,2
inspired parfum,0,2,0,7.5
inspired parfum adalah,0,302,0,8.81
inspired scent,0,1,0,5
instagram keranjang putih,0,4,0,9.75
interxanthin obat apa,0,2,0,3
intimate moisturizing gel,0,3,0,3
isododecane adalah,0,1,0,49
itu gimana ya,0,1,0,1
iya,0,7,0,3.57
iya boleh,0,1,0,3
iya keduanya,0,1,0,4
iya saya ingin,0,1,0,5
iyaa,0,1,0,4
izin arminareka perdana dicabut,0,1,0,4
izin edar kosmetik,0,1,0,38
jafaron merah,0,1,0,3
jaguar vision wangi apa,0,1,0,2
jasa maklon,0,8,0,4.12
jasa maklon acne spot cream,0,9,0,14.89
jasa maklon bb cream,0,4,0,9.25
jasa maklon bedak tabur,0,1,0,14
jasa maklon blush on,0,11,0,21.18
jasa maklon body butter,0,9,0,12.67
jasa maklon body care,0,12,0,26.67
jasa maklon body cream,0,10,0,36.8
jasa maklon body lotion,0,6,0,14.33
jasa maklon body mist,0,22,0,25.18
jasa maklon body n kids care,0,19,0,36.26
jasa maklon body scrub,0,13,0,16.69
jasa maklon body serum,0,9,0,15.78
jasa maklon body tonner,0,11,0,14.91
jasa maklon body wash,0,18,0,27.28
jasa maklon bodycare bpom,0,15,0,14.93
jasa maklon cleansing balm,0,9,0,13.78
jasa maklon cleansing lotion,0,11,0,17.18
jasa maklon cleansing milk,0,12,0,14.75
jasa maklon cleansing oil,0,9,0,8.44
jasa maklon cologne,0,11,0,27.45
jasa maklon conditioner,0,4,0,35.25
jasa maklon cosmetic,0,1,0,35
jasa maklon cushion,0,2,0,4
jasa maklon deodorant,0,7,0,12.43
jasa maklon dry shampoo,0,15,0,15.33
jasa maklon essence,0,1,0,25
jasa maklon exfoliator,0,3,0,7
jasa maklon eye brow serum,0,11,0,18.82
jasa maklon eye care,0,1,0,23
jasa maklon eye cream,0,7,0,14.57
jasa maklon eye lash serum,0,4,0,30.75
jasa maklon face bronzer,0,4,0,17.25
jasa maklon face care,0,6,0,25.83
jasa maklon face concealer,0,2,0,23.5
jasa maklon face contour,0,5,0,18
jasa maklon face foundation,0,10,0,24.3
jasa maklon face highlighter,0,9,0,12.44
jasa maklon face mist,0,1,0,30
jasa maklon face oil,0,1,0,18
jasa maklon face primer,0,11,0,14.18
jasa maklon face remover water-oil,0,8,0,9.88
jasa maklon face toner,0,8,0,11.12
jasa maklon facial wash,0,15,0,17.73
jasa maklon foot cream,0,18,0,24.5
jasa maklon foot mask,0,16,0,17
jasa maklon hair care,0,15,0,33.13
jasa maklon hair conditioner,0,10,0,26.4
jasa maklon hair gel,0,13,0,26.15
jasa maklon hair mask,0,14,0,19.57
jasa maklon hair oil,0,2,0,35
jasa maklon hair pomade,0,6,0,26.67
jasa maklon hair removal,0,4,0,20
jasa maklon hair serum,0,12,0,23.33
jasa maklon hair shampoo,0,9,0,48.44
jasa maklon hair spray,0,9,0,30.11
jasa maklon hair styling cream,0,7,0,48.29
jasa maklon hair tonic,0,9,0,9.56
jasa maklon hair wax,0,4,0,38.75
jasa maklon hand body cream,0,5,0,27
jasa maklon hand sanitizer,0,8,0,12.88
jasa maklon hand wash,0,2,0,40.5
jasa maklon handbody,0,7,0,17.14
jasa maklon heat protectant,0,5,0,11
jasa maklon jabodetabek,0,2,0,34.5
jasa maklon jakarta,0,5,0,20.6
jasa maklon kosmetik jakarta,0,3,0,18.67
jasa maklon kosmetik murah,0,1,0,30
jasa maklon kosmetik tangerang,0,25,0,17.2
jasa maklon kosmetik terbaik,0,24,0,25
jasa maklon leave-on conditioner,0,3,0,30.33
jasa maklon lip balm,0,6,0,64.33
jasa maklon lip changing color,0,1,0,12
jasa maklon lip cream,0,9,0,32.44
jasa maklon lip gloss,0,7,0,34.14
jasa maklon lip mask,0,6,0,35.83
jasa maklon lip mousse,0,7,0,44.86
jasa maklon lip oil,0,4,0,36.5
jasa maklon lip scrub,0,6,0,16
jasa maklon lip serum,0,13,0,36.46
jasa maklon lip tint,0,4,0,18.5
jasa maklon lip velvet,0,1,0,15
jasa maklon lipstick,0,9,0,16
jasa maklon loose powder,0,3,0,15.33
jasa maklon make up,0,12,0,28.25
jasa maklon masker,0,2,0,12.5
jasa maklon micellar water,0,6,0,56.33
jasa maklon moisturizer,0,7,0,27
jasa maklon packaging kosmetik,0,9,0,31.22
jasa maklon parfum,0,127,0,34.76
jasa maklon peeling serum,0,1,0,45
jasa maklon sabun mandi,0,2,0,45.5
jasa maklon scalp scrub,0,12,0,19.75
jasa maklon serum,0,9,0,28.33
jasa maklon shampoo,0,1,0,18
jasa maklon skin care,0,3,0,25
jasa maklon skincare,0,96,0,34.57
jasa maklon skincare jakarta,0,2,0,9
jasa maklon skincare terbaik,0,19,0,16.05
jasa maklon solid perfume,0,9,0,42.89
jasa maklon sunscreen,0,18,0,9.5
jasa maklon tangerang,0,36,0,20.83
jasa maklon tinted lip serum,0,5,0,40
jawab dengan rinci,0,1,0,2
jelaskan semuanya,0,1,0,7
jenis alkohol dalam minyak wangi,0,1,0,64
jenis alkohol untuk parfum,0,92,0,8.25
jenis jenis parfum,0,2,0,3
jenis vitamin c,0,7,0,38.57
jenis vitamin c skincare,0,3,0,18
joylab parfum,0,1,0,20
jualan produk,0,1,0,2
kalau parfum,0,1,0,3
kalau strawberry,0,1,0,3
kalo gaada?,0,1,0,10
kalo parfum,0,1,0,3
kalo yang ini gimana,0,1,0,15
kandungan alkohol dalam minyak wangi,0,6,0,70.5
kandungan cysteamine,0,6,0,6
kandungan cysteamine untuk apa,0,27,0,9.7
kandungan marina biru,0,1,0,3
kandungan panthenol untuk apa,0,1,0,68
kandungan parfum dan alcohol yang ada dalam produk melto masing-masing adalah adalah … dan ….,0,41,0,11.15
kapan waktu terbaik minum astaxanthin,0,1,0,2
karya sehat medistra,0,1,0,48
kasus heni sagara,0,1,0,2
kata kata iklan skincare,0,6,0,10.67
kata kata promosi cream wajah,0,2,0,30.5
kata kata promosi klinik kecantikan,0,2,0,14
kata kata promosi produk kecantikan,0,20,0,20.2
kata kata promosi salon kecantikan,0,3,0,51.67
kata kata promosi skincare,0,4,0,15.25
kata kata promosi skincare yang menarik,0,8,0,10.88
kata kata skincare,0,3,0,23.33
kata kata untuk produk kecantikan,0,4,0,25
kata kosmetik,0,1,0,13
kata-kata hook skincare,0,1,0,34
kata-kata promosi cream wajah,0,1,0,27
kata-kata promosi lipstik,0,1,0,3
kata-kata promosi produk kecantikan,0,67,0,10.12
kata-kata promosi skincare yang menarik,0,60,0,9.1
kebutuhan astaxanthin per hari,0,1,0,2
kecantikan,0,1,0,4
kecantikan dan periklanan,0,1,0,16
keduanya,0,2,0,2
keduluan artinya,0,1,0,31
kegunaan alkohol di parfum,0,8,0,10.88
kegunaan alkohol pada parfum,0,8,0,9.88
kegunaan astaxanthin,0,1,0,2
kegunaan cysteamine,0,1,0,12
kegunaan ginseng untuk rambut,0,1,0,44
kegunaan hair tonic,0,2,0,43.5
kegunaan hair tonic ginseng,0,5,0,34.6
kegunaan hb dosting,0,1,0,3
kegunaan panthenol,0,5,0,30
kegunaan panthenol untuk wajah,0,11,0,25.55
kelas premium,0,1,0,1
kemasan feet bottle,0,10,0,6.4
kenapa,0,1,0,1
kenapa bisa mahal?,0,1,0,5
kenapa keranjang di ig tidak muncul,0,5,0,3
kenapa keranjang shopee tidak muncul,0,12,0,9.92
kepanjangan edp,0,1,0,48
kepanjangan edp parfum,0,3,0,32.67
keranjang biru,0,2,0,28.5
keranjang putih,0,1,0,22
keranjang shopee,0,1,0,10
keranjang vidio shopping,0,3,0,41.33
kering,0,5,0,2
kerlon,0,1,0,39
kesalahan maklon produk,0,2,0,15
kesehatan dan kecantikan,0,1,0,5
kesehatan kulit,0,1,0,3
ketiak putih,0,1,0,66
keuntungan bisnis skincare my mozza,0,2,0,49.5
khasiat ginseng untuk rambut,0,1,0,3
kids labs,0,1,0,12
kinetolab,0,1,0,46
kinglab,0,1,0,55
kirim alamat,0,1,0,5
kok gak ada ya,0,1,0,1
kol,0,6,0,2.33
kol adalah,0,7,0,2.86
kol affiliate,0,1,0,3
kol affiliate adalah,0,1,0,3
kol affiliate specialist adalah,0,1,0,3
kol artis,0,1,0,3
kol beauty adalah,0,29,0,10.93
kol dalam marketing adalah,0,1,0,3
kol di,0,1,0,3
kol itu apa,0,1,0,3
kol kepanjangan dari,0,1,0,3
kol shopee,0,1,0,2
kol singkatan apa,0,1,0,3
kol singkatan dari,0,1,0,3
kol specialist adalah,0,1,0,2
kolkit id,0,1,0,8
komposisi hb dosting,0,2,0,11
komsmetik,0,1,0,2
konlabos,0,3,0,60.67
korean skincare bali,0,1,0,42
kosme,0,1,0,3
kosme surabaya,0,1,0,23
kosmetik,0,2,0,26.5
kosmetik bandung,0,1,0,29
kosmetik dekoratif,0,1,0,27
kosmetik indonesia,0,2,0,42
kosmetik jawa timur,0,14,0,21.79
kosmetik kediri,0,14,0,8.79
kosmetik service,0,1,0,5
kosmetik sidoarjo,0,3,0,10.33
kosmetik surabaya,0,3,0,8.67
kosmetik terbaik di indonesia,0,2,0,17.5
kosmetik terdekat,0,1,0,16
kosmetik viral,0,1,0,21
kosmetik viral 2026,0,1,0,7
kosmetik white label,0,1,0,19
kosmetik yang bagus,0,1,0,25
kride lab,0,1,0,11
krim gel,0,1,0,3
krim itu apa,0,1,0,3
krim natural gel,0,1,0,2
krim pengencang wajah,0,6,0,23
krim styling terbaik untuk rambut keriting kering hidrasi,0,1,0,14
kulit kaki,0,1,0,2
kulit kering,0,1,0,2
kulit kering pakai moisturizer gel atau cream,0,2,0,8
kursus peracik dari nol membuat sincare dari nol dibimbing sampai bisa daftar sekarang!,0,2,0,17
kyk gini,0,1,0,2
la tulipe moisturizer gel,0,3,0,3.67
laa vitamin c,0,1,0,12
lab dream,0,1,0,1
lab rnd adalah,0,1,0,2
labore skin nutrition gel dipakai kapan,0,1,0,3
labs kelola,0,5,0,9.2
lain,0,1,0,1
lainnya,0,2,0,3
lavojoy body lotion,0,1,0,3
lebih awet edp atau edt,0,1,0,54
lebih penting toner atau micellar water,0,2,0,29
lebih tahan lama edp atau edt,0,2,0,17
liderlab,0,1,0,42
lightening adalah,0,1,0,2
lightweight gel cream,0,1,0,4
liora body serum dna salmon apakah sudah bpom,0,1,0,3
lip balm custom,0,1,0,1
lip blush apakah halal,0,3,0,7.33
lip blush halal,0,6,0,9
lip gloss premium brand,0,1,0,2
lipstik,0,1,0,1
liquid blush packaging,0,1,0,10
logo cpkb,0,27,0,9.48
logo hb dosting,0,56,0,5.82
logo keranjang kuning shopee,0,4,0,7.5
lonkoom perfume,0,1,0,1
lotion kulit belang,0,1,0,3
lotion mencerahkan kulit,0,1,0,3
lotion sheriz,0,1,0,3
lotion white inc,0,1,0,3
lulur ampas kopi,0,4,0,6.75
lulur apa yang bisa memutihkan kulit dengan cepat,0,1,0,3
lulur kopi,0,1,0,3
lulur kopi berapa menit,0,5,0,9.8
lulur kopi untuk memutihkan badan,0,1,0,3
lulur pemutih badan,0,1,0,3
luluran kopi berapa menit,0,16,0,9.31
luluran pakai kopi,0,1,0,45
lunaray beauty factory,0,1,0,34
lush,0,1,0,4
macam2 vitamin c,0,1,0,50
mackerlab,0,1,0,46
madame gie punya siapa,0,1,0,3
maglon,0,1,0,1
make up lokal brand,0,1,0,3
maklin,0,10,0,7.8
maklon,0,54,0,10.83
maklon acne spot cream,0,3,0,9.33
maklon aerosol,0,1,0,47
maklon apa,0,2,0,7
maklon artinya,0,1,0,1
maklon baby bug repellent,0,16,0,21
maklon bandung,0,4,0,12.25
maklon bb cream,0,10,0,15.3
maklon bedak bayi,0,36,0,11.17
maklon bergaransi,0,13,0,48.23
maklon bersertifikasi halal,0,24,0,42.29
maklon blush on,0,1,0,16
maklon body butter,0,39,0,17.74
maklon body cream,0,7,0,24.57
maklon body lotion,0,37,0,17.03
maklon body lotion dan body wash,0,2,0,15.5
maklon body mist,0,62,0,20.71
maklon body n kids care,0,27,0,28.56
maklon body scrub,0,49,0,17.65
maklon body serum eksklusif,0,16,0,12.94
maklon body tonner,0,3,0,14
maklon body wash,0,61,0,15.8
maklon bodycare murah dan berkualitas,0,6,0,15.33
maklon bodycare surabaya,0,15,0,12.27
maklon bodycare terbaik di indonesia,0,13,0,18
maklon botol parfum,0,2,0,9
maklon bpom,0,9,0,22.56
maklon brand sendiri,0,9,0,6.78
maklon china,0,1,0,9
maklon cleansing balm,0,15,0,14.6
maklon cleansing lotion,0,10,0,20.3
maklon cleansing milk,0,7,0,18.14
maklon cleansing oil,0,9,0,14.11
maklon cologne,0,6,0,18.5
maklon conditioner,0,5,0,29.6
maklon cosmetic,0,1,0,7
maklon cushion,0,3,0,11
maklon deodoran,0,25,0,16.68
maklon diffuser,0,7,0,8
maklon essence,0,2,0,32.5
maklon essential oil,0,13,0,9.23
maklon eye care,0,6,0,7
maklon eye cream,0,7,0,8.86
maklon eye lash serum,0,2,0,19.5
maklon eye mask,0,2,0,19
maklon eye serum,0,7,0,11
maklon face care,0,2,0,15.5
maklon face foundation,0,2,0,12
maklon face highlighter,0,7,0,14
maklon face mist,0,18,0,22.83
maklon face primer,0,6,0,9.83
maklon face remover water-oil,0,7,0,13.29
maklon face toner,0,9,0,4.44
maklon facial wash,0,4,0,7.75
maklon foot care,0,74,0,11.27
maklon foot cream,0,28,0,19.96
maklon foot mask,0,21,0,24.67
maklon gel rambut,0,26,0,14.5
maklon hair care,0,84,0,23.26
maklon hair conditioner,0,3,0,30
maklon hair gel,0,9,0,13
maklon hair oil,0,1,0,25
maklon hair pomade,0,3,0,20
maklon hair removal,0,4,0,32.75
maklon hair shampoo,0,15,0,42.27
maklon hair spray,0,11,0,24.45
maklon hair styling cream,0,8,0,19.75
maklon hair tonic,0,7,0,23.57
maklon hair wax,0,4,0,32.25
maklon hand body cream,0,3,0,37.33
maklon hand sanitizer,0,16,0,11
maklon hand wash,0,1,0,40
maklon handbody,0,45,0,13.67
maklon heat protectant,0,3,0,18
maklon herbal,0,1,0,17
maklon herbal bandung,0,11,0,41.82
maklon herbal di jogja,0,3,0,40.33
maklon herbal moq rendah,0,1,0,47
maklon herbal surabaya,0,26,0,33.35
maklon itu apa,0,3,0,11.33
maklon jakarta,0,2,0,13.5
maklon jawa timur,0,9,0,6.11
maklon kondisioner,0,17,0,14.24
maklon kosmetik bekasi,0,27,0,13.56
maklon kosmetik bpom,0,16,0,26.94
maklon kosmetik di indonesia,0,2,0,30
maklon kosmetik halal,0,5,0,15.8
maklon kosmetik halal dan bpom,0,14,0,30.86
maklon kosmetik indonesia,0,25,0,30.08
maklon kosmetik moq 100 pcs,0,2,0,22
maklon kosmetik murah,0,2,0,34.5
maklon kosmetik palembang,0,3,0,19
maklon kosmetik skala kecil,0,10,0,10.4
maklon kosmetik tangerang,0,78,0,17.87
maklon krim cukur,0,12,0,36.08
maklon krim kaki,0,56,0,11.09
maklon krim mata,0,23,0,19.74
maklon krim penghilang stretch mark,0,1,0,49
maklon krim ruam popok,0,33,0,15.61
maklon leave-on conditioner,0,6,0,39.83
maklon lip balm,0,2,0,19.5
maklon lip changing color,0,1,0,24
maklon lip cream,0,5,0,33.2
maklon lip gloss,0,3,0,9.33
maklon lip oil,0,2,0,17
maklon lip scrub,0,1,0,5
maklon lipstick,0,11,0,8.45
maklon lipstik,0,130,0,9.98
maklon liquid vape,0,3,0,8
maklon loose powder,0,1,0,6
maklon losion bayi,0,38,0,14.95
maklon lotion,0,1,0,24
maklon lotion bayi,0,12,0,19.5
maklon lulur dan body scrub,0,2,0,18
maklon makassar,0,5,0,7.4
maklon make up,0,16,0,16.5
maklon makeup,0,11,0,28
maklon masker,0,8,0,10.75
maklon masker medis,0,3,0,22
maklon masker organik,0,51,0,7.86
maklon masker rambut,0,40,0,13.45
maklon masker wajah,0,6,0,10.33
maklon micellar water,0,2,0,22.5
maklon minyak bayi,0,40,0,13.62
maklon minyak kayu putih,0,1,0,63
maklon minyak rambut,0,10,0,27.4
maklon minyak telon,0,1,0,18
maklon moisturizer,0,9,0,21.89
maklon moq rendah,0,34,0,29.18
maklon murah,0,1,0,21
maklon parfum adalah,0,50,0,9.26
maklon parfum bpom,0,43,0,32.37
maklon parfum indonesia,0,6,0,29
maklon parfum itu apa,0,13,0,8.62
maklon parfum jogja,0,1,0,41
maklon parfum medan,0,1,0,10
maklon parfum murah,0,22,0,27.68
maklon parfum sidoarjo,0,17,0,7
maklon parfum tangerang,0,23,0,9.39
maklon parfum terbaik di indonesia,0,45,0,6.56
maklon peeling serum,0,4,0,13.25
maklon pelembap,0,14,0,19.07
maklon pelembap bayi,0,37,0,17.05
maklon pembersih wajah,0,4,0,23.75
maklon perawatan bibir,0,14,0,20.93
maklon perawatan jerawat,0,21,0,21.62
maklon perawatan kulit kepala,0,49,0,15.37
maklon perawatan kulit untuk ibu hamil,0,47,0,9.68
maklon perawatan pria,0,8,0,16.12
maklon powder cosmetic industry,0,5,0,47
maklon produk kesehatan,0,1,0,4
maklon produk personal care,0,2,0,24.5
maklon sabun,0,1,0,11
maklon sabun antibakteri,0,13,0,11.92
maklon sabun baby,0,93,0,15.97
maklon sabun herbal,0,18,0,33.83
maklon sabun mandi bayi,0,43,0,19.4
maklon sabun pemutih (pencerah),0,44,0,15.16
maklon sabun transparan,0,9,0,28.44
maklon sampo,0,35,0,21.43
maklon sampo bayi,0,43,0,14.53
maklon scalp scrub,0,10,0,21.9
maklon serum rambut,0,47,0,17.72
maklon setting spray,0,3,0,17
maklon skin care,0,24,0,44.92
maklon skincare adalah,0,2,0,8
maklon skincare bpom,0,13,0,30.23
maklon skincare indonesia,0,6,0,6.17
maklon skincare jogja,0,2,0,21
maklon skincare murah,0,1,0,40
maklon skincare organik natural,0,5,0,38.8
maklon skincare pria,0,67,0,14.49
maklon skincare sidoarjo,0,108,0,34.73
maklon skincare terdekat,0,8,0,9.62
maklon skincare terpercaya,0,1,0,5
maklon solid perfume,0,12,0,30.92
maklon sunblock,0,24,0,11.33
maklon suplemen kecantikan,0,24,0,27.62
maklon suplemen pranatal dan menyusui,0,2,0,44.5
maklon tangerang,0,17,0,20
maklon tinted lip serum,0,6,0,39.83
maklon toner,0,13,0,12.23
maklon tonik rambut,0,29,0,20.66
maklon whitening drink,0,1,0,35
maklon yang paling diminati 2026,0,1,0,10
makloon parfum,0,4,0,34
makloon parfum bandung,0,2,0,11
malfon,0,1,0,1
manfaat akar ginseng untuk rambut,0,5,0,19.8
manfaat asta plus 8,0,1,0,3
manfaat asta plus untuk wanita,0,1,0,3
manfaat astaxanthin,0,2,0,3
manfaat astaxanthin gel untuk wajah,0,1,0,3
manfaat astaxanthin untuk kesehatan,0,1,0,3
manfaat astaxanthin untuk kulit,0,18,0,59.67
manfaat astaxanthin untuk rambut,0,1,0,59
manfaat astaxanthin untuk wajah,0,20,0,47.8
manfaat asthin force 12 untuk kecantikan,0,1,0,3
manfaat asthin force 6 untuk kecantikan,0,1,0,3
manfaat axtansantin,0,2,0,3
manfaat body lotion citra bengkoang,0,1,0,2
manfaat citra uv body lotion perfect bright bengkoang,0,1,0,2
manfaat cysteamine,0,16,0,11.56
manfaat cysteamine untuk wajah,0,6,0,11.5
manfaat gingseng buat rambut,0,3,0,31
manfaat gingseng untuk rambut,0,3,0,42.67
manfaat ginseng bagi rambut,0,1,0,44
manfaat ginseng buat rambut,0,1,0,11
manfaat ginseng untuk rambut,0,27,0,15.78
manfaat hair tonic,0,3,0,43
manfaat hair tonic ginseng,0,39,0,21.03
manfaat hair tonic ginseng untuk rambut,0,2,0,11
manfaat hair tonic hijau,0,1,0,43
manfaat handbody marina campur minyak zaitun,0,1,0,3
manfaat kopi hitam untuk lulur badan,0,1,0,3
manfaat minum astaxanthin setiap hari,0,1,0,2
manfaat minyak ginseng untuk rambut,0,3,0,9
manfaat moist panthenol,0,1,0,9
manfaat moisturizer body massage gel,0,1,0,3
manfaat moisturizer gel,0,1,0,3
manfaat moisturizer panthenol,0,1,0,16
manfaat niacinamide 5 persen untuk wajah,0,2,0,6.5
manfaat obat astaxanthin,0,1,0,3
manfaat panthenol,0,7,0,31
manfaat panthenol untuk wajah,0,17,0,25.71
manfaat shampo ginseng,0,5,0,42.8
manfaat super glutathione astaxanthin,0,2,0,3
manfaat tonic rambut,0,1,0,47
manfaat viva moisturizer gel,0,1,0,3
manfaat wardah moisturizer gel,0,3,0,3
manfaat wardah symradiance 399 moisturizer,0,1,0,3
manfaat witch hazel,0,1,0,29
manislab,0,1,0,30
manufacturing,0,1,0,6
manufaktur di surabaya,0,2,0,10.5
manufaktur kosmetik,0,5,0,19.4
marina expert white & glow moisturizing gel for face & body,0,1,0,3
marketeers transformasi industri kecantikan 2020 2025 dari kuantitas ke kualitas,0,15,0,10.8
marketlab,0,7,0,50.43
markloan,0,7,0,52
masterlab,0,1,0,31
masukkan keranjang,0,16,0,7.81
masukkan keranjang beli sekarang,0,5,0,7.4
masumi beauty indonesia,0,2,0,27
matte lip cream,0,1,0,5
mau,0,6,0,2.5
mavis dreamlab,0,2,0,6
maxie skincare punya siapa,0,1,0,3
maybelline pt apa,0,1,0,3
medikids makassar,0,1,0,5
medithin astaxanthin,0,1,0,3
medorlab,0,2,0,22.5
meiyume,0,1,0,2
membuat brand parfum sendiri,0,1,0,10
membuat parfum,0,1,0,2
membuat video viral,0,6,0,57.5
memutihkan badan pakai apa,0,1,0,3
memutihkan ketiak,0,12,0,34.08
memutihkan ketiak hitam,0,12,0,39.42
mencerahkan ketiak,0,17,0,43.94
mencerahkan ketiak yang hitam,0,1,0,31
mencerahkan kulit ketiak,0,1,0,17
menghitung harga jual produk,0,1,0,3
meracik handbody untuk memutihkan kulit,0,53,0,8.19
meracik hb dosting,0,43,0,8.44
meracik hb sendiri,0,35,0,7.31
merek,0,1,0,6
merek apa,0,1,0,1
merek perawatan tubuh terbaik 2026 indonesia,0,2,0,6
merk cysteamine yang bagus,0,3,0,11.33
merk kosmetik terbaik,0,1,0,54
merk kosmetik terbaik di indonesia,0,1,0,78
merk nya,0,1,0,2
merk odm indonesia,0,1,0,13
merk parfum tahan lama 24 jam pria,0,1,0,3
merk sunblock,0,1,0,48
merk yg bagus,0,1,0,12
metanol untuk parfum,0,1,0,2
micellar water as toner,0,1,0,34
micellar water dan toner apa bedanya,0,1,0,27
micellar water dan toner apakah sama,0,6,0,21
micellar water sama toner apa bedanya,0,2,0,15.5
micellar water vs toner,0,6,0,31.67
mindlab,0,3,0,46.33
mineral sunscreen lokal,0,1,0,12
minum astaxanthin pagi atau malam,0,1,0,3
minyak ginseng untuk rambut,0,3,0,29
minyak wangi alkohol,0,4,0,63.5
miras halal,0,1,0,3
mitcham personal care company ketiak gelap,0,1,0,15
modal,0,1,0,1
modal 20 juta,0,1,0,9
modal awal buka toko kosmetik,0,1,0,2
modal bikin brand parfum sendiri,0,1,0,11
modal bisnis parfum brand sendiri,0,7,0,11.86
modal bisnis skincare,0,3,0,29
modal usaha kosmetik kecil kecilan,0,1,0,76
modal usaha parfum brand sendiri,0,1,0,12
modal usaha skin care,0,6,0,41.83
moell,0,1,0,2
mohamad prapanca kekayaan,0,1,0,3
moisture gel adalah,0,9,0,14.56
moisture gel skintific,0,1,0,3
moisturizer & cream,0,17,0,19.18
moisturizer body massage gel,0,1,0,3
moisturizer cica wardah,0,1,0,3
moisturizer cream gel,0,1,0,16
moisturizer cream vs gel,0,9,0,8
moisturizer dan cream apakah sama,0,8,0,11.75
moisturizer gel,0,7,0,6.71
moisturizer gel cream,0,12,0,7.58
moisturizer gel dan cream,0,8,0,6.5
moisturizer gel untuk apa,0,10,0,9.2
moisturizer gel untuk kulit apa,0,3,0,6
moisturizer gel untuk mencerahkan wajah,0,3,0,3
moisturizer gel vs cream,0,12,0,7.42
moisturizer hni hpai,0,1,0,3
moisturizer itu apa,0,1,0,3
moisturizer latulipe,0,3,0,3
moisturizer marina,0,2,0,2
moisturizer moell,0,2,0,2
moisturizer sama cream apakah sama,0,2,0,7
moisturizer scora hydramoist gel,0,2,0,3
moisturizer skintific biru,0,2,0,3
moisturizer sunscreen lokal,0,39,0,10.23
moisturizer tekstur gel,0,1,0,3
moisturizer the originote,0,4,0,2
moisturizer vs grill,0,1,0,6
moisturizer vs sushi,0,1,0,8
moisturizer wardah gel,0,1,0,3
moisturizing cream adalah,0,3,0,23.67
moisturizing gel adalah,0,12,0,10.67
moisturizing gel untuk apa,0,3,0,10.67
moq,0,4,0,19.25
moq 1000,0,4,0,10
moq skincare,0,5,0,9.8
morlab,0,5,0,44.6
morlab indonesia,0,1,0,19
morlab skincare,0,3,0,39
morlabofficialindonesia,0,1,0,20
mpobulan,0,1,0,12
mushlab,0,1,0,43
mutihin badan pakai apa,0,1,0,3
mypearsonlab,0,2,0,46
nad,0,5,0,43
nad adalah,0,1,0,46
nad beauty,0,3,0,6.33
nad cosmetics,0,1,0,10
nad kosmetik,0,6,0,6.5
nad plus skincare,0,3,0,7.67
nad skincare,0,24,0,7.29
nama brand kosmetik,0,1,0,55
nama brand skincare yang belum dipakai,0,1,0,5
nama pt kosmetik di indonesia,0,3,0,29
nama pt kosmetik yang bagus,0,3,0,8.67
nama pt skincare yang bagus,0,4,0,9.75
natur e moisturizer gel,0,3,0,2.33
natur hair tonic ginseng,0,1,0,3
naturoksi obat apa,0,1,0,2
nazwa skincare viral,0,1,0,1
newlab hb dosting,0,1,0,3
niacinamide,0,1,0,48
niacinamide 2 persen,0,1,0,8
niacinamide 2 persen untuk apa,0,6,0,10.83
niacinamide 2%,0,1,0,3
niacinamide berapa persen untuk mencerahkan kulit,0,1,0,9
nomor 3,0,1,0,1
nomor hape,0,1,0,2
nomor izin edar kosmetik,0,1,0,18
nomor notifikasi kosmetik,0,2,0,12
nomor teleponnya,0,1,0,1
non hydroquinone lightening cream,0,1,0,43
nutrilab,0,2,0,43.5
nutrilab pratama,0,2,0,47
nutrishe moisturizer,0,1,0,3
obao personal care memutihkan ketiak,0,4,0,14.5
obao personal care mencerahkan ketiak,0,7,0,11.86
obat astaxanthin,0,1,0,3
obat asthin force 12 untuk apa,0,1,0,3
obat asthin force untuk apa,0,1,0,3
obat axtan untuk apa,0,1,0,3
odm skincare,0,4,0,9.25
odm vs oem,0,2,0,40
odm white label,0,1,0,7
oem dan odm,0,1,0,68
oem dan odm adalah,0,1,0,55
oem kosmetik,0,1,0,2
oem odm,0,3,0,58
oem odm adalah,0,2,0,46
oem skincare,0,1,0,24
oem skincare indonesia,0,1,0,68
oem vs odm,0,1,0,6
oh iya,0,1,0,2
oil parfum,0,1,0,3
oil perfume body shop,0,1,0,3
ok boleh,0,1,0,5
omg barrier moisture gel,0,1,0,3
omg gel,0,1,0,2
omg moisturizer gel,0,1,0,3
opinionlab,0,1,0,44
opto lumbung sejahtera,0,1,0,67
over panthenol apakah aman,0,1,0,12
owner daviena skincare,0,1,0,4
owner morlab,0,1,0,52
owner skincare terkaya di indonesia,0,1,0,2
oxybiome niacinamide manfaat,0,1,0,25
pabrik,0,1,0,1
pabrik apa aja,0,1,0,8
pabrik bibit parfum di indonesia,0,1,0,1
pabrik fallin beauty,0,1,0,78
pabrik kecantikan,0,4,0,12
pabrik kosmetik,0,264,0,22.25
pabrik kosmetik bandung,0,1,0,9
pabrik kosmetik buduran sidoarjo,0,8,0,10.25
pabrik kosmetik di bali,0,21,0,19.24
pabrik kosmetik di bantul,0,2,0,44.5
pabrik kosmetik di indonesia,0,4,0,14.5
pabrik kosmetik di jawa timur,0,21,0,13.81
pabrik kosmetik di malang,0,9,0,10.56
pabrik kosmetik di medan,0,11,0,9.27
pabrik kosmetik di surabaya,0,37,0,5.95
pabrik kosmetik di tangerang,0,12,0,23.67
pabrik kosmetik gedangan sidoarjo,0,14,0,1
pabrik kosmetik indonesia,0,2,0,11
pabrik kosmetik jakarta,0,5,0,33.8
pabrik kosmetik jawa timur,0,11,0,14.45
pabrik kosmetik malang,0,12,0,10.67
pabrik kosmetik mewah,0,6,0,20
pabrik kosmetik mojokerto,0,1,0,1
pabrik kosmetik pasuruan,0,3,0,4.33
pabrik kosmetik rungkut surabaya,0,2,0,17.5
pabrik kosmetik surabaya timur,0,32,0,11.97
pabrik kosmetik tangerang,0,10,0,28.6
pabrik kosmetik terdekat,0,15,0,7.73
pabrik lipstik,0,13,0,10.62
pabrik make up,0,1,0,11
pabrik maklon,0,12,0,26.67
pabrik maklon indonesia,0,8,0,19.12
pabrik maklon jabodetabek,0,2,0,23
pabrik maklon jakarta,0,1,0,24
pabrik maklon jogja,0,2,0,21.5
pabrik maklon kosmetik,0,4,0,50.75
pabrik maklon kosmetik jakarta,0,2,0,19.5
pabrik maklon kosmetik sidoarjo,0,1,0,11
pabrik maklon kosmetik surabaya,0,111,0,11.16
pabrik maklon kosmetik terpercaya,0,7,0,31.57
pabrik maklon parfum,0,29,0,12.41
pabrik maklon skincare,0,103,0,16.54
pabrik maklon skincare terbaik,0,8,0,5.88
pabrik maklon tangerang,0,4,0,23
pabrik maklon terdekat,0,1,0,4
pabrik manufaktur,0,1,0,48
pabrik manufaktur di surabaya,0,4,0,65.25
pabrik minyak wangi,0,3,0,6.33
pabrik nya,0,1,0,3
pabrik oem,0,1,0,12
pabrik parfum di bali,0,15,0,5.2
pabrik parfum di indonesia,0,42,0,13.17
pabrik parfum indonesia,0,24,0,8.67
pabrik parfum sidoarjo,0,1,0,12
pabrik parfum surabaya pt maklon kosmetik indonesia,0,71,0,8.21
pabrik parfum tangerang,0,1,0,11
pabrik parfum terbesar di indonesia,0,1,0,6
pabrik parfum terdekat,0,31,0,8.81
pabrik parfume,0,8,0,10.5
pabrik pembuatan skincare,0,38,0,10.29
pabrik pt,0,1,0,141
pabrik sabun terdekat,0,1,0,1
pabrik skincare di indonesia,0,65,0,10.32
pabrik skincare halal,0,15,0,26.67
pabrik skincare jakarta,0,1,0,21
pabrik skincare terbesar di indonesia,0,68,0,7.79
pabrik skincare terdekat,0,7,0,6.71
pabrik skintific,0,1,0,2
pabrik terdekat dari lokasi saya,0,1,0,8
packaging parfum mewah,0,9,0,8.22
paket col shopee,0,1,0,3
pameran ici 2026,0,1,0,11
panthenol,0,21,0,32.05
panthenol adalah,0,21,0,35.67
panthenol artinya,0,1,0,14
panthenol buat apa,0,3,0,14
panthenol cocok untuk kulit apa,0,2,0,19.5
panthenol dan niacinamide,0,1,0,59
panthenol for skin,0,2,0,61
panthenol fungsi,0,5,0,65.4
panthenol itu apa,0,1,0,84
panthenol manfaat,0,3,0,22.33
panthenol manfaat untuk wajah,0,2,0,10
panthenol setelah eksfoliasi,0,1,0,8
panthenol skincare,0,4,0,34.25
panthenol untuk apa,0,9,0,28
panthenol untuk kulit,0,5,0,42
panthenol untuk kulit apa,0,5,0,35
panthenol untuk kulit kering,0,38,0,9
panthenol untuk wajah,0,8,0,29.88
parfum,0,4,0,2.25
parfum 2026,0,8,0,10.75
parfum alcohol,0,1,0,11
parfum alkohol,0,12,0,37.33
parfum anak laki laki tahan lama,0,1,0,3
parfum balm,0,4,0,8
parfum beralkohol,0,1,0,3
parfum cewek isi ulang,0,1,0,3
parfum edp,0,7,0,3.14
parfum edp adalah,0,4,0,25
parfum edp dan edt,0,6,0,28.5
parfum edt,0,7,0,31.86
parfum edt adalah,0,2,0,25.5
parfum edt artinya,0,1,0,50
parfum edt dan edp,0,3,0,30.67
parfum edt edp,0,2,0,20
parfum edt itu apa,0,1,0,13
parfum hits 2026,0,4,0,1
parfum hype 2026,0,1,0,21
parfum inspired,0,8,0,11.38
parfum inspired adalah,0,275,0,6.97
parfum inspired artinya,0,202,0,6.72
parfum inspired by,0,2,0,10
parfum joylab,0,2,0,24.5
parfum lokal,0,1,0,9
parfum maklon adalah,0,1,0,12
parfum merek sendiri,0,23,0,57.91
parfum oil based,0,3,0,11.33
parfum oles,0,1,0,2
parfum organik,0,1,0,3
parfum pembangkit gairah wanita,0,1,0,3
parfum pheromone,0,1,0,3
parfum pheromone adalah,0,1,0,13
parfum salsa,0,1,0,3
parfum tahan lama edp atau edt,0,1,0,59
parfum tahan lama isi ulang,0,1,0,3
parfum terbaru 2026,0,12,0,9.58
parfum trend,0,1,0,1
parfum viral 2026,0,6,0,7.83
parfum wangi susu,0,1,0,1
parfum white label,0,1,0,9
parfum yang lagi trend sekarang,0,1,0,1
parfum yang lagi viral 2026 terbaru,0,5,0,8.4
parfum yang mengandung alkohol,0,5,0,12.8
parfum yang sedang trend saat ini,0,3,0,4.33
parfum yang segar dan tahan lama,0,1,0,2
parfum yang tahan lama edt atau edp,0,1,0,33
parfum?,0,1,0,3
parfume,0,1,0,7
parfume 2026,0,3,0,4.67
parfume balm,0,2,0,2
parfume bubble gum,0,1,0,18
parfume edp adalah,0,1,0,3
parfume edt,0,1,0,31
pasar kosmetik,0,3,0,8.67
pbktl,0,14,0,42.14
pekerjaan giorgio antonio,0,1,0,2
pelarut bibit parfum terbaik,0,1,0,3
pelembab gel untuk kulit berminyak,0,1,0,3
pelembab la tulipe,0,1,0,3
pelembab pria,0,1,0,2
pemasaran skincare di tiktok shop,0,9,0,5.89
pembersih lantai,0,1,0,4
pembuat parfum,0,1,0,45
pemilik oriskin,0,1,0,3
pemilik pt sinar alfa omega,0,1,0,3
pemutih ketiak,0,1,0,35
pemutih kulit alami,0,1,0,3
pencerah badan paling ampuh,0,1,0,3
pengencang kulit wajah,0,2,0,1
pengencang muka,0,2,0,8.5
pengencang wajah,0,6,0,10.67
penggunaan hb dosting,0,1,0,10
penyebab ingrown hair,0,16,0,17.12
penyebab rambut kusut,0,1,0,2
peptide+,0,3,0,5.67
perawatan bibir,0,1,0,6
perawatan ketiak agar putih,0,1,0,17
perawatan memutihkan ketiak,0,2,0,30
perbedaan affiliate dan kol,0,22,0,11.14
perbedaan booster dan dosting,0,11,0,1
perbedaan cream dan gel,0,29,0,10.38
perbedaan cream dan moisturizer,0,18,0,15.17
perbedaan dosting dan booster,0,14,0,1.14
perbedaan eau de toilette,0,3,0,27
perbedaan eau de toilette dan eau de parfum,0,1,0,44
perbedaan edc edt edp,0,4,0,13
perbedaan edp,0,2,0,12.5
perbedaan edp dan edt,0,62,0,13.65
perbedaan edp dan edt pada parfum,0,2,0,14
perbedaan edp dan edt parfum,0,2,0,13
perbedaan edp edt,0,142,0,10.22
perbedaan edp edt edc,0,16,0,10.75
perbedaan edp edt edc parfum,0,2,0,11.5
"perbedaan edp, edt edc parfum",0,24,0,11.83
"perbedaan edp, edt, edc parfum",0,1,0,12
perbedaan edt dan edp,0,174,0,11.59
perbedaan edt dan edp parfum,0,1,0,40
perbedaan edt edp,0,18,0,17.11
perbedaan etanol dan alkohol untuk parfum,0,1,0,24
perbedaan gel dan cream,0,79,0,10.39
perbedaan gel dan krim,0,13,0,9.15
perbedaan hb booster dan hb dosting,0,8,0,1.25
perbedaan hb dan dosting,0,14,0,5.57
perbedaan hb dosting dan hb booster,0,24,0,1
perbedaan hb dosting dan hb bpom,0,15,0,8.47
perbedaan hb dosting dan hb whitening,0,16,0,4.75
perbedaan kol dan affiliate,0,37,0,11.3
perbedaan krim dan gel,0,12,0,4.75
perbedaan labore barrier revive cream dan skin nutrition gel,0,1,0,3
perbedaan micellar water dan toner,0,10,0,22.6
perbedaan moist gel dan cream,0,49,0,7.45
perbedaan moisturizer cream dan gel,0,79,0,6.85
perbedaan moisturizer dan cream,0,50,0,12.78
perbedaan oem dan odm,0,4,0,50.75
perbedaan parfum dan edp,0,1,0,34
perbedaan parfum edp dan edt,0,15,0,21.73
perbedaan parfum edt dan edp,0,10,0,20
perbedaan parfume edp dan edt,0,2,0,12.5
perbedaan salep krim dan gel,0,1,0,3
perbedaan salicylic acid dan succinic acid,0,9,0,11.22
perbedaan soothing gel dan moisturizer,0,3,0,9.67
perbedaan succinic acid dan salicylic acid,0,4,0,10.5
perbedaan toner dan micellar water,0,20,0,24.9
perbedaan vitacid gel dan cream,0,2,0,3
perekat wajah biar kencang,0,1,0,10
perfume balm,0,2,0,2.5
periklanan dalam kosmetik,0,10,0,24.4
periklanan kecantikan,0,15,0,15.53
periklanan kosmetik,0,2,0,21.5
perkembangan industri kosmetik di indonesia,0,1,0,14
perlab,0,1,0,38
persentase niacinamide yang aman,0,1,0,11
personal banding,0,1,0,11
personal care company sure ketiak gelap,0,1,0,6
personal care company sure mencerahkan ketiak,0,2,0,8
personal care marketing,0,3,0,24.33
pertumbuhan industri kecantikan di indonesia,0,1,0,10
pertumbuhan industri kosmetik di indonesia,0,3,0,9.33
pertumbuhan industri kosmetik indonesia 2025,0,13,0,3.92
pertumbuhan industri skincare di indonesia,0,2,0,17.5
perusahaan,0,1,0,2
perusahaan beauty di indonesia,0,3,0,10.33
perusahaan kecantikan,0,4,0,26
perusahaan kecantikan terbesar di indonesia,0,1,0,8
perusahaan kosmetik,0,42,0,22.48
perusahaan kosmetik di indonesia,0,18,0,27.11
perusahaan kosmetik di jakarta,0,2,0,21.5
perusahaan kosmetik di tangerang,0,9,0,23.78
perusahaan kosmetik terbesar di indonesia,0,72,0,13.43
perusahaan lainnya,0,1,0,6
perusahaan maklon,0,14,0,43.93
perusahaan maklon di indonesia,0,14,0,13
perusahaan maklon kosmetik,0,15,0,43.2
perusahaan maklon kosmetik di indonesia,0,9,0,11.44
perusahaan maklon skincare,0,42,0,12.9
perusahaan maklon terbesar di indonesia,0,22,0,6.68
perusahaan manufaktur,0,1,0,61
perusahaan parfum,0,4,0,1
perusahaan parfum di indonesia,0,2,0,1
perusahaan parfum terbesar di indonesia,0,2,0,46.5
perusahaan skincare,0,41,0,12.76
perusahaan skincare di indonesia,0,58,0,12.22
pg gel,0,1,0,2
pheromone adalah,0,276,0,6.28
pheromone artinya,0,4,0,9
pheromone itu apa,0,1,0,7
pheromone manusia,0,1,0,5
pheromone perfume adalah,0,2,0,28.5
pho lab,0,1,0,44
physiogel hypoallergenic untuk apa,0,1,0,4
pillars cosmetiklon indonesia,0,1,0,52
pinkberry ceraglow gel moisturizer,0,1,0,3
plan b perfume,0,1,0,34
ponds biome gel pink untuk kulit apa,0,1,0,3
ponds gel cream,0,1,0,2
ponds gel moisturizer,0,1,0,2
ponds hydra miracle gel moisturizer,0,1,0,3
ponds moisturizer gel,0,2,0,4.5
ponds moisturizer gel cream,0,1,0,3
ponds ultra light biome gel,0,2,0,3
ponds ultra light gel moisturizer,0,1,0,3
ponds white gel moisturizer,0,1,0,2
pore refining gel cream skin1004,0,1,0,3
pore refining primer la tulipe,0,1,0,2
positopia lab,0,1,0,29
potong harga di tiktok,0,1,0,1
prioritas jaya indonesia,0,1,0,4
private dream lab,0,1,0,2
private label,0,11,0,48.09
private label cosmetics,0,2,0,12.5
private label cosmetics no minimum,0,1,0,41
private label kosmetik,0,5,0,25.4
private label kozmetik,0,1,0,9
private label parfum,0,4,0,18.5
private label skincare,0,1,0,75
product develop,0,1,0,6
product development,0,6,0,6
produk body lotion yang ampuh memutihkan kulit,0,1,0,3
produk elformula dari negara mana,0,1,0,2
produk hb dosting bpom,0,1,0,1
produk inspired adalah,0,22,0,5.41
produk kecantikan,0,1,0,3
produk make up lokal,0,1,0,2
produk maklon kosmetik,0,1,0,45
produk mengencangkan kult wajah,0,3,0,36
produk morlab,0,1,0,34
produk skincare,0,1,0,2
produk skincare pria,0,1,0,26
produk skincare ramai dibicarakan indonesia 2026,0,14,0,4.93
produk skincare ramai dibicarakan indonesia 2026 komala,0,4,0,8.25
produk skincare trending indonesia 2026,0,9,0,6.89
produk skincare viral indonesia 2026,0,2,0,8
produk styling rambut yang menjaga hidrasi sepanjang hari,0,6,0,16.33
produk untuk mengencangkan kulit wajah,0,3,0,34
produk yang mengandung glycerin,0,5,0,32.8
produksi bodycare dengan standar internasional,0,1,0,45
produksi dimana,0,1,0,2
produksi kosmetik,0,1,0,64
produksi parfum,0,1,0,33
produksi parfum brand sendiri,0,2,0,11
produksi skincare,0,20,0,7.15
produksi skincare indonesia,0,1,0,47
produsen kosmetik di indonesia,0,1,0,28
produsen parfum,0,2,0,1.5
produsen produk kosmetik terkemuka,0,7,0,19
produsen skincare,0,68,0,29.76
profil perusahaannya,0,1,0,3
proses maklon kosmetik,0,3,0,11
protomil hair tonic ginseng,0,1,0,2
pt,0,1,0,2
pt adrindo intiperkasa,0,1,0,3
pt aesthetic and health beauty,0,1,0,3
pt alamanda global health,0,7,0,2.14
pt anjalis,0,1,0,3
pt anjalis group indonesia,0,1,0,4
pt aplus pacific jakarta,0,1,0,2
pt arina multikarya jakarta,0,1,0,2
pt arina multikarya malang,0,1,0,3
pt athena royal kosmetika,0,1,0,4
pt atsiri jamalindo jaya,0,2,0,48.5
pt benberg arome indonesia,0,1,0,2
pt bersama bina bahagia,0,2,0,42
pt bonecom tricom group,0,1,0,2
pt cantik alami sehat,0,1,0,3
pt carissa mega pesona,0,1,0,3
pt cikos indonesia,0,2,0,5
pt credo indonesia,0,1,0,56
pt cs2 pola sehat tangerang,0,1,0,2
pt david bintang jaya,0,2,0,52
pt dbi,0,2,0,48.5
pt derma enom farma,0,2,0,41
pt derma lab asia,0,1,0,32
pt dewi buana mulia,0,3,0,70.33
pt dream plastic indonesia,0,1,0,59
pt dream wear,0,1,0,44
pt enam sembilan farma,0,1,0,56
pt erfi karya abadi,0,1,0,38
pt essential,0,1,0,2
pt formula jelita internasional,0,1,0,44
pt garland cantik indonesia,0,1,0,53
pt garuda jelajah nusantara,0,1,0,44
pt gloria origita cosmetics,0,1,0,49
pt inovasi teknologi kosmetika,0,3,0,1
pt jampalan baru,0,1,0,64
pt janing dermagio kosmetik,0,4,0,43
pt karya,0,1,0,142
pt kecantikan,0,3,0,13.67
pt kecantikan di indonesia,0,4,0,11.25
pt kinglab indonesia,0,2,0,49
pt kosmetik,0,5,0,6.4
pt kosmetik di indonesia,0,1,0,4
pt kosmetik indonesia,0,2,0,33.5
pt kosmetik terbesar di indonesia,0,15,0,12.47
pt kosmetika global indonesia surabaya,0,1,0,2
pt l essential,0,1,0,56
pt l'essential,0,1,0,50
pt lainnya,0,1,0,7
pt lkb,0,1,0,48
pt loreal indonesia,0,1,0,2
pt mag trada indonesia jakarta selatan,0,1,0,4
pt makeup,0,1,0,1
pt maklon,0,4,0,5.25
pt maklon kosmetik,0,7,0,29.71
pt maklon kosmetik indonesia,0,2,0,2
pt maklon kosmetik indonesia surabaya,0,1,0,10
pt marketing,0,1,0,10
pt masumi beauty indonesia,0,2,0,53
pt meccaya,0,1,0,3
pt mitra harapan mandiri,0,2,0,56
pt mkb,0,1,0,55
pt nayue biotech indonesia,0,2,0,2
pt nose herbalindo bogor,0,1,0,3
pt nusantara wellness group,0,1,0,5
pt nutrilab innovate care,0,1,0,24
pt nutrilab pratama,0,1,0,46
pt nya,0,1,0,2
pt nya dimana,0,1,0,4
pt one ject indonesia,0,1,0,3
pt pesona bintang utama,0,3,0,51.33
pt pillars,0,1,0,74
pt pillars cosmetiklon indonesia,0,1,0,4
pt refli kosmedika lab,0,1,0,30
pt ristra laboratoris indonesia,0,1,0,31
pt sempurna medilab indonesia,0,2,0,58
pt sinar alfa omega,0,1,0,2
pt skin lab indonesia,0,1,0,39
pt skincare,0,6,0,15.5
pt skincare di indonesia,0,47,0,9.89
pt skincare indonesia,0,3,0,9.67
pt skinsol kosmetik industri,0,1,0,2
pt skintific indonesia,0,1,0,3
pt stc sarana estetika,0,1,0,3
pt sumber kosmetika indah,0,1,0,3
pt tecno glow innovation,0,1,0,54
pt trixie,0,1,0,4
pt unza vitalis salatiga,0,1,0,2
pt urban asia industri,0,1,0,2
pt valencia organika global,0,1,0,5
pt victoria care indonesia tbk semarang,0,1,0,3
pt vitapharm surabaya,0,2,0,2
pt wahana kosmetika indonesia,0,1,0,2
pt yusung advance indonesia,0,1,0,3
pt. derma enom farma,0,2,0,2
pt. mash moshem indonesia,0,1,0,5
pt. nayue biotech indonesia,0,1,0,3
pt. setia kawan abadi foto,0,1,0,2
puputan pharma mangala,0,2,0,61.5
pusat kosmetik surabaya,0,2,0,8.5
putihkan ketiak,0,2,0,41
racik handbody pemutih ampuh,0,3,0,6
racik hb,0,1,0,5
racik hb sendiri,0,49,0,8.06
racikan body care,0,7,0,7.43
racikan body lotion untuk memutihkan kulit,0,50,0,9.98
racikan buat kulit putih,0,6,0,8.83
racikan handbody,0,49,0,8.59
racikan handbody agar cepat putih,0,37,0,8.84
racikan handbody agar kulit putih,0,17,0,8.18
racikan handbody marina,0,1,0,3
racikan handbody paling ampuh,0,1,0,6
racikan handbody pemutih,0,260,0,8.62
racikan handbody pemutih ampuh 7 hari,0,1,0,11
racikan handbody pemutih kulit paling ampuh,0,9,0,7.11
racikan handbody pemutih paling ampuh,0,17,0,10
racikan handbody pemutih yang aman,0,106,0,9.6
racikan handbody untuk memutihkan kulit,0,13,0,9.77
racikan hb ampuh mencerahkan kulit,0,4,0,9
racikan hb bikin putih,0,34,0,8.74
racikan hb dosting ampuh mencerahkan kulit,0,3,0,8.67
racikan hb dosting apa saja,0,8,0,3.75
racikan hb pemutih,0,12,0,9.08
racikan hb pemutih badan,0,15,0,8
racikan hb pemutih yang aman,0,60,0,8.25
racikan hb yang ampuh memutihkan,0,12,0,7.08
racikan lotion,0,1,0,11
racikan lotion pemutih,0,3,0,7.33
racikan lotion pemutih badan,0,16,0,8.19
racikan pemutih,0,12,0,9.92
racikan pemutih badan alami,0,98,0,10.33
racikan pemutih badan buatan sendiri,0,4,0,5.75
racikan pemutih badan paling ampuh alami,0,8,0,10.12
racikan pemutih kulit buatan sendiri,0,15,0,6.8
racikan sendiri,0,4,0,7.25
racikan untuk memutihkan badan,0,18,0,8.17
rahasia devina,0,2,0,14.5
raibu natural astaxanthin,0,1,0,3
rambut crush,0,1,0,3
rambut tumbuh ke dalam,0,29,0,44.41
rambut yang tumbuh ke dalam,0,1,0,63
rata2,0,1,0,2
rebrand skincare,0,1,0,8
reed diffuser,0,1,0,5
reino barack,0,6,0,2.83
reino barak,0,1,0,3
rekomendasi hb dosting bpom,0,1,0,3
rekomendasi hybrid sunscreen lokal,0,2,0,26
rekomendasi parfum anak,0,1,0,3
rekomendasi pemutih badan,0,1,0,3
rekomendasi physical sunscreen lokal,0,2,0,27
rekomendasi primer parfum,0,1,0,12
rekomendasi produk perawatan kulit 2026,0,2,0,16
rekomendasi skincare pria,0,2,0,30
rekomendasi sunblock,0,4,0,15.25
rekomendasi sunscreen,0,1,0,21
rekomendasi sunscreen lokal,0,4,0,15.75
rekomendasi sunscreen terbaik 2026 indonesia,0,4,0,19
rekomendasi sunscreen terbaik untuk kulit indonesia 2026,0,2,0,13
resep handbody pemutih racikan dokter,0,8,0,10.38
resep handbody racikan,0,16,0,8.69
resep handbody racikan farmasi,0,9,0,9.78
resep hb,0,11,0,8.36
resep hb dosting,0,6,0,9.5
resep hb dosting ampuh mencerahkan,0,3,0,7.67
resep hb dosting farmasi,0,1,0,4
resep hb dosting paling ampuh,0,11,0,6.91
resep hb dosting racikan,0,16,0,5.44
resep hb farmasi,0,8,0,9.38
resep hb pemutih,0,8,0,7.62
resep hb pemutih badan,0,21,0,6.33
resep hb racikan,0,56,0,8.04
resep hb racikan aman,0,7,0,9.14
resep hb racikan ampuh,0,11,0,8.18
resep hb racikan bpom,0,2,0,8
resep hb racikan bugis,0,8,0,5.38
resep hb racikan dosting,0,9,0,8.56
resep hb racikan makassar,0,2,0,6
resep hb racikan paling ampuh,0,5,0,6.4
resep hb racikan pemutih,0,27,0,6.15
resep hb racikan pemutih ampuh,0,12,0,5.42
resep hb racikan sulawesi,0,1,0,11
resep racikan,0,1,0,6
resep racikan handbody,0,31,0,8.48
resep racikan handbody dosting,0,11,0,7.91
resep racikan handbody pemutih kulit,0,137,0,7.32
resep racikan hb,0,31,0,8.35
resep racikan hb dosting,0,5,0,9
resep racikan hb farmasi,0,1,0,4
resep racikan pemutih badan,0,29,0,6.41
revlon indonesia,0,5,0,48.2
riset pasar,0,1,0,2
roll on,0,3,0,57
rupiahnya,0,1,0,1
sablon sabun,0,1,0,4
sabun,0,1,0,8
sabun apa yang bisa memutihkan kulit,0,1,0,3
sabun cair yang memutihkan badan,0,1,0,3
sabun pemutih badan yang ampuh,0,1,0,3
sample minyak telon gratis,0,1,0,41
sanoxical 4 mg obat apa,0,1,0,3
saya beauty,0,1,0,2
"saya ingin mencoba produk baru untuk perawatan tubuh, merek apa yang terkenal saat ini?. my location is indonesia.",0,13,0,4.46
saya ingin solusi skin barrier anti-aging—apa produk atau jenis teknologi yang sedang berkembang di pasaran id?,0,2,0,1
saya tinggal di indonesia. beri saya daftar produk rambut sehat yang dikenal memiliki kualitas paling bagus.,0,1,0,1
saya tinggal di indonesia. berikan saya daftar merek perawatan rambut yang layak dipertimbangkan.,0,1,0,1
saya tinggal di indonesia. berikan saya daftar produk perawatan rambut yang dikenal memiliki kemasan paling baik.,0,1,0,1
saya tinggal di indonesia. berikan saya daftar produk perawatan rambut yang dikenal memiliki kualitas terbaik.,0,2,0,1
saya tinggal di indonesia. berikan saya daftar produk perawatan rambut yang memiliki efektivitas paling baik.,0,1,0,1
saya tinggal di indonesia. berikan saya daftar produk untuk rambut rontok yang dikenal memiliki ketersediaan terbaik.,0,1,0,1
saya tinggal di indonesia. bisa beritahu saya produk apa untuk kulit kepala berminyak yang punya kandungan yang bagus?,0,1,0,1
saya tinggal di indonesia. bisakah anda beri tahu saya produk rambut sehat apa saja yang mudah digunakan?,0,1,0,1
saya tinggal di indonesia. bisakah anda beritahu saya produk perawatan rambut sehat apa saja yang efektif?,0,1,0,1
saya tinggal di indonesia. bisakah anda memberi tahu saya produk rambut sehat apa saja yang kualitasnya bagus?,0,1,0,1
saya tinggal di indonesia. bisakah kamu tunjukkan beberapa pilihan merek perawatan rambut untuk saya?,0,1,0,1
saya tinggal di indonesia. carikan saya pilihan produk perawatan rambut dari merek dengan reputasi terbaik.,0,1,0,1
"saya tinggal di indonesia. kalau saya ingin mulai rutin perawatan rambut, sebaiknya pilih merek apa?",0,1,0,1
saya tinggal di indonesia. produk atau perawatan apa untuk rambut sehat yang punya ketersediaan terbaik di pasaran?,0,1,0,1
saya tinggal di indonesia. produk perawatan rambut apa yang efektivitasnya paling baik?,0,3,0,1
saya tinggal di indonesia. produk perawatan rambut apa yang memiliki kualitas terbaik?,0,23,0,7.91
saya tinggal di indonesia. produk perawatan untuk rambut sehat apa yang punya efektivitas terbaik?,0,1,0,1
saya tinggal di indonesia. produk untuk rambut sehat apa yang memiliki kualitas terbaik?,0,1,0,1
"saya tinggal di indonesia. saya ingin membeli produk untuk kulit kepala berminyak, merek mana yang ulasannya paling bagus?",0,1,0,1
saya tinggal di indonesia. saya ingin produk perawatan rambut dengan efektivitas yang sangat tinggi.,0,1,0,10
saya tinggal di indonesia. tolong carikan saya beberapa pilihan produk perawatan rambut dengan kualitas terbaik.,0,1,0,1
scora hydramoist gel,0,1,0,3
scora moisturizer hydramoist gel,0,1,0,3
scrub mencerahkan badan,0,1,0,3
selain itu,0,1,0,1
selain itu ada ga,0,1,0,1
selain itu ada lagi gak,0,1,0,3
selain itu merk apa lagi,0,1,0,6
semilir salatiga,0,1,0,4
senka deep moist gel cream,0,1,0,3
sensitive moisture gel skintific,0,1,0,3
serum exosome,0,1,0,8
serum lab,0,2,0,1.5
serum pemutih ketiak,0,1,0,4
shampoo merker,0,1,0,31
sharleez body lotion apakah sudah bpom,0,1,0,3
shinlab,0,1,0,38
showcase tiktok shop,0,1,0,12
siapa heni sagara,0,3,0,2.33
siapa ownernya,0,1,0,1
sigviolet,0,1,0,13
singkatan hb dosting,0,2,0,2.5
skin care,0,1,0,3
skin care affiliate program,0,1,0,11
skin care brand,0,2,0,52
skin care cowo,0,1,0,34
skin care cowok,0,2,0,28.5
skin care for men,0,3,0,43
skin care mahal di indonesia,0,1,0,31
skin care manufacturer,0,1,0,73
skin care production,0,1,0,41
skin care untuk pria,0,1,0,24
skin manufacturing,0,6,0,68.17
skin topical use suitable for all seasons obat apa,0,8,0,5.12
skincare 2026,0,1,0,20
skincare affiliate,0,14,0,21.14
skincare affiliate adalah,0,30,0,15.63
skincare affiliate indonesia,0,9,0,15.89
skincare bali,0,4,0,25
skincare basic buat cowok,0,1,0,14
skincare basic pria,0,6,0,32.33
skincare batam,0,3,0,9
skincare buat cowo,0,1,0,24
skincare cowok,0,1,0,31
skincare dari bali,0,1,0,1
skincare di tt crt glowing,0,1,0,10
skincare for men,0,3,0,28
skincare hb dosting,0,1,0,3
skincare hydrating mana yang paling cocok untuk cuaca panas dan lembap?,0,1,0,11
skincare indonesia terbaik,0,2,0,9
skincare komala indonesia review tren 2026,0,7,0,15
skincare lab,0,10,0,46
skincare laki laki,0,1,0,12
skincare launch,0,1,0,6
skincare lokal pria,0,1,0,47
skincare mahal di indonesia,0,1,0,55
skincare maklon,0,1,0,4
skincare manufacturer,0,2,0,39
skincare manufacturing,0,1,0,2
skincare nad,0,1,0,7
skincare nad+,0,1,0,6
skincare no 1 di indonesia,0,34,0,11.5
skincare no 1 di indonesia 2026,0,4,0,6
skincare no. 1 di indonesia,0,27,0,11.85
skincare nomor 1 di indonesia,0,5,0,27.6
skincare odm,0,13,0,7.31
skincare oem,0,1,0,12
skincare pria,0,5,0,29
skincare production,0,1,0,24
skincare surabaya,0,1,0,11
skincare terbaik 2026,0,2,0,11.5
skincare terbaik 2026 rekomendasi,0,1,0,8
skincare terbaik di indonesia,0,6,0,15.83
skincare terbaik di indonesia 2026,0,13,0,6.92
skincare terbaik no 1 di indonesia,0,10,0,9.9
skincare terbaik no 1 di indonesia 2026,0,24,0,3.54
skincare terbaru 2026,0,2,0,9.5
skincare terlaris 2026,0,10,0,6.3
skincare trend 2026,0,1,0,9
skincare untuk cowok,0,2,0,22.5
skincare untuk laki laki kulit kering,0,3,0,38.33
skincare untuk pria,0,1,0,33
skincare viral indonesia 2026,0,3,0,8.67
skincare viral tiktok indonesia 2026,0,1,0,16
skincare wajah pria,0,1,0,25
skincare wajib pria,0,13,0,17.08
skincare white label,0,8,0,8.62
skincare yang bpom,0,1,0,1
skincare yang cocok untuk laki laki,0,1,0,17
skincare yang lagi booming,0,1,0,15
skinlab,0,1,0,57
skintific 377 dark spot moisture gel,0,2,0,3
skintific 5x ceramide barrier moisture gel,0,1,0,3
skintific 5x ceramide barrier repair moisture gel light texture,0,1,0,3
skintific dark spot moisture gel,0,1,0,3
skintific ectoin skin cream gel moisturizer,0,1,0,3
skintific moisturizer gel sensitive,0,1,0,3
skintific pdrn bright & smooth moisture gel,0,2,0,3
skintific sensitive moisture gel,0,1,0,3
skintific sensitive moisture gel dipakai kapan,0,1,0,3
skintific truffle biome skin cream gel moisturizer,0,1,0,3
skylab indonesia,0,1,0,42
slavina body lotion,0,1,0,4
soapkini,0,1,0,25
software bisnis skincare,0,6,0,54.5
solvent adalah,0,1,0,3
solvent parfum,0,1,0,3
solviol adalah,0,1,0,3
soothing gel dari trueve untuk apa,0,1,0,2
soothing gel herbalife,0,1,0,3
speedlab indonesia,0,1,0,50
spesialis formulasi kosmetik in indonesia,0,3,0,11.33
start a skincare brand,0,1,0,56
state of beauty 2025,0,1,0,10
strategi pertumbuhan perusahaan skincare digital indonesia,0,1,0,11
studio dream lab surabaya,0,1,0,12
sumber datanya,0,1,0,13
sunblock lokal,0,2,0,9
sunblock lokal terbaik,0,7,0,11.43
sunblock yang bagus,0,1,0,44
suncreen terbaik,0,1,0,1
sunscreen,0,1,0,1
sunscreen brand lokal,0,10,0,11.3
sunscreen indonesia,0,2,0,27.5
sunscreen lokal,0,27,0,16.48
sunscreen lokal indonesia,0,5,0,12.4
sunscreen lokal yang bagus,0,2,0,13
sunscreen lokal yang mengandung titanium dioxide dan zinc oxide,0,1,0,23
sunscreen rekomen,0,1,0,24
sunscreen silicone based lokal,0,1,0,22
sunscreen terbaik,0,1,0,24
sunscreen terbaik indonesia,0,2,0,22
sunscreen trend,0,5,0,3.4
super glutathione #astaxanthin apakah aman,0,1,0,3
super glutathione astaxanthin,0,1,0,3
super glutathione astaxanthin apakah sudah bpom,0,2,0,3
suplemen astaxanthin yang bagus,0,1,0,3
suplemen astria untuk apa,0,1,0,3
supplier kosmetik,0,1,0,2
sure personal care memutihkan ketiak,0,2,0,18
susu dan madu,0,1,0,7
sutandi purnomosidi,0,1,0,2
suzi glow astaxanthin,0,2,0,3
swisse collagen complex untuk apa,0,1,0,3
syarat keranjang di ig,0,7,0,7.43
syarat keranjang kuning,0,2,0,9.5
syarat maklon kosmetik,0,3,0,21.67
syarat nya,0,1,0,4
syarat nya apa saja,0,1,0,3
symradiance 399,0,1,0,3
tahan lama edp atau edt,0,1,0,23
target pasar,0,1,0,2
target pasar skincare,0,22,0,26.14
tekstur moisturizer untuk kulit kombinasi,0,1,0,2
telepon,0,1,0,1
tera laboratorium indonesia,0,1,0,38
terra pafe perfume balm,0,1,0,1
testimoni pheromone,0,1,0,10
the body shop perfume oil,0,1,0,3
the cre8ion lab,0,1,0,37
the dreamlab,0,1,0,1
the originote brand mana,0,1,0,3
the originote hyalucera moisturizer gel,0,1,0,3
tiktok eksklusif free,0,6,0,11.5
tiktok khusus pelanggan gratis,0,2,0,10.5
tinted sunscreen lokal,0,2,0,19.5
tips cara pemakaian hb dosting,0,2,0,9
tips memutihkan ketiak,0,13,0,39.85
tips mencerahkan ketiak,0,1,0,36
tisha beauty punya siapa,0,1,0,3
toko kosmetik,0,1,0,3
toko kosmetik adalah,0,8,0,8.88
toko kosmetik di tangerang,0,2,0,31.5
toko kosmetik itu apa,0,2,0,10
toko kosmetik kecil kecilan,0,1,0,15
toko kosmetik pasuruan,0,1,0,31
toko kosmetik rumahan,0,1,0,55
tone up body lotion yang bagus,0,1,0,2
toner dan micellar water apa bedanya,0,1,0,16
toner dan micellar water apakah sama,0,6,0,24.5
toner micellar water,0,1,0,40
top 50 brand skincare indonesia,0,1,0,5
top brand skincare 2026,0,2,0,21
top skincare brands indonesia 2026,0,1,0,7
transparent soap,0,2,0,2
treatment salon,0,1,0,3
tren bisnis kecantikan,0,21,0,30.24
tren kecantikan,0,3,0,7
tren kecantikan indonesia 2026,0,3,0,14
tren kecantikan saat ini,0,5,0,9.6
tren kosmetik 2026,0,1,0,11
tren makeup 2026,0,1,0,1
tren makeup 2026 indonesia,0,1,0,11
tren mekap terbaru 2026,0,1,0,10
tren parfum,0,11,0,8.45
tren parfum 2026 indonesia,0,12,0,6.17
tren skincare,0,12,0,25.25
tren skincare 2026,0,9,0,7.33
tren skincare 2026 indonesia,0,3,0,6.67
tren skincare indonesia 2026,0,2,0,14
tren skincare paling populer tahun 2026 untuk kesehatan kulit,0,1,0,10
tren skincare terbaru,0,3,0,13.67
tren sunscreen,0,30,0,6.03
trend parfum,0,8,0,8.88
trend parfum 2026,0,15,0,8.47
trend skincare,0,1,0,8
trend skincare 2026,0,6,0,12.5
trend sunscreen,0,1,0,18
trimlab,0,1,0,25
triszie lab indonesia-maklon skincare & kosmetik,0,72,0,15.53
tugas affiliate skincare,0,20,0,29.65
tujuan bisnis,0,2,0,3.5
tukang kosmetik terdekat,0,1,0,8
ulasan pt danz nine indonesia,0,1,0,2
ulasan pt. derma enom farma,0,1,0,2
"ulasan pt. kemas indah maju, plant alpha",0,1,0,2
unboxing parfum pecah,0,3,0,10
untuk bisnis,0,1,0,2
untuk kulit,0,1,0,4
untuk kulit kering lebih baik gel atau cream,0,5,0,10.8
untuk memutihkan ketiak,0,4,0,30.25
untuk mencerahkan ketiak,0,3,0,38
untuk mengencangkan kulit,0,1,0,8
untuk parfum,0,1,0,1
untuk rambut keriting,0,1,0,2
untuk wajah?,0,1,0,10
urutan brand skincare terbaik di indonesia,0,2,0,10
urutan ketahanan parfum,0,1,0,3
urutan produk skincare terbaik di indonesia,0,1,0,11
urutan skincare terbaik di indonesia,0,20,0,13
usaha skincare,0,2,0,28
varian fresh parfum,0,1,0,2
varian hmns,0,1,0,3
varian parfum,0,1,0,31
vendor lain,0,1,0,1
viral beauty products 2026,0,2,0,8.5
viral skincare 2026,0,1,0,29
virality adalah,0,1,0,11
vitacid gel dan cream bedanya apa,0,3,0,2.67
vitamin c yang bagus untuk kulit,0,1,0,27
vitamin c yang bagus untuk memutihkan kulit,0,2,0,48
viva cosmetics punya siapa,0,1,0,2
viva moisturizer gel,0,3,0,3
viva moisturizer gel hydra lift,0,1,0,3
wajah berminyak karena apa,0,1,0,2
waktu terbaik minum astaxanthin,0,1,0,2
wangi parfum cowok yang disukai wanita,0,1,0,3
wangi parfum wanita isi ulang,0,1,0,3
wardah 14x hyaluron + pentavitin deep water restore gel moisturizer,0,1,0,3
wardah aloe hydramild moisturizer cream,0,2,0,3
wardah calm & soothe gel moisturizer,0,2,0,3
wardah dark spot corrector gel moisturizer,0,1,0,3
wardah lightening moisturizer gel,0,1,0,3
wardah moisturizer gel,0,1,0,3
wardah moisturizer gel symradiance untuk kulit apa,0,1,0,2
wardah plump & firm gel moisturizer,0,2,0,3
wardah plump & firm gel moisturizer untuk apa,0,1,0,2
wardah plump & firm gel moisturizer untuk kulit apa,0,1,0,3
wardah plump & firm gel moisturizer untuk usia berapa,0,1,0,3
wardah purifying moisturizer gel with witch hazel,0,1,0,4
wardah tranexamic α-arbutin + 5 niacinamide dark spot corrector gel moisturizer 30 g,0,1,0,3
wardah vitamin c + adenosine radiant charge gel moisturizer,0,1,0,3
wat is edt,0,1,0,10
waterless beauty,0,5,0,4.2
waterless skincare,0,1,0,10
where to get free samples,0,2,0,12.5
white inc body lotion apakah sudah bpom,0,1,0,2
white inc produk mana,0,1,0,3
white label kosmetik,0,4,0,10.75
white label skin care,0,2,0,48.5
white label skincare,0,16,0,16.06
whitelab pt apa,0,1,0,37
witch hazel adalah,0,4,0,34.75
witch hazel untuk wajah,0,1,0,20
xidane natural astaxanthin 4 mg obat untuk apa,0,1,0,3
y,0,1,0,4
ya,0,17,0,4.76
ya bantu saya,0,1,0,5
ya mau,0,1,0,1
ya saya mau keduanya,0,1,0,1
yah,0,1,0,12
yang ada di indo,0,1,0,9
yang di batam,0,1,0,4
yang lagi tren sekarang,0,1,0,9
yang lagi trend sekarang,0,1,0,2
yang lain,0,2,0,3.5
yang lain?,0,1,0,1
yang mana paling bagus?,0,1,0,3
yang paling efektif apa,0,1,0,1
yang paling murah yang mana,0,1,0,2
yang terbaik apa?,0,1,0,6
yang terbaru,0,1,0,3
yellow cart,0,1,0,3
yellow cart adalah,0,1,0,32
yes names,0,1,0,3
yg lain,0,1,0,6
yg lain lagi,0,1,0,1
you radiance renewal brightening moisturizer gel,0,1,0,3
zillow+skincare,0,1,0,1
zinc oxide sunscreen lokal,0,5,0,10
zinc untuk jerawat,0,1,0,6
