query,clicks,impressions,ctr,position
dreamlab,848,3746,0.226375,3.68
dream lab,188,1349,0.139362,2.11
pt karya impian laboratoris,150,2146,0.069897,8.14
cara menambahkan keranjang di instagram,92,1666,0.055222,1.8
dreamlab kosmetik,84,876,0.09589,1.1
cara memunculkan keranjang di instagram,80,1024,0.078125,1.64
karya impian laboratoris,68,439,0.154897,1.35
dreamlab surabaya,66,777,0.084942,1.08
maklon parfum surabaya,62,1759,0.035247,7.91
maklon pkrt,53,512,0.103516,7.62
data pertumbuhan industri kosmetik di indonesia 2025,51,483,0.10559,3.62
cara menambahkan keranjang di reels instagram,40,411,0.097324,1.4
cara menautkan keranjang di instagram,39,795,0.049057,1.93
syarat keranjang di instagram,34,362,0.093923,1.94
keranjang instagram,32,316,0.101266,2.87
fitur keranjang di instagram,30,408,0.073529,2.54
keranjang di instagram tidak muncul,30,588,0.05102,2.19
maklon kosmetik surabaya,29,1035,0.028019,15.19
perkembangan industri kecantikan di indonesia 2025,26,98,0.265306,2.13
cara memunculkan tautan produk di instagram,25,349,0.071633,2.9
pt karya impian laboratoris surabaya,23,327,0.070336,1.03
cara menambah keranjang di instagram,21,298,0.07047,1.9
maklon parfum bali,21,352,0.059659,4.33
menambahkan keranjang di instagram,21,141,0.148936,1.46
cara menambahkan keranjang di ig,19,304,0.0625,1.84
cara aktifkan keranjang di instagram,18,348,0.051724,2.4
cara menambahkan keranjang kuning di instagram,18,548,0.032847,2.31
cara menampilkan keranjang di instagram,18,245,0.073469,1.67
keranjang di instagram,18,270,0.066667,2.72
maklon skincare surabaya,18,755,0.023841,16.69
cara keranjang kuning di instagram,17,240,0.070833,2.43
cara masukin keranjang di instagram,17,318,0.053459,2.28
alat pengencang wajah terbaik,16,518,0.030888,2.8
maklon parfum jakarta,16,364,0.043956,11.04
maklon parfum moq rendah,16,296,0.054054,7.64
cara menambahkan link produk di reels instagram,15,525,0.028571,3.2
cara mengaktifkan keranjang di instagram,15,217,0.069124,1.67
maklon surabaya,15,358,0.041899,6.83
maklon skincare terbaik,14,1288,0.01087,19.32
cara tambah keranjang di instagram,13,174,0.074713,1.93
pabrik parfum,13,748,0.01738,11.0
maklon deodorant,12,46,0.26087,20.76
maklon kosmetik jawa timur,12,471,0.025478,13.65
maklon parfum,12,980,0.012245,38.45
cara membuat keranjang di instagram,11,178,0.061798,1.89
maklon reed diffuser,11,92,0.119565,9.11
syarat keranjang kuning instagram,11,118,0.09322,2.64
cara memasukkan keranjang di instagram,10,82,0.121951,1.87
cara menautkan keranjang shopee di instagram,10,134,0.074627,2.76
cara menyematkan keranjang di instagram,10,147,0.068027,1.9
cara menambah keranjang kuning di instagram,9,101,0.089109,2.09
data penjualan skincare di indonesia 2025,9,273,0.032967,4.68
data pertumbuhan industri kosmetik di indonesia,9,141,0.06383,2.36
keranjang kuning instagram,9,360,0.025,4.33
maklon kosmetik,9,818,0.011002,21.81
maklon parfum terbaik,9,334,0.026946,7.14
cara menautkan produk di instagram,8,411,0.019465,3.17
maklon parfum jawa timur,8,177,0.045198,7.25
maklon skincare terbaik di indonesia,8,206,0.038835,4.41
cara keranjang di instagram,7,142,0.049296,2.45
cara masukan keranjang di instagram,7,104,0.067308,2.15
cara memasukan keranjang di instagram,7,86,0.081395,1.92
cara membuat hb dosting,7,391,0.017903,5.76
cara tautkan keranjang di instagram,7,193,0.036269,1.73
keranjang putih instagram,7,352,0.019886,5.83
pabrik parfum surabaya,7,612,0.011438,8.53
pt. karya impian laboratoris,7,30,0.233333,2.23
cara membuat handbody racikan sendiri agar cepat putih,6,1789,0.003354,8.01
cara menambahkan keranjang shopee di instagram,6,108,0.055556,2.14
cara pasang keranjang di instagram,6,64,0.09375,1.78
cara sematkan keranjang di instagram,6,48,0.125,1.9
maklon kosmetik makassar,6,107,0.056075,19.48
cara buat keranjang di instagram,5,173,0.028902,2.65
cara menambahkan keranjang kuning di ig,5,85,0.058824,2.71
cara menautkan produk di reels instagram,5,75,0.066667,2.55
keranjang di reels instagram,5,24,0.208333,1.62
keranjang kuning di instagram,5,133,0.037594,3.79
keranjang shopee di instagram,5,21,0.238095,1.19
maklon bodycare,5,272,0.018382,17.25
maklon jawa timur,5,62,0.080645,13.63
maklon parfum malang,5,161,0.031056,5.37
pabrik parfum jakarta,5,236,0.021186,6.72
pertumbuhan industri kosmetik di indonesia 2025,5,21,0.238095,2.43
skincare trend 2026,5,26,0.192308,8.08
cara buat keranjang kuning di instagram,4,90,0.044444,3.09
cara membuat keranjang kuning di instagram,4,70,0.057143,3.21
cara memunculkan keranjang putih di instagram,4,53,0.075472,2.36
cara tautkan produk di ig,4,89,0.044944,3.51
dreamlab indonesia,4,12,0.333333,1.17
dreamlabs,4,186,0.021505,5.73
kata-kata promosi produk kecantikan,4,512,0.007812,5.84
kata-kata promosi skincare yang menarik,4,795,0.005031,5.65
maklon kosmetik bandung,4,315,0.012698,11.91
maklon kosmetik sidoarjo,4,184,0.021739,21.8
maklon kosmetik terbaik,4,665,0.006015,28.17
maklon shampoo,4,366,0.010929,41.82
maklon skincare,4,934,0.004283,48.34
pabrik kosmetik sidoarjo,4,200,0.02,9.54
pabrik skincare surabaya,4,121,0.033058,6.4
perusahaan kosmetik di surabaya,4,278,0.014388,14.18
syarat keranjang putih instagram,4,111,0.036036,2.6
3 basic skincare pria,3,374,0.008021,8.04
alkohol terbaik untuk parfum,3,60,0.05,6.62
cara buat hb dosting,3,75,0.04,4.28
cara memunculkan keranjang di ig,3,51,0.058824,1.16
cara memunculkan keranjang kuning di instagram,3,49,0.061224,2.14
cara menambahkan keranjang putih di instagram,3,90,0.033333,1.94
cara meracik hb dosting sendiri,3,238,0.012605,6.53
cara nautin keranjang di ig,3,53,0.056604,3.04
data pengguna skincare di indonesia 2025,3,50,0.06,3.88
data penjualan kosmetik di indonesia 2025,3,46,0.065217,4.07
hb dosting adalah,3,614,0.004886,2.32
jasa maklon kosmetik,3,86,0.034884,25.92
kenapa keranjang di instagram tidak muncul,3,47,0.06383,3.11
maklon dry shampoo,3,39,0.076923,15.72
maklon foot care,3,462,0.006494,15.46
maklon kosmetik terdekat,3,32,0.09375,7.28
maklon parfum bekasi,3,53,0.056604,8.64
maklon pomade,3,3,1,16.67
maklon skincare bandung,3,495,0.006061,12.41
maklon skincare tangerang,3,68,0.044118,6.54
pabrik kosmetik surabaya,3,749,0.004005,13.81
pabrik skincare,3,918,0.003268,12.89
perusahaan skincare terbesar di indonesia,3,288,0.010417,7.82
tautkan produk di instagram tidak muncul,3,39,0.076923,5.08
alkohol untuk parfum,2,684,0.002924,3.29
apa itu hb dosting,2,203,0.009852,1.99
bahan handbody racikan cepat putih,2,235,0.008511,7.82
cara membuat handbody racikan putih permanen,2,301,0.006645,7.92
cara menambahkan keranjang kuning di reels instagram,2,10,0.2,1.8
cara menambahkan link produk di instagram,2,46,0.043478,6.37
cara meracik handbody pemutih yang aman,2,110,0.018182,8.08
contoh iklan skincare yang menarik,2,148,0.013514,4.1
daftar perusahaan maklon kosmetik,2,72,0.027778,9.32
dramlab,2,12,0.166667,1.5
dreamlab kosmetik surabaya,2,24,0.083333,3.83
dreamlab logo,2,21,0.095238,3.9
dremlab,2,8,0.25,1.12
gambar pt karya impian laboratoris,2,49,0.040816,2.69
grafik pertumbuhan industri kosmetik di indonesia,2,31,0.064516,8.65
hb racikan sendiri,2,472,0.004237,9.22
heni sagara,2,46,0.043478,2
inspired parfum artinya,2,411,0.004866,5.57
instagram keranjang kuning,2,46,0.043478,3.43
jasa maklon parfum,2,354,0.00565,21.88
kenapa keranjang instagram tidak muncul,2,10,0.2,3.1
kenapa keranjang putih di instagram tidak muncul,2,14,0.142857,4.5
kol skincare,2,40,0.05,8.32
maklon body care,2,563,0.003552,25.29
maklon jakarta,2,14,0.142857,15.86
maklon kosmetik bali,2,182,0.010989,18.05
maklon kosmetik jakarta,2,420,0.004762,28.45
maklon lip serum,2,12,0.166667,13.58
maklon parfum makassar,2,79,0.025316,4.38
maklon parfum tangerang,2,125,0.016,8.54
maklon parfume,2,137,0.014599,43.47
maklon sabun batang,2,54,0.037037,22.44
maklon serum,2,117,0.017094,39.56
maklon skincare jakarta,2,544,0.003676,24.59
maklon sunscreen,2,183,0.010929,19.8
maklon terbaik di indonesia,2,143,0.013986,7.95
pabrik maklon kosmetik surabaya,2,267,0.007491,11.28
pabrik parfum terdekat,2,81,0.024691,9.46
syarat keranjang instagram,2,29,0.068966,2.72
tempat membuang baju bekas di bandung,2,2,1,1
tren kecantikan 2026,2,46,0.043478,8.57
trend beauty 2026,2,5,0.4,8
2026 dong,1,1,1,9
alkohol parfum yang bagus,1,72,0.013889,7.99
alkohol untuk minyak wangi,1,17,0.058824,5.35
alkohol yang bagus untuk parfum,1,42,0.02381,4.05
alkohol yang digunakan untuk parfum,1,58,0.017241,7.36
alkohol yang dipakai untuk parfum,1,44,0.022727,7.91
bahan bahan hb dosting,1,30,0.033333,7.3
bahan bahan membuat handbody racikan pemutih,1,62,0.016129,7.48
balm perfume,1,20,0.05,1.1
biaya maklon,1,2,0.5,20.5
biaya maklon parfum,1,52,0.019231,11.9
bisnis parfum brand sendiri,1,20,0.05,48.25
brand kosmetik terlaris di indonesia 2025,1,3,0.333333,24.67
buang baju bekas bandung,1,2,0.5,1
campuran handbody untuk memutihkan kulit,1,7,0.142857,7.71
cara aktifkan keranjang di ig,1,25,0.04,4.68
cara bikin hb dosting sendiri,1,87,0.011494,6.02
cara bikin racikan handbody pemutih,1,92,0.01087,8.03
cara membuat handbody racikan dosis tinggi,1,480,0.002083,8.66
cara menambah keranjang di ig,1,19,0.052632,1
cara menambahkan link shopee di reels instagram,1,21,0.047619,6.95
cara menautkan link shopee di reels instagram,1,25,0.04,1
cara meracik handbody untuk memutihkan kulit,1,15,0.066667,7.93
cara meracik hb dosting,1,193,0.005181,7.96
cara meracik hb sendiri,1,105,0.009524,7.47
cara meracik lotion pemutih badan permanen,1,9,0.111111,7.67
cara nya gimana ?,1,1,1,1
cara tautkan produk di instagram,1,100,0.01,2.31
cari lagi yang lain,1,1,1,4
cek resi sentral cargo,1,3,0.333333,10.33
contoh brand,1,1,1,6
contoh iklan kecantikan,1,306,0.003268,8.59
data pertumbuhan industri skincare di indonesia,1,33,0.030303,3.15
dreamlab.com,1,3,0.333333,1
dreamlap,1,3,0.333333,2
edp adalah,1,40,0.025,8.7
efek samping cysteamine,1,17,0.058824,6.47
gambar dreamlab,1,51,0.019608,3.22
gourmand 2.0,1,7,0.142857,1.43
hair tonic ginseng,1,25,0.04,24.8
handbody untuk menghilangkan bekas luka dan memutihkan,1,1,1,4
harga maklon parfum,1,19,0.052632,10.63
hb dosting,1,471,0.002123,1.25
hb dosting itu apa,1,35,0.028571,3.46
hb dosting racikan sendiri,1,43,0.023256,7.21
hb lotion adalah,1,10,0.1,2
huile de parfum,1,1,1,2
iklan kecantikan,1,217,0.004608,18.78
industri skincare,1,8,0.125,17.25
jenis alkohol untuk parfum,1,208,0.004808,9.56
kata-kata promosi skincare,1,25,0.04,7.76
kenapa keranjang ig tidak muncul,1,11,0.090909,3.27
keranjang ig,1,6,0.166667,1
keranjang kuning di ig,1,21,0.047619,5.29
kol affiliate program,1,7,0.142857,8.86
kosmetik viral 2025,1,18,0.055556,9.33
lebih banyak lagi,1,3,0.333333,3.67
maklon body mist,1,464,0.002155,25.21
maklon body serum,1,8,0.125,14.38
maklon deodorant spray,1,6,0.166667,8
maklon hair care,1,631,0.001585,31.07
maklon hair mask,1,19,0.052632,15.42
maklon hair serum,1,22,0.045455,12.59
maklon indonesia,1,6,0.166667,17
maklon kosmetik indonesia,1,49,0.020408,32.67
maklon kosmetik jogja,1,5,0.2,15.2
maklon kosmetik malang,1,100,0.01,18.5
maklon kosmetik medan,1,28,0.035714,8.46
maklon kosmetik terbaik di indonesia,1,146,0.006849,17.2
maklon moq rendah,1,165,0.006061,42.75
maklon parfum bandung,1,12,0.083333,24.83
maklon parfum terdekat,1,228,0.004386,39.22
maklon sabun mandi,1,27,0.037037,18.41
maklon sabun organik,1,46,0.021739,30.3
maklon skincare baby,1,623,0.001605,21.38
maklon skincare medan,1,1,1,1
maklon skincare moq rendah,1,12,0.083333,23
maklon skincare sidoarjo,1,177,0.00565,27.08
maklon tangerang,1,44,0.022727,17.57
maklon terdekat,1,40,0.025,11.43
manfaat panthenol untuk wajah,1,203,0.004926,15.15
masukkan keranjang,1,42,0.02381,8.55
mau,1,12,0.083333,2.5
micellar cysteamine adalah,1,10,0.1,9.7
moq rendah,1,1,1,4
nad+,1,1,1,3
nad+ skincare,1,8,0.125,7.38
no wa nya,1,1,1,1
opsi a,1,1,1,1
pabrik botol parfum di indonesia,1,2,0.5,48
pabrik kosmetik bekasi,1,2,0.5,24.5
pabrik kosmetik terbesar di indonesia,1,58,0.017241,10.43
pabrik parfum di indonesia,1,95,0.010526,14.07
pabrik parfum surabaya pt maklon kosmetik indonesia,1,197,0.005076,7.96
pabrik skincare terbesar di indonesia,1,106,0.009434,8.05
parfum balm,1,186,0.005376,2.06
parfum trend 2026,1,120,0.008333,7.24
perbedaan gel dan cream,1,151,0.006623,11.97
perbedaan kol dan affiliate,1,238,0.004202,6.48
perbedaan moisturizer cream dan gel,1,191,0.005236,8.38
perbedaan moisturizer gel dan cream,1,332,0.003012,8.94
perfume alcohol,1,4,0.25,40.75
perfume balm,1,81,0.012346,1.11
pertumbuhan industri kosmetik di indonesia,1,55,0.018182,4.96
perusahaan kosmetik terbesar di indonesia,1,153,0.006536,12.31
perusahaan maklon kosmetik terbesar di indonesia,1,4,0.25,8.5
perusahaan skincare di indonesia,1,200,0.005,12.8
pixelegen dream lab,1,2,0.5,5.5
produk lain,1,1,1,4
produk nya apa saja,1,1,1,1
produsen kosmetik,1,37,0.027027,33.27
pt dreamlabs,1,4,0.25,2.75
racikan body care untuk memutihkan kulit,1,97,0.010309,7.2
racikan pemutih badan,1,59,0.016949,6.93
resep handbody racikan cepat putih,1,39,0.025641,8.03
resep handbody racikan sendiri,1,25,0.04,7.64
resep hb racikan sendiri,1,34,0.029412,7.03
resep racikan hb pemutih,1,46,0.021739,6.96
sebutkan,1,1,1,3
skincare,1,10,0.1,2.1
sunscreen lokal terbaik,1,196,0.005102,11.38
syarat keranjang kuning di instagram,1,13,0.076923,2.15
syarat menautkan keranjang di instagram,1,23,0.043478,5.83
tautan produk di instagram tidak muncul,1,21,0.047619,1.43
the dream lab,1,63,0.015873,28.29
tren kecantikan 2025,1,29,0.034483,10.9
tren parfum 2026,1,171,0.005848,6.56
tren parfum indonesia 2026,1,11,0.090909,5.18
tren skincare 2026,1,27,0.037037,8.07
trend skincare 2026,1,73,0.013699,8.74
turunan vitamin c dalam skincare,1,6,0.166667,9.17
usaha parfum brand sendiri,1,9,0.111111,49.78
waterless skincare,1,4,0.25,7.75
white label kosmetik,1,5,0.2,10.6
ya,1,32,0.03125,3.88
yang lainnya,1,1,1,1
!!️resep handbody racikan cepat putih,0,15,0,9.2
"""aging"" ""usia""",0,1,0,9
"""anti aging""",0,1,0,2
"""avoskin"" -site:reddit.com -site:twitter.com -site:x.com -site:wykop.pl -site:tripadvisor.com -site:youtube.com -site:yelp.com -site:booking.com -site:facebook.com -site:instagram.com -site:tiktok.com",0,1,0,9
"""beauty enthusiast"" -site:reddit.com -site:twitter.com -site:x.com -site:wykop.pl -site:tripadvisor.com -site:youtube.com -site:yelp.com -site:booking.com -site:facebook.com -site:instagram.com -site:tiktok.com",0,1,0,2
"""beauty influencer makeup"" -site:reddit.com -site:twitter.com -site:x.com -site:wykop.pl -site:tripadvisor.com -site:youtube.com -site:yelp.com -site:booking.com -site:facebook.com -site:instagram.com -site:tiktok.com",0,1,0,7
"""bodycare"" -site:reddit.com -site:twitter.com -site:x.com -site:wykop.pl -site:tripadvisor.com -site:youtube.com -site:yelp.com -site:booking.com -site:facebook.com -site:instagram.com -site:tiktok.com",0,6,0,6.83
"""bpom"" ""menarik"" -site:reddit.com -site:twitter.com -site:x.com -site:wykop.pl -site:tripadvisor.com -site:youtube.com -site:yelp.com -site:booking.com -site:facebook.com -site:instagram.com -site:tiktok.com",0,1,0,7
"""compas.co.id"" -site:reddit.com -site:twitter.com -site:x.com -site:wykop.pl -site:tripadvisor.com -site:youtube.com -site:yelp.com -site:booking.com -site:facebook.com -site:instagram.com -site:tiktok.com",0,2,0,2.5
"""conditioner"" ""hair"" -""lepek""",0,1,0,6
"""future market insights""",0,1,0,46
"""greenwashing"" -site:reddit.com -site:twitter.com -site:x.com -site:wykop.pl -site:tripadvisor.com -site:youtube.com -site:yelp.com -site:booking.com -site:facebook.com -site:instagram.com -site:tiktok.com",0,1,0,1
"""hair care""",0,1,0,29
"""hmns""",0,1,0,5
"""izin bpom"" -site:reddit.com -site:twitter.com -site:x.com -site:wykop.pl -site:tripadvisor.com -site:youtube.com -site:yelp.com -site:booking.com -site:facebook.com -site:instagram.com -site:tiktok.com",0,3,0,9.67
"""jumlah pengguna tiktok di indonesia""",0,1,0,6
"""kalodata.com""",0,1,0,2
"""ketombe""",0,3,0,2.33
"""kopi kintamani""",0,1,0,2
"""kosmetik""",0,1,0,1
"""kosmetik"" -site:reddit.com -site:twitter.com -site:x.com -site:wykop.pl -site:tripadvisor.com -site:youtube.com -site:yelp.com -site:booking.com -site:facebook.com -site:instagram.com -site:tiktok.com",0,3,0,4.33
"""maklon kosmetik"" -site:reddit.com -site:twitter.com -site:x.com -site:wykop.pl -site:tripadvisor.com -site:youtube.com -site:yelp.com -site:booking.com -site:facebook.com -site:instagram.com -site:tiktok.com",0,2,0,5.5
"""maklon skincare"" -site:reddit.com -site:twitter.com -site:x.com -site:wykop.pl -site:tripadvisor.com -site:youtube.com -site:yelp.com -site:booking.com -site:facebook.com -site:instagram.com -site:tiktok.com",0,1,0,2
"""maklon""",0,5,0,4.2
"""micro influencer"" ""2025""",0,1,0,3
"""moell"" -site:reddit.com -site:twitter.com -site:x.com -site:wykop.pl -site:tripadvisor.com -site:youtube.com -site:yelp.com -site:booking.com -site:facebook.com -site:instagram.com -site:tiktok.com",0,1,0,7
"""moisturizer"" -site:reddit.com -site:twitter.com -site:x.com -site:wykop.pl -site:tripadvisor.com -site:youtube.com -site:yelp.com -site:booking.com -site:facebook.com -site:instagram.com -site:tiktok.com",0,1,0,7
"""niacinamide""",0,1,0,7
"""skincare bayi"" -site:reddit.com -site:twitter.com -site:x.com -site:wykop.pl -site:tripadvisor.com -site:youtube.com -site:yelp.com -site:booking.com -site:facebook.com -site:instagram.com -site:tiktok.com",0,4,0,4.25
"""skincare"" -site:reddit.com -site:twitter.com -site:x.com -site:wykop.pl -site:tripadvisor.com -site:youtube.com -site:yelp.com -site:booking.com -site:facebook.com -site:instagram.com -site:tiktok.com",0,1,0,3
"""spf setiap saat""",0,6,0,2.67
"""toner"" -site:reddit.com -site:twitter.com -site:x.com -site:wykop.pl -site:tripadvisor.com -site:youtube.com -site:yelp.com -site:booking.com -site:facebook.com -site:instagram.com -site:tiktok.com",0,1,0,5
(90)na18220109861(91)250929,0,1,0,3
1. analisis peluang pasar produk tersebut dengan mempertimbangkan tren industri dan kebutuhan konsumen saat ini.,0,1,0,1
10 merek kosmetik terbaik di indonesia,0,1,0,37
10 perusahaan kosmetik terbesar di indonesia,0,14,0,9.79
10 skin care terbaik di indonesia,0,1,0,92
10 urutan skincare bpom terlaris,0,2,0,11.5
2026 beauty trend,0,1,0,7
2026 skincare trends,0,1,0,8
3,0,1,0,1
3 basic skincare cowok,0,37,0,9.08
3 contoh iklan,0,1,0,10
3 skincare wajib,0,1,0,1
30ml,0,1,0,1
5 skincare terbaik di indonesia,0,1,0,15
8 tahun,0,1,0,2
90 hari berapa lama,0,5,0,7
[bahasa indonesia] merek wewangian dan perawatan tubuh wanita terbaik di indonesia yang paling laris di tiktok shop dan shopee 2026,0,1,0,1
acnaway mugwort moisturizer,0,1,0,3
active ingredients skincare,0,3,0,70.67
ada brand apa aja,0,1,0,20
ada lagi gaaa,0,1,0,2
ada lagi?,0,1,0,3
ada opsi lain,0,1,0,3
admin maklon,0,2,0,4
admin produksi adalah,0,1,0,6
advertising makeup dan skincare,0,20,0,8
advertising skincare adalah,0,5,0,8.6
advice,0,1,0,5
aeekiy obat apa,0,1,0,3
affiliate,0,2,0,3.5
affiliate adalah,0,1,0,3
affiliate aja,0,1,0,2
affiliate beauty,0,5,0,3
affiliate brand,0,1,0,2
affiliate daviena skincare,0,1,0,5
affiliate kerjanya ngapain,0,1,0,3
affiliate kol,0,2,0,8.5
affiliate marketing skincare,0,8,0,6.62
affiliate oren artinya,0,2,0,1
affiliate skincare,0,455,0,3.81
affiliate skincare adalah,0,717,0,6.62
affiliate skincare kerjanya apa,0,121,0,7.13
affiliate skincare ngapain aja,0,1,0,1
affiliator skincare adalah,0,40,0,10.32
afiliator adalah,0,1,0,2
afiliator skincare,0,1,0,12
afiliator skincare adalah,0,98,0,5.98
afiliator tiktok,0,1,0,15
afterlab,0,1,0,49
agar kulit putih,0,1,0,3
agar tool custom skin,0,1,0,19
agen botol parfum custom,0,6,0,58
agen parfum jakarta,0,1,0,76
agensi kol,0,1,0,10
aha bha pha boleh dicampur dengan panthenol,0,1,0,2
aha body serum,0,2,0,8.5
ai cosmetic,0,1,0,11
ai kosmetik,0,16,0,9.5
akar ginseng untuk rambut,0,2,0,11
aksara kosmetik indonesia,0,1,0,4
aku kering,0,1,0,2
akun kalodata,0,1,0,12
alamanda global health pt,0,1,0,2
alamat kantor morlab,0,2,0,1
alamat kantor morlab indonesia,0,1,0,2
alamat pabrik,0,1,0,2
alas duduk silikon,0,1,0,3
alasan memilih bisnis kosmetik,0,9,0,80.33
alat mengencangkan kulit wajah,0,1,0,1
alat mengencangkan wajah,0,20,0,11.95
alat nya,0,1,0,1
alat pengencang,0,10,0,8.8
alat pengencang kulit wajah,0,2,0,11.5
alat pengencang wajah,0,11,0,4.45
alat untuk mengencangkan kulit wajah,0,22,0,9.14
alat untuk mengencangkan wajah,0,65,0,11.57
albea surabaya,0,1,0,49
alcohol aroma,0,1,0,8
alcohol denat,0,10,0,45.1
alcohol denat adalah,0,8,0,20.12
alcohol denat artinya,0,3,0,56.67
alcohol denat for perfume,0,1,0,1
alcohol denat halal,0,1,0,27
alcohol denat in perfume,0,1,0,11
alcohol denat pada parfum,0,25,0,11.4
alcohol denat parfum,0,5,0,13
alcohol fragrance,0,4,0,3.75
alcohol fragrance perfume,0,1,0,5
alcohol parfum,0,64,0,7.56
alcool parfum,0,1,0,10
alcool pentru parfum,0,1,0,84
alkohol 70 persen untuk parfum,0,1,0,28
alkohol absolut berapa persen,0,1,0,46
alkohol absolut untuk parfum,0,2,0,2.5
alkohol apa,0,1,0,2
alkohol apa yang digunakan untuk parfum,0,55,0,9.07
alkohol buat parfum,0,196,0,3.31
alkohol campuran parfum,0,3,0,28.33
alkohol dalam minyak wangi,0,1,0,61
alkohol dalam parfum,0,3,0,6
alkohol dalam perfume,0,3,0,10.33
alkohol denat,0,4,0,54
alkohol denat adalah,0,5,0,5.8
alkohol denat pada parfum,0,36,0,10.64
alkohol di parfum untuk apa,0,18,0,11.28
alkohol food grade untuk parfum,0,15,0,6.93
alkohol khusus parfum,0,74,0,8.39
alkohol minyak wangi,0,17,0,1.94
alkohol parfum,0,129,0,9.27
alkohol parfum berapa persen,0,1,0,8
alkohol parfum terbaik,0,41,0,5.39
alkohol parfum terbuat dari apa,0,26,0,8.5
alkohol parfume,0,2,0,12.5
alkohol pelarut parfum,0,3,0,11
alkohol pencampur parfum,0,3,0,9
alkohol perfume,0,1,0,13
alkohol untuk campuran parfum,0,2,0,20.5
alkohol untuk parfum berapa persen,0,10,0,37.5
alkohol yang bagus untuk campuran parfum,0,10,0,1
alkohol yang halal untuk parfum,0,2,0,16
all day cream artinya,0,1,0,11
all seasons skincare,0,1,0,5
alpha arbutin,0,1,0,1
alpha glow white body serum,0,1,0,3
alpha glowhite,0,1,0,3
alpha glowhite body lotion,0,1,0,3
ampas kopi untuk lulur,0,1,0,9
analisis scp industri skincare global 2026,0,8,0,9.5
analisis tren produk kekinian 2026,0,4,0,9.5
analisis tren produk terkini 2026,0,1,0,7
anjalis group indonesia,0,1,0,2
antaxantin,0,1,0,3
antioksidan astaxanthin,0,1,0,3
apa arti dosting,0,5,0,8.2
apa arti edp,0,2,0,11.5
apa arti hb dosting,0,51,0,9.47
apa arti inspired parfum,0,5,0,1
apa arti kol,0,1,0,3
apa arti moisturizer cream,0,1,0,12
apa beda eau de toilette dan eau de parfum,0,1,0,22
apa beda edp dan edt,0,31,0,12.29
apa beda edt dan edp,0,13,0,12.54
apa beda nya edp dan edt,0,5,0,11.6
apa beda nya micellar water dan toner,0,1,0,12
apa beda nya parfum edp dan edt,0,1,0,12
apa beda parfum edt dan edp,0,1,0,13
apa bedanya cream dan moisturizer,0,22,0,11.77
apa bedanya edp dan edt,0,13,0,12.31
apa bedanya edp dan edt pada parfum,0,1,0,12
apa bedanya edt dan edp,0,13,0,12
apa bedanya micellar water dan toner,0,7,0,31
apa bedanya micellar water sama toner,0,1,0,16
apa bedanya moisturizer gel dan cream,0,9,0,4.56
apa bedanya parfum edp dan edt,0,1,0,10
apa bedanya toner dan micellar water,0,22,0,26.77
apa bedanya toner dengan micellar water,0,1,0,23
apa bedanya toner sama micellar water,0,1,0,14
apa fungsi alkohol pada parfum,0,4,0,11.75
apa fungsi ginseng untuk rambut,0,1,0,3
apa fungsi panthenol untuk wajah,0,6,0,12.17
apa hb dosting,0,4,0,2
apa hb dosting aman,0,1,0,1
apa itu affiliate skincare,0,107,0,5
apa itu affiliator skincare,0,9,0,1
apa itu alcohol denat,0,1,0,52
apa itu alkohol denat,0,2,0,7
apa itu asas satin,0,1,0,3
apa itu astaxanthin,0,7,0,26.29
apa itu astaxanthin dan manfaatnya,0,2,0,3
apa itu astaxanthin untuk kulit,0,1,0,1
apa itu balm,0,2,0,1
apa itu bisnis affiliate,0,1,0,3
apa itu blaem blaem,0,2,0,1
apa itu brand odm,0,1,0,21
apa itu cream,0,1,0,2
apa itu cysteamine,0,2,0,6.5
apa itu cysteamine untuk wajah,0,2,0,11
apa itu dosting,0,21,0,3.95
apa itu edp,0,157,0,10.89
apa itu edp dan edt,0,12,0,11.17
apa itu edp parfum,0,11,0,26.82
apa itu edt,0,76,0,11.8
apa itu edt dan edp,0,11,0,5.18
apa itu edt parfum,0,2,0,28.5
apa itu etanol dalam parfum,0,1,0,1
apa itu glycerin,0,3,0,63
apa itu glycerin dalam skincare,0,3,0,23.67
apa itu hair ampoule,0,1,0,1
apa itu hb bodycare,0,35,0,8.2
apa itu hb dalam skincare,0,2,0,8
apa itu hb pemutih,0,2,0,2.5
apa itu hb pemutih badan,0,1,0,3
apa itu hb skincare,0,12,0,10.42
apa itu ingrown hair,0,2,0,27
apa itu inspired,0,9,0,12.44
apa itu inspired parfum,0,585,0,8.56
apa itu keranjang,0,1,0,1
apa itu kol,0,7,0,3
apa itu kol affiliate,0,53,0,1.49
apa itu kol marketing,0,1,0,3
apa itu maklom,0,1,0,13
apa itu maklon parfum,0,18,0,11.67
apa itu moisturizer cream,0,8,0,20.38
apa itu odm dan oem,0,1,0,41
apa itu oem dan odm,0,1,0,70
apa itu panthenol,0,31,0,56.35
apa itu panthenol dalam skincare,0,1,0,1
apa itu parfum edp dan edt,0,1,0,1
apa itu parfum edt,0,8,0,11
apa itu parfum inspired,0,175,0,6.57
apa itu pheromone,0,3,0,20.67
apa itu rc,0,1,0,3
apa itu sampel gratis tiktok,0,1,0,7
apa itu timteng parfum,0,1,0,3
apa itu toko kosmetik,0,22,0,12.23
apa itu witch hazel,0,1,0,1
apa kegunaan astaxanthin,0,1,0,3
apa kegunaan hair tonic,0,1,0,45
apa kegunaan panthenol,0,1,0,14
apa kegunaannya?,0,1,0,6
apa maklon,0,2,0,11
apa manfaat astaxanthin,0,1,0,3
apa manfaat astaxanthin glutathione,0,1,0,2
apa manfaat ginseng untuk rambut,0,4,0,12
apa manfaat hair tonic,0,2,0,44
apa manfaat hair tonic ginseng,0,4,0,9.25
apa manfaat panthenol untuk wajah,0,16,0,12.56
apa panthenol,0,9,0,1
apa pelembab wajah terbaik untuk kulit kering?,0,1,0,5
apa penyebab kulit susah putih,0,1,0,2
apa perbedaan eau de toilette dan eau de parfum,0,1,0,65
apa perbedaan edp dan edt,0,13,0,11.85
apa perbedaan edp edt edc parfum,0,2,0,12
apa perbedaan edt dan edp,0,8,0,13.88
apa perbedaan edt dan edp parfum,0,2,0,12
apa perbedaan micellar water dan toner,0,23,0,25.52
apa perbedaan parfum edp dan edt,0,1,0,13
apa perbedaan parfum edt dan edp,0,1,0,12
apa perbedaan toner dan micellar water,0,18,0,26.11
apa produk terbaik untuk memutihkan ketiak perempuan dengan cepat?,0,2,0,1.5
apa saja,0,1,0,5
apa saja yang dibutuhkan,0,1,0,1
apa yang dimaksud hb dosting,0,1,0,11
apakah absolute sama dengan alkohol,0,1,0,2
apakah ada hb dosting bpom,0,1,0,10
apakah ada merek perawatan tubuh terkemuka yang layak dipertimbangkan tahun ini?,0,5,0,1
apakah ada syarat,0,1,0,10
apakah alkohol 70 bisa untuk parfum,0,1,0,3
apakah alkohol medis bisa untuk parfum,0,33,0,5.45
apakah alkohol parfum sama dengan alkohol biasa,0,1,0,1
apakah astaxanthin bisa memutihkan kulit,0,11,0,11.09
apakah astaxanthin bisa menghilangkan flek hitam,0,123,0,5.14
apakah bahan pencerah baru lebih efektif dari hydroquinone?,0,86,0,10.07
apakah bmg hb dosting,0,1,0,1
apakah boleh pakai panthenol setelah eksfoliasi,0,5,0,9.8
apakah boleh setelah eksfoliasi memakai moisturizer panthenol,0,7,0,9.57
apakah cerave halal,0,1,0,22
apakah cream dan moisturizer sama,0,11,0,9.73
apakah cream sama dengan moisturizer,0,8,0,11.25
apakah di ig ada keranjang kuning,0,1,0,10
apakah dosting aman,0,1,0,2
apakah eau de parfum mengandung alkohol,0,3,0,1
apakah face cream sama dengan moisturizer,0,8,0,10.62
apakah face tonic sama dengan micellar water,0,1,0,29
apakah facerinna produk lokal,0,1,0,3
apakah fixative mengandung alkohol,0,9,0,9.78
apakah ginseng bagus untuk rambut,0,1,0,52
apakah ginseng bisa menumbuhkan rambut,0,5,0,31.4
apakah hair tonic ginseng bisa meluruskan rambut,0,1,0,11
apakah hair tonic ginseng bisa menumbuhkan rambut,0,8,0,11.75
apakah harga menentukan kualitas produk pencerah?,0,2,0,5
apakah harus pakai npwp,0,1,0,4
apakah hb dosting,0,2,0,1
apakah hb dosting aman,0,1,0,2
apakah hb dosting berbahaya,0,2,0,2.5
apakah hb dosting sudah bpom,0,1,0,30
apakah ini mengandung alkohol?,0,1,0,4
apakah ini terbukti,0,1,0,4
apakah kopi bisa memutihkan kulit,0,1,0,2
apakah luluran kopi bisa memutihkan kulit,0,1,0,2
apakah micellar water bisa dijadikan toner,0,13,0,37.77
apakah micellar water sama dengan toner,0,16,0,23.62
apakah moisturizer dan cream sama,0,3,0,11.67
apakah moisturizer sama dengan cream,0,2,0,13
apakah panthenol berbahaya,0,2,0,1
apakah panthenol bisa digabung dengan retinol,0,1,0,1
apakah panthenol bisa digunakan setelah eksfoliasi,0,10,0,7.9
apakah panthenol bisa dipakai setelah eksfoliasi,0,1,0,1
apakah panthenol bisa mencerahkan,0,1,0,17
apakah panthenol cocok untuk kulit kering,0,21,0,9.38
apakah parfum ada alkoholnya,0,8,0,11.12
apakah parfum fresh mengandung alkohol,0,3,0,8.67
apakah parfum jpg mengandung alkohol,0,1,0,8
apakah produk ini halal?,0,1,0,12
apakah retinol dan panthenol boleh digabung,0,1,0,1
apakah sheriz sudah bpom,0,1,0,2
apakah succinic acid termasuk bahan aktif,0,11,0,10.27
apakah sudah bpom,0,2,0,11
apakah toner bisa dijadikan micellar water,0,1,0,3
apakah toner dan micellar water sama,0,17,0,28.47
apalagi,0,1,0,7
aplikasi personal branding,0,3,0,80
app dreamlab,0,1,0,49
aqua denat adalah,0,1,0,42
arabian oud,0,1,0,7
areola ingrown hair,0,1,0,39
arif prijadi wirawan,0,1,0,2
aroma,0,1,0,1
aroma 2026,0,2,0,7.5
aroma 26,0,2,0,1
aroma alcohol,0,1,0,1
aroma alkohol,0,11,0,9.36
aroma alkohol seperti apa,0,2,0,13
aroma bold,0,2,0,1
aroma favorit hong,0,1,0,1
aroma floral,0,1,0,2
aroma of affection (2026),0,1,0,19
aroma parfum,0,2,0,1
aroma parfume,0,1,0,1
aroma teh,0,4,0,42
aroma toto,0,3,0,3.67
aroma trend,0,4,0,5.5
aromanya seperti apa,0,1,0,2
arti affiliator,0,1,0,2
arti balm,0,9,0,10.56
arti cream,0,1,0,3
arti demplon,0,2,0,36
arti dosting,0,6,0,7.33
arti edp,0,1,0,39
arti edt pada parfum,0,1,0,16
arti hb dosting,0,6,0,5.67
arti inspired,0,1,0,3
arti inspired parfum,0,58,0,3.28
arti kol,0,3,0,2.67
arti maklon parfum,0,10,0,7.9
arti moisturizer cream,0,2,0,12
arti panthenol,0,24,0,1
arti panthenol dalam skincare,0,13,0,11.31
arti parfum edp,0,1,0,84
arti pheromone,0,13,0,10.85
arti soothing massage gel,0,2,0,2
asia skinlab,0,31,0,49.45
asia skinlab pabrik,0,2,0,12
asta cardix obat apa,0,1,0,3
asta gold untuk apa,0,1,0,3
asta plus,0,2,0,3
astagold unihealth,0,1,0,3
astaksantin,0,1,0,3
astaplus obat apa,0,1,0,3
astapure astaxanthin,0,1,0,3
astatin obat apa,0,4,0,4
astatin obat apa ya,0,1,0,3
astaxani nutraglow,0,2,0,3.5
astaxani nutraglow review,0,1,0,3
astaxani nutraglow untuk apa,0,3,0,2.33
astaxanthin,0,17,0,2.65
astaxanthin 12 mg,0,1,0,3
astaxanthin acne,0,2,0,20
astaxanthin adalah,0,37,0,38.19
astaxanthin apakah bisa memutihkan kulit,0,1,0,2
astaxanthin bisa menghilangkan flek hitam,0,1,0,1
astaxanthin complex,0,1,0,1
astaxanthin cream untuk apa,0,1,0,3
astaxanthin di hongkong,0,1,0,2
astaxanthin di jepang,0,4,0,6.25
astaxanthin diminum kapan,0,1,0,2
astaxanthin for skin care,0,2,0,1
astaxanthin force,0,1,0,2
astaxanthin fungsinya apa,0,1,0,2
astaxanthin gel,0,2,0,3
astaxanthin gel suzi glow,0,1,0,3
astaxanthin gel suzi glow apakah sudah bpom,0,2,0,3
astaxanthin gel untuk apa,0,1,0,2
astaxanthin glutathione,0,1,0,3
astaxanthin glutathione plus untuk apa,0,1,0,3
astaxanthin glutathione untuk apa,0,2,0,2.5
astaxanthin harga,0,8,0,3
astaxanthin harga di apotek,0,1,0,3
astaxanthin kosmetik,0,3,0,5
astaxanthin manfaat,0,1,0,3
astaxanthin melanin,0,3,0,1
astaxanthin melasma,0,1,0,22
astaxanthin mlaihealth,0,1,0,3
astaxanthin natural mpl,0,1,0,3
astaxanthin natural mpl 4 mg obat apa,0,1,0,3
astaxanthin nature's red shield manfaat,0,1,0,3
astaxanthin ncbi,0,1,0,12
astaxanthin obat apa,0,33,0,2.55
astaxanthin original,0,1,0,3
astaxanthin skin,0,12,0,40.5
astaxanthin skincare,0,4,0,25
astaxanthin tablet,0,1,0,3
astaxanthin terbuat dari apa,0,2,0,74
astaxanthin tidak boleh dicampur dengan,0,2,0,3
astaxanthin toplux,0,1,0,4
astaxanthin untuk apa,0,4,0,2.75
astaxanthin untuk flek,0,13,0,10.69
astaxanthin untuk flek hitam,0,1,0,1
astaxanthin untuk flek hitam di wajah,0,2,0,10
astaxanthin untuk jerawat,0,11,0,54.91
astaxanthin untuk kulit,0,23,0,60.65
astaxanthin untuk kulit wajah,0,4,0,43
astaxanthin untuk wajah,0,5,0,42.8
astaxanthin yang bagus merk apa,0,3,0,3
astaxanthine,0,1,0,3
astaxantin,0,4,0,2.75
astaxantin untuk apa,0,1,0,2
asthafull astaxanthin obat apa,0,1,0,3
asthaxanthin,0,1,0,3
asthin b ond 6 obat apa,0,2,0,3
asthin force,0,3,0,3
asthin force 12 harga,0,1,0,3
asthin force 12 manfaat,0,1,0,3
asthin force 12 untuk usia berapa,0,1,0,3
asthin force 6,0,1,0,3
asthin force obat apa,0,1,0,3
astria,0,1,0,6
astria astaxanthin,0,2,0,4
astria obat apa,0,1,0,3
astria ultra 12 mg,0,1,0,3
astrian,0,1,0,3
atomlab,0,1,0,62
aturan minum astaxanthin,0,1,0,2
aue de parfum,0,1,0,3
aulia cosmetic indonesia,0,1,0,2
avatar behind the scenes makeup,0,1,0,9
avon kosmetik,0,1,0,4
axtansantin,0,4,0,3
axtansantin untuk apa,0,1,0,3
b erl cosmetics,0,1,0,3
b2b parfum,0,1,0,1
baby lab,0,1,0,55
babycare,0,2,0,5.5
babycare adalah,0,16,0,11.94
babylakhena,0,1,0,21
bagaimana cara memasukkan,0,1,0,4
bagaimana cara membuatnya,0,1,0,1
bagaimana cara memunculkan ide bisnis yang kreatif dan inovatif,0,1,0,75
bagaimana cara memutihkan ketiak,0,19,0,54.21
bagaimana cara menghitung harga jual,0,1,0,3
bagus ga,0,1,0,3
bahan aktif di skincare,0,1,0,89
bahan aktif skincare,0,4,0,69
bahan aktif skincare apa saja,0,1,0,66
bahan aktif untuk jerawat,0,3,0,48.67
bahan alami kosmetik,0,1,0,41
bahan alami memutihkan kulit,0,1,0,3
bahan alami pemutih kulit,0,1,0,3
bahan bahan membuat masker bubuk organik,0,84,0,7.21
bahan bahan racikan hb dosting,0,30,0,5.87
bahan deodoran,0,3,0,78.67
bahan handbody racikan,0,7,0,9.14
bahan hb dosting,0,54,0,8.35
bahan hb racikan,0,11,0,9
bahan kosmetik yang aman,0,60,0,24.57
bahan lulur alami untuk memutihkan kulit,0,1,0,2
bahan meracik handbody pemutih,0,28,0,7.96
bahan pemutih kulit tercepat,0,1,0,3
bahan racikan,0,62,0,8.55
bahan racikan handbody,0,10,0,8.7
bahan racikan handbody pemutih,0,7,0,7.29
bahan racikan handbody pemutih yang aman,0,81,0,9.51
bahan racikan hb,0,7,0,9.14
bahan racikan hb dosting,0,17,0,7.53
bahan racikan hb yang aman,0,6,0,10
bahan racikan pemutih badan,0,30,0,9.03
bahan skincare apa yang cocok digunakan di cuaca lembap?,0,11,0,9.09
"bahan skincare apa yang sedang populer di shopee, lazada, atau tiktok shop indonesia?",0,7,0,1.86
bahaya panthenol untuk wajah,0,33,0,8.97
bali cosmetics,0,1,0,13
bali natural skincare,0,22,0,14.73
bali skincare,0,2,0,14.5
bali skincare brands,0,1,0,68
balik modal,0,1,0,2
balm,0,3,0,1
balm adalah,0,4,0,28.75
balm artinya,0,63,0,8.56
balm itu apa,0,1,0,12
balm parfum,0,30,0,3.93
balm parfume,0,7,0,1
balsam parfum,0,1,0,1
bandar white label,0,1,0,47
"bandingkan tekstur gel, lotion, cream, dan essence untuk berbagai jenis kulit?",0,3,0,4
bar soap adalah,0,2,0,10.5
barang viral 2025,0,8,0,1
basic men skincare,0,2,0,6
basic skin care cowok,0,1,0,15
basic skin care pria,0,3,0,43.67
basic skincare cowo,0,1,0,51
basic skincare cowok,0,22,0,37.73
basic skincare cowok pemula,0,2,0,14
basic skincare for men,0,3,0,10.33
basic skincare pria,0,16,0,30.75
basic skincare untuk laki laki,0,1,0,20
basic skincare untuk pria,0,2,0,54
bathabdbody,0,1,0,11
bathandnody,0,1,0,10
bau alkohol parfum seperti apa,0,12,0,9.83
bau wangi,0,1,0,1
baume parfumé,0,1,0,1
bb custom,0,2,0,5.5
beauty,0,1,0,2
beauty affiliate adalah,0,318,0,3.01
beauty branding,0,4,0,44.25
beauty care labs,0,1,0,13
beauty company di indonesia,0,3,0,5.33
beauty consultan,0,1,0,5
beauty consultant,0,8,0,5.25
beauty fashion,0,1,0,1
beauty group indonesia,0,1,0,5
beauty idea lab,0,1,0,8
beauty indonesia group jogja,0,1,0,4
beauty industry,0,3,0,77.33
beauty lab,0,3,0,4.33
beauty lab skincare,0,1,0,11
beauty labs,0,1,0,56
beauty manufaktur,0,3,0,10.67
beauty trends indonesia 2025,0,2,0,5
beautycare,0,1,0,21
beautylab,0,1,0,58
beautypreneur academy,0,1,0,4
beda,0,1,0,9
beda asthin force 6 dan 12,0,1,0,3
beda cream dan moisturizer,0,1,0,1
beda eau de parfum dan eau de toilette,0,1,0,50
beda eau de parfum dengan eau de toilette,0,1,0,16
beda eau de toilette dan eau de parfum,0,1,0,39
beda eau de toilette dengan eau de parfum,0,1,0,19
beda edp dan edt,0,133,0,12.61
beda edp dan edt parfum,0,2,0,13
beda edp edt,0,2,0,10.5
beda edp sama edt,0,1,0,13
beda edt dan edp,0,71,0,13.9
beda edt dan edp pada parfum,0,1,0,11
beda edt dan edp parfum,0,17,0,16.82
beda edt edp,0,3,0,12
beda gel dan cream,0,47,0,8.89
beda micellar water dan toner,0,6,0,17.33
beda moisturizer dan cream,0,25,0,16
beda nya edp dan edt,0,1,0,13
beda parfum edp dan edt,0,3,0,21.33
beda parfum edt dan edp,0,15,0,22.4
beda toner dan micellar water,0,40,0,28.93
beda toner dengan micellar water,0,17,0,27.71
beda vitacid gel dan cream,0,1,0,3
bedanya cream dan moisturizer,0,9,0,10
bedanya eau de toilette dan eau de parfum,0,3,0,37.67
bedanya edp dan edt,0,84,0,10.93
bedanya edp dan edt parfum,0,2,0,7
bedanya edp edt,0,2,0,12
bedanya edp sama edt,0,4,0,11.75
bedanya edt dan edp,0,68,0,12.41
bedanya edt sama edp,0,1,0,11
bedanya kol dan affiliate,0,6,0,1
bedanya kol dan influencer,0,1,0,2
bedanya micellar water dan toner,0,8,0,24.5
bedanya parfum edp dan edt,0,2,0,30
bedanya parfum edt dan edp,0,3,0,25.67
bedanya toner dan micellar water,0,11,0,26.91
bedanya toner sama micellar water,0,9,0,24.67
bekasi,0,1,0,10
belia cosmetic,0,1,0,2
belum muncul,0,1,0,5
belum tau,0,1,0,11
bentuk vitamin c,0,1,0,52
berapa biaya maklon parfum,0,4,0,13.25
berapa harga parfum mykonos inception,0,1,0,5
berapa harga pasaran nya,0,1,0,7
berapa lama biasanya terlihat hasil perbaikan warna kulit ketiak?,0,2,0,3
berapa lama hb dosting bekerja,0,5,0,10.4
berapa modal awal?,0,1,0,4
berapa persen niacinamide untuk wajah,0,1,0,51
berikan lagi yang lain,0,1,0,3
berikan yang lain,0,1,0,3
berkelanjutan,0,1,0,6
berl official,0,1,0,2
best anti aging device for home use,0,1,0,12
best makeup brands indonesia 2026,0,3,0,11.67
best nad+ skincare products,0,3,0,11.33
best programmable deodorant,0,1,0,1
best seller parfum wanita,0,1,0,3
best seller produk indonesia 2026,0,1,0,20
best skincare brands indonesia,0,2,0,19.5
best skincare brands indonesia 2026,0,4,0,7.25
best skincare products indonesia 2026,0,2,0,9.5
best sunscreen for small business,0,1,0,1
best sunscreen indonesia,0,6,0,38.67
best vitamin c,0,1,0,43
beza edp dan edt,0,2,0,61.5
bh dosting,0,1,0,3
biaya berapa ?,0,1,0,1
biaya maklon adalah,0,4,0,56.25
biaya maklon kosmetik,0,273,0,51.99
biaya maklon skincare,0,30,0,15.8
biaya membuat brand sendiri,0,3,0,9.33
biaya skincare,0,21,0,73.95
biaya y,0,1,0,3
bibit parfum surabaya,0,1,0,1
bibit pemutih hijau,0,1,0,3
bidang kecantikan,0,1,0,1
biki trend indonesia 2026,0,1,0,18
bikin brand kosmetik jakarta,0,41,0,23.05
bikin brand parfum sendiri,0,10,0,45.3
billiondollarlab,0,1,0,29
bingung,0,1,0,3
bio medika kebon jeruk,0,1,0,2
biolife medilab,0,1,0,68
biome gel ponds untuk apa,0,1,0,3
bisnis affiliate skincare,0,74,0,1.59
bisnis aksesoris,0,1,0,1
bisnis dropship kosmetik,0,2,0,70
bisnis kecantikan,0,3,0,58.33
bisnis kecantikan apa saja,0,2,0,12
bisnis kosmetik,0,1,0,9
bisnis kosmetik brand sendiri,0,1,0,41
bisnis kosmetik di indonesia,0,4,0,19.5
bisnis kosmetik modal berapa,0,1,0,3
bisnis kosmetik online,0,16,0,45.06
bisnis kosmetik tanpa modal,0,1,0,89
bisnis kosmetik yang menjanjikan,0,9,0,5.56
bisnis maklon,0,3,0,6.67
bisnis men,0,3,0,32
bisnis parfum,0,2,0,4.5
bisnis parfum apakah menjanjikan,0,1,0,4
bisnis parfum merk sendiri,0,16,0,28.5
bisnis pomade,0,4,0,48.75
bisnis skincare,0,12,0,42.25
bisnis skincare organik,0,6,0,25
bisnis skincare pemula,0,1,0,1
bisnis skincare ramah lingkungan,0,34,0,90.38
bisnis skincare untuk pemula,0,117,0,54.48
bisnis toko kosmetik,0,1,0,37
bisnismen,0,1,0,26
bitty skin apakah sudah bpom,0,1,0,3
bl campuran handbody,0,1,0,3
blaem blaem artinya,0,3,0,1
bleaching ketiak,0,8,0,49.25
blendlab,0,1,0,49
blm,0,1,0,3
bloomlab lab surabaya,0,2,0,2.5
bloomlab surabaya,0,145,0,2.66
body care,0,1,0,10
body care 2025,0,3,0,12.33
body care trend,0,2,0,3
body care untuk mencerahkan kulit,0,1,0,3
body care viral,0,12,0,8.08
body care whitening,0,1,0,7
body cleansing,0,1,0,7
body lotion 2025,0,3,0,11.67
body lotion diy,0,1,0,3
body lotion dosting,0,1,0,3
body lotion hb,0,3,0,1
body lotion hb dosting,0,3,0,1
body lotion terbaik untuk memutihkan kulit,0,1,0,3
body lotion yang mengandung vitamin c niacinamide glutathione dan retinol,0,1,0,3
body serum alpha,0,1,0,2
body serum yang bagus untuk memutihkan kulit,0,1,0,3
body trend 2025,0,1,0,10
body whitening super,0,1,0,3
bodycare pemula,0,2,0,14
bodycare trends 2025,0,1,0,1
bodylab,0,2,0,45
boleh,0,10,0,3.1
bomboulab,0,1,0,21
bonavie parfum balm,0,2,0,2
bond repair artinya,0,1,0,12
booth parfume,0,1,0,4
box parfum mewah,0,23,0,9.35
bpjph,0,1,0,33
bpom,0,9,0,41.56
brand affiliate,0,5,0,21.6
brand baru,0,1,0,97
brand di tiktok,0,1,0,25
brand hb,0,17,0,6.24
brand kecantikan,0,4,0,61.5
brand kosmetik indonesia,0,3,0,9.67
brand kosmetik korea yang ada di indonesia,0,1,0,58
brand kosmetik lokal indonesia,0,2,0,8
brand kosmetik terkenal di indonesia,0,2,0,88
brand lokal medan,0,1,0,59
brand make up,0,1,0,1
brand make up lokal,0,1,0,3
brand marketing,0,1,0,28
brand odm di indonesia,0,1,0,24
brand odm indonesia,0,3,0,2.33
brand oem di indonesia,0,1,0,6
brand parfum sendiri,0,4,0,45.25
brand sendiri,0,1,0,1
brand skincare,0,1,0,46
brand skincare terbaik,0,3,0,56.33
brand skincare terbaik di indonesia,0,3,0,21
brand skincare terbaik di indonesia.,0,2,0,18.5
brand skincare terbaik indonesia 2026,0,5,0,8.8
brand skincare terbesar di indonesia,0,5,0,10.2
brand skincare terkenal di indonesia,0,1,0,17
brand skincare terlaris 2025,0,4,0,38.75
brand skincare terlaris di indonesia,0,1,0,11
brand sunscreen,0,1,0,16
brand sunscreen terbaik,0,1,0,14
brand viral,0,1,0,1
brand yang lagi viral,0,1,0,1
branding consultant,0,1,0,58
branding kosmetik,0,4,0,7.5
branding skincare,0,3,0,56.33
branding surabaya,0,1,0,41
brightening,0,1,0,3
brightening moisture gel skintific,0,1,0,3
briskin body care,0,1,0,2
buat anak smk,0,1,0,3
buat brand kosmetik sendiri,0,104,0,70.12
buat brand parfum sendiri,0,15,0,13.2
buat parfum,0,3,0,35
buat parfum bpom,0,5,0,55.6
buat parfum brand sendiri,0,3,0,53.67
buat parfum sendiri berhasil,0,8,0,9.75
buatkan 10 narasi untuk postingan di atas dengan narasi yang berbeda dari sebelumnya,0,1,0,1
budget 5 juta,0,1,0,12
building dream,0,1,0,2
buka toko kosmetik,0,14,0,17.43
buka toko kosmetik modal berapa,0,1,0,3
bulu tumbuh ke dalam,0,1,0,62
bunga amerta kosmetindo pt,0,1,0,4
cair seperti air,0,1,0,1
calendula soothing gel,0,1,0,3
calendula soothing gel untuk apa,0,1,0,3
campaign shop,0,1,0,30
campaign tiktok shop,0,17,0,10.47
campuran alkohol untuk parfum,0,3,0,39.67
campuran body lotion untuk memutihkan kulit,0,6,0,23
campuran handbody agar cepat putih,0,7,0,8.29
campuran handbody bikin putih,0,6,0,8.83
campuran handbody pemutih,0,1,0,20
campuran handbody racikan,0,2,0,20
campuran handbody racikan yang aman,0,1,0,3
campuran hb cepat putih,0,1,0,4
campuran hb racikan,0,1,0,3
campuran hb racikan paling ampuh,0,1,0,11
campuran hb racikan pemutih,0,1,0,7
campuran minyak wangi,0,1,0,3
campuran parfum selain alkohol,0,1,0,1
campuran racikan handbody pemutih,0,6,0,9.83
can i delete dreamlab,0,1,0,93
candylab,0,1,0,54
cara affiliate shopee di instagram,0,3,0,1
cara agar instagram ada keranjang kuning,0,24,0,5.25
cara agar ketiak putih,0,15,0,56.27
cara agar parfum tidak bau alkohol,0,3,0,11
cara agar reels ig muncul di feed,0,14,0,1
cara agar reels muncul di feed instagram,0,9,0,1
cara aktifkan affiliate instagram,0,1,0,1
cara aktifkan keranjang kuning,0,10,0,9.3
cara aktifkan tautan produk,0,8,0,7.62
cara ampuh memutihkan ketiak,0,3,0,72.33
cara belanja di ig,0,1,0,13
cara beriklan di tiktok secara gratis,0,1,0,94
cara bikin body lotion sendiri,0,1,0,3
cara bikin brand parfum sendiri,0,2,0,11
cara bikin handbody racikan pemutih,0,34,0,7.47
cara bikin handbody racikan sendiri,0,1,0,9
cara bikin hb,0,12,0,9.08
cara bikin hb racikan,0,71,0,8.04
cara bikin hb racikan pemutih badan,0,81,0,7.56
cara bikin hb sendiri,0,1,0,9
cara bikin keranjang kuning,0,1,0,8
cara bikin keranjang kuning di instagram,0,1,0,1
cara bikin link produk di ig,0,6,0,1
cara bikin lulur kopi,0,1,0,47
cara bikin produk skincare sendiri,0,1,0,41
cara bikin racikan pemutih badan,0,1,0,10
cara bikin reels di ig,0,1,0,5
cara bisnis parfum brand sendiri,0,25,0,47.8
cara bisnis parfum pemula,0,1,0,11
cara bisnis skincare,0,1,0,49
cara bisnis skincare brand sendiri,0,4,0,1
cara bisnis skincare pemula,0,21,0,11.43
cara buat body lotion sendiri,0,2,0,3
cara buat brand parfum sendiri,0,3,0,5
cara buat handbody,0,2,0,7
cara buat handbody racikan pemutih badan,0,21,0,6.33
cara buat hb,0,4,0,10
cara buat hb dosting sendiri,0,228,0,5.89
cara buat hb racikan,0,45,0,8.36
cara buat hb racikan pemutih,0,43,0,8.56
cara buat hb racikan pemutih badan,0,1,0,12
cara buat keranjang di ig,0,9,0,1.22
cara buat keranjang jualan sendiri,0,4,0,7.75
cara buat keranjang kuning affiliate,0,1,0,11
cara buat keranjang kuning di shopee,0,3,0,10.67
cara buat link produk di instagram,0,4,0,1
cara buat lotion pemutih sendiri,0,7,0,7.29
cara buat lulur alami,0,1,0,3
cara buat lulur dari kopi,0,2,0,25
cara buat lulur pakai kopi dan handbody,0,5,0,9
cara buat racikan handbody pemutih,0,51,0,7.98
cara buat real di ig,0,23,0,1
cara buka toko kosmetik,0,5,0,7
cara buka toko kosmetik lengkap,0,1,0,10
cara cek keranjang di instagram,0,9,0,7.11
cara cepat memutihkan ketiak,0,7,0,8.43
cara daftarnya bagaimana,0,1,0,2
cara dapat sampel gratis dari tiktok shop,0,1,0,58
cara dapat sample gratis di tiktok,0,7,0,6.86
cara gabung shannen,0,1,0,41
cara hitung penjualan,0,1,0,3
cara hubungkan shopee affiliate ke instagram,0,4,0,1
cara ikut campaign di tiktok shop,0,1,0,9
cara jadi owner parfum,0,41,0,10.02
cara jualan parfum brand sendiri,0,1,0,9
cara jualan skincare pemula,0,6,0,11
cara keranjang kuning muncul,0,1,0,7
cara kerja affiliate skincare,0,218,0,9.26
cara kerja cysteamine,0,16,0,8.31
cara kerja hb dosting,0,25,0,6.24
cara konsumsi astaxanthin yang benar,0,1,0,3
cara maklon kosmetik,0,79,0,57.35
cara maklon parfum,0,7,0,9.57
cara maklon skincare,0,2,0,5.5
cara masukan link shopee di ig,0,1,0,1
cara masukin keranjang kuning,0,12,0,8.08
cara masukin keranjang kuning di instagram,0,9,0,1.33
cara masukin keranjang kuning di shopee,0,3,0,6
cara melihat keranjang di shopee,0,1,0,10
cara melihat produk terlaris di tiktok,0,1,0,15
cara meluruskan rambut ikal secara alami,0,1,0,3
cara memakai body care yang benar,0,1,0,2
cara memakai handbody racikan agar cepat putih,0,14,0,9
cara memakai hb dosting yang benar,0,4,0,20.25
cara memasukan keranjang kuning di video tiktok,0,1,0,13
cara memasukan link ig ke shopee affiliate,0,3,0,2.67
cara memasukan link instagram ke shopee affiliate,0,1,0,3
cara memasukkan keranjang kuning,0,6,0,1
cara memasukkan link instagram ke shopee affiliate,0,2,0,3
cara membersihkan ketiak,0,2,0,54
cara membuat body care sendiri,0,2,0,10.5
cara membuat body lotion pemutih sendiri,0,47,0,8.6
cara membuat body mist,0,5,0,9.4
cara membuat brand kosmetik sendiri,0,6,0,51.67
cara membuat brand parfum sendiri,0,1,0,48
cara membuat brand skincare sendiri,0,3,0,47.33
cara membuat desain kemasan produk,0,1,0,14
cara membuat hand sanitizer spray sendiri,0,4,0,29.75
cara membuat handbody,0,32,0,7.78
cara membuat handbody pemutih,0,9,0,8.33
cara membuat handbody racikan,0,38,0,9.32
cara membuat handbody racikan makassar,0,26,0,7.5
cara membuat handbody racikan sendiri,0,137,0,8.12
cara membuat hb,0,7,0,8.43
cara membuat hb dosting sendiri,0,81,0,5.99
cara membuat hb pemutih,0,55,0,8.6
cara membuat hb pemutih badan,0,52,0,7.42
cara membuat hb racikan,0,13,0,10.54
cara membuat hb racikan ampuh,0,1,0,9
cara membuat hb racikan dosting,0,16,0,7.44
cara membuat hb racikan pemutih aman,0,86,0,8.34
cara membuat hb racikan pemutih dosis tinggi,0,35,0,7.74
cara membuat hb racikan sendiri,0,15,0,7.27
cara membuat keranjang kuning,0,2,0,8
cara membuat keranjang kuning di shopee,0,1,0,5
cara membuat ketiak cerah,0,7,0,56.14
cara membuat ketiak putih,0,10,0,70.9
cara membuat konten viral,0,5,0,55.8
cara membuat link jualan di ig,0,1,0,1
cara membuat link produk di instagram,0,2,0,1
cara membuat lotion,0,1,0,42
cara membuat lulur dari handbody,0,1,0,7
cara membuat lulur dari kopi,0,2,0,44
cara membuat lulur kopi,0,4,0,33.25
cara membuat lulur kopi untuk badan,0,1,0,47
cara membuat lulur kopi untuk memutihkan badan,0,1,0,56
cara membuat lulur kopi untuk memutihkan kulit,0,1,0,63
cara membuat lulur untuk kulit dari handbody,0,9,0,8.22
cara membuat masker bubuk home industri,0,124,0,4.95
cara membuat masker dari,0,1,0,91
cara membuat masker organik,0,27,0,10.15
cara membuat masker organik bubuk,0,109,0,5.17
cara membuat masker organik bubuk untuk dijual,0,5,0,31.4
cara membuat produk kosmetik sendiri,0,8,0,70.25
cara membuat racikan,0,5,0,8
cara membuat racikan handbody,0,41,0,8.59
cara membuat racikan handbody pemutih yang aman,0,70,0,7.96
cara membuat racikan hb dosting,0,43,0,6.77
cara membuat recap instagram,0,1,0,1
cara membuat reels di ig,0,1,0,1
cara membuat toner alami,0,1,0,11
cara membuka toko kosmetik,0,2,0,11.5
cara memulai bisnis kecantikan,0,1,0,93
cara memulai bisnis kosmetik dari nol,0,10,0,37.9
cara memulai bisnis parfum brand sendiri,0,1,0,3
cara memulai bisnis skincare,0,3,0,77
cara memulai usaha skincare,0,2,0,71
cara memuluskan ketiak,0,16,0,44.38
cara memunculkan keranjang kuning,0,5,0,6.4
cara memunculkan keranjang orange di shopee untuk pemula,0,3,0,13.67
cara memunculkan link produk di instagram,0,1,0,4
cara memutih kan ketiak,0,4,0,53.25
cara memutihkan badan secara alami,0,1,0,2
cara memutihkan badan secara alami dan cepat,0,1,0,3
cara memutihkan badan secara alami dan cepat dalam 1 minggu,0,4,0,3
cara memutihkan ketek,0,1,0,49
cara memutihkan ketiak,0,239,0,55.2
cara memutihkan ketiak dalam 1 minggu,0,6,0,8.33
cara memutihkan ketiak dan selangkangan,0,1,0,44
cara memutihkan ketiak dengan cepat,0,48,0,21.9
cara memutihkan ketiak gelap produk ampuh 2025 or 2026,0,28,0,6.75
cara memutihkan ketiak hitam,0,7,0,55.57
cara memutihkan ketiak secara alami dalam 1 minggu,0,90,0,18.16
cara memutihkan ketiak yang hitam,0,11,0,58.64
cara memutihkan kulit badan,0,1,0,2
cara memutihkan kulit badan secara alami dengan cepat dan permanen,0,1,0,3
cara memutihkan kulit ketiak,0,8,0,41.25
cara menambah keranjang kuning,0,1,0,1
cara menambah reels di instagram,0,1,0,1
cara menambahkan keranjang di postingan,0,5,0,11
cara menambahkan keranjang di shopee video,0,1,0,7
cara menambahkan keranjang kuning,0,19,0,3.32
cara menambahkan keranjang kuning di shopee,0,1,0,8
cara menambahkan keranjang kuning di video yang sudah upload,0,9,0,6
cara menambahkan link affiliate di reels instagram,0,2,0,21.5
cara menambahkan link di reels instagram,0,1,0,10
cara menambahkan link shopee di instagram,0,1,0,3
cara menambahkan produk di ig,0,1,0,12
cara menambahkan produk di instagram,0,14,0,11.07
cara menambahkan reels di ig,0,1,0,1
cara menampilkan keranjang kuning,0,12,0,7.42
cara menaruh keranjang kuning di tiktok,0,1,0,11
cara menautkan akun ig ke shopee affiliate,0,1,0,1
cara menautkan akun shopee ke instagram,0,1,0,1
cara menautkan ig ke shopee affiliate,0,3,0,1
cara menautkan instagram ke shopee affiliate,0,7,0,1
cara menautkan keranjang di ig,0,24,0,3.88
cara menautkan keranjang kuning,0,5,0,8.2
cara menautkan keranjang kuning affiliate pemula,0,1,0,12
cara menautkan link di reels instagram,0,14,0,9.43
cara menautkan link produk di instagram,0,3,0,3.33
cara menautkan link produk di reels instagram,0,2,0,6.5
cara menautkan shopee affiliate ke instagram,0,12,0,1.08
cara mencerahkan ketiak,0,35,0,49.91
cara mencerahkan ketiak dengan cepat,0,7,0,1
cara mencerahkan ketiak hitam,0,4,0,69.5
cara mencerahkan ketiak yang hitam,0,2,0,64
cara mencerahkan kulit badan,0,1,0,3
cara mencerahkan kulit ketiak yang hitam,0,1,0,65
cara mengaktifkan fitur keranjang kuning,0,7,0,8.86
cara mengaktifkan keranjang kuning,0,14,0,9.14
cara mengaktifkan keranjang kuning di tiktok,0,1,0,35
cara mengaktifkan keranjang putih di ig,0,1,0,6
cara mengaktifkannya?,0,1,0,3
cara mengatasi ingrown hair,0,23,0,35.74
cara mengatasi ingrown hair di ketiak,0,1,0,18
cara mengatasi rambut rontok dan mengembang,0,1,0,1
cara mengeluarkan ingrown hair,0,2,0,74
cara mengetahui parfum yang mengandung alkohol,0,5,0,9.6
cara menggunakan astaxanthin untuk wajah,0,1,0,3
cara menggunakan ginseng untuk rambut,0,1,0,6
cara menggunakan minyak ginseng,0,2,0,8
cara menghaluskan kulit ketiak,0,1,0,76
cara menghilangkan ingrown hair,0,7,0,38
cara menghilangkan ketiak hitam dengan cepat,0,1,0,1
cara menghilangkan ketombe dengan cepat,0,2,0,35
cara menghilangkan ketombe gatal,0,1,0,51
cara menghubungkan akun ig ke shopee affiliate,0,2,0,1
cara menghubungkan akun instagram ke shopee affiliate,0,1,0,1
cara menghubungkan ig ke shopee affiliate,0,2,0,1
cara menghubungkan instagram ke shopee affiliate,0,6,0,1
cara menghubungkan shopee affiliate ke instagram,0,33,0,1
cara mengurus bpom,0,1,0,5
cara menjadi brand ambassador,0,7,0,47.57
cara menulis moisturizer,0,1,0,9
cara menyambungkan shopee affiliate ke instagram,0,5,0,1
cara menyematkan keranjang kuning,0,4,0,7.25
cara menyematkan keranjang kuning di instagram,0,1,0,3
cara menyematkan reels di ig,0,6,0,5
cara meracik body lotion sendiri,0,10,0,9.4
cara meracik body lotion untuk memutihkan,0,39,0,8.1
cara meracik handbody,0,92,0,7.45
cara meracik handbody agar kulit cepat putih,0,35,0,6.43
cara meracik handbody citra untuk memutihkan kulit,0,4,0,9.25
cara meracik handbody marina dengan air mawar,0,1,0,3
cara meracik handbody marina untuk memutihkan kulit,0,1,0,3
cara meracik handbody pemutih,0,49,0,7.76
cara meracik handbody pemutih ampuh,0,8,0,7.88
cara meracik handbody pemutih kulit permanen,0,14,0,4.14
cara meracik hb,0,84,0,8.65
cara meracik hb agar cepat putih,0,79,0,8.43
cara meracik hb dosting yg aman,0,4,0,5
cara meracik hb pemutih,0,32,0,7.12
cara meracik hb pemutih dosis tinggi,0,1,0,11
cara meracik hb pemutih sendiri,0,34,0,7.68
cara meracik hb pemutih yang aman,0,231,0,7.82
cara merawat badan agar putih,0,1,0,2
cara munculin tautan produk di instagram,0,10,0,9.9
cara munculkan keranjang kuning,0,1,0,5
cara mutihin ketiak,0,16,0,45
cara nautin keranjang setelah di upload,0,16,0,7.88
cara optimasi tiktok shop,0,83,0,14.73
cara pakai body scrub shinzui,0,1,0,2
cara pakai hb dosting,0,2,0,18
cara pakai hb dosting yang benar,0,1,0,2
cara pakai moisturizer body massage gel,0,1,0,2
cara paling efektif memutihkan ketiak untuk wanita,0,2,0,16.5
cara paling efektif memutihkan ketiak wanita aman,0,2,0,18.5
cara pemakaian,0,1,0,3
cara pemakaian hb dosting,0,1,0,23
cara pemakaian hb dosting untuk pemula,0,1,0,11
cara penggunaan hb dosting,0,6,0,7.33
cara perawatan rambut keriting,0,3,0,90
cara post reels di ig,0,1,0,1
cara posting reels di ig,0,1,0,1
cara posting shopee affiliate di instagram,0,7,0,2.71
cara putihin ketiak,0,2,0,38.5
cara putihkan ketiak,0,87,0,62.36
cara racik hb dosting sendiri mencerahkan kulit,0,6,0,6.5
cara racikan handbody pemutih,0,19,0,9
cara rawat?,0,1,0,3
cara sematkan keranjang kuning,0,2,0,11
cara sematkan keranjang kuning di postingan,0,1,0,12
cara sembuhkan,0,1,0,3
cara shopee affiliate di instagram,0,3,0,1
cara tambah keranjang kuning,0,9,0,5.56
cara tambah keranjang kuning di postingan,0,10,0,9.7
cara tambahkan keranjang kuning,0,3,0,10.67
cara tambahkan keranjang kuning di video,0,3,0,6
cara taruh keranjang kuning affiliate pemula,0,1,0,8
cara tautan keranjang kuning,0,1,0,6
cara upload reel di ig,0,6,0,1
cara upload reels di ig,0,57,0,1
cara usaha parfum brand sendiri,0,6,0,10.67
cara viral,0,3,0,61
caramoy,0,19,0,12.16
caranya gimana,0,4,0,2
caranya?,0,1,0,4
care apa,0,1,0,26
careso,0,2,0,3
cari alamatnya,0,1,0,1
carikan,0,1,0,4
carikan sumbernya,0,1,0,6
carilab,0,1,0,4
cekkeranjangkuning,0,1,0,8
celeblon,0,1,0,44
cerave moisturizing gel,0,1,0,2
chance skin,0,1,0,1
chat gpt,0,1,0,5
chat parfum,0,1,0,1
chat sekarang masukkan keranjang beli sekarang,0,2,0,11
chemarome makassar,0,1,0,39
cinta aroma parfum,0,1,0,18
circle k berasal dari mana,0,1,0,2
ciri ciri kulit butuh panthenol,0,2,0,1
ciri ciri parfum beralkohol,0,2,0,40.5
cistamin untuk flek hitam,0,14,0,11.5
cisteamine untuk flek,0,4,0,10.5
citra handbody,0,1,0,2
citra mutiara,0,1,0,2
citra uv body serum radiant fresh,0,1,0,3
claim,0,1,0,2
cleanical,0,7,0,3.57
clembonplan,0,1,0,50
clone me dupe apa,0,1,0,3
co wash for curly hair,0,1,0,9
co-washing,0,1,0,6
coba sebutkan,0,1,0,2
cobaaa,0,1,0,2
colmistin astaxanthin manfaatnya,0,1,0,3
cologne edt edp parfum,0,1,0,12
commerce manager,0,1,0,1
condition salon 2025,0,1,0,1
consultant,0,1,0,23
contoh advertisement product,0,1,0,1
contoh advertisement text,0,1,0,1
contoh bahan aktif skincare,0,1,0,47
contoh copywriting,0,1,0,2
contoh copywriting produk kecantikan,0,1,0,11
contoh copywriting skincare,0,25,0,6.72
contoh cream gel moisturizer,0,1,0,9
contoh gambar,0,1,0,5
contoh grooming penampilan diri,0,1,0,17
contoh hb dosting,0,18,0,1.39
contoh hb dosting adalah,0,16,0,10.12
contoh iklan kecantikan dan perawatan tubuh,0,3,0,3.67
contoh iklan komersial,0,16,0,1
contoh iklan komersial produk kosmetik,0,1,0,2
contoh iklan komersial skincare,0,5,0,2
contoh iklan kosmetik,0,188,0,9.51
contoh iklan lipstik,0,1,0,1
contoh iklan make up,0,21,0,6.05
contoh iklan makeup,0,17,0,6.65
contoh iklan produk kecantikan,0,180,0,9.34
contoh iklan produk kecantikan dalam bahasa inggris,0,45,0,15.44
contoh iklan produk kosmetik,0,7,0,5.43
contoh iklan produk skincare,0,121,0,3.6
contoh iklan skin care,0,11,0,8.36
contoh iklan skincare,0,253,0,10.33
contoh iklan skincare bahasa inggris,0,27,0,5.22
contoh iklan skincare dalam bahasa inggris,0,1,0,10
contoh iklan sunscreen,0,1,0,42
contoh iklan yang lengkap,0,1,0,2
contoh kalimat iklan kosmetik,0,28,0,7
contoh kalimat narasi,0,1,0,1
contoh kalimat promosi makeup,0,12,0,2.67
contoh kata-kata promosi produk kecantikan,0,5,0,5.2
contoh kata-kata promosi salon kecantikan,0,16,0,36.81
contoh maklon,0,1,0,36
contoh mockup,0,1,0,29
contoh moisturizer gel,0,1,0,3
contoh produk maklon,0,48,0,56.85
contoh promosi produk kosmetik,0,8,0,13.25
contoh promosi produk skincare,0,1,0,1
contoh script iklan eyeliner dalam bahasa melayu,0,14,0,8.21
contoh script iklan eyeshadow stick dalam bahasa melayu,0,2,0,7.5
contoh script iklan foundation makeup dalam bahasa melayu,0,14,0,5.5
contoh script iklan krim jerawat bahasa melayu,0,1,0,10
contoh script iklan krim muka lelaki whitening moisturizer anti wrinkle bahasa melayu,0,4,0,2
contoh script iklan lip balm dalam bahasa melayu,0,4,0,9.5
contoh script iklan lip gloss dalam bahasa melayu,0,2,0,7
contoh script iklan lip tint dalam bahasa melayu,0,2,0,8
contoh script iklan lipstick bahasa melayu,0,6,0,8.33
contoh script iklan mascara dalam bahasa melayu,0,3,0,5.67
contoh script iklan pensel alis dalam bahasa melayu,0,1,0,9
contoh script iklan serum niacinamide dalam bahasa melayu,0,3,0,6.67
contoh script iklan serum rambut pertumbuhan rambut bahasa melayu,0,1,0,10
contoh script iklan serum retinol bahasa melayu,0,6,0,8
contoh script iklan serum retinol dalam bahasa melayu,0,1,0,10
contoh script iklan serum vitamin c dalam bahasa melayu,0,54,0,8.5
contoh script iklan spray setting makeup dalam bahasa melayu,0,1,0,6
contoh script iklan video produk organizer kosmetik dalam bahasa melayu,0,6,0,7.5
contoh script iklan video produk organizer makeup dalam bahasa melayu,0,1,0,7
contoh skincare hydroquinone,0,2,0,18
contoh skrip iklan bb cream dalam bahasa melayu,0,1,0,10
contoh skrip iklan bb cream foundation dalam bahasa melayu,0,2,0,9.5
contoh skrip iklan cermin makeup bahasa melayu,0,1,0,6
contoh skrip iklan foundation dalam bahasa melayu,0,1,0,10
contoh skrip iklan foundation makeup dalam bahasa melayu,0,85,0,7.86
contoh skrip iklan krim anti penuaan dalam bahasa melayu,0,11,0,8.36
contoh skrip iklan krim mata anti penuaan dalam bahasa melayu,0,10,0,8.6
contoh skrip iklan makeup brush dalam bahasa melayu,0,1,0,10
contoh skrip iklan makeup dalam bahasa melayu,0,5,0,10
contoh skrip iklan mascara dalam bahasa melayu,0,29,0,4.28
contoh skrip iklan masker muka bahasa melayu,0,1,0,9
contoh skrip iklan masker rambut keratin dalam bahasa melayu,0,1,0,10
contoh skrip iklan pembersih muka niacinamide dalam bahasa melayu,0,18,0,7.33
contoh skrip iklan pensel alis dalam bahasa melayu,0,1,0,8
contoh skrip iklan produk penyimpanan kosmetik dalam bahasa melayu,0,1,0,2
contoh skrip iklan sabun mandi pemutih badan dalam bahasa melayu,0,1,0,10
contoh skrip iklan sabun pemutih vitamin c bahasa melayu,0,2,0,7
contoh skrip iklan sabun pencerah kulit bahasa melayu,0,4,0,9.25
contoh skrip iklan serum anti aging dalam bahasa melayu,0,2,0,4
contoh skrip iklan serum bulu mata dalam bahasa melayu,0,26,0,8.54
contoh skrip iklan serum hyaluronic acid dalam bahasa melayu,0,2,0,10
contoh skrip iklan serum niacinamide dalam bahasa melayu,0,53,0,7.32
contoh skrip iklan serum retinol dalam bahasa melayu,0,2,0,9.5
contoh skrip iklan serum vitamin c dalam bahasa melayu,0,24,0,9.54
contoh skrip iklan toner glycolic acid dalam bahasa melayu,0,5,0,10
contoh skrip iklan toner muka dalam bahasa melayu,0,1,0,8
contoh skrip iklan video produk organizer kosmetik dalam bahasa melayu,0,117,0,6.49
contoh skrip iklan video produk organizer makeup dalam bahasa melayu,0,17,0,5.53
contoh skrip video promosi organizer kosmetik dalam bahasa melayu,0,1,0,8
contoh testimoni produk kecantikan,0,1,0,51
contohnya di indonesia,0,1,0,2
contohnya merk apa,0,1,0,8
copywriting kosmetik,0,495,0,6.95
copywriting skincare,0,34,0,8.26
cosmax indonesia,0,1,0,3
cosmetic,0,1,0,5
cosmetic lab,0,3,0,26.33
cosmetic laboratories,0,1,0,2
cosmetic laboratory,0,1,0,9
cosmetic laboratory skincare,0,1,0,11
cosmetic trend 2026,0,1,0,7
cosmetik,0,1,0,1
cosmetiklab,0,1,0,30
cosmetology and beauty,0,1,0,3
cosmolab,0,2,0,1
countik.com,0,1,0,56
countik.com free tiktok likes,0,1,0,8
cream and gel,0,1,0,11
cream artinya,0,1,0,35
cream bath,0,1,0,3
cream dan moisturizer apakah sama,0,5,0,9.4
cream gel,0,1,0,11
cream gel cream,0,1,0,11
cream gel moisturizer,0,16,0,4.19
cream gel power tx,0,1,0,5
cream hb,0,2,0,2
cream memutihkan ketiak,0,5,0,1
cream moisturizer vs gel moisturizer,0,1,0,8
cream nature gel,0,2,0,2
cream nature gel untuk apa,0,1,0,3
cream pemutih ketiak ampuh,0,1,0,1
cream pemutih ketiak paling ampuh,0,3,0,1
cream pemutih ketiak yang ampuh dan aman,0,1,0,1
cream penghilang ketiak hitam,0,1,0,1
cream untuk memutihkan ketiak,0,2,0,1.5
cream viral,0,1,0,3
cream vs gel,0,13,0,7.77
cream vs gel moisturizer,0,2,0,8
creambath paling bagus,0,1,0,3
cremorlab,0,1,0,36
criolab medellin,0,1,0,43
crypto kol marketing,0,1,0,3
cuka apel toner,0,2,0,39
curly hair,0,1,0,15
custom body care,0,1,0,9
custom body wash,0,1,0,4
custom lip gloss,0,2,0,2
custom parfum surabaya,0,11,0,10.82
custom parfum terdekat,0,1,0,9
custom perfume jakarta,0,1,0,12
cv arasy cosmetindo,0,1,0,5
cv asia skinlab,0,2,0,53
cystamine,0,1,0,9
cystamine adalah,0,2,0,5.5
cysteamin untuk flek,0,11,0,9.55
cysteamine,0,41,0,23.1
cysteamine adalah,0,150,0,11.53
cysteamine capsules,0,1,0,20
cysteamine cream,0,1,0,3
cysteamine melasma,0,1,0,45
cysteamine skincare,0,2,0,10.5
cysteamine untuk apa,0,12,0,10.58
cysteamine untuk flek,0,30,0,10.9
cysteamine untuk flek hitam,0,5,0,10.6
cysteamine untuk jerawat,0,7,0,9.86
cysteamine untuk wajah,0,1,0,33
cysteamine vs hydroquinone,0,11,0,6.55
cysteamine yang ampuh untuk flek,0,5,0,10
cysteamine yang paling ampuh untuk flek,0,2,0,9
d panthenol untuk apa,0,4,0,66
d-panthenol adalah,0,3,0,77.67
daftar 100 perusahaan kosmetik terbesar di indonesia,0,2,0,15
daftar gratis ongkir tiktok,0,1,0,20
daftar perusahaan kosmetik di indonesia,0,5,0,26.2
dan skincare,0,1,0,4
daring,0,1,0,3
data industri kosmetik di indonesia,0,2,0,6
data kosmetik di indonesia,0,11,0,5.36
data pengguna skincare di indonesia,0,10,0,43.2
data penggunaan skincare di indonesia,0,3,0,60.33
data penjualan kosmetik,0,1,0,11
data penjualan kosmetik di indonesia,0,2,0,2
data penjualan kosmetik di indonesia 5 tahun terakhir,0,1,0,5
data penjualan skincare,0,7,0,32.14
data penjualan skincare 2025,0,7,0,2.71
data penjualan skincare di indonesia,0,53,0,36.94
data pertumbuhan kosmetik di indonesia,0,1,0,2
data statistik pengguna skincare di indonesia,0,1,0,66
data whitening,0,2,0,42.5
davina karamoy,0,5,0,1
davina karamoy ketiak,0,1,0,1
day dream lab,0,1,0,45
deamlab,0,3,0,1.67
deamlabs,0,1,0,9
dear me beauty,0,1,0,3
dear me beauty punya siapa,0,1,0,3
decasilabs,0,1,0,48
decorative kosmetik,0,15,0,3.6
decorative makeup,0,14,0,5.79
deep conditioner alami,0,2,0,73
deep h moisture gel hyaluronic acid,0,1,0,3
defina karamoy,0,1,0,18
demplon,0,1,0,50
demplon artinya,0,1,0,47
denat parfum,0,1,0,12
denatured alcohol adalah,0,13,0,14.85
deodorant termasuk kategori apa,0,3,0,11.33
derma lab,0,3,0,4
dermalab,0,2,0,65
dermalabs,0,1,0,44
dermavous essensia utama,0,1,0,66
dermilab,0,3,0,2
desain kemasan produk kosmetik,0,76,0,74.05
desain packaging parfum,0,1,0,92
design trend report 2026,0,1,0,11
deskripsi kan wanginya,0,1,0,3
detail,0,1,0,1
devina caramoy,0,307,0,7.58
devina karamoy umur,0,2,0,1
devina skincere,0,1,0,11
di batam ada?,0,1,0,3
di indonesia apa,0,1,0,9
di keranjang,0,4,0,19
di keranjang atau keranjang,0,1,0,6
di mananya,0,1,0,3
di panthenol,0,1,0,11
di sore hari,0,1,0,4
difference between toner and micellar water,0,2,0,68.5
digital dream lab,0,1,0,47
dior perfume balm,0,1,0,4
dipropylene glycol,0,3,0,1
dipropylene glycol adalah,0,2,0,2.5
distributor botol parfum jakarta,0,2,0,51.5
distributor kosmetik murah tangan pertama jakarta,0,1,0,4
distributor parfum,0,1,0,1
distributor parfum import,0,1,0,1
distributor parfum surabaya,0,3,0,28.33
distributor skincare,0,2,0,1.5
diurutkan,0,1,0,8
dosis harian astaxanthin,0,1,0,2
dosting,0,3,0,2.67
dosting adalah,0,277,0,5.31
dosting artinya,0,12,0,1.17
dosting body lotion bpom,0,3,0,9
dosting bpom,0,2,0,6.5
dosting hb,0,10,0,1
dosting hb adalah,0,2,0,6.5
dosting itu apa,0,2,0,3
dosting label,0,3,0,6.67
dosting racikan,0,1,0,1
dpe lab,0,1,0,28
dpg,0,1,0,3
dpg parfum,0,1,0,3
dr soromer,0,1,0,4
dram lab,0,1,0,7
dream beauty lab,0,4,0,5.5
dream cosmetic,0,8,0,7.88
dream cosmetics,0,1,0,9
dream kosmetik,0,4,0,11.75
dream lab ai,0,2,0,4.5
dream lab app,0,1,0,40
dream lab canva,0,3,0,5.67
dream lab fbsb uny,0,1,0,1
dream lab iboga,0,1,0,8
dream lab logo,0,5,0,23.4
dream lab official website,0,2,0,5.5
dream lab studio,0,2,0,52
dream lab.,0,1,0,1
dream lab.com,0,2,0,2
dream laboratory,0,7,0,6
dream labs,0,3,0,1.33
dream labs makeup,0,10,0,9.7
dream lav,0,1,0,1
dream light labs,0,1,0,43
dream skin care,0,1,0,2
dream-lab,0,2,0,1
dream.lab,0,9,0,19.44
dreamal,0,1,0,1
dreaman,0,1,0,1
dreamasil,0,2,0,1
dreambal,0,2,0,2.5
dreamiba,0,20,0,7.1
dreamlab (production team),0,8,0,9.25
dreamlab agency,0,1,0,2
dreamlab ai,0,1,0,30
dreamlab canva,0,1,0,5
dreamlab chile,0,1,0,4
dreamlab cosmetici,0,2,0,3.5
dreamlab la,0,1,0,11
dreamlab official website,0,12,0,4.67
dreamlab pc,0,1,0,57
dreamlab perfume,0,10,0,5.8
dreamlab review,0,1,0,11
dreamlab reviews,0,1,0,2
dreamlab skincare,0,27,0,12.7
dreamlab studio,0,10,0,4.8
dreamlab studios,0,1,0,12
dreamlabs adalah,0,7,0,2
dreamlabs careers,0,1,0,2
dreamlav,0,34,0,1.74
dreamline beauty private label,0,1,0,48
dreamon,0,1,0,66
dreampla,0,1,0,3
dreampreneur,0,16,0,67.81
dreams beauty,0,1,0,54
dreams lab,0,4,0,6.5
dreamskin,0,1,0,12
dreamslab,0,5,0,1.8
dreem lab,0,2,0,9.5
drem lab,0,4,0,4.5
dunia skincare,0,1,0,55
dupe parfum gifi,0,1,0,7
duplicate dupe,0,1,0,10
eau de artinya,0,2,0,67
eau de oil,0,1,0,3
eau de parfum,0,9,0,3
eau de parfum artinya,0,2,0,3
eau de parfum oil,0,1,0,1
econolab,0,1,0,62
edp,0,9,0,22.56
edp adalah parfum,0,8,0,32.62
edp artinya,0,5,0,13.2
edp atau edt,0,4,0,15.5
edp berapa persen,0,17,0,10.82
edp dan edt,0,49,0,12.59
edp dan edt bedanya,0,34,0,11.76
edp dan edt bedanya apa,0,8,0,11.25
edp edt,0,7,0,54.14
edp edt adalah,0,8,0,5.38
edp edt bedanya,0,1,0,12
edp edt edc,0,1,0,46
edp edt elixir difference,0,1,0,1
edp edt parfum,0,1,0,60
edp edt parfum adalah,0,2,0,1
edp edt perbedaan,0,6,0,11.17
edp edt perfume,0,1,0,19
edp itu apa,0,113,0,12.34
edp or edt,0,2,0,24
edp parfum,0,5,0,50.6
edp parfum adalah,0,10,0,40.4
edp sama edt,0,3,0,12.67
edp sama edt bagus mana,0,1,0,12
edp toilette,0,1,0,1
edp vs edt,0,11,0,27.36
edt,0,38,0,15.37
edt adalah,0,354,0,10.08
edt and edp,0,2,0,67
edt apa,0,1,0,1
edt artinya,0,17,0,15.53
edt atau edp,0,4,0,28.5
edt dan edp,0,27,0,14.74
edt dan edp adalah,0,17,0,6.24
edt dan edp bedanya apa,0,30,0,12.13
edt dan edp tahan lama mana,0,6,0,10.33
edt edo,0,1,0,11
edt edp,0,31,0,30.94
edt edp extrait,0,1,0,3
edt edp parfum,0,3,0,17
edt edp perbedaan,0,5,0,12.6
edt itu apa,0,25,0,11.28
edt parfum,0,3,0,15.33
edt parfum adalah,0,12,0,28.33
edt parfüm,0,1,0,28
edt perfume,0,4,0,41.5
edt tahan berapa jam,0,1,0,55
edt vs edp,0,7,0,27.57
efek hb dosting,0,1,0,2
efek memakai hb dosting,0,1,0,2
efek pakai hb dosting,0,1,0,2
efek samping axtansantin,0,1,0,3
efek samping hb dosting,0,1,0,3
efek samping panthenol untuk wajah,0,3,0,1
eksfoliasi ketiak,0,3,0,70.33
ekspansi bisnis kosmetik,0,2,0,71.5
elation face care gel,0,1,0,3
electrolab,0,1,0,53
elsheskin punya siapa,0,1,0,2
email,0,1,0,1
emang iya,0,1,0,3
essenza natural indonesia,0,1,0,28
est edp,0,1,0,12
estimasi,0,1,0,2
etanol apakah sama dengan alkohol,0,1,0,1
etanol buat parfum,0,1,0,1
etanol parfum,0,9,0,51.56
etanol untuk parfum,0,32,0,37.09
eterniskin,0,1,0,3
ethanol dalam parfum,0,9,0,2.33
ethanol itu apa,0,1,0,3
ethanol parfum,0,26,0,28.58
ethanol untuk parfum,0,3,0,5
ethyl alcohol pada parfum,0,21,0,8.29
evaluate the personal care company lume on memutihkan ketiak,0,1,0,1
everlast artinya,0,1,0,30
exosome skincare 2026,0,1,0,1
extra dosting adalah,0,1,0,3
f2g,0,1,0,1
fabindo sejahtera,0,1,0,3
fabrik parfum,0,1,0,3
face wash gentle adalah,0,1,0,50
facetology gel moisturizer,0,1,0,4
fairylab,0,1,0,43
farelab,0,1,0,29
farfum,0,5,0,1
farmaskin hb dosting,0,1,0,10
farpum,0,1,0,1
fashion and beauty,0,1,0,3
fast beauty indonesia,0,2,0,3
fastlab surabaya,0,1,0,43
fastmoss. com,0,2,0,3
fee affiliate skincare,0,12,0,7.83
fee affiliate skincare adalah,0,34,0,6.94
fifth love ginseng & polygonum,0,1,0,4
finna huang,0,1,0,2
fitur potong harga di tiktok,0,1,0,1
flek hitam,0,1,0,1
foot care adalah,0,3,0,8.67
foot care brand,0,1,0,19
foot care company,0,1,0,2
footlab,0,5,0,15.8
footlab jakarta,0,2,0,64
footlin cream,0,1,0,17
forever and ever dior fragrantica,0,1,0,2
formala,0,1,0,5
formbodylab,0,1,0,39
formula,0,2,0,4
formula beauty products,0,1,0,12
fragrance balm,0,4,0,1.5
fragrance enthusiast artinya,0,1,0,11
fragrance manufacturer,0,1,0,21
fragrance parfum,0,2,0,1
franchise toko kosmetik,0,1,0,17
free shipping tiktok,0,1,0,1
freelance affiliate skincare,0,1,0,3
fres & natural,0,1,0,2
fungsi alkohol dalam minyak wangi,0,22,0,66.23
fungsi alkohol dalam parfum,0,8,0,12
fungsi alkohol di parfum,0,19,0,11.21
fungsi alkohol pada parfum,0,49,0,14.65
fungsi alkohol untuk parfum,0,1,0,11
fungsi astaxanthin,0,3,0,3
fungsi astaxanthin dan glutathione,0,1,0,3
fungsi astaxanthin untuk kulit,0,8,0,72.38
fungsi cysteamine,0,6,0,11.83
fungsi dpg pada parfum,0,1,0,7
fungsi etanol pada parfum,0,14,0,1
fungsi ginseng untuk rambut,0,3,0,27.33
fungsi hair tonic ginseng,0,17,0,17.47
fungsi hb dosting,0,3,0,1.67
fungsi panthenol,0,22,0,57.68
fungsi panthenol dalam skincare,0,7,0,31.14
fungsi panthenol pada moisturizer,0,1,0,16
fungsi panthenol pada skincare,0,7,0,73.57
fungsi panthenol untuk kulit,0,12,0,51.08
fungsi panthenol untuk wajah,0,38,0,35.21
fyp gratis,0,1,0,1
gak,0,1,0,2
gambar aksara kosmetik indonesia,0,1,0,2
gambar hb dosting,0,2,0,2
gambar kosmetik,0,1,0,38
gambar nya mana?,0,1,0,19
garuda jelajah nusantara,0,1,0,40
gas,0,1,0,3
gel and cream moisturizer,0,1,0,10
gel artinya,0,1,0,49
gel cream,0,3,0,9
gel cream hybrid moisturizer,0,1,0,1
gel cream laneige,0,1,0,3
gel cream moisturizer,0,9,0,10.56
gel cream vs cream,0,1,0,7
gel cream vs moisturizer,0,3,0,8
gel moisturizer untuk apa,0,3,0,11.67
gel moisturizer vs cream,0,1,0,9
gel moisturizer vs cream moisturizer,0,1,0,12
gel or cream moisturizer,0,3,0,9
gel ungu,0,1,0,2
gel vs cream,0,31,0,7.19
gel vs cream moisturizer,0,12,0,8.5
gel vs gel cream,0,1,0,8
gel-crème,0,1,0,10
gen z,0,1,0,3
gentle adalah,0,1,0,38
gentle ingredients,0,2,0,9
germolap,0,1,0,36
gimana cara aktifkan nya,0,1,0,4
gingseng untuk rambut,0,1,0,34
ginseng buat rambut,0,1,0,42
ginseng buat rambut rontok,0,1,0,20
ginseng for hair,0,3,0,35.33
ginseng hair tonic,0,5,0,31.8
ginseng rambut,0,3,0,29
ginseng untuk rambut,0,12,0,37.75
ginseng untuk rambut rontok,0,5,0,10.4
gk tau,0,1,0,6
glaskamin,0,1,0,9
glow cosmetic innovation,0,1,0,1
glow up,0,3,0,8
glowing gel,0,1,0,2
glutawhite milky lotion harga,0,1,0,3
gluxanthin - c harga,0,1,0,3
glycerin adalah,0,259,0,38.06
glycerin cream untuk apa,0,1,0,39
glycerin dalam kosmetik,0,18,0,20.78
glycerin dalam skincare,0,52,0,31.58
glycerin for skin,0,250,0,48.81
glycerin in skin care,0,2,0,33.5
glycerin kosmetik,0,2,0,6.5
glycerin serum,0,2,0,28
glycerin skin,0,2,0,74
glycerin skin care,0,1,0,20
glycerin skincare,0,3,0,31
glycerin skincare products,0,1,0,1
glycerin untuk kulit,0,17,0,39.06
glycerin untuk wajah,0,34,0,48.85
glycocare body lotion,0,1,0,7
gourmand 2026,0,1,0,4
gourmet,0,1,0,8
green sm adalah,0,1,0,2
grosir botol parfum di jakarta,0,2,0,36
grosir botol parfum jakarta,0,9,0,45.67
group lab,0,1,0,2
groupylab,0,1,0,2
grow lab,0,2,0,4
grulab id,0,1,0,29
gudang morlab,0,1,0,2
guna alkohol di parfum,0,10,0,9.9
guna astaxanthin,0,2,0,3
guna panthenol untuk wajah,0,7,0,12
gunanya minyak zaitun,0,1,0,2
gunanya panthenol untuk wajah,0,2,0,12
haematococcus pluvialis,0,1,0,2
hair ampoule adalah,0,1,0,1
hair care rambut keriting,0,1,0,55
hair care trend 2026,0,1,0,6
hair chemical,0,1,0,3
hair growth products indonesia 2026,0,18,0,16.83
hair ingrown,0,1,0,24
hair ingrowth,0,1,0,27
hair mask rambut keriting,0,4,0,73.75
hair mist manufacturer,0,1,0,6
hair tonic gingseng,0,1,0,8
hair tonic ginseng manfaat,0,1,0,12
hair tonic ginseng untuk apa,0,5,0,10.8
hair tonic ginseng untuk rambut rontok,0,2,0,16
hair vitamin murah indonesia,0,1,0,11
hairlab,0,1,0,45
haizhen cosmetics indonesia foto,0,1,0,1
hal yang menarik dari iklan skincare,0,6,0,9.17
halal deodorant,0,1,0,17
haleyora powerindo jakarta,0,1,0,4
hamamelis virginiana,0,4,0,46
hamamelis virginiana extract,0,1,0,43
hamamelis virginiana water,0,1,0,12
hanasui gentle retinol moisturizer gel,0,1,0,3
hanasui moisturizer gel,0,1,0,3
hanasui produk dari negara mana,0,1,0,3
hanbody viral,0,1,0,1
hand body dosting,0,2,0,1
hand body dosting adalah,0,2,0,1
hand body marina biru,0,1,0,2
hand body paling ampuh memutihkan kulit,0,1,0,3
hand body pemutih,0,1,0,3
hand body pemutih kulit,0,2,0,3.5
hand body racikan,0,1,0,10
hand body untuk memutihkan kulit,0,3,0,3.33
hand body yang ampuh memutihkan kulit,0,1,0,3
handbody alami,0,14,0,6.64
handbody campur apa biar cepat putih,0,2,0,7
handbody citra,0,1,0,2
handbody citra harga,0,1,0,3
handbody dicampur apa biar cepat putih,0,1,0,3
handbody dosting,0,3,0,2.33
handbody dosting adalah,0,10,0,1.6
handbody dosting apakah aman,0,1,0,2
handbody gel,0,1,0,3
handbody handbody,0,1,0,1
handbody hb,0,10,0,1
handbody hb dosting,0,2,0,1
handbody hd,0,1,0,3
handbody hnk,0,1,0,2
handbody marina untuk memutihkan kulit,0,1,0,3
handbody pemutih alami,0,1,0,1
handbody pemutih badan yang bagus dan aman,0,1,0,2
handbody pemutih kulit,0,1,0,3
handbody pemutih kulit permanen,0,2,0,3
handbody racikan,0,39,0,9.64
handbody racikan paling ampuh,0,3,0,5.33
handbody racikan pemutih,0,4,0,9
handbody racikan pemutih buatan sendiri,0,48,0,8.5
handbody racikan sendiri,0,209,0,7.24
handbody racikan sendiri untuk memutihkan kulit,0,29,0,7.24
handbody racikan yang ampuh memutihkan,0,1,0,11
handbody raja onta,0,1,0,3
handbody terbaik untuk mencerahkan kulit,0,1,0,3
handbody terbuat dari apa,0,1,0,3
handbody untuk memutihkan kulit,0,1,0,3
handbody untuk memutihkan kulit dan melindungi dari sinar matahari,0,2,0,3
handbody untuk memutihkan kulit dan melindungi dari sinar matahari untuk pria,0,1,0,3
handbody vaseline gluta hya,0,1,0,2
handbody viral,0,4,0,1.5
handbody yang ada tone up nya,0,1,0,3
handbody yang bikin cepat putih,0,1,0,3
handbody yang cepat memutihkan kulit,0,1,0,3
handbody yang cepat memutihkan kulit dan menghilangkan bekas luka,0,1,0,3
handbody yang viral,0,1,0,1
happy lab indonesia,0,1,0,49
hardbox parfum,0,10,0,31
harga,0,2,0,19.5
harga astaxanthin 12 mg di apotik,0,1,0,3
harga astaxanthin di apotik,0,3,0,3
harga astaxanthin nutraglow,0,1,0,3
harga gluxantin c,0,1,0,6
harga huruf timbul galvanis per cm,0,1,0,4
harga jasa maklon,0,29,0,82.21
harga moisturizer gel viva,0,1,0,3
harga moisturizer viva gel,0,2,0,3
harga skintific moisturizer,0,1,0,3
hazeline snow cream,0,1,0,3
hazeline snow dan seger snow apakah sama,0,1,0,3
hb acil idang apakah sudah bpom,0,1,0,3
hb adalah skincare,0,2,0,10
hb anggur dosting,0,1,0,1
hb arbutin whitening,0,1,0,2
hb beauty skin,0,1,0,8
hb body lotion,0,4,0,1
hb body lotion adalah,0,3,0,2.67
hb bodycare,0,1,0,3
hb bodycare adalah,0,14,0,8.64
hb booster,0,1,0,3
hb booster adalah,0,3,0,2.33
hb bpom,0,1,0,10
hb dalam skincare adalah,0,17,0,9.06
hb devina,0,1,0,11
hb doasting,0,1,0,1
hb doating,0,4,0,1.25
hb dostin,0,7,0,1
hb dosting aman,0,1,0,2
hb dosting aman atau tidak,0,1,0,2
hb dosting ampuh bpom,0,1,0,3
hb dosting anggur,0,5,0,1.4
hb dosting anggur adalah,0,1,0,1
hb dosting apa,0,7,0,1.14
hb dosting apakah aman,0,1,0,1
hb dosting apakah aman untuk kulit,0,1,0,2
hb dosting artinya,0,26,0,8.42
hb dosting bmg,0,3,0,1
hb dosting bpom,0,45,0,3.73
hb dosting bpom apa saja,0,7,0,1
hb dosting bpom terbaik,0,3,0,1
hb dosting contohnya apa,0,3,0,10.33
hb dosting deviena,0,1,0,3
hb dosting doktif,0,1,0,3
hb dosting farmasi,0,4,0,1
hb dosting farmaskin,0,1,0,3
hb dosting harga,0,2,0,1
hb dosting itu apa aja,0,1,0,11
hb dosting kuning,0,2,0,1
hb dosting maydooza,0,1,0,3
hb dosting mencerahkan,0,1,0,1
hb dosting newlab,0,2,0,3
hb dosting paling ampuh,0,2,0,1
hb dosting paling bagus merk apa,0,1,0,1
hb dosting pemutih badan,0,1,0,5
hb dosting pink,0,1,0,2
hb dosting purbasari,0,1,0,3
hb dosting rekomendasi,0,2,0,2
hb dosting sheriz,0,1,0,3
hb dosting tazzi,0,1,0,3
hb dosting terampuh bpom,0,1,0,1
hb dosting terbaik,0,1,0,1
hb dosting terbuat dari apa,0,1,0,11
hb dosting tinggi,0,2,0,1
hb dosting ungu,0,4,0,1
hb dosting untuk apa,0,1,0,2
hb dosting yang aman,0,9,0,1
hb dosting yang aman dan bpom,0,1,0,1
hb dosting yang aman dan sudah bpom,0,12,0,1.33
hb dosting yang ampuh,0,1,0,3
hb dosting yang bagus,0,4,0,11
hb dosting yang bagus dan aman,0,14,0,2.5
hb dosting yang bagus dan bpom,0,3,0,1.67
hb dosting yang bagus merk apa,0,2,0,3
hb dosting yang bpom,0,6,0,1
hb dosting yang cepat memutihkan,0,1,0,3
hb dosting yang sudah bpom,0,16,0,1.12
hb dosting yg aman,0,3,0,1
hb dostinh,0,4,0,1.5
hb farmasi,0,2,0,3
hb farmasi adalah,0,1,0,3
hb farmaskin,0,2,0,2
hb farmaskin apakah sudah bpom,0,1,0,3
hb handbody,0,3,0,1
hb itu apa dalam skincare,0,10,0,10
hb jasmine apakah sudah bpom,0,1,0,3
hb kecantikan artinya,0,3,0,8
hb kosmetik,0,1,0,10
hb kosmetik adalah,0,4,0,3.75
hb ln khanza apakah sudah bpom,0,1,0,4
hb marina,0,1,0,2
hb marina campur minyak zaitun,0,1,0,3
hb moreglow,0,2,0,2.5
hb night,0,1,0,3
hb pemutih,0,1,0,3
hb pemutih badan,0,1,0,2
hb pemutih racikan sendiri,0,230,0,8.27
hb pemutih yang ampuh,0,1,0,3
hb putih,0,1,0,3
hb racikan,0,1,0,6
hb racikan ampuh mencerahkan cepat,0,1,0,7
hb racikan mencerahkan kulit,0,6,0,8.33
hb racikan sendiri biar cepet cerah,0,1,0,7
hb rd apakah bpom,0,1,0,3
hb skincare,0,2,0,5.5
hb skincare adalah,0,17,0,8.29
hb skinflair,0,1,0,2
hb ultimate,0,1,0,3
hb vskin,0,5,0,2.6
hb whitening,0,6,0,1.67
hb whitening adalah,0,1,0,3
hb whitening body lotion,0,1,0,3
hb whitening super,0,1,0,3
hb yang cepat memutihkan kulit,0,1,0,2
hbdosting,0,2,0,1
headlab,0,1,0,49
heni sagara biodata,0,2,0,2
heni sagara kasus,0,4,0,2
heni sagara owner skincare apa,0,1,0,3
heni sagara siapa,0,4,0,3
henny sagara siapa,0,1,0,3
heny sagara,0,1,0,2
hero ingredients,0,6,0,9.83
hero ingredients artinya,0,12,0,10.92
hexindo semarang,0,1,0,2
high end,0,1,0,3
hni moisturizing gel,0,1,0,2
hook bodycare,0,1,0,3
hook jualan parfum,0,1,0,2
hpp,0,1,0,2
hpp parfum,0,4,0,10.25
hydrating glycerin adalah,0,10,0,11.3
hydrofarm wirawan,0,1,0,2
hydroquinone replacement artinya,0,18,0,9.61
i not cute,0,1,0,3
ici 2026,0,6,0,19.17
ici 2026 dimana,0,4,0,10.75
ici surabaya 2026,0,2,0,7.5
id body latina,0,1,0,11
ide bisnis parfum,0,1,0,8
ide konten personal branding,0,2,0,11.5
identitas produk,0,1,0,7
idollab,0,1,0,2
idx: bukk,0,1,0,3
ig keranjang kuning,0,1,0,6
iklan kecantikan bahasa inggris,0,11,0,8.09
iklan kecantikan wajah,0,26,0,8.08
iklan klinik kecantikan,0,18,0,22.78
iklan komersial kosmetik,0,4,0,1.5
iklan kosmetik,0,542,0,10.39
iklan kosmetik bahasa inggris,0,94,0,11.38
iklan kosmetik indonesia,0,32,0,6.03
iklan make up,0,1,0,2
iklan makeup,0,144,0,15.65
iklan parfum,0,2,0,2.5
iklan perawatan kulit,0,75,0,11.72
iklan produk kecantikan,0,95,0,14.75
iklan produk kecantikan dalam bahasa inggris,0,2,0,9.5
iklan produk kecantikan indonesia,0,3,0,7.33
iklan produk kosmetik,0,15,0,6.4
iklan produk kosmetik malaysia,0,1,0,50
iklan produk make up,0,3,0,8.33
iklan produk skincare,0,47,0,10.62
iklan produk skincare bahasa inggris,0,16,0,6.44
iklan scincare,0,1,0,11
iklan skin care,0,7,0,6.57
iklan skincare,0,256,0,12.06
iklan skincare bahasa inggris,0,127,0,4.91
iklan skincare dalam bahasa inggris,0,10,0,4.8
iklan skincare menarik,0,45,0,3.42
iklan tentang kecantikan,0,137,0,17.39
iklan tentang makeup,0,84,0,8.99
iklan tentang skincare,0,1,0,9
iklan unik,0,1,0,66
iklan untuk kosmetik,0,81,0,21.63
iklan untuk makeup,0,195,0,9.44
iklan untuk produk kosmetik,0,106,0,20.57
ikmbalon,0,2,0,5
im parfume,0,1,0,3
impian,0,1,0,8
implora ceramide skin barrier rich moisturizing gel,0,1,0,3
implora moisturizer,0,4,0,2.25
in cosmetics europe 2026,0,1,0,11
in-cosmetics global 2025 location,0,1,0,5
inarogel,0,1,0,3
incosmetics europe 2026,0,2,0,6.5
incosmetics korea 2026,0,1,0,6
indonesian beauty standard,0,1,0,1
industri kecantikan,0,29,0,45.07
industri kecantikan di indonesia,0,3,0,7.33
industri kecantikan indonesia,0,4,0,5.25
industri kosmetik,0,71,0,36.55
industri kosmetik adalah,0,3,0,49.33
industri kosmetik di indonesia,0,51,0,26.84
industri kosmetik di surabaya,0,1,0,29
industri kosmetik indonesia,0,7,0,10.14
industri kosmetik indonesia 2025,0,29,0,4.66
industri parfum,0,1,0,37
"industri skincare dan kosmetik global dalam beberapa tahun terakhir menunjukkan pertumbuhan yang tinggi, terutama didorong oleh digitalisasi, social commerce, dan meningkatnya kesadaran konsumen terhadap perawatan diri. namun, di tengah pertumbuhan tersebut, beberapa perusahaan besar justru mengalami tekanan finansial yang serius. salah satunya adalah revlon, perusahaan kosmetik asal amerika serikat yang berdiri sejak tahun 1932. pada tahun 2022, revlon mengajukan perlindungan kebangkrutan (chapter 11) di amerika serikat akibat beban utang yang besar, gangguan rantai pasok, serta menurunnya daya saing merek di pasar global. padahal, selama beberapa dekade revlon dikenal sebagai salah satu pemain utama dalam industri kecantikan dengan portofolio produk makeup dan skincare yang luas. beberapa faktor yang mempercepat penurunan kinerja revlon antara lain: tingginya tingkat persaingan dari brand global seperti estée lauder dan l'oréal. munculnya brand digital-native dan indie brands yang lebih adaptif terhadap tren media sosial. perubahan preferensi konsumen menuju clean beauty, sustainability, dan scientific skincare. dominasi e-commerce dan social commerce yang mengubah struktur distribusi tradisional. industri skincare saat ini ditandai oleh masuknya pemain baru seperti wardah dan somethinc dengan hambatan masuk yang relatif rendah di sisi branding dan pemasaran digital, namun tetap menuntut investasi besar dalam inovasi formula dan penguatan rantai pasok. konsumen semakin rasional, mengandalkan review online, influencer, dan transparansi kandungan produk sebelum melakukan pembelian. fenomena ini menunjukkan bahwa keberhasilan perusahaan dalam industri skincare tidak hanya ditentukan oleh kekuatan merek historis, tetapi juga oleh kemampuan beradaptasi terhadap perubahan struktur industri. pertanyaan: dengan menggunakan pendekatan model ekonomi industri (structure–conduct–performance / scp), lakukan analisis lingkungan industri (ali) pada industri skincare saat ini. uraikan secara sistematis: structure (struktur industri). analisis tingkat konsentrasi pasar, hambatan masuk, diferensiasi produk, kekuatan pemasok dan pembeli, serta ancaman produk substitusi dalam industri skincare! conduct (perilaku perusahaan). jelaskan pola strategi yang dilakukan pelaku industri, seperti strategi harga, promosi digital, inovasi produk, kolaborasi influencer, dan ekspansi kanal distribusi! performance (kinerja industri). analisis bagaimana struktur dan perilaku tersebut memengaruhi profitabilitas, efisiensi, inovasi, serta keberlanjutan jangka panjang industri! hubungkan masing-masing komponen tersebut dengan kondisi industri skincare saat ini dan refleksikan mengapa perusahaan seperti revlon mengalami tekanan dalam lanskap industri yang semakin kompetitif dan digital.",0,1,0,1
industri skincare di indonesia,0,7,0,13.71
industri skincare global pertumbuhan digitalisasi,0,3,0,11
industri skincare global pertumbuhan digitalisasi social commerce,0,8,0,8
inez produk mana,0,1,0,3
influencer gifting note sample,0,1,0,9
ingredients parfum,0,1,0,1
ingrown,0,8,0,28.38
ingrown hair,0,35,0,28.63
ingrown hair adalah,0,28,0,35.32
ingrown hair armpit,0,3,0,55.33
ingrown hair di kemaluan,0,1,0,69
ingrown hair di ketiak,0,2,0,31.5
ingrown hair ketiak,0,2,0,58.5
ingrown hair removal,0,3,0,49.33
ingrown hair salicylic acid,0,1,0,7
ingrown hair treatment,0,1,0,41
ini halal?,0,1,0,21
ini sabun?,0,1,0,8
inovasi kosmetik,0,10,0,78.4
inovasi skincare,0,145,0,54.03
inovasi teknologi kosmetika,0,2,0,59.5
insight kosmetik,0,1,0,1
inspire parfum,0,1,0,2
inspired,0,2,0,3
inspired adalah,0,9,0,17
inspired artinya,0,2,0,2
inspired by artinya,0,1,0,45
inspired parfum,0,3,0,5.67
inspired parfum adalah,0,336,0,8.51
inspired parfume,0,2,0,2
inspired scent,0,1,0,5
instagram ada keranjang kuning,0,15,0,5.4
instagram keranjang putih,0,4,0,9.75
instagram shopping,0,1,0,3
instal reels ig,0,2,0,6
instant brightening formula artinya,0,2,0,11
interxanthin obat apa,0,2,0,3
"intext:""this is your first post. edit or delete it"" ""dengan"" ""surabaya"" site:*.id",0,1,0,100
"intext:""uncategorized"" ""ditemukan"" ""kupang"" site:*.id",0,2,0,92.5
"intext:""uncategorized"" ""kesadaran"" ""kupang"" site:*.id",0,4,0,73.25
"intext:""uncategorized"" ""kini"" ""kupang"" site:*.id",0,1,0,79
"intext:""uncategorized"" ""membantu"" ""kupang"" site:*.id",0,1,0,64
"intext:""uncategorized"" ""mengatasi"" ""kupang"" site:*.id",0,2,0,79.5
"intext:""uncategorized"" ""menunjukkan"" ""kupang"" site:*.id",0,2,0,83
"intext:""uncategorized"" ""siapa"" ""kupang"" site:*.id",0,4,0,83
"intext:""uncategorized"" ""terus"" ""kupang"" site:*.id",0,2,0,73
intimate moisturizing gel,0,3,0,3
inurl:ilmu pengetahuan,0,4,0,31.75
isododecane adalah,0,1,0,49
itu gimana ya,0,1,0,1
iya,0,14,0,4.07
iya boleh,0,1,0,3
iya carikan dong,0,1,0,6
iya keduanya,0,1,0,4
iya mau,0,2,0,4
iya saya ingin,0,1,0,5
iyaa,0,1,0,4
iyya,0,1,0,6
izin arminareka perdana dicabut,0,1,0,4
izin edar kosmetik,0,1,0,38
jafaron merah,0,1,0,3
jaguar vision wangi apa,0,1,0,2
jasa desain kemasan kosmetik,0,19,0,41.68
jasa kemasan kosmetik,0,24,0,48.71
jasa maklon,0,23,0,5.09
jasa maklon acne spot cream,0,9,0,14.89
jasa maklon bb cream,0,4,0,9.25
jasa maklon bedak tabur,0,1,0,14
jasa maklon blush on,0,11,0,21.18
jasa maklon body butter,0,9,0,12.67
jasa maklon body care,0,12,0,26.67
jasa maklon body cream,0,10,0,36.8
jasa maklon body lotion,0,6,0,14.33
jasa maklon body mist,0,22,0,25.18
jasa maklon body n kids care,0,19,0,36.26
jasa maklon body scrub,0,13,0,16.69
jasa maklon body serum,0,9,0,15.78
jasa maklon body tonner,0,11,0,14.91
jasa maklon body wash,0,18,0,27.28
jasa maklon bodycare bpom,0,15,0,14.93
jasa maklon cleansing balm,0,9,0,13.78
jasa maklon cleansing lotion,0,11,0,17.18
jasa maklon cleansing milk,0,12,0,14.75
jasa maklon cleansing oil,0,9,0,8.44
jasa maklon cologne,0,11,0,27.45
jasa maklon conditioner,0,4,0,35.25
jasa maklon cosmetic,0,1,0,35
jasa maklon cushion,0,2,0,4
jasa maklon deodorant,0,7,0,12.43
jasa maklon dry shampoo,0,15,0,15.33
jasa maklon essence,0,1,0,25
jasa maklon exfoliator,0,3,0,7
jasa maklon eye brow serum,0,11,0,18.82
jasa maklon eye care,0,1,0,23
jasa maklon eye cream,0,7,0,14.57
jasa maklon eye lash serum,0,4,0,30.75
jasa maklon face bronzer,0,4,0,17.25
jasa maklon face care,0,6,0,25.83
jasa maklon face concealer,0,2,0,23.5
jasa maklon face contour,0,5,0,18
jasa maklon face foundation,0,10,0,24.3
jasa maklon face highlighter,0,9,0,12.44
jasa maklon face mist,0,1,0,30
jasa maklon face oil,0,1,0,18
jasa maklon face primer,0,11,0,14.18
jasa maklon face remover water-oil,0,8,0,9.88
jasa maklon face toner,0,8,0,11.12
jasa maklon facial wash,0,15,0,17.73
jasa maklon foot cream,0,18,0,24.5
jasa maklon foot mask,0,16,0,17
jasa maklon hair care,0,15,0,33.13
jasa maklon hair conditioner,0,10,0,26.4
jasa maklon hair gel,0,13,0,26.15
jasa maklon hair mask,0,14,0,19.57
jasa maklon hair oil,0,2,0,35
jasa maklon hair pomade,0,6,0,26.67
jasa maklon hair removal,0,4,0,20
jasa maklon hair serum,0,12,0,23.33
jasa maklon hair shampoo,0,9,0,48.44
jasa maklon hair spray,0,9,0,30.11
jasa maklon hair styling cream,0,7,0,48.29
jasa maklon hair tonic,0,9,0,9.56
jasa maklon hair wax,0,4,0,38.75
jasa maklon hand body cream,0,5,0,27
jasa maklon hand sanitizer,0,8,0,12.88
jasa maklon hand wash,0,2,0,40.5
jasa maklon handbody,0,7,0,17.14
jasa maklon heat protectant,0,5,0,11
jasa maklon jabodetabek,0,2,0,34.5
jasa maklon jakarta,0,15,0,25.47
jasa maklon kosmetik jakarta,0,13,0,31.77
jasa maklon kosmetik murah,0,1,0,30
jasa maklon kosmetik tangerang,0,61,0,17.36
jasa maklon kosmetik terbaik,0,96,0,48.35
jasa maklon leave-on conditioner,0,3,0,30.33
jasa maklon lip balm,0,6,0,64.33
jasa maklon lip changing color,0,1,0,12
jasa maklon lip cream,0,9,0,32.44
jasa maklon lip gloss,0,7,0,34.14
jasa maklon lip mask,0,6,0,35.83
jasa maklon lip mousse,0,7,0,44.86
jasa maklon lip oil,0,4,0,36.5
jasa maklon lip scrub,0,6,0,16
jasa maklon lip serum,0,13,0,36.46
jasa maklon lip tint,0,4,0,18.5
jasa maklon lip velvet,0,1,0,15
jasa maklon lipstick,0,9,0,16
jasa maklon loose powder,0,3,0,15.33
jasa maklon make up,0,12,0,28.25
jasa maklon masker,0,2,0,12.5
jasa maklon micellar water,0,6,0,56.33
jasa maklon moisturizer,0,7,0,27
jasa maklon packaging kosmetik,0,49,0,58.47
jasa maklon peeling serum,0,1,0,45
jasa maklon sabun mandi,0,2,0,45.5
jasa maklon scalp scrub,0,12,0,19.75
jasa maklon serum,0,9,0,28.33
jasa maklon shampoo,0,1,0,18
jasa maklon skin care,0,3,0,25
jasa maklon skincare,0,145,0,41.52
jasa maklon skincare jakarta,0,2,0,9
jasa maklon skincare terbaik,0,53,0,37.89
jasa maklon solid perfume,0,9,0,42.89
jasa maklon sunscreen,0,18,0,9.5
jasa maklon tangerang,0,64,0,19.31
jasa maklon teh,0,1,0,74
jasa maklon teh sidoarjo,0,1,0,45
jasa maklon tinted lip serum,0,5,0,40
jasa pengurusan bpom kosmetik,0,3,0,88.33
jasa produksi kosmetik brand sendiri,0,1,0,92
jawab dengan rinci,0,1,0,2
jelaskan semuanya,0,1,0,7
jenis alkohol dalam minyak wangi,0,23,0,64.3
jenis alkohol parfum,0,7,0,9.71
jenis jenis parfum,0,3,0,3
jenis jenis vitamin c,0,1,0,49
jenis ketombe,0,1,0,94
jenis parfum edp edt,0,1,0,79
jenis vitamin c,0,8,0,34.12
jenis vitamin c skincare,0,3,0,18
jestham moisturizer gel,0,1,0,3
joylab parfum,0,1,0,20
jpg new fragrance 2026,0,1,0,4
jualan parfum,0,1,0,1
jualan produk,0,1,0,2
k o l,0,1,0,2
k.o.l,0,1,0,4
kalau parfum,0,1,0,3
kalau strawberry,0,1,0,3
kalimat iklan yang efektif,0,1,0,10
kalimat yang digunakan dalam iklan harus memiliki,0,1,0,59
kalo gaada?,0,1,0,10
kalo parfum,0,1,0,3
kalo yang ini gimana,0,1,0,15
kalodata harga,0,1,0,15
kandungan alkohol dalam minyak wangi,0,6,0,70.5
kandungan cysteamine,0,6,0,6
kandungan cysteamine untuk apa,0,27,0,9.7
kandungan glycerin,0,6,0,92.67
kandungan glycerin dalam skincare,0,4,0,69.5
kandungan hb dosting,0,6,0,1.67
kandungan marina biru,0,1,0,3
kandungan panthenol untuk apa,0,2,0,73.5
kandungan parfum dan alcohol yang ada dalam produk melto masing-masing adalah adalah … dan ….,0,41,0,11.15
kantor morlab,0,14,0,2.79
kantor morlab dimana,0,1,0,2
kantor morlab indonesia,0,8,0,3.38
kantor morlab indonesia dimana,0,2,0,1
kantor morlab skincare,0,3,0,4.67
kapan waktu terbaik minum astaxanthin,0,1,0,2
karamoy,0,8,0,1
karya cosmetic beauty,0,1,0,1
karya mahendra innovation,0,1,0,5
karya sehat medistra,0,1,0,48
kasus heni sagara,0,1,0,2
kata kata hook skincare,0,2,0,38.5
kata kata iklan lipstik,0,2,0,7
kata kata iklan skincare,0,78,0,7.1
kata kata jualan skincare,0,10,0,1
kata kata promosi body lotion,0,1,0,1
kata kata promosi cream wajah,0,2,0,30.5
kata kata promosi klinik kecantikan,0,4,0,22.5
kata kata promosi mua,0,1,0,1
kata kata promosi produk kecantikan,0,91,0,15.24
kata kata promosi produk skincare,0,27,0,1
kata kata promosi salon kecantikan,0,3,0,51.67
kata kata promosi skincare,0,93,0,3.44
kata kata promosi skincare yang menarik,0,115,0,6.57
kata kata skincare,0,11,0,14
kata kata untuk produk kecantikan,0,12,0,24.75
kata kata untuk produk skincare,0,3,0,2
kata kosmetik,0,2,0,12
kata skincare,0,2,0,1
kata-kata hook skincare,0,2,0,35.5
kata-kata promosi cream wajah,0,2,0,31.5
kata-kata promosi klinik kecantikan,0,5,0,33
kata-kata promosi lipstik,0,1,0,3
kata-kata untuk iklan,0,1,0,11
kebaikan panthenol untuk kulit,0,1,0,19
kebutuhan astaxanthin per hari,0,1,0,2
kecantikan,0,1,0,4
kecantikan dan periklanan,0,2,0,21
kecantikan organik,0,124,0,76.65
keduanya,0,2,0,2
keduluan artinya,0,1,0,31
kegunaan alkohol di parfum,0,14,0,10.71
kegunaan alkohol pada parfum,0,8,0,9.88
kegunaan astaxanthin,0,3,0,22.67
kegunaan cysteamine,0,1,0,12
kegunaan ginseng untuk rambut,0,1,0,44
kegunaan glycerin untuk wajah,0,1,0,84
kegunaan hair tonic,0,2,0,43.5
kegunaan hair tonic ginseng,0,9,0,27.22
kegunaan hb dosting,0,3,0,2
kegunaan metanol untuk parfum,0,1,0,3
kegunaan moisturizer gel,0,2,0,3
kegunaan panthenol,0,16,0,44.62
kegunaan panthenol untuk wajah,0,22,0,33
kelas premium,0,1,0,1
kemasan feet bottle,0,10,0,6.4
kenapa,0,1,0,1
kenapa bisa mahal?,0,1,0,5
kenapa keranjang di ig tidak muncul,0,5,0,3
kenapa keranjang kuning tidak muncul,0,1,0,7
kenapa keranjang shopee tidak muncul,0,22,0,10.27
kenapa reels ig tidak muncul,0,2,0,3
kenapa shopee affiliate tidak bisa terhubung ke instagram,0,7,0,1
kenapa tiktok tidak ada gratis ongkir lagi,0,1,0,12
kepanjangan edp,0,1,0,48
kepanjangan edp parfum,0,4,0,44.25
kepanjangan hb dosting,0,8,0,1
kepanjangan maklon,0,1,0,6
keranjang belanja instagram,0,2,0,1
keranjang biru,0,2,0,28.5
keranjang kuning ig,0,3,0,2.33
keranjang kuning shopee,0,4,0,1
keranjang oren,0,2,0,1
keranjang putih,0,1,0,22
keranjang shopee,0,1,0,10
keranjang vidio shopping,0,3,0,41.33
kering,0,5,0,2
kerja kol adalah,0,1,0,3
kerjanya gimana,0,1,0,3
kerjasama bisnis kosmetik,0,3,0,42
kerjasama pabrik maklon,0,8,0,97.75
kerlon,0,1,0,39
kesalahan maklon produk,0,6,0,50.17
kesehatan dan kecantikan,0,1,0,5
kesehatan kulit,0,1,0,3
ketiak hitam pakai apa,0,1,0,2
ketiak putih,0,5,0,83.4
keuntungan bisnis skincare my mozza,0,2,0,49.5
keuntungan menggunakan jasa maklon kosmetik,0,122,0,41.07
keuntungan menggunakan maklon kosmetik,0,160,0,47.72
key opinion leader adalah,0,1,0,3
khasiat ginseng untuk rambut,0,1,0,3
kids labs,0,1,0,12
kinerja industri skincare global 2022-2025,0,4,0,10.5
kinetolab,0,1,0,46
kingkol,0,1,0,3
kinglab,0,1,0,55
kirim alamat,0,1,0,5
klik keranjang,0,2,0,7.5
klik keranjang kuning,0,1,0,3
kok gak ada ya,0,1,0,1
kol,0,28,0,2.25
kol & affiliate specialist,0,2,0,3
kol adalah,0,33,0,2.85
kol adalah influencer,0,2,0,3
kol adalah singkatan dari,0,2,0,3
kol ads,0,1,0,3
kol affiliate,0,88,0,1.3
kol affiliate adalah,0,512,0,1.49
kol affiliate specialist adalah,0,1,0,3
kol agency adalah,0,1,0,3
kol artinya,0,1,0,3
kol artis,0,1,0,3
kol artis adalah,0,1,0,2
kol barter,0,1,0,3
kol beauty,0,1,0,2
kol beauty adalah,0,49,0,10.27
kol brand adalah,0,1,0,3
kol campaign adalah,0,1,0,3
kol content creator,0,1,0,3
kol dalam dunia influencer,0,1,0,2
kol dalam marketing,0,1,0,3
kol dalam marketing adalah,0,1,0,3
kol dan affiliate specialist adalah,0,1,0,3
kol di,0,1,0,3
kol event adalah,0,1,0,3
kol influencer,0,2,0,3
kol influencer adalah,0,2,0,2.5
kol influencer singkatan dari,0,1,0,3
kol itu apa,0,3,0,3
kol kepanjangan dari,0,1,0,3
kol kerjanya apa,0,1,0,3
kol management adalah,0,1,0,3
kol marketing,0,1,0,3
kol media,0,1,0,3
kol mikro adalah,0,1,0,4
kol shopee,0,2,0,2.5
kol shopee affiliate,0,1,0,3
kol singkatan apa,0,1,0,3
kol singkatan dari,0,6,0,3
kol skin,0,1,0,11
kol specialist,0,1,0,3
kol specialist adalah,0,5,0,2.2
kol specialist artinya,0,1,0,2
kol streamer,0,1,0,2
kol tiktok adalah,0,1,0,3
kol. id,0,1,0,5
kol.id,0,2,0,2
kolaborasi influencer dan ekspansi kanal distribusi skincare,0,1,0,7
kolkit id,0,1,0,8
komposisi hb dosting,0,6,0,4.33
komsmetik,0,1,0,2
kondisi industri skincare global 2022-2025,0,22,0,4.86
kondisi industri skincare global 2023-2025,0,13,0,8.08
kondisi industri skincare global 2025,0,47,0,2.81
kondisi industri skincare global pertumbuhan 2020-2025,0,120,0,4.7
kondisi industri skincare global pertumbuhan digitalisasi,0,117,0,9.12
konlabos,0,3,0,60.67
konsep baru jualan online kosmetik,0,79,0,28.34
konsultan bpom,0,1,0,4
kontak,0,1,0,1
konten personal branding,0,1,0,1
korean skincare bali,0,1,0,42
kosme,0,1,0,3
kosme surabaya,0,1,0,23
kosmetik,0,4,0,29.5
kosmetik bagi pemula,0,47,0,58.06
kosmetik bahan alam,0,1,0,55
kosmetik bandung,0,1,0,29
kosmetik brand lokal,0,1,0,3
kosmetik dekoratif,0,3,0,27
kosmetik indonesia,0,2,0,42
kosmetik jawa timur,0,47,0,24.94
kosmetik kediri,0,14,0,8.79
kosmetik lab,0,1,0,1
kosmetik lokal indonesia tren,0,27,0,11.33
kosmetik maklon,0,1,0,75
kosmetik merek sendiri,0,1,0,152
kosmetik oem,0,1,0,54
kosmetik organik,0,1,0,36
kosmetik organik indonesia,0,3,0,35.33
kosmetik pria,0,2,0,11
kosmetik service,0,1,0,5
kosmetik sidoarjo,0,3,0,10.33
kosmetik skincare,0,1,0,3
kosmetik surabaya,0,5,0,30.4
kosmetik terbaik,0,7,0,62.57
kosmetik terbaik di indonesia,0,2,0,17.5
kosmetik terdekat,0,2,0,14.5
kosmetik trend,0,1,0,10
kosmetik trends 2026,0,1,0,3
kosmetik viral,0,1,0,21
kosmetik viral 2026,0,1,0,7
kosmetik wanita,0,1,0,69
kosmetik white label,0,1,0,19
kosmetik yang aman dan halal,0,1,0,64
kosmetik yang bagus,0,1,0,25
kosmetika global indonesia,0,2,0,1.5
kosmetiktips,0,10,0,68.9
kreasi hebat,0,5,0,19
kride lab,0,1,0,11
krim gel,0,1,0,3
krim itu apa,0,1,0,3
krim natural gel,0,1,0,2
krim pemutih ketiak terbaik,0,2,0,1
krim pengencang wajah,0,6,0,23
krim styling terbaik untuk keriting kering yang membutuhkan hidrasi,0,1,0,23
krim styling terbaik untuk rambut keriting kering hidrasi,0,1,0,14
kulit kaki,0,1,0,2
kulit kering,0,1,0,2
kulit kering pakai moisturizer gel atau cream,0,2,0,8
kursus peracik dari nol membuat sincare dari nol dibimbing sampai bisa daftar sekarang!,0,2,0,17
kyk gini,0,1,0,2
kymbalon,0,1,0,10
la tulipe moisturizer gel,0,3,0,3.67
laa vitamin c,0,1,0,12
lab agency,0,6,0,3.33
lab cosmetic,0,1,0,7
lab cosmetics,0,3,0,4.67
lab dream,0,3,0,3.33
lab kosmetik,0,9,0,11.56
lab makeup,0,1,0,13
lab on hair,0,1,0,5
lab on hair tonic,0,1,0,43
lab rnd adalah,0,1,0,2
lab skin,0,1,0,7
lab skincare,0,1,0,4
label kosmetik,0,2,0,94.5
laboratories,0,1,0,37
laboratoris,0,8,0,3.38
laboratorium kosmetik,0,5,0,14.4
labore skin nutrition gel dipakai kapan,0,1,0,3
labore skin nutrition gel untuk kulit apa,0,1,0,3
labs kelola,0,5,0,9.2
lagii,0,1,0,7
lain,0,1,0,1
lainnya,0,2,0,3
lavojoy body lotion,0,1,0,3
lebih awet edp atau edt,0,1,0,54
lebih awet edt atau edp,0,1,0,12
lebih jelas,0,1,0,1
lebih penting toner atau micellar water,0,11,0,40.64
lebih tahan lama edp atau edt,0,4,0,42.5
liderlab,0,1,0,42
lightening adalah,0,1,0,2
lightweight gel cream,0,1,0,4
link product instagram,0,1,0,1
liora body serum dna salmon apakah sudah bpom,0,1,0,3
lip balm custom,0,1,0,1
lip blush apakah halal,0,3,0,7.33
lip blush halal,0,6,0,9
lip gloss premium brand,0,1,0,2
lipstik,0,1,0,1
liquid blush packaging,0,1,0,10
list brand odm di indonesia,0,6,0,10.67
local brand sunscreen,0,4,0,23
logo cpkb,0,37,0,9.32
logo hb dosting,0,59,0,5.92
logo keranjang kuning shopee,0,8,0,7.12
lonkoom perfume,0,1,0,1
loreal moisturizer,0,1,0,3
lotion dosting,0,1,0,1
lotion hb,0,2,0,1
lotion hb dosting,0,7,0,1
lotion kulit belang,0,1,0,3
lotion mencerahkan kulit,0,1,0,3
lotion sheriz,0,1,0,3
lotion white inc,0,1,0,3
luasensi shop gratis,0,1,0,17
lulur ampas kopi,0,4,0,6.75
lulur apa yang bisa memutihkan kulit dengan cepat,0,1,0,3
lulur kopi,0,3,0,25.33
lulur kopi berapa menit,0,5,0,9.8
lulur kopi untuk memutihkan badan,0,1,0,3
lulur pemutih badan,0,1,0,3
luluran kopi berapa menit,0,16,0,9.31
luluran pakai kopi,0,1,0,45
lunaray beauty factory,0,1,0,34
lush,0,1,0,4
macam2 vitamin c,0,1,0,50
mackerlab,0,1,0,46
madame gie punya siapa,0,1,0,3
maglon,0,1,0,1
make up laboratory,0,2,0,12
make up lokal brand,0,1,0,3
makeup 2026,0,4,0,9
makeup glycerin,0,1,0,20
makeup lokal,0,1,0,3
maklin,0,13,0,7.77
maklon,0,144,0,8.45
maklon acne spot cream,0,3,0,9.33
maklon adalah,0,3,0,10.33
maklon aerosol,0,1,0,47
maklon anti ribet,0,2,0,77.5
maklon apa,0,4,0,8.5
maklon artinya,0,2,0,2
maklon asi booster,0,2,0,48
maklon atau makloon,0,1,0,44
maklon baby bug repellent,0,42,0,29.67
maklon baby care,0,2,0,13.5
maklon babycare,0,89,0,43.42
maklon bandung,0,11,0,12.64
maklon bb cream,0,10,0,15.3
maklon bedak bayi,0,152,0,30.57
maklon bergaransi,0,14,0,45.64
maklon berkualitas,0,5,0,86.6
maklon bersertifikasi halal,0,44,0,30.09
maklon blush on,0,1,0,16
maklon body butter,0,241,0,45.37
maklon body cream,0,7,0,24.57
maklon body lotion,0,128,0,27.62
maklon body lotion dan body wash,0,2,0,15.5
maklon body n kids care,0,27,0,28.56
maklon body scrub,0,235,0,42.43
maklon body serum eksklusif,0,16,0,12.94
maklon body tonner,0,3,0,14
maklon body wash,0,231,0,24.03
maklon bodycare murah dan berkualitas,0,6,0,15.33
maklon bodycare surabaya,0,15,0,12.27
maklon bodycare terbaik di indonesia,0,13,0,18
maklon botol parfum,0,2,0,9
maklon bpom,0,12,0,35.58
maklon brand sendiri,0,9,0,6.78
maklon china,0,50,0,10.5
maklon cleansing balm,0,15,0,14.6
maklon cleansing lotion,0,10,0,20.3
maklon cleansing milk,0,7,0,18.14
maklon cleansing oil,0,9,0,14.11
maklon cologne,0,6,0,18.5
maklon conditioner,0,5,0,29.6
maklon cosmetic,0,1,0,7
maklon cushion,0,3,0,11
maklon deodoran,0,75,0,42.36
maklon diffuser,0,7,0,8
maklon essence,0,2,0,32.5
maklon essential oil,0,13,0,9.23
maklon eye care,0,6,0,7
maklon eye cream,0,7,0,8.86
maklon eye lash serum,0,2,0,19.5
maklon eye mask,0,2,0,19
maklon eye serum,0,7,0,11
maklon face care,0,2,0,15.5
maklon face foundation,0,2,0,12
maklon face highlighter,0,7,0,14
maklon face mist,0,130,0,29.78
maklon face oil,0,24,0,60.75
maklon face primer,0,6,0,9.83
maklon face remover water-oil,0,7,0,13.29
maklon face toner,0,9,0,4.44
maklon facial wash,0,4,0,7.75
maklon foot cream,0,28,0,19.96
maklon foot mask,0,21,0,24.67
maklon gel rambut,0,228,0,28.07
maklon hair conditioner,0,3,0,30
maklon hair gel,0,9,0,13
maklon hair oil,0,1,0,25
maklon hair pomade,0,3,0,20
maklon hair removal,0,4,0,32.75
maklon hair shampoo,0,15,0,42.27
maklon hair spray,0,11,0,24.45
maklon hair styling cream,0,8,0,19.75
maklon hair tonic,0,7,0,23.57
maklon hair wax,0,4,0,32.25
maklon hand body cream,0,3,0,37.33
maklon hand sanitizer,0,16,0,11
maklon hand wash,0,1,0,40
maklon handbody,0,122,0,16.42
maklon heat protectant,0,3,0,18
maklon herbal,0,1,0,17
maklon herbal bandung,0,14,0,45.93
maklon herbal di jogja,0,3,0,40.33
maklon herbal moq rendah,0,3,0,54.67
maklon herbal surabaya,0,47,0,45.47
maklon itu apa,0,4,0,9.75
maklon kondisioner,0,92,0,40.9
maklon kosmetik bekasi,0,28,0,14.57
maklon kosmetik bpom,0,26,0,35.19
maklon kosmetik di bali,0,3,0,11
maklon kosmetik di indonesia,0,2,0,30
maklon kosmetik halal,0,24,0,29.12
maklon kosmetik halal dan bpom,0,169,0,75.41
maklon kosmetik jawa tengah,0,1,0,49
maklon kosmetik moq 100 pcs,0,3,0,26.67
maklon kosmetik murah,0,7,0,21.43
maklon kosmetik palembang,0,5,0,50.2
maklon kosmetik semarang,0,1,0,49
maklon kosmetik skala kecil,0,18,0,28.22
maklon kosmetik tangerang,0,196,0,19.02
maklon kosmetik terbaik jakarta,0,53,0,22.87
maklon krim cukur,0,129,0,24.63
maklon krim kaki,0,318,0,12.66
maklon krim mata,0,136,0,43.98
maklon krim penghilang stretch mark,0,20,0,50.2
maklon krim ruam popok,0,91,0,25.65
maklon krim tangan,0,9,0,72.44
maklon lab,0,25,0,7.32
maklon leave-on conditioner,0,6,0,39.83
maklon lip balm,0,2,0,19.5
maklon lip changing color,0,1,0,24
maklon lip cream,0,5,0,33.2
maklon lip gloss,0,3,0,9.33
maklon lip oil,0,2,0,17
maklon lip scrub,0,1,0,5
maklon lipstick,0,11,0,8.45
maklon lipstik,0,161,0,9.43
maklon liquid vape,0,3,0,8
maklon loose powder,0,1,0,6
maklon losion bayi,0,192,0,27.77
maklon lotion,0,3,0,51
maklon lotion bayi,0,50,0,19.96
maklon lulur dan body scrub,0,2,0,18
maklon makassar,0,5,0,7.4
maklon make up,0,16,0,16.5
maklon makeup,0,34,0,32.85
maklon masker,0,18,0,52.56
maklon masker medis,0,3,0,22
maklon masker organik,0,357,0,10.94
maklon masker rambut,0,165,0,27.24
maklon masker wajah,0,15,0,43.8
maklon micellar water,0,2,0,22.5
maklon minyak bayi,0,87,0,39.03
maklon minyak kayu putih,0,1,0,63
maklon minyak rambut,0,87,0,53.01
maklon minyak telon,0,1,0,18
maklon moisturizer,0,9,0,21.89
maklon murah,0,2,0,33
maklon pabrik,0,1,0,9
maklon parfum 1 juta,0,1,0,37
maklon parfum adalah,0,54,0,9.41
maklon parfum bpom,0,101,0,33.58
maklon parfum indonesia,0,12,0,23.33
maklon parfum itu apa,0,13,0,8.62
maklon parfum jogja,0,1,0,41
maklon parfum medan,0,1,0,10
maklon parfum mobil,0,1,0,50
maklon parfum murah,0,34,0,34.09
maklon parfum sidoarjo,0,74,0,6.46
maklon parfum terbaik di indonesia,0,93,0,6.87
maklon peeling serum,0,4,0,13.25
maklon pelembap,0,200,0,36.78
maklon pelembap bayi,0,373,0,31.93
maklon pembersih kewanitaan,0,32,0,45.38
maklon pembersih wajah,0,67,0,47.3
maklon perawatan bibir,0,81,0,47.36
maklon perawatan jerawat,0,191,0,46.52
maklon perawatan kulit kepala,0,429,0,22.69
maklon perawatan kulit untuk ibu hamil,0,352,0,7.07
maklon perawatan pria,0,17,0,15.71
maklon perfume,0,3,0,30.67
maklon powder cosmetic industry,0,67,0,88.75
maklon produk,0,1,0,10
maklon produk herbal,0,2,0,10
maklon produk kesehatan,0,1,0,4
maklon produk personal care,0,2,0,24.5
maklon sabun,0,5,0,16
maklon sabun antibakteri,0,69,0,26.17
maklon sabun baby,0,380,0,37.11
maklon sabun cair,0,6,0,50.5
maklon sabun cuci tangan,0,25,0,58.56
maklon sabun herbal,0,21,0,30.57
maklon sabun mandi bayi,0,132,0,35.45
maklon sabun mandi cair,0,4,0,11
maklon sabun pemutih (pencerah),0,125,0,28.54
maklon sabun transparan,0,31,0,35.74
maklon sampo,0,145,0,28.3
maklon sampo bayi,0,230,0,24.96
maklon scalp scrub,0,10,0,21.9
maklon serum rambut,0,187,0,33.4
maklon setting spray,0,3,0,17
maklon skin care,0,187,0,58.93
maklon skincare adalah,0,4,0,9.5
maklon skincare bpom,0,17,0,34.18
maklon skincare herbal terbaik,0,7,0,40.14
maklon skincare indonesia,0,7,0,11.71
maklon skincare jogja,0,2,0,21
maklon skincare murah,0,4,0,64.25
maklon skincare organik natural,0,110,0,46.47
maklon skincare pria,0,511,0,28.58
maklon skincare terdekat,0,77,0,45.06
maklon skincare terpercaya,0,9,0,9.56
maklon solid perfume,0,12,0,30.92
maklon sunblock,0,116,0,17.59
maklon suplemen,0,2,0,10
maklon suplemen kecantikan,0,49,0,56.71
maklon suplemen pranatal dan menyusui,0,3,0,36
maklon termurah,0,1,0,10
maklon tinted lip serum,0,6,0,39.83
maklon toner,0,57,0,50.77
maklon tonik rambut,0,104,0,43.46
maklon whitening drink,0,51,0,61.06
maklon yang paling diminati 2026,0,1,0,10
maklona,0,2,0,8
maklonlab,0,2,0,2.5
makloon,0,2,0,9.5
makloon parfum,0,5,0,31.2
makloon parfum bandung,0,2,0,11
maksud inspired perfume,0,1,0,1
malfon,0,1,0,1
mamakalon,0,1,0,11
mana gambarnya,0,1,0,2
manajemen bisnis kosmetik,0,1,0,25
mancare,0,5,0,10.4
manfaat akar ginseng untuk rambut,0,5,0,19.8
manfaat asta plus 8,0,1,0,3
manfaat asta plus untuk wanita,0,1,0,3
manfaat astaxani nutraglow,0,1,0,14
manfaat astaxanthin,0,3,0,2.67
manfaat astaxanthin coolkin,0,1,0,3
manfaat astaxanthin gel untuk wajah,0,1,0,3
manfaat astaxanthin untuk kesehatan,0,1,0,3
manfaat astaxanthin untuk kulit,0,41,0,61.61
manfaat astaxanthin untuk kulit wajah,0,1,0,19
manfaat astaxanthin untuk rambut,0,2,0,70
manfaat astaxanthin untuk wajah,0,56,0,47.11
manfaat asthin force 12,0,1,0,3
manfaat asthin force 12 untuk kecantikan,0,2,0,2
manfaat asthin force 6 untuk kecantikan,0,1,0,3
manfaat atomy eye health luaxanthin,0,1,0,3
manfaat axtansantin,0,2,0,3
manfaat body lotion citra bengkoang,0,1,0,2
manfaat citra uv body lotion perfect bright bengkoang,0,1,0,2
manfaat cysteamine,0,16,0,11.56
manfaat cysteamine untuk wajah,0,6,0,11.5
manfaat gingseng buat rambut,0,3,0,31
manfaat gingseng untuk rambut,0,3,0,42.67
manfaat ginseng bagi rambut,0,1,0,44
manfaat ginseng buat rambut,0,1,0,11
manfaat ginseng untuk rambut,0,28,0,16.61
manfaat glycerin untuk kulit wajah,0,7,0,69.43
manfaat glycerin untuk wajah,0,10,0,67.5
manfaat hair tonic,0,5,0,61.4
manfaat hair tonic ginseng,0,39,0,21.03
manfaat hair tonic ginseng untuk rambut,0,2,0,11
manfaat hair tonic hijau,0,1,0,43
manfaat handbody marina campur minyak zaitun,0,1,0,3
manfaat jasa maklon skincare,0,86,0,18.07
manfaat kopi hitam untuk lulur badan,0,1,0,3
manfaat minum astaxanthin setiap hari,0,1,0,2
manfaat minyak ginseng untuk rambut,0,10,0,6.9
manfaat minyak rambut ginseng,0,6,0,5.67
manfaat moist panthenol,0,1,0,9
manfaat moisturizer body massage gel,0,1,0,3
manfaat moisturizer gel,0,1,0,3
manfaat moisturizer panthenol,0,2,0,15
manfaat natural astaxanthin,0,1,0,3
manfaat niacinamide 5 persen untuk wajah,0,2,0,6.5
manfaat obat astaxanthin,0,1,0,3
manfaat panthenol,0,28,0,43.82
manfaat panthenol bagi wajah,0,1,0,20
manfaat panthenol dalam skincare,0,1,0,13
manfaat panthenol dan ceramide untuk wajah,0,4,0,10.5
manfaat panthenol untuk kulit,0,9,0,13.78
manfaat panthenol untuk kulit wajah,0,3,0,12.33
manfaat panthenol untuk wajah berjerawat,0,1,0,81
manfaat peeling ketiak,0,7,0,3
manfaat shampo ginseng,0,5,0,42.8
manfaat super glutathione astaxanthin,0,2,0,3
manfaat tonic rambut,0,1,0,47
manfaat viva moisturizer gel,0,1,0,3
manfaat wardah moisturizer gel,0,3,0,3
manfaat wardah symradiance 399 moisturizer,0,1,0,3
manfaat witch hazel,0,2,0,35
manfaat witch hazel untuk wajah,0,1,0,28
manislab,0,1,0,30
manufacturing,0,1,0,6
manufaktur di surabaya,0,2,0,10.5
manufaktur kosmetik,0,5,0,19.4
manufaktur surabaya,0,1,0,1
marina,0,1,0,2
marina expert white & glow moisturizing gel for face & body,0,1,0,3
marketeers transformasi industri kecantikan 2020 2025 dari kuantitas ke kualitas,0,15,0,10.8
marketing lab,0,1,0,3
marketlab,0,7,0,50.43
markloan,0,8,0,54
marklon,0,1,0,7
marklon peptide,0,69,0,5.88
masker organik,0,26,0,36.35
masker organik yang bagus,0,15,0,55
masker wajah organik,0,9,0,39
masterlab,0,1,0,31
masukkan keranjang beli sekarang,0,5,0,7.4
masukkan keranjang di shopee artinya,0,5,0,2.2
masumi beauty indonesia,0,2,0,27
matte lip cream,0,1,0,5
mavis dreamlab,0,5,0,5.4
maxie skincare punya siapa,0,1,0,3
maybelline pt apa,0,1,0,3
medikids makassar,0,1,0,5
medithin astaxanthin,0,1,0,3
medorlab,0,2,0,22.5
meiyume,0,1,0,2
membangun brand kosmetik,0,2,0,1
membuat brand parfum sendiri,0,3,0,41
membuat hand sanitizer,0,6,0,67.17
membuat masker,0,1,0,92
membuat parfum,0,1,0,2
membuat video viral,0,6,0,57.5
membuka usaha skin care,0,1,0,93
memilih maklon skincare,0,61,0,70
memutihkan badan pakai apa,0,1,0,3
memutihkan ketiak,0,42,0,49.9
memutihkan ketiak dengan cepat,0,3,0,15
memutihkan ketiak hitam,0,24,0,51.71
memutihkan ketiak secara alami,0,1,0,10
memutihkan ketiak yang hitam,0,56,0,64.86
men basic skin care,0,1,0,10
men basic skincare,0,1,0,12
menambahkan keranjang di reels,0,174,0,1.05
mencerahkan ketiak,0,39,0,49.05
mencerahkan ketiak hitam,0,1,0,59
mencerahkan ketiak yang hitam,0,5,0,70.6
mencerahkan kulit ketiak,0,1,0,17
mengembangkan dan memproduksi produk kosmetik,0,1,0,61
menghitung harga jual produk,0,1,0,3
meracik handbody untuk memutihkan kulit,0,54,0,8.26
meracik hb dosting,0,43,0,8.44
meracik hb sendiri,0,36,0,7.42
merek,0,1,0,6
merek apa,0,1,0,1
merek kosmetik terbaik di dunia,0,1,0,58
merek perawatan tubuh terbaik 2026 indonesia,0,2,0,6
merek shampo di indonesia,0,1,0,3
merek terbaik di tiktok,0,3,0,56.67
merek terpopuler di tiktok,0,3,0,60.67
merk cysteamine yang bagus,0,3,0,11.33
merk hb dosting bpom,0,3,0,1
merk kosmetik terbaik,0,1,0,54
merk kosmetik terbaik di indonesia,0,1,0,78
merk make up,0,1,0,3
merk nya,0,1,0,2
merk odm indonesia,0,1,0,13
merk parfum tahan lama 24 jam pria,0,1,0,3
merk skincare terbaik di indonesia,0,2,0,77.5
merk sunblock,0,1,0,48
merk yg bagus,0,1,0,12
meta business suite,0,2,0,4.5
metanol untuk parfum,0,3,0,2.67
micellar water as toner,0,1,0,34
micellar water dan toner apa bedanya,0,1,0,27
micellar water dan toner apakah sama,0,24,0,24.62
micellar water sama toner apa bedanya,0,6,0,17
micellar water toner,0,2,0,54
micellar water vs toner,0,16,0,37.31
milk recipe ketiak,0,1,0,1
milk recipe untuk ketiak,0,1,0,1
mindlab,0,3,0,46.33
mineral sunscreen lokal,0,1,0,12
mintel beauty trends 2025,0,1,0,9
minum astaxanthin pagi atau malam,0,1,0,3
minyak ginseng untuk rambut,0,4,0,30.25
minyak wangi alkohol,0,4,0,63.5
miras halal,0,1,0,3
mitcham personal care company ketiak gelap,0,1,0,15
modal,0,1,0,1
modal 20 juta,0,1,0,9
modal awal buka toko kosmetik,0,1,0,2
modal bikin brand parfum sendiri,0,1,0,11
modal bisnis parfum brand sendiri,0,12,0,10
modal bisnis skincare,0,4,0,25
modal usaha kosmetik kecil kecilan,0,1,0,76
modal usaha parfum brand sendiri,0,3,0,6.67
modal usaha skin care,0,6,0,41.83
modal usaha toko kosmetik,0,1,0,1
moell,0,1,0,2
moell face cream,0,1,0,3
mohamad prapanca kekayaan,0,1,0,3
moida indonesia,0,1,0,2
mois,0,1,0,2
moist gel,0,1,0,3
moisture gel adalah,0,14,0,23.71
moisture gel skintific,0,1,0,3
moisturizer,0,1,0,1
moisturizer & cream,0,24,0,33.17
moisturizer + sunscreen lokal,0,2,0,10.5
moisturizer acnaway,0,1,0,2
moisturizer body massage gel,0,1,0,3
moisturizer cica wardah,0,1,0,3
moisturizer cream gel,0,1,0,16
moisturizer cream vs gel,0,18,0,9.11
moisturizer cyeecare,0,1,0,3
moisturizer dan cream apakah sama,0,12,0,11.75
moisturizer gel,0,8,0,6.25
moisturizer gel atau cream,0,3,0,7.67
moisturizer gel cream,0,13,0,11.62
moisturizer gel dan cream,0,8,0,6.5
moisturizer gel untuk apa,0,11,0,9.36
moisturizer gel untuk kulit apa,0,3,0,6
moisturizer gel untuk mencerahkan wajah,0,3,0,3
moisturizer gel vs cream,0,16,0,7.69
moisturizer hni hpai,0,1,0,3
moisturizer itu apa,0,1,0,3
moisturizer latulipe,0,3,0,3
moisturizer marina,0,2,0,2
moisturizer moell,0,2,0,2
moisturizer panthenol tidak boleh dicampur dengan,0,1,0,1
moisturizer sama cream apakah sama,0,2,0,7
moisturizer scora hydramoist gel,0,2,0,3
moisturizer skintific biru,0,2,0,3
moisturizer sunscreen lokal,0,144,0,12.39
moisturizer tekstur gel,0,1,0,3
moisturizer the originote,0,4,0,2
moisturizer vs cream,0,1,0,12
moisturizer vs grill,0,1,0,6
moisturizer vs sushi,0,1,0,8
moisturizer wardah gel,0,1,0,3
moisturizer yang mengandung glycerin,0,1,0,86
moisturizing cream adalah,0,3,0,23.67
moisturizing gel adalah,0,13,0,9.92
moisturizing gel untuk apa,0,3,0,10.67
moq,0,7,0,22.86
moq 1000,0,6,0,8.67
moq 2000,0,1,0,12
moq 500,0,5,0,4.2
moq adalah,0,1,0,17
moq apa,0,1,0,97
moq skincare,0,5,0,9.8
morlab,0,5,0,44.6
morlab indonesia,0,3,0,29.33
morlab skincare,0,4,0,40
morlabofficialindonesia,0,1,0,20
mpm beauty,0,1,0,13
mpobulan,0,1,0,12
muka bersisik,0,1,0,11
mushlab,0,1,0,43
mutihin badan pakai apa,0,1,0,3
mypearsonlab,0,2,0,46
nad,0,5,0,43
nad adalah,0,1,0,46
nad beauty,0,6,0,18.83
nad cosmetics,0,1,0,10
nad kosmetik,0,27,0,6.89
nad kosmetyki,0,1,0,10
nad plus skincare,0,4,0,6
nad skincare,0,31,0,6.58
nad+ kosmetik,0,1,0,14
nad+ serum,0,1,0,11
nadh skin serum,0,1,0,17
nama brand kosmetik,0,1,0,55
nama brand skincare yang belum dipakai,0,1,0,5
nama pt kosmetik,0,2,0,57.5
nama pt kosmetik di indonesia,0,3,0,29
nama pt kosmetik yang bagus,0,4,0,9
nama pt skincare yang bagus,0,6,0,10
natur e advanced astaxanthin,0,1,0,3
natur e astaxanthin review,0,1,0,3
natur e moisturizer gel,0,3,0,2.33
natur hair tonic ginseng,0,1,0,3
natural skincare bali,0,1,0,20
naturoksi obat apa,0,1,0,2
nayue kosmetik indonesia,0,2,0,4.5
nazwa skincare viral,0,1,0,1
new fragrances 2026 for her,0,1,0,3
new fragrances coming soon 2026,0,1,0,1
newlab hb dosting,0,1,0,3
niacinamide,0,1,0,48
niacinamide 2 persen,0,1,0,8
niacinamide 2 persen untuk apa,0,6,0,10.83
niacinamide 2%,0,1,0,3
niacinamide berapa persen untuk mencerahkan kulit,0,1,0,9
noda hitam di wajah,0,1,0,3
nomor 3,0,1,0,1
nomor hape,0,1,0,2
nomor izin edar kosmetik,0,1,0,18
nomor notifikasi kosmetik,0,2,0,12
nomor teleponnya,0,1,0,1
non hydroquinone lightening cream,0,1,0,43
nutrilab,0,2,0,43.5
nutrilab pratama,0,2,0,47
nutrishe moisturizer,0,1,0,3
obao personal care memutihkan ketiak,0,4,0,14.5
obao personal care mencerahkan ketiak,0,11,0,11.09
obat astaxanthin,0,1,0,3
obat astaxanthin untuk apa,0,1,0,2
obat asthin force 12 untuk apa,0,1,0,3
obat asthin force untuk apa,0,1,0,3
obat axtan untuk apa,0,1,0,3
obat pembersih ketiak hitam,0,2,0,1
obat pemutih ketiak,0,4,0,1.5
obat penghilang ketiak hitam,0,1,0,1
obat untuk ketiak hitam,0,1,0,2
odm,0,2,0,7
odm skincare,0,8,0,10.62
odm vs oem,0,2,0,40
odm white label,0,25,0,5.4
oem cosmetics,0,1,0,53
oem dan odm,0,1,0,68
oem dan odm adalah,0,1,0,55
oem kosmetik,0,4,0,3.5
oem odm,0,3,0,58
oem odm adalah,0,2,0,46
oem parfum,0,1,0,4
oem skincare,0,4,0,13.5
oem skincare indonesia,0,1,0,68
oem vs odm,0,1,0,6
oh iya,0,1,0,2
oil based parfum,0,2,0,6
oil parfum,0,4,0,2.5
oil perfume,0,1,0,2
oil perfume body shop,0,1,0,3
ok boleh,0,1,0,5
omg barrier moisture gel,0,1,0,3
omg gel,0,1,0,2
omg moisturizer gel,0,2,0,3
opinionlab,0,1,0,44
optimasi tiktok,0,5,0,13
opto lumbung sejahtera,0,1,0,67
over panthenol apakah aman,0,1,0,12
owner daviena skincare,0,1,0,4
owner morlab,0,1,0,52
owner skincare terkaya di indonesia,0,1,0,2
oxybiome niacinamide manfaat,0,1,0,25
pabrik,0,7,0,66.71
pabrik apa aja,0,1,0,8
pabrik bibit parfum di indonesia,0,1,0,1
pabrik botol parfum kaca jabodetabek,0,1,0,33
pabrik botol parfum surabaya,0,1,0,47
pabrik di malang jawa timur,0,1,0,2
pabrik di surabaya apa saja,0,3,0,92.67
pabrik fallin beauty,0,2,0,43.5
pabrik formula,0,2,0,7
pabrik kecantikan,0,4,0,12
pabrik kemasan kosmetik,0,1,0,93
pabrik kemasan parfum,0,2,0,33.5
pabrik kosmetik,0,394,0,28.22
pabrik kosmetik bandung,0,4,0,15
pabrik kosmetik buduran sidoarjo,0,8,0,10.25
pabrik kosmetik di bali,0,31,0,18.39
pabrik kosmetik di bandung,0,2,0,49
pabrik kosmetik di bantul,0,2,0,44.5
pabrik kosmetik di indonesia,0,6,0,26.5
pabrik kosmetik di jawa timur,0,34,0,16.88
pabrik kosmetik di malang,0,24,0,10.79
pabrik kosmetik di medan,0,11,0,9.27
pabrik kosmetik di sidoarjo,0,14,0,9
pabrik kosmetik di surabaya,0,105,0,7.72
pabrik kosmetik di tangerang,0,89,0,16.28
pabrik kosmetik gedangan sidoarjo,0,15,0,1.8
pabrik kosmetik indonesia,0,6,0,13
pabrik kosmetik jakarta,0,21,0,21.48
pabrik kosmetik jawa timur,0,17,0,24.71
pabrik kosmetik malang,0,12,0,10.67
pabrik kosmetik mewah,0,30,0,14.03
pabrik kosmetik mojokerto,0,1,0,1
pabrik kosmetik pasuruan,0,8,0,4.12
pabrik kosmetik rungkut,0,2,0,11
pabrik kosmetik rungkut surabaya,0,2,0,17.5
pabrik kosmetik surabaya timur,0,32,0,11.97
pabrik kosmetik tangerang,0,160,0,8.3
pabrik kosmetik terdekat,0,26,0,12.73
pabrik lipstik,0,17,0,9.12
pabrik make up,0,3,0,4.33
pabrik maklon,0,23,0,41.09
pabrik maklon adalah,0,1,0,78
pabrik maklon herbal,0,1,0,13
pabrik maklon indonesia,0,8,0,19.12
pabrik maklon jabodetabek,0,2,0,23
pabrik maklon jakarta,0,1,0,24
pabrik maklon jawa timur,0,2,0,9.5
pabrik maklon jogja,0,2,0,21.5
pabrik maklon kosmetik,0,16,0,52.19
pabrik maklon kosmetik jakarta,0,28,0,20.89
pabrik maklon kosmetik sidoarjo,0,1,0,11
pabrik maklon kosmetik terbaik di sidoarjo - mount hermon laboratories kabupaten sidoarjo,0,1,0,2
pabrik maklon kosmetik terpercaya,0,13,0,49.38
pabrik maklon makanan,0,1,0,1
pabrik maklon parfum,0,37,0,16.84
pabrik maklon skincare,0,114,0,18.46
pabrik maklon skincare terbaik,0,30,0,6.57
pabrik maklon surabaya,0,1,0,56
pabrik maklon tangerang,0,4,0,23
pabrik maklon terdekat,0,2,0,10
pabrik manufaktur,0,1,0,48
pabrik manufaktur di surabaya,0,4,0,65.25
pabrik minyak wangi,0,26,0,7.73
pabrik morlab,0,1,0,2
pabrik nya,0,1,0,3
pabrik oem,0,1,0,12
pabrik parfum di bali,0,15,0,5.2
pabrik parfum indonesia,0,38,0,9
pabrik parfum sidoarjo,0,1,0,12
pabrik parfum tangerang,0,3,0,8
pabrik parfum terbesar di indonesia,0,2,0,13.5
pabrik parfume,0,27,0,9.48
pabrik pembuat kosmetik,0,2,0,42
pabrik pembuatan parfum,0,9,0,5
pabrik pembuatan skincare,0,59,0,8.14
pabrik pt,0,1,0,141
pabrik sabun terdekat,0,1,0,1
pabrik skin care,0,2,0,11
pabrik skincare bandung,0,3,0,38.67
pabrik skincare di indonesia,0,128,0,8.16
pabrik skincare halal,0,34,0,25.18
pabrik skincare jakarta,0,5,0,23.6
pabrik skincare tangerang,0,25,0,2.92
pabrik skincare terbaik di indonesia,0,21,0,4.52
pabrik skincare terdekat,0,9,0,9.22
pabrik skintific,0,1,0,2
pabrik terdekat dari lokasi saya,0,1,0,8
packaging,0,1,0,83
packaging parfum,0,1,0,3
packaging parfum mewah,0,10,0,7.8
packing box,0,1,0,4
pakai hb apa biar cepat putih,0,1,0,2
pakai hb dosting berapa kali sehari,0,1,0,3
paket col shopee,0,1,0,3
paket usaha parfum brand sendiri,0,1,0,47
paket usaha skincare,0,1,0,1
pameran ici 2026,0,1,0,11
panduan+memilih+produk+kecantikan+organik+,0,1,0,14
panthenol,0,94,0,51.54
panthenol adalah,0,86,0,51.02
panthenol and tretinoin,0,1,0,11
panthenol apa,0,7,0,1
panthenol artinya,0,1,0,14
panthenol berfungsi untuk,0,1,0,93
panthenol buat apa,0,3,0,14
panthenol cocok untuk kulit apa,0,2,0,19.5
panthenol dan niacinamide,0,1,0,59
panthenol dipakai pagi atau malam,0,2,0,11.5
panthenol for skin,0,8,0,72.25
panthenol fungsi,0,16,0,68.69
panthenol itu apa,0,3,0,85
panthenol manfaat,0,13,0,47.62
panthenol manfaat untuk wajah,0,3,0,11
panthenol setelah eksfoliasi,0,18,0,4.89
panthenol skin,0,1,0,74
panthenol skincare,0,6,0,42.5
panthenol tidak boleh dicampur dengan,0,4,0,35
panthenol untuk,0,1,0,17
panthenol untuk apa,0,42,0,41.76
panthenol untuk kulit,0,19,0,59.79
panthenol untuk kulit apa,0,11,0,44
panthenol untuk kulit kering,0,60,0,8.25
panthenol untuk wajah,0,26,0,48.19
panthenol with tretinoin,0,1,0,10
panthenol?,0,1,0,3
parfu.,0,1,0,1
parfum,0,51,0,1.33
parfum 2026,0,27,0,5.7
parfum 2026 femme,0,2,0,1
parfum 26,0,1,0,10
parfum alcohol,0,1,0,11
parfum alkohol,0,30,0,23.13
parfum anak anak,0,1,0,3
parfum anak laki laki tahan lama,0,1,0,3
parfum arab best seller,0,1,0,1
parfum arab terbaik,0,2,0,1
parfum arab wanita,0,1,0,1
parfum avatar,0,2,0,12
parfum balm itu apa,0,7,0,3.14
parfum balsem,0,6,0,1.5
parfum beralkohol,0,1,0,3
parfum bpom,0,2,0,51
parfum brand sendiri,0,3,0,42
parfum cewek isi ulang,0,1,0,3
parfum custom eksklusif,0,36,0,47.5
parfum di indonesia,0,1,0,1
parfum edp,0,7,0,3.14
parfum edp adalah,0,5,0,34.2
parfum edp dan edt,0,9,0,44.78
parfum edt,0,10,0,43.7
parfum edt adalah,0,4,0,20.75
parfum edt artinya,0,1,0,50
parfum edt dan edp,0,13,0,7.85
parfum edt edp,0,3,0,35.33
parfum edt itu apa,0,1,0,13
parfum expert,0,2,0,7
parfum hits 2026,0,4,0,1
parfum hype 2026,0,1,0,21
parfum inspired,0,8,0,11.38
parfum inspired adalah,0,309,0,6.79
parfum inspired artinya,0,499,0,5.93
parfum inspired by,0,2,0,10
parfum joylab,0,2,0,24.5
parfum lara arab harga,0,1,0,4
parfum lokal,0,1,0,9
parfum maklon adalah,0,1,0,12
parfum manufaktur,0,1,0,12
parfum merek sendiri,0,36,0,52.69
parfum minyak,0,1,0,3
parfum mu,0,2,0,8.5
parfum oil,0,6,0,2.67
parfum oil based,0,26,0,5.35
parfum oles,0,1,0,2
parfum organik,0,1,0,3
parfum padat,0,13,0,1
parfum pembangkit gairah wanita,0,1,0,3
parfum petrichor,0,1,0,23
parfum pheromone,0,1,0,3
parfum pheromone adalah,0,1,0,13
parfum rose noir arab,0,1,0,3
parfum salsa,0,1,0,3
parfum solid,0,1,0,1
parfum tahan lama edp atau edt,0,1,0,59
parfum tahan lama isi ulang,0,1,0,3
parfum terbaru,0,2,0,1
parfum terbaru 2026,0,16,0,8.12
parfum timteng,0,1,0,17
parfum trend,0,3,0,12.67
parfum vibes,0,2,0,3
parfum viral 2026,0,15,0,9.6
parfum wangi susu,0,1,0,1
parfum white label,0,1,0,9
parfum yang ada alkoholnya,0,1,0,1
parfum yang dipakai nagita slavina,0,4,0,10.75
parfum yang lagi trend,0,1,0,1
parfum yang lagi trend sekarang,0,1,0,1
parfum yang lagi viral 2026 terbaru,0,5,0,8.4
parfum yang mengandung alkohol,0,5,0,12.8
parfum yang sedang trend saat ini,0,3,0,4.33
parfum yang segar dan tahan lama,0,1,0,2
parfum yang tahan lama edt atau edp,0,1,0,33
parfum.,0,1,0,1
parfum?,0,1,0,3
parfume,0,3,0,3
parfume 2026,0,5,0,5.2
parfume balm,0,23,0,1.09
parfume bubble gum,0,1,0,18
parfume edp adalah,0,1,0,3
parfume edp dan edt,0,1,0,12
parfume edt,0,1,0,31
parfume oil,0,1,0,2
parfume y,0,1,0,2
pasar kecantikan,0,101,0,22.66
pasar kosmetik,0,63,0,37.78
pasar kosmetik di indonesia,0,1,0,11
pasar perawatan diri,0,6,0,81.83
pasar perawatan kulit,0,3,0,77
pasar skincare,0,84,0,75.88
paula's choice ingrown hair,0,1,0,5
pbktl,0,14,0,42.14
peeling ketiak,0,3,0,23.33
peeling ketiak adalah,0,1,0,3
peeling ketiak untuk apa,0,1,0,1
pekerjaan giorgio antonio,0,1,0,2
pekerjaan kol,0,1,0,3
pelarut bibit parfum terbaik,0,1,0,3
pelarut parfum yang bagus,0,1,0,3
pelembab gel untuk kulit berminyak,0,1,0,3
pelembab la tulipe,0,1,0,3
pelembab parfum,0,10,0,1
pelembab pria,0,1,0,2
pelembab untuk parfum,0,16,0,1
peluang usaha kosmetik,0,3,0,45
pemasaran dalam industri kosmetik,0,1,0,14
pemasaran industri kecantikan,0,33,0,27.67
pemasaran kosmetik,0,8,0,48.88
pemasaran skincare di tiktok shop,0,9,0,5.89
pembersih ketiak hitam paling ampuh,0,3,0,1
pembersih lantai,0,1,0,4
pembuat parfum,0,1,0,45
pemilik oriskin,0,1,0,3
pemilik pt sinar alfa omega,0,1,0,3
pemutih ketiak,0,20,0,22.85
pemutih ketiak ampuh,0,1,0,1
pemutih ketiak di apotek,0,1,0,1
pemutih ketiak paling ampuh,0,8,0,1
pemutih ketiak yang ampuh,0,13,0,1
pemutih kulit alami,0,1,0,3
pencerah badan paling ampuh,0,1,0,3
pencerah ketiak paling ampuh,0,1,0,1
pengencang,0,1,0,5
pengencang kulit wajah,0,2,0,1
pengencang muka,0,5,0,4
pengencang wajah,0,8,0,17.5
penggunaan hb dosting,0,1,0,10
penyebab ingrown hair,0,16,0,17.12
penyebab rambut kusut,0,1,0,2
peptide+,0,3,0,5.67
perawatan bibir,0,1,0,6
perawatan ketiak agar putih,0,1,0,17
perawatan memutihkan ketiak,0,2,0,30
perawatan rambut curly permanen,0,2,0,94.5
perawatan rambut keriting,0,19,0,50.11
perawatan tubuh paling efektif dan terpercaya 2025 or 2026,0,1,0,8
perbandingan edp dan edt,0,8,0,2.25
perbedaan absolute dan alkohol,0,1,0,62
perbedaan affiliate dan kol,0,63,0,10.67
perbedaan aha body serum dan aha body booster,0,1,0,5
perbedaan alkohol food grade dan non food grade,0,1,0,8
perbedaan booster dan dosting,0,11,0,1
perbedaan cream dan gel,0,57,0,8.09
perbedaan cream dan moisturizer,0,25,0,19.48
perbedaan dosting dan booster,0,14,0,1.14
perbedaan eau de parfum eau de toilette dan eau de cologne,0,1,0,1
perbedaan eau de toilette,0,4,0,45
perbedaan eau de toilette dan eau de parfum,0,3,0,72.33
perbedaan edc edt edp,0,4,0,13
perbedaan edp,0,3,0,12.67
perbedaan edp dan edt,0,256,0,12.8
perbedaan edp dan edt pada parfum,0,3,0,15.33
perbedaan edp dan edt parfum,0,6,0,12.33
perbedaan edp dan parfum,0,3,0,62.33
perbedaan edp edt,0,244,0,9.77
perbedaan edp edt edc,0,47,0,9.06
perbedaan edp edt edc parfum,0,5,0,18.8
perbedaan edp edt parfum,0,1,0,13
"perbedaan edp, edt edc parfum",0,25,0,11.84
"perbedaan edp, edt, edc parfum",0,1,0,12
perbedaan edt dan edp,0,458,0,10.64
perbedaan edt dan edp pada parfum,0,1,0,13
perbedaan edt dan edp parfum,0,47,0,4.47
perbedaan edt edp,0,25,0,15.76
perbedaan etanol dan alkohol untuk parfum,0,1,0,24
perbedaan evalen gel dan cream,0,1,0,1
perbedaan gel dan krim,0,24,0,5.42
perbedaan hb booster dan hb dosting,0,13,0,1.15
perbedaan hb dan dosting,0,14,0,5.57
perbedaan hb dosting dan body lotion,0,11,0,5.18
perbedaan hb dosting dan hb booster,0,29,0,1
perbedaan hb dosting dan hb bpom,0,15,0,8.47
perbedaan hb dosting dan hb whitening,0,16,0,4.75
perbedaan hb dosting noera kuning dan ungu,0,2,0,3
perbedaan krim dan gel,0,20,0,4.4
perbedaan labore barrier revive cream dan skin nutrition gel,0,1,0,3
perbedaan labore moisturizer gel dan cream,0,3,0,15
perbedaan micellar water dan toner,0,46,0,24.24
perbedaan moist gel dan cream,0,73,0,7.79
perbedaan moisturizer dan cream,0,73,0,15.7
perbedaan oem dan odm,0,4,0,50.75
perbedaan parfum dan edp,0,2,0,48
perbedaan parfum edp dan edt,0,18,0,24.22
perbedaan parfum edt dan edp,0,46,0,7.17
perbedaan parfume edp dan edt,0,3,0,12.67
perbedaan salep krim dan gel,0,1,0,3
perbedaan salicylic acid dan succinic acid,0,9,0,11.22
perbedaan soothing gel dan moisturizer,0,3,0,9.67
perbedaan succinic acid dan salicylic acid,0,4,0,10.5
perbedaan toner dan micelar water,0,3,0,18.67
perbedaan toner dan micellar water,0,109,0,30.31
perbedaan verile acne gel dan blemish cream,0,1,0,3
perbedaan vitacid gel dan cream,0,2,0,3
perekat wajah biar kencang,0,1,0,10
perfume 2026,0,3,0,9
perfume balm dior,0,1,0,3
perfume balm stick,0,1,0,1
perfume consultant,0,1,0,2
perfume filling factory,0,2,0,7.5
perfume madawi,0,1,0,4
perfume oil,0,7,0,2.43
perfume oil adalah,0,5,0,5.2
perfume oil vs parfum,0,1,0,9
perfume trend 2026,0,3,0,6.33
perfumed balm,0,1,0,1
perfumeoil,0,1,0,3
perhitungan biaya produksi,0,1,0,9
periklanan dalam kosmetik,0,51,0,23.35
periklanan kecantikan,0,68,0,29.29
periklanan kosmetik,0,27,0,56.26
perkembangan industri kecantikan di indonesia,0,11,0,7.36
perkembangan industri kosmetik di indonesia,0,26,0,4.46
perkembangan kosmetik di indonesia,0,10,0,2.3
perkiraan modal,0,1,0,5
perlab,0,1,0,38
persentase niacinamide yang aman,0,1,0,11
personal banding,0,9,0,7.78
personal care adalah,0,1,0,82
personal care company sure ketiak gelap,0,1,0,6
personal care company sure mencerahkan ketiak,0,2,0,8
personal care marketing,0,4,0,25.5
personal lab,0,1,0,2
pertanyaan tentang kosmetik,0,2,0,30
pertumbuhan industri kecantikan di indonesia,0,9,0,3.33
pertumbuhan industri kosmetik indonesia 2025,0,25,0,3.88
pertumbuhan industri skincare di indonesia,0,2,0,17.5
pertumbuhan industri skincare global 2020-2025,0,8,0,5.12
pertumbuhan kosmetik di indonesia,0,15,0,4.13
perusahaan,0,1,0,2
perusahaan beauty di indonesia,0,9,0,8.44
perusahaan kecantikan,0,10,0,16.9
perusahaan kecantikan di indonesia,0,17,0,4.88
perusahaan kecantikan terbesar di indonesia,0,9,0,9.89
perusahaan kosmetik,0,78,0,26.92
perusahaan kosmetik di bandung,0,1,0,10
perusahaan kosmetik di indonesia,0,34,0,16
perusahaan kosmetik di jakarta,0,5,0,42.2
perusahaan kosmetik di tangerang,0,11,0,24.27
perusahaan kosmetik indonesia,0,4,0,4.5
perusahaan kosmetik merek sendiri,0,1,0,89
perusahaan kosmetik surabaya,0,2,0,29
perusahaan lainnya,0,7,0,3.43
perusahaan makeup,0,1,0,155
perusahaan maklon,0,19,0,38.95
perusahaan maklon di indonesia,0,18,0,18.83
perusahaan maklon kosmetik,0,49,0,52.41
perusahaan maklon kosmetik di indonesia,0,29,0,38.93
perusahaan maklon skincare,0,49,0,15.84
perusahaan maklon terbesar di indonesia,0,22,0,6.68
perusahaan manufaktur,0,1,0,61
perusahaan manufaktur di jawa timur,0,2,0,131
perusahaan manufaktur di surabaya,0,5,0,89
perusahaan manufaktur kosmetik,0,1,0,118
perusahaan morlab,0,1,0,4
perusahaan oem,0,1,0,7
perusahaan parfum,0,5,0,3.6
perusahaan parfum di indonesia,0,2,0,1
perusahaan parfum terbesar di indonesia,0,3,0,51
perusahaan skincare,0,75,0,11.2
perusahaan skincare terbesar di dunia,0,1,0,57
pg gel,0,1,0,2
phantenol,0,1,0,73
pheromone adalah,0,276,0,6.28
pheromone artinya,0,4,0,9
pheromone itu apa,0,1,0,7
pheromone manusia,0,1,0,5
pheromone perfume adalah,0,2,0,28.5
pho lab,0,1,0,44
physiogel hypoallergenic untuk apa,0,1,0,4
pillars cosmetiklon indonesia,0,1,0,52
pink arab perfume,0,1,0,4
pinkberry ceraglow gel moisturizer,0,2,0,3
pkr t,0,1,0,9
plan b perfume,0,1,0,34
ponds biome gel,0,1,0,3
ponds biome gel pink untuk kulit apa,0,1,0,3
ponds gel,0,1,0,2
ponds gel cream,0,1,0,2
ponds gel moisturizer,0,1,0,2
ponds hydra miracle gel moisturizer,0,1,0,3
ponds moisturizer gel,0,2,0,4.5
ponds moisturizer gel cream,0,1,0,3
ponds ultra light biome gel,0,2,0,3
ponds ultra light gel moisturizer,0,1,0,3
ponds ultra light moisturizer,0,1,0,4
ponds white gel moisturizer,0,1,0,2
pore refining gel cream skin1004,0,1,0,3
pore refining primer la tulipe,0,1,0,2
positopia lab,0,1,0,29
poto devina karamoy,0,1,0,21
potong harga di tiktok,0,1,0,1
primadona skincare,0,1,0,25
prioritas jaya indonesia,0,1,0,4
private dream lab,0,1,0,2
private label,0,12,0,44.17
private label cosmetics,0,39,0,57.79
private label cosmetics company,0,5,0,114.8
private label cosmetics no minimum,0,1,0,41
private label kosmetik,0,18,0,14.61
private label kozmetik,0,1,0,9
private label kozmetika,0,1,0,15
private label makeup,0,1,0,36
private label parfum,0,4,0,18.5
private label skincare,0,1,0,75
product develop,0,1,0,6
product development,0,6,0,6
produk best seller indonesia 2026,0,4,0,16.75
produk body lotion yang ampuh memutihkan kulit,0,1,0,3
produk elformula dari negara mana,0,1,0,2
produk hb dosting bpom,0,2,0,1
produk inspired adalah,0,46,0,6.89
produk kecantikan,0,1,0,3
produk make up lokal,0,1,0,2
produk maklon kosmetik,0,4,0,68.75
produk memutihkan ketiak,0,7,0,1
produk mengencangkan kult wajah,0,3,0,36
produk morlab,0,1,0,34
produk skin care terbaik di indonesia,0,1,0,61
produk skincare,0,1,0,2
produk skincare pria,0,1,0,26
produk skincare ramai dibicarakan indonesia 2026,0,14,0,4.93
produk skincare ramai dibicarakan indonesia 2026 komala,0,4,0,8.25
produk skincare terjangkau efektif indonesia 2025 or 2026,0,2,0,15
produk skincare trending indonesia 2026,0,9,0,6.89
produk skincare viral 2025,0,1,0,18
produk skincare viral indonesia 2026,0,2,0,8
produk styling rambut terhidrasi,0,1,0,30
produk styling rambut yang menjaga hidrasi sepanjang hari,0,9,0,16.33
produk terlaris di tiktok shop indonesia 2025,0,1,0,8
produk terlaris tiktok shop 2025,0,2,0,78.5
produk terlaris tiktok shop indonesia 2025,0,1,0,10
produk trend di indonesia 2025,0,1,0,19
produk trend indonesia 2025,0,1,0,20
produk trending tiktok indonesia 2025,0,9,0,13.33
produk trending tiktok shop indonesia 2025,0,2,0,14
produk untuk mengencangkan kulit wajah,0,3,0,34
produk viral 2025,0,38,0,2
produk viral 2025 indonesia,0,8,0,15.5
produk viral di indonesia 2025,0,3,0,19
produk viral di shopee 2025,0,1,0,7
produk viral di tiktok 2025,0,12,0,12.5
produk viral di tiktok indonesia 2025,0,4,0,14.75
produk viral indonesia 2025,0,64,0,16.47
produk viral shopee 2025,0,10,0,10.4
produk viral shopee indonesia 2025,0,12,0,8.33
produk viral tiktok 2025,0,8,0,7.62
produk viral tiktok 2025 indonesia,0,2,0,10
produk viral tiktok indonesia 2025,0,69,0,10.2
produk viral tiktok shop indonesia 2025,0,21,0,13
produk whitening,0,1,0,9
produk yang mengandung glycerin,0,11,0,32.18
produksi bodycare dengan standar internasional,0,1,0,45
produksi dimana,0,1,0,2
produksi kosmetik,0,10,0,38.6
produksi parfum,0,1,0,33
produksi parfum brand sendiri,0,3,0,23
produksi skincare,0,20,0,7.15
produksi skincare indonesia,0,1,0,47
produkviral,0,1,0,10
produse de skin care,0,1,0,9
produsen kosmetik di indonesia,0,1,0,28
produsen parfum,0,5,0,1.2
produsen produk kosmetik terkemuka,0,29,0,20.72
produsen skincare,0,130,0,28.52
profil perusahaannya,0,1,0,3
promosi tiktok shop,0,3,0,20.33
proses maklon kosmetik,0,3,0,11
protomil hair tonic ginseng,0,1,0,2
psrfu,0,1,0,1
pt,0,1,0,2
pt adrindo intiperkasa,0,1,0,3
pt aesthetic and health beauty,0,1,0,3
pt akasha wira,0,2,0,3
pt alamanda global health,0,7,0,2.14
pt anjalis,0,1,0,3
pt anjalis group indonesia,0,1,0,4
pt aplus pacific jakarta,0,1,0,2
pt arina multi,0,1,0,3
pt arina multikarya jakarta,0,1,0,2
pt arina multikarya malang,0,1,0,3
pt arina multikarya medaeng,0,1,0,3
pt arina multikarya semarang,0,1,0,4
pt arina multikarya surabaya,0,2,0,4.5
pt astoria prima,0,1,0,5
pt athena royal kosmetika,0,1,0,4
pt atsiri jamalindo jaya,0,2,0,48.5
pt beaut,0,1,0,18
pt beauty,0,1,0,8
pt beauty innovation laboratories,0,2,0,3
pt beautymax essential indonesia,0,1,0,10
pt benberg arome indonesia,0,1,0,2
pt bersama bina bahagia,0,2,0,42
pt blackpool kosmetik indonesia,0,1,0,7
pt blp,0,1,0,3
pt bonecom tricom group,0,1,0,2
pt cantik alami sehat,0,1,0,3
pt capung indah abadi,0,1,0,3
pt carissa mega pesona,0,1,0,3
pt cedefindo,0,1,0,3
pt cikos indonesia,0,2,0,5
pt cipta laba surabaya,0,1,0,8
pt continental cosmetic,0,1,0,4
pt cool betty indonesia,0,1,0,2
pt cosmax indonesia,0,2,0,4.5
pt cosmetic mirror indonesia,0,2,0,4.5
pt credo indonesia,0,1,0,56
pt cs2 pola sehat tangerang,0,1,0,2
pt david bintang jaya,0,2,0,52
pt dbi,0,2,0,48.5
pt derma enom farma,0,2,0,41
pt derma lab asia,0,1,0,32
pt dewi buana mulia,0,3,0,70.33
pt dream,0,2,0,42.5
pt dream plastic indonesia,0,2,0,33.5
pt dream wear,0,1,0,44
pt dua naga,0,1,0,4
pt dua naga kosmetindo,0,3,0,3
pt enam sembilan farma,0,1,0,56
pt enerel kosmetika biotech,0,1,0,4
pt erfi karya abadi,0,1,0,38
pt essence cantika indonesia foto,0,1,0,4
pt essential,0,2,0,2
pt exacom abadi sentosa,0,1,0,2
pt eyecos kosmetik indonesia,0,1,0,2
pt fcl,0,1,0,4
pt formula,0,1,0,1
pt formula jelita internasional,0,1,0,44
pt garland cantik indonesia,0,1,0,53
pt garuda jelajah nusantara,0,1,0,44
pt gizi indonesia,0,1,0,4
pt gloria origita cosmetics,0,1,0,49
pt hebe beauty indonesia,0,1,0,3
pt honey lady utama,0,1,0,3
pt immortal,0,1,0,3
pt immortal cosmedika indonesia produksi apa,0,1,0,3
pt impian,0,1,0,1
pt inovasi teknologi kosmetika,0,3,0,1
pt jampalan baru,0,1,0,64
pt janing dermagio kosmetik,0,4,0,43
pt joshua kuningan,0,1,0,2
pt joya hougan lestari,0,1,0,3
pt karya,0,1,0,142
pt karya impian laboratoris (dreamlab) - pabrik pasuruan,0,93,0,3.61
pt kecantikan,0,4,0,15.25
pt kecantikan di indonesia,0,14,0,10.07
pt kinglab indonesia,0,2,0,49
pt kosmetik,0,19,0,10.16
pt kosmetik di indonesia,0,8,0,49.75
pt kosmetik di tangerang,0,5,0,15
pt kosmetik indonesia,0,5,0,71
pt kosmetik tangerang,0,1,0,12
pt kosmetik terbesar di indonesia,0,35,0,12.17
pt kosmetika global indonesia,0,2,0,1.5
pt kosmetika global indonesia surabaya,0,1,0,2
pt kosmetika indonesia,0,1,0,2
pt kreasi cantik alami,0,2,0,4
pt kurnia cipta moda gemilang,0,1,0,2
pt kurnia ciptamoda,0,1,0,5
pt l essential,0,1,0,56
pt l'essential,0,1,0,50
pt lainnya,0,1,0,7
pt lambang utama,0,1,0,5
pt larassanti makmur sejahtera,0,1,0,3
pt lkb,0,1,0,48
pt loreal indonesia,0,1,0,2
pt mag trada indonesia jakarta selatan,0,1,0,4
pt make up,0,1,0,1
pt makeup,0,1,0,1
pt maklon,0,6,0,5.67
pt maklon kosmetik,0,11,0,29.73
pt maklon kosmetik indonesia,0,8,0,8.75
pt maklon kosmetik indonesia surabaya,0,2,0,10.5
pt manufaktur di surabaya,0,2,0,113
pt marketing,0,1,0,10
pt mash moshem indonesia tulungagung,0,1,0,2
pt masumi beauty indonesia,0,2,0,53
pt meccaya,0,1,0,3
pt mitra harapan mandiri,0,2,0,56
pt mkb,0,1,0,55
pt morlab indonesia,0,1,0,12
pt nayue biotech indonesia,0,6,0,2.67
pt nayue kosmetik indonesia,0,4,0,5
pt nose herbalindo bogor,0,1,0,3
pt nusantara wellness group,0,1,0,5
pt nutrilab innovate care,0,1,0,24
pt nutrilab pratama,0,1,0,46
pt nya,0,1,0,2
pt nya dimana,0,1,0,4
pt one ject indonesia,0,2,0,3
pt pesona bintang utama,0,3,0,51.33
pt pillars,0,1,0,74
pt pillars cosmetiklon indonesia,0,3,0,4
pt refli kosmedika lab,0,1,0,30
pt ristra laboratoris indonesia,0,1,0,31
pt sanford batam,0,1,0,6
pt sant group indonesia,0,1,0,2
pt sea makeup beauty,0,1,0,3
pt sempurna medilab indonesia,0,2,0,58
pt sephora,0,1,0,3
pt shangyang,0,1,0,2
pt shangyang technology,0,1,0,5
pt shuang hor,0,2,0,3
pt sinar alfa omega,0,1,0,2
pt skin lab indonesia,0,2,0,47
pt skinberries group industri,0,2,0,6
pt skincare,0,37,0,6.54
pt skincare di indonesia,0,94,0,8.89
pt skincare indonesia,0,20,0,5.35
pt skincare terbesar di indonesia,0,9,0,8.78
pt skinsol kosmetik industri,0,1,0,2
pt skintific,0,2,0,3
pt skintific indonesia,0,1,0,3
pt sls,0,3,0,13.67
pt smart lab indonesia,0,1,0,79
pt social bella indonesia,0,1,0,3
pt stc sarana estetika,0,1,0,3
pt sumber kosmetika indah,0,1,0,3
pt tecno glow innovation,0,1,0,54
pt tengyu kosmetik internasional,0,1,0,4
pt trixie,0,1,0,4
pt unza vitalis,0,1,0,3
pt unza vitalis salatiga,0,3,0,2.33
pt urban asia industri,0,1,0,2
pt valencia organika global,0,1,0,5
pt victoria care indonesia,0,1,0,2
pt victoria care indonesia tbk semarang,0,1,0,3
pt vitapharm surabaya,0,2,0,2
pt wahana kosmetika indonesia,0,1,0,2
pt young tree,0,1,0,3
pt young tree industries,0,1,0,3
pt yusung advance indonesia,0,1,0,3
pt. cressindo kusuma,0,1,0,1
pt. derma enom farma,0,2,0,2
pt. mash moshem indonesia,0,1,0,5
pt. nayue biotech indonesia,0,1,0,3
pt. obo cosmetic indonesia,0,1,0,4
pt. obo cosmetic indonesia foto,0,1,0,2
pt. regenesis indonesia,0,1,0,5
pt. setia kawan abadi foto,0,1,0,2
pt. sociolla,0,1,0,3
puputan pharma mangala,0,2,0,61.5
pusat kosmetik surabaya,0,2,0,8.5
putihkan ketiak,0,12,0,66.5
qol marketing adalah,0,1,0,2
racik handbody pemutih ampuh,0,3,0,6
racik hb,0,1,0,5
racik hb sendiri,0,49,0,8.06
racikan body care,0,7,0,7.43
racikan body lotion untuk memutihkan kulit,0,50,0,9.98
racikan buat kulit putih,0,6,0,8.83
racikan handbody,0,49,0,8.59
racikan handbody agar cepat putih,0,37,0,8.84
racikan handbody agar kulit putih,0,17,0,8.18
racikan handbody marina,0,1,0,3
racikan handbody paling ampuh,0,1,0,6
racikan handbody pemutih,0,262,0,8.66
racikan handbody pemutih ampuh 7 hari,0,1,0,11
racikan handbody pemutih kulit paling ampuh,0,9,0,7.11
racikan handbody pemutih paling ampuh,0,17,0,10
racikan handbody pemutih yang aman,0,106,0,9.6
racikan handbody untuk memutihkan kulit,0,14,0,10
racikan hb ampuh mencerahkan kulit,0,4,0,9
racikan hb bikin putih,0,34,0,8.74
racikan hb dosting ampuh mencerahkan kulit,0,3,0,8.67
racikan hb dosting apa saja,0,8,0,3.75
racikan hb pemutih,0,12,0,9.08
racikan hb pemutih badan,0,15,0,8
racikan hb pemutih yang aman,0,60,0,8.25
racikan hb yang ampuh memutihkan,0,12,0,7.08
racikan lotion,0,1,0,11
racikan lotion pemutih,0,3,0,7.33
racikan lotion pemutih badan,0,16,0,8.19
racikan pemutih,0,12,0,9.92
racikan pemutih badan alami,0,98,0,10.33
racikan pemutih badan buatan sendiri,0,4,0,5.75
racikan pemutih badan paling ampuh alami,0,8,0,10.12
racikan pemutih kulit buatan sendiri,0,15,0,6.8
racikan sendiri,0,4,0,7.25
racikan untuk memutihkan badan,0,18,0,8.17
rahasia devina,0,2,0,14.5
rahasia konten viral,0,1,0,53
raibu natural astaxanthin,0,1,0,3
rambut crush,0,1,0,3
rambut ketombe,0,1,0,40
rambut rusak akibat bleaching,0,1,0,50
rambut tumbuh ke dalam,0,38,0,46
rambut yang tumbuh ke dalam,0,2,0,70
rata2,0,1,0,2
reamlab,0,2,0,6.5
rebrand skincare,0,2,0,10
rebranding cosmetics,0,1,0,3
recommended underarm whitening cream,0,2,0,1
reed diffuser,0,1,0,5
reino barack,0,6,0,2.83
reino barak,0,1,0,3
rekomendasi,0,1,0,17
rekomendasi hb dosting,0,4,0,1
rekomendasi hb dosting bpom,0,5,0,2
rekomendasi hb dosting pemutih badan bpom,0,4,0,1
rekomendasi hybrid sunscreen lokal,0,2,0,26
rekomendasi parfum anak,0,1,0,3
rekomendasi parfum arab tahan lama,0,1,0,3
rekomendasi pemutih badan,0,1,0,3
rekomendasi physical sunscreen lokal,0,2,0,27
rekomendasi primer parfum,0,1,0,12
rekomendasi produk perawatan kulit 2026,0,2,0,16
rekomendasi skincare pria,0,2,0,30
rekomendasi skincare terbaik indonesia 2026,0,9,0,17.11
rekomendasi sunblock,0,4,0,15.25
rekomendasi sunscreen,0,1,0,21
rekomendasi sunscreen lokal,0,16,0,13.94
rekomendasi sunscreen terbaik 2026 indonesia,0,4,0,19
rekomendasi sunscreen terbaik untuk kulit indonesia 2026,0,2,0,13
rema lab,0,2,0,2
resale,0,1,0,3
resep handbody pemutih racikan dokter,0,8,0,10.38
resep handbody racikan,0,16,0,8.69
resep handbody racikan farmasi,0,9,0,9.78
resep hb,0,11,0,8.36
resep hb dosting,0,6,0,9.5
resep hb dosting ampuh mencerahkan,0,3,0,7.67
resep hb dosting farmasi,0,1,0,4
resep hb dosting paling ampuh,0,11,0,6.91
resep hb dosting racikan,0,16,0,5.44
resep hb farmasi,0,8,0,9.38
resep hb pemutih,0,8,0,7.62
resep hb pemutih badan,0,21,0,6.33
resep hb racikan,0,56,0,8.04
resep hb racikan aman,0,7,0,9.14
resep hb racikan ampuh,0,11,0,8.18
resep hb racikan bpom,0,2,0,8
resep hb racikan bugis,0,8,0,5.38
resep hb racikan dosting,0,9,0,8.56
resep hb racikan makassar,0,2,0,6
resep hb racikan paling ampuh,0,5,0,6.4
resep hb racikan pemutih,0,27,0,6.15
resep hb racikan pemutih ampuh,0,12,0,5.42
resep hb racikan sulawesi,0,1,0,11
resep racikan,0,1,0,6
resep racikan handbody,0,31,0,8.48
resep racikan handbody dosting,0,11,0,7.91
resep racikan handbody pemutih kulit,0,139,0,7.38
resep racikan hb,0,31,0,8.35
resep racikan hb dosting,0,5,0,9
resep racikan hb farmasi,0,1,0,4
resep racikan pemutih badan,0,30,0,7.2
retail kosmetik,0,1,0,19
retinol boleh dicampur dengan panthenol,0,1,0,1
revlon indonesia,0,5,0,48.2
riset pasar,0,1,0,2
roll on,0,3,0,57
royal pesona indonesia,0,1,0,2
rupiahnya,0,1,0,1
sablon sabun,0,1,0,4
sabun,0,1,0,8
sabun apa yang bisa memutihkan kulit,0,1,0,3
sabun cair yang memutihkan badan,0,1,0,3
sabun pemutih badan yang ampuh,0,1,0,3
salah satu bahan yang memberikan efek “instant brightening” adalah,0,35,0,6.4
salep astaxanthin,0,1,0,15
salep pemutih ketiak,0,4,0,1
salep untuk ketiak hitam,0,1,0,1
salep untuk ketiak hitam di apotik,0,3,0,1
salicylic acid,0,1,0,7
sampel gratis tiktok,0,3,0,6.67
sample minyak telon gratis,0,1,0,41
sampo untuk psoriasis,0,3,0,26.67
sanoxical 4 mg obat apa,0,1,0,3
saya beauty,0,1,0,2
"saya ingin mencoba produk baru untuk perawatan tubuh, merek apa yang terkenal saat ini?. my location is indonesia.",0,13,0,4.46
saya ingin solusi skin barrier anti-aging—apa produk atau jenis teknologi yang sedang berkembang di pasaran id?,0,2,0,1
saya tinggal di indonesia. beri saya daftar produk rambut sehat yang dikenal memiliki kualitas paling bagus.,0,1,0,1
saya tinggal di indonesia. berikan saya daftar merek perawatan rambut yang layak dipertimbangkan.,0,1,0,1
saya tinggal di indonesia. berikan saya daftar produk perawatan rambut yang dikenal memiliki kemasan paling baik.,0,1,0,1
saya tinggal di indonesia. berikan saya daftar produk perawatan rambut yang dikenal memiliki kualitas terbaik.,0,2,0,1
saya tinggal di indonesia. berikan saya daftar produk perawatan rambut yang memiliki efektivitas paling baik.,0,1,0,1
saya tinggal di indonesia. berikan saya daftar produk untuk rambut rontok yang dikenal memiliki ketersediaan terbaik.,0,1,0,1
saya tinggal di indonesia. bisa beritahu saya produk apa untuk kulit kepala berminyak yang punya kandungan yang bagus?,0,1,0,1
saya tinggal di indonesia. bisakah anda beri tahu saya produk rambut sehat apa saja yang mudah digunakan?,0,1,0,1
saya tinggal di indonesia. bisakah anda beritahu saya produk perawatan rambut sehat apa saja yang efektif?,0,1,0,1
saya tinggal di indonesia. bisakah anda memberi tahu saya produk rambut sehat apa saja yang kualitasnya bagus?,0,1,0,1
saya tinggal di indonesia. bisakah kamu tunjukkan beberapa pilihan merek perawatan rambut untuk saya?,0,1,0,1
saya tinggal di indonesia. carikan saya pilihan produk perawatan rambut dari merek dengan reputasi terbaik.,0,1,0,1
"saya tinggal di indonesia. kalau saya ingin mulai rutin perawatan rambut, sebaiknya pilih merek apa?",0,1,0,1
saya tinggal di indonesia. produk atau perawatan apa untuk rambut sehat yang punya ketersediaan terbaik di pasaran?,0,1,0,1
saya tinggal di indonesia. produk perawatan rambut apa yang efektivitasnya paling baik?,0,3,0,1
saya tinggal di indonesia. produk perawatan rambut apa yang memiliki kualitas terbaik?,0,23,0,7.91
saya tinggal di indonesia. produk perawatan untuk rambut sehat apa yang punya efektivitas terbaik?,0,1,0,1
saya tinggal di indonesia. produk untuk rambut sehat apa yang memiliki kualitas terbaik?,0,1,0,1
"saya tinggal di indonesia. saya ingin membeli produk untuk kulit kepala berminyak, merek mana yang ulasannya paling bagus?",0,1,0,1
saya tinggal di indonesia. saya ingin produk perawatan rambut dengan efektivitas yang sangat tinggi.,0,1,0,10
saya tinggal di indonesia. tolong carikan saya beberapa pilihan produk perawatan rambut dengan kualitas terbaik.,0,1,0,1
scent balm,0,3,0,1
scent of indonesia 2026,0,2,0,10
scent parfum,0,1,0,1
scora hydramoist gel,0,2,0,3
scora moisturizer hydramoist gel,0,1,0,3
scrub mencerahkan badan,0,1,0,3
season skin care,0,1,0,2
selain itu,0,1,0,1
selain itu ada ga,0,1,0,1
selain itu ada lagi gak,0,1,0,3
selain itu merk apa lagi,0,1,0,6
semilir salatiga,0,1,0,4
senka deep moist gel cream,0,1,0,3
sensatia botanicals,0,1,0,4
sensitive moisture gel skintific,0,1,0,3
serum exosome,0,1,0,8
serum glycerin,0,2,0,2
serum lab,0,2,0,1.5
serum panthenol,0,5,0,58.6
serum pemutih ketiak,0,1,0,4
serum penghidrasi terbaik 2025 2026,0,5,0,6.2
shampo untuk psoriasis,0,2,0,15
shampoo merker,0,1,0,31
shampoo psoriasis indonesia,0,1,0,20
sharleez body lotion apakah sudah bpom,0,1,0,3
shinlab,0,1,0,38
showcase tiktok shop,0,4,0,9.75
showerlab,0,2,0,42.5
siapa heni sagara,0,3,0,2.33
siapa ownernya,0,1,0,1
sigviolet,0,1,0,13
singkatan hb dosting,0,9,0,1.44
singkatan kol,0,1,0,3
sistem kol,0,2,0,65.5
sistem maklon,0,2,0,16.5
"site:.id ""body wash/ shower gel"" ""face wash""",0,1,0,12
skin,0,1,0,1
skin care,0,1,0,3
skin care 2025,0,1,0,28
skin care affiliate program,0,1,0,11
skin care basic pria,0,1,0,48
skin care brand,0,2,0,52
skin care cowo,0,1,0,34
skin care cowok,0,2,0,28.5
skin care factory,0,3,0,10
skin care for men,0,3,0,43
skin care mahal di indonesia,0,1,0,31
skin care manufacturer,0,1,0,73
skin care production,0,2,0,52.5
skin care untuk pria,0,1,0,24
skin lab,0,2,0,4.5
skin labs,0,2,0,1
skin manufacturing,0,6,0,68.17
skin topical use suitable for all seasons obat apa,0,8,0,5.12
skincare 2026,0,9,0,8.89
skincare affiliate,0,88,0,12.92
skincare affiliate adalah,0,106,0,12.84
skincare affiliate indonesia,0,105,0,13.12
skincare affiliate marketing,0,6,0,2.83
skincare bahan aktif,0,5,0,87.4
skincare bali,0,10,0,51.6
skincare basic buat cowok,0,1,0,14
skincare basic cowo,0,1,0,20
skincare basic pria,0,22,0,40.09
skincare basic untuk pria,0,4,0,17.25
skincare batam,0,3,0,9
skincare brand popularity rankings 2026,0,1,0,10
skincare brand sales rankings 2026,0,1,0,8
skincare buat cowo,0,1,0,24
skincare copywriting,0,1,0,8
skincare cowok,0,1,0,31
skincare dan bodycare,0,3,0,4
skincare dari bali,0,2,0,1
skincare di tt crt glowing,0,1,0,10
skincare for men,0,4,0,30.75
skincare gen z,0,10,0,1.6
skincare glycerin,0,4,0,47.5
skincare hb dosting,0,1,0,3
skincare hydrating mana yang paling cocok untuk cuaca panas dan lembap?,0,1,0,11
skincare iklan,0,5,0,6.2
skincare indonesia terbaik,0,2,0,9
skincare komala indonesia review tren 2026,0,7,0,15
skincare lab,0,22,0,33.86
skincare laki laki,0,1,0,12
skincare launch,0,1,0,6
skincare lokal indonesia paling bagus 2026,0,19,0,17.74
skincare lokal indonesia terbaik 2026,0,50,0,7.74
skincare lokal pria,0,1,0,47
skincare mahal di indonesia,0,1,0,55
skincare maklon,0,4,0,7
skincare manufacturer,0,2,0,39
skincare manufacturing,0,1,0,2
skincare murah indonesia 2026,0,1,0,15
skincare nad,0,6,0,9.17
skincare nad+,0,1,0,6
skincare no 1 di indonesia,0,60,0,17.07
skincare no 1 di indonesia 2026,0,4,0,6
skincare no. 1 di indonesia,0,37,0,17.84
skincare nomor 1 di indonesia,0,7,0,31.57
skincare odm,0,15,0,7.47
skincare oem,0,1,0,12
skincare panthenol,0,1,0,67
skincare pria,0,5,0,29
skincare production,0,1,0,24
skincare products indonesia 2026,0,3,0,16
skincare rekomendasi indonesia 2026,0,3,0,16
skincare surabaya,0,1,0,11
skincare terbaik 2026,0,8,0,22.38
skincare terbaik 2026 rekomendasi,0,1,0,8
skincare terbaik di indonesia,0,16,0,20.12
skincare terbaik di indonesia 2026,0,23,0,7.13
skincare terbaik di indonesia.,0,1,0,17
skincare terbaik indonesia 2026,0,52,0,10.92
skincare terbaik no 1 di indonesia,0,11,0,10.09
skincare terbaik no 1 di indonesia 2026,0,28,0,3.57
skincare terbaru 2026,0,5,0,11.6
skincare terlaris 2026,0,10,0,6.3
skincare trend,0,3,0,62.67
skincare trends 2026,0,1,0,3
skincare untuk cowok,0,2,0,22.5
skincare untuk laki laki kulit kering,0,3,0,38.33
skincare untuk pria,0,1,0,33
skincare viral indonesia 2026,0,10,0,21.3
skincare viral tiktok 2025,0,4,0,11.75
skincare viral tiktok indonesia 2026,0,1,0,16
skincare wajah pria,0,1,0,25
skincare wajib cowok,0,3,0,13.33
skincare wajib pria,0,61,0,18.13
skincare white label,0,8,0,8.62
skincare yang bpom,0,1,0,1
skincare yang cocok untuk laki laki,0,1,0,17
skincare yang lagi booming,0,1,0,15
skincare yang mengandung glycerin,0,1,0,92
skinlab,0,1,0,57
skinlan,0,1,0,11
skintific 377 dark spot moisture gel,0,2,0,3
skintific 5x ceramide barrier moisture gel,0,1,0,3
skintific 5x ceramide barrier repair moisture gel light texture,0,1,0,3
skintific dark spot moisture gel,0,1,0,3
skintific ectoin skin cream gel moisturizer,0,1,0,3
skintific gel,0,1,0,2
skintific gel moisturizer,0,1,0,3
skintific moisturizer gel,0,1,0,3
skintific moisturizer gel sensitive,0,1,0,3
skintific pdrn bright & smooth moisture gel,0,2,0,3
skintific sensitive moisture gel,0,2,0,3
skintific sensitive moisture gel dipakai kapan,0,1,0,3
skintific truffle biome skin cream gel moisturizer,0,1,0,3
skylab indonesia,0,1,0,42
slavina body lotion,0,1,0,4
slogan iklan skincare,0,14,0,8.71
slogan skincare indonesia,0,3,0,4.67
smart beauty,0,1,0,1
soapkini,0,2,0,38
sociolla company,0,1,0,4
software bisnis skincare,0,6,0,54.5
software pabrik maklon,0,11,0,90.18
solid perfume,0,1,0,1
solid skincare,0,2,0,4
solusi perlindungan kulit terpercaya untuk penggunaan sehari-hari 2025 or 2026,0,13,0,8.23
solvent adalah,0,1,0,3
solvent parfum,0,1,0,3
solviol adalah,0,1,0,3
soothing gel dari trueve untuk apa,0,1,0,2
soothing gel herbalife,0,1,0,3
sow adalah,0,1,0,3
sow dalam konten adalah,0,1,0,3
speedlab indonesia,0,1,0,50
spesialis formulasi kosmetik in indonesia,0,3,0,11.33
sream lab,0,3,0,2.33
standar kecantikan di indonesia 2025,0,16,0,12.94
standar kecantikan indonesia,0,1,0,3
standar kecantikan indonesia 2025,0,21,0,7.1
start a skincare brand,0,1,0,56
state of beauty,0,1,0,3
state of beauty 2025,0,8,0,5.75
statistik industri kosmetik indonesia 2025,0,10,0,3.6
strategi bisnis kosmetik,0,3,0,62.33
strategi harga industri skincare,0,6,0,10
strategi harga industri skincare global,0,1,0,10
strategi merek tiktok,0,1,0,94
strategi pemasaran digital produk kecantikan kulit sensitif bahan alami,0,2,0,9.5
strategi pemasaran produk kecantikan,0,2,0,86.5
strategi pertumbuhan perusahaan skincare digital indonesia,0,1,0,11
strategi tiktok untuk merek,0,1,0,51
struktur industri skincare global,0,57,0,11.37
struktur industri skincare global 2025,0,33,0,2.76
studio dream lab surabaya,0,34,0,5.41
sulwhasoo ginseng cream dupe,0,1,0,2
sumber datanya,0,1,0,13
sunblock lokal,0,4,0,9.75
sunblock lokal terbaik,0,7,0,11.43
sunblock yang bagus,0,1,0,44
suncreen terbaik,0,1,0,1
sunscreen,0,1,0,1
sunscreen 2025,0,13,0,6
sunscreen barubt,0,1,0,2
sunscreen brand lokal,0,11,0,11.55
sunscreen indonesia,0,2,0,27.5
sunscreen lab,0,1,0,8
sunscreen lokal,0,49,0,22.22
sunscreen lokal bagus,0,5,0,10.6
sunscreen lokal indonesia,0,14,0,13.57
sunscreen lokal indonesia terbaik,0,12,0,11.17
sunscreen lokal terbaik indonesia,0,1,0,10
sunscreen lokal yang bagus,0,45,0,9.78
sunscreen lokal yang mengandung titanium dioxide dan zinc oxide,0,1,0,23
sunscreen produk lokal,0,8,0,12.62
sunscreen rekomen,0,1,0,24
sunscreen silicone based lokal,0,1,0,22
sunscreen spf 30 rekomendasi,0,1,0,1
sunscreen terbaik,0,1,0,24
sunscreen terbaik indonesia,0,4,0,21.25
sunscreen trend,0,26,0,4.04
sunscreen viral 2025,0,2,0,1
sunscreen yang ada tone up nya,0,1,0,1
super glutathione #astaxanthin apakah aman,0,1,0,3
super glutathione astaxanthin,0,1,0,3
super glutathione astaxanthin apakah aman,0,1,0,3
super glutathione astaxanthin apakah sudah bpom,0,2,0,3
super glutathione astaxanthin untuk apa,0,1,0,3
suplemen astaxanthin untuk apa,0,1,0,3
suplemen astaxanthin yang bagus,0,1,0,3
suplemen astria untuk apa,0,1,0,3
supplier kosmetik,0,2,0,1.5
supplier skincare,0,3,0,1
sure personal care memutihkan ketiak,0,2,0,18
susu dan madu,0,1,0,7
sutandi purnomosidi,0,1,0,2
suzi glow astaxanthin,0,2,0,3
swisse collagen complex untuk apa,0,1,0,3
syarat keranjang di ig,0,7,0,7.43
syarat keranjang kuning,0,2,0,9.5
syarat maklon kosmetik,0,15,0,31.53
syarat nya,0,1,0,4
syarat nya apa saja,0,1,0,3
symradiance 399,0,1,0,3
tabu parfum,0,1,0,24
tahan edp atau edt,0,1,0,9
tahan lama edp atau edt,0,2,0,17.5
tahan lama edt atau edp,0,1,0,1
tak punya izin,0,1,0,78
tamburins lale balm,0,1,0,1
tampilan keranjang shopee,0,1,0,49
tanaman witch hazel,0,1,0,41
target pasar,0,1,0,2
target pasar skincare,0,105,0,27.37
target skincare,0,1,0,1
tautkan reels instagram,0,6,0,7.83
teamlon,0,1,0,5
tekstur moisturizer untuk kulit kombinasi,0,1,0,2
telepon,0,1,0,1
tera laboratorium indonesia,0,1,0,38
terra pafe perfume balm,0,8,0,1
testi hb dosting,0,1,0,1
testimoni pheromone,0,1,0,10
the body shop perfume oil,0,1,0,3
the cre8ion lab,0,1,0,37
the dreamlab,0,5,0,3
the hair lab,0,2,0,71
the originote brand mana,0,1,0,3
the originote hyalucera moisturizer gel,0,1,0,3
tidak bisa menghubungkan shopee affiliate ke instagram,0,10,0,1
tiktok eksklusif free,0,6,0,11.5
tiktok khusus pelanggan gratis,0,32,0,7.84
tiktok shop analytics free,0,1,0,10
tiktok shop free sample products,0,1,0,12
tiktok shop viral products indonesia 2025,0,1,0,10
tiktok trending products indonesia 2025,0,1,0,11
tiktok viral products indonesia 2025,0,6,0,9.17
tim advertising makeup adalah,0,1,0,7
tim beauty affiliate,0,2,0,1
timephoria pt apa,0,1,0,3
tinted sunscreen lokal,0,2,0,19.5
tips bisnis maklon,0,37,0,67.14
tips cara pemakaian hb dosting,0,2,0,9
tips gunakan spray sanitizer untuk karpet,0,1,0,51
tips jualan parfum,0,3,0,29
tips memutihkan ketiak,0,17,0,42.65
tips mencerahkan ketiak,0,1,0,36
tisha beauty punya siapa,0,1,0,3
toko kosmetik,0,2,0,4.5
toko kosmetik adalah,0,12,0,10
toko kosmetik di tangerang,0,2,0,31.5
toko kosmetik itu apa,0,2,0,10
toko kosmetik kecil kecilan,0,2,0,17
toko kosmetik pasuruan,0,1,0,31
toko kosmetik rumahan,0,1,0,55
toko kosmetik terlengkap di surabaya,0,1,0,85
tomorrowland perfume,0,1,0,7
tone up body lotion yang bagus,0,1,0,2
toner apel,0,2,0,24.5
toner dan micellar water,0,7,0,1
toner dan micellar water apa bedanya,0,1,0,16
toner dan micellar water apakah sama,0,24,0,24.96
toner micellar water,0,3,0,44
top 50 brand skincare indonesia,0,1,0,5
top brand body lotion indonesia 2026,0,1,0,19
top brand skincare 2026,0,3,0,20.33
top skincare brands indonesia 2026,0,3,0,4.67
transparent soap,0,2,0,2
treatment memutihkan ketiak,0,4,0,59.25
treatment salon,0,1,0,3
tren 2026,0,4,0,12.25
tren beauty indonesia paling viral 2026,0,4,0,38.75
tren bisnis kecantikan,0,120,0,35.76
tren body,0,1,0,12
tren desain 2026,0,1,0,1
tren formula skincare 2025,0,7,0,24.43
tren global,0,1,0,58
tren industri 2025,0,1,0,1
tren industri skincare global 2023-2026,0,7,0,8.86
tren industri skincare global 2025,0,33,0,6.36
tren kecantikan,0,4,0,15.25
tren kecantikan indonesia 2026,0,7,0,11.71
tren kecantikan saat ini,0,15,0,3.87
tren kecantikan terbaru 2025,0,2,0,61
tren kecantikan terbaru.,0,1,0,18
tren kosmetik 2025,0,18,0,4.17
tren kosmetik 2026,0,9,0,17.33
tren makeup 2026,0,1,0,1
tren makeup 2026 indonesia,0,5,0,13.4
tren mekap terbaru 2026,0,1,0,10
tren parfum,0,11,0,8.45
tren parfum 2026 indonesia,0,31,0,5.61
tren produk 2026,0,2,0,14.5
tren produk global 2026 analisis pasar,0,1,0,8
tren produk kekinian 2026 analisis pasar,0,4,0,9.25
tren produk populer 2026 analisis pasar,0,3,0,9.33
tren skincare,0,13,0,25.38
tren skincare 2026 indonesia,0,3,0,6.67
tren skincare indonesia 2025,0,1,0,20
tren skincare indonesia 2026,0,4,0,12
tren skincare paling populer tahun 2026 untuk kesehatan kulit,0,1,0,10
tren skincare terbaru,0,8,0,37.75
tren sunscreen,0,113,0,5.78
tren teknologi 2026,0,2,0,45.5
trend aroma,0,1,0,2
trend body,0,11,0,5.82
trend cantik,0,1,0,1
trend cosmetic 2026,0,7,0,6.71
trend kecantikan 2026,0,1,0,11
trend kosmetik 2025,0,1,0,7
trend kosmetik 2026,0,1,0,12
trend makeup 2026,0,17,0,7
trend parfum,0,14,0,13.21
trend parfum 2026,0,35,0,8.26
trend skincare,0,1,0,8
trend sunscreen,0,1,0,18
trends kosmetik,0,2,0,4.5
trigger maklon indonesia,0,5,0,8.4
trik 2026 terbaru,0,1,0,1
trimlab,0,1,0,25
triszie lab indonesia-maklon skincare & kosmetik,0,118,0,19.29
tugas affiliate skincare,0,44,0,31.3
tujuan bisnis,0,2,0,3.5
tukang kosmetik terdekat,0,1,0,8
ulasan dreamlab,0,3,0,4.33
ulasan pt danz nine indonesia,0,1,0,2
ulasan pt implora sukses abadi,0,1,0,2
ulasan pt karya impian laboratoris,0,63,0,4.1
ulasan pt. derma enom farma,0,1,0,2
"ulasan pt. kemas indah maju, plant alpha",0,1,0,2
unboxing parfum pecah,0,3,0,10
underarm whitening cream,0,2,0,1
underarms whitening cream,0,1,0,1
untuk bisnis,0,2,0,3
untuk kulit,0,1,0,4
untuk kulit kering lebih baik gel atau cream,0,5,0,10.8
untuk memutihkan ketiak,0,7,0,30
untuk mencerahkan ketiak,0,7,0,49.57
untuk mengencangkan kulit,0,1,0,8
untuk parfum,0,1,0,1
untuk rambut keriting,0,1,0,2
untuk wajah?,0,1,0,10
urutan brand skincare terbaik di indonesia,0,3,0,10.33
urutan ketahanan parfum,0,1,0,3
urutan pakai hb dosting,0,3,0,1
urutan produk skincare terbaik di indonesia,0,1,0,11
urutan skincare terbaik di indonesia,0,40,0,19.45
usaha parfum,0,1,0,1
usaha skincare,0,2,0,28
usaha skincare pemula,0,1,0,1
varian fresh parfum,0,1,0,2
varian hmns,0,1,0,3
varian parfum,0,1,0,31
vendor lain,0,1,0,1
vir,0,1,0,4
viral beauty products 2026,0,2,0,8.5
viral brand,0,1,0,12
viral perfume 2026,0,1,0,11
viral product 2025,0,1,0,1
viral product indonesia 2025,0,5,0,10.6
viral products indonesia 2025,0,4,0,10.25
viral products tiktok indonesia 2025,0,3,0,6.67
viral products tiktok shop indonesia 2025,0,1,0,8
viral skincare 2026,0,1,0,29
viral tiktok products indonesia 2025,0,5,0,7.6
viralitas,0,1,0,2
viralitas adalah,0,1,0,3
virality adalah,0,49,0,7.69
vitacid gel dan cream bedanya apa,0,3,0,2.67
vitamin c yang bagus untuk kulit,0,1,0,27
vitamin c yang bagus untuk memutihkan kulit,0,2,0,48
vitamin rambut korea,0,4,0,10.25
viva cosmetics punya siapa,0,1,0,2
viva glowing white moisturizer gel,0,1,0,3
viva moisturizer gel,0,3,0,3
viva moisturizer gel hydra lift,0,1,0,3
vivalova,0,1,0,2
wahana kosmetika indonesia,0,1,0,1
wajah berminyak karena apa,0,1,0,2
wajah bersisik,0,1,0,2
wake the f up deodorant,0,1,0,10
waktu terbaik minum astaxanthin,0,1,0,2
wangi parfum,0,1,0,1
wangi parfum cowok yang disukai wanita,0,1,0,3
wangi parfum wanita isi ulang,0,1,0,3
wardah 14x hyaluron + pentavitin deep water restore gel moisturizer,0,1,0,3
wardah aloe hydramild moisturizer cream,0,2,0,3
wardah calm & soothe gel moisturizer,0,2,0,3
wardah dark spot corrector gel moisturizer,0,1,0,3
wardah lightening moisturizer gel,0,1,0,3
wardah moisturizer gel,0,1,0,3
wardah moisturizer gel symradiance untuk kulit apa,0,1,0,2
wardah plump & firm gel moisturizer,0,2,0,3
wardah plump & firm gel moisturizer untuk apa,0,1,0,2
wardah plump & firm gel moisturizer untuk kulit apa,0,1,0,3
wardah plump & firm gel moisturizer untuk usia berapa,0,1,0,3
wardah purifying moisturizer gel with witch hazel,0,1,0,4
wardah tranexamic α-arbutin + 5 niacinamide dark spot corrector gel moisturizer 30 g,0,1,0,3
wardah vitamin c + adenosine radiant charge gel moisturizer,0,1,0,3
wat is edt,0,1,0,10
waterless beauty,0,7,0,4.57
waterless cosmetic formulations startups,0,1,0,92
we need beauty,0,1,0,1
what is dreamlab app,0,1,0,91
where to get free samples,0,2,0,12.5
white inc body lotion apakah sudah bpom,0,1,0,2
white inc produk mana,0,1,0,3
white label halal,0,1,0,8
white label manufacturing,0,1,0,7
white label skin care,0,2,0,48.5
white label skincare,0,16,0,16.06
whitelab pt apa,0,1,0,37
whitening body cream,0,1,0,1
whitening formula,0,3,0,9
whitening underarm cream,0,2,0,1
witch hazel,0,1,0,1
witch hazel adalah,0,6,0,39.5
witch hazel untuk wajah,0,1,0,20
xidane natural astaxanthin 4 mg obat untuk apa,0,1,0,3
y,0,2,0,6
ya bantu carikan,0,1,0,6
ya bantu saya,0,1,0,5
ya mau,0,2,0,3.5
ya saya mau keduanya,0,1,0,1
yaa,0,2,0,3.5
yah,0,1,0,12
yang,0,1,0,3
yang ada di indo,0,1,0,9
yang di batam,0,1,0,4
yang harus dilakukan untuk membuat iklan tiktok yang berkualitas,0,5,0,47.4
yang lagi tren sekarang,0,1,0,9
yang lagi trend sekarang,0,1,0,2
yang lain,0,2,0,3.5
yang lain?,0,1,0,1
yang mana paling bagus?,0,1,0,3
yang paling efektif apa,0,1,0,1
yang paling murah yang mana,0,1,0,2
yang tahan lama edp atau edt,0,25,0,1
yang terbaik apa?,0,1,0,6
yang terbaru,0,1,0,3
yellow cart,0,1,0,3
yellow cart adalah,0,1,0,32
yes names,0,1,0,3
yes please,0,1,0,2
yg lain,0,1,0,6
yg lain lagi,0,1,0,1
you radiance renewal brightening moisturizer gel,0,1,0,3
zillow+skincare,0,1,0,1
zinc oxide sunscreen lokal,0,5,0,10
zinc untuk jerawat,0,1,0,6
дрим лаб,0,1,0,65
دريم لاب,0,1,0,3
